plot	subplot	year	origin	tree status	speccode	tree number	dbh	height	Wood (KG)	Bark (KG)	Foliage (KG)	Branch (KG)	Crown (KG)	Stem (KG)	Total (KG)
1108656	1	2005a	Natural Stand	L 	13a	1a	19.5a	1a7.07	nan	nan	nan	nan	nan	nan	nan
1108656	1	2005	Natural Stand	L 	13	2	18.3	14s.48	71.3188	10.3811	10.0564	11.8814	21.9378	81.6999	103.6377
1108656	1	2005	Natural Stand	L 	13	3	17	13.84	59.2554	8.7996	9.0611	10.1901	19.2512	68.0551	87.3063
1108656	1	2005	Natural Stand	L 	13	4	17.8	13.82	66.5196	9.7557	9.67	11.2149	20.8849	76.2753	97.1602
1108656	1	2005	Natural Stand	L 	13	5	15.7	13.81	48.5118	7.3616	8.0969	8.6334	16.7303	55.8734	72.6037
1108656	1	2005	Natural Stand	L 	13	6	18.2	13.64	70.3428	10.2543	9.9788	11.7465	21.7252	80.5971	102.3224
1108656	1	2005	Natural Stand	L 	13	7	15.7	13.32	48.5118	7.3616	8.0969	8.6334	16.7303	55.8734	72.6037
1108656	1	2005	Natural Stand	L 	13	8	16	12s.08	50.8767	7.6809	8.3166	8.9807	17.2973	58.5576	75.8549
1108656	1	2005	Natural Stand	L 	13	9	10.3	10.77	16.8074	2.8601	4.4608	3.5867	8.0475	19.6675	27.715
1108656	1	2016	Natural Stand	L 	13	95	2220	18000.3	12404869.6161	490034.3425	8906.4415	261522.9216	270429.3631	12894903.9585	13165333.3217
1108656	1	2016	Natural Stand	L 	13	96	18.7	16.01	75.3041	10.897	10.3687	12.429	22.7976	86.201	108.9987
1108656	1	2016	Natural Stand	L 	13	97	16.5	15.4	54.9699	8.2297	8.6865	9.5755	18.262	63.1997	81.4616
1108656	1	2016	Natural Stand	L 	13	98	18	15.2	68.4151	10.0033	9.824	11.4791	21.3031	78.4184	99.7215
1108656	1	2016	Natural Stand	L 	13	99	19.3	14.5	81.5285	11.6968	10.8423	13.2745	24.1168	93.2253	117.3421
1108656	1	2016	Natural Stand	L 	13	100	16.6	14.2	55.8116	8.342	8.761	9.6968	18.4578	64.1536	82.6114
1108656	1	2016	Natural Stand	L 	13	101	16.9	14.1	58.3828	8.684	8.9858	10.0656	19.0514	67.0668	86.1182
1108656	1	2016	Natural Stand	L 	13	102	17.8	13.8	66.5196	9.7557	9.67	11.2149	20.8849	76.2753	97.1602
1108656	1	2016	Natural Stand	L 	13	103	16.4	12.6	54.136	8.1183	8.6121	9.4549	18.0671	62.2543	80.3214
1108656	1	2016	Natural Stand	L 	13	104	17.1	11.6	60.1359	8.9162	9.1366	10.3154	19.452	69.0521	88.504
1108656	1	2016	Natural Stand	L 	13	105	11.2	11.2	20.7485	3.4513	5.0219	4.2708	9.2927	24.1998	33.4925
1108656	1	2016	Natural Stand	L 	13	106	6.9	7.72	6.1372	1.1645	2.5313	1.5564	4.0877	7.3017	11.3894
1108656	1	2016	Natural Stand	L 	13	107	6	5.28	4.3185	0.8512	2.0773	1.1631	3.2404	5.1697	8.4101
1108656	1	2016	Natural Stand	L 	13	108	4	4.4	1.5578	0.3428	1.1707	0.4997	1.6704	1.9006	3.571
1108656	1	2016	Natural Stand	L 	13	109	3.2	3.01	0.8888	0.2078	0.8539	0.3139	1.1677	1.0967	2.2644
1108656	1	2016	Natural Stand	L 	13	110	2.7	2.74	0.5798	0.142	0.6715	0.2203	0.8918	0.7218	1.6135
1108656	1	2016	Natural Stand	L 	13	111	3.5	2.36	1.1135	0.2541	0.9692	0.3783	1.3475	1.3676	2.7151
1115341	1	2014	Natural Stand	L 	13	187	10.7	8.5	18.4974	3.1153	4.7078	3.8831	8.5909	21.6126	30.2035
1115341	1	2014	Natural Stand	L 	13	188	10.5	7.3	17.6402	2.9862	4.5838	3.7334	8.3172	20.6264	28.9435
1115341	1	2014	Natural Stand	L 	13	189	8.6	7	10.6783	1.9084	3.4564	2.4629	5.9193	12.5867	18.506
1115341	1	2014	Natural Stand	L 	13	190	8.3	6.4	9.7662	1.7623	3.2871	2.2872	5.5743	11.5285	17.1028
1115341	1	2014	Natural Stand	L 	13	191	5.7	4.6	3.7959	0.7587	1.9319	1.0452	2.9772	4.5546	7.5317
1115341	1	2014	Natural Stand	L 	13	192	5.2	4.4	3.0134	0.6175	1.6967	0.8632	2.5599	3.6308	6.1907
1115341	1	2022	Natural Stand	L 	13	259	9	7.6	11.9716	2.1133	3.6859	2.7076	6.3935	14.0849	20.4784
1115341	1	2022	Natural Stand	L 	13	260	10.5	7.4	17.6402	2.9862	4.5838	3.7334	8.3172	20.6264	28.9435
1115341	1	2022	Natural Stand	L 	13	261	8.6	6.6	10.6783	1.9084	3.4564	2.4629	5.9193	12.5867	18.506
1115341	1	2022	Natural Stand	L 	13	262	7.8	5	8.3535	1.5331	3.0106	2.0095	5.02	9.8866	14.9066
1115341	1	2022	Natural Stand	L 	13	263	5.8	4.7	3.9656	0.7888	1.98	1.0838	3.0638	4.7544	7.8183
1115341	1	2022	Natural Stand	L 	13	264	5.4	4.7	3.3134	0.672	1.7897	0.9339	2.7236	3.9854	6.7089
1115341	1	2022	Natural Stand	L 	13	265	7	4.5	6.3634	1.2027	2.5833	1.6038	4.1871	7.5661	11.7532
1115341	1	2022	Natural Stand	L 	13	266	4.1	4.1	1.6576	0.3623	1.2123	0.526	1.7384	2.02	3.7583
1115541	1	2005	Natural Stand	L 	13	330	10.6	9.66	18.0657	3.0504	4.6457	3.8078	8.4535	21.1161	29.5696
1115541	1	2005	Natural Stand	L 	13	331	8.9	7.67	11.6399	2.061	3.6281	2.6453	6.2734	13.7009	19.9743
1115541	1	2005	Natural Stand	L 	13	332	8.6	7.49	10.6783	1.9084	3.4564	2.4629	5.9193	12.5867	18.506
1115541	1	2005	Natural Stand	L 	13	333	9.7	7.4	14.4528	2.4999	4.0978	3.165	7.2628	16.9527	24.2155
1115541	1	2005	Natural Stand	L 	13	334	9.5	6.76	13.7151	2.3858	3.9788	3.0306	7.0094	16.1009	23.1103
1115541	1	2005	Natural Stand	L 	13	335	9.8	6.4	14.8305	2.5581	4.1577	3.2334	7.3911	17.3885	24.7796
1115541	1	2005	Natural Stand	L 	13	336	6.5	5.09	5.2814	1.0185	2.3263	1.3743	3.7006	6.3	10.0005
1115541	1	2016	Natural Stand	L 	13	448	11.6	10.9	22.6627	3.7339	5.2774	4.5948	9.8722	26.3966	36.2688
1115541	1	2016	Natural Stand	L 	13	449	9.9	8.8	15.214	2.617	4.2178	3.3025	7.5203	17.8309	25.3513
1115541	1	2016	Natural Stand	L 	13	450	10.7	8.72	18.4974	3.1153	4.7078	3.8831	8.5909	21.6126	30.2035
1115541	1	2016	Natural Stand	L 	13	451	9	8.1	11.9716	2.1133	3.6859	2.7076	6.3935	14.0849	20.4784
1115541	1	2016	Natural Stand	L 	13	452	10.7	7.61	18.4974	3.1153	4.7078	3.8831	8.5909	21.6126	30.2035
1115541	1	2016	Natural Stand	L 	13	453	10.7	7.1	18.4974	3.1153	4.7078	3.8831	8.5909	21.6126	30.2035
1115541	1	2016	Natural Stand	L 	13	454	7.8	6.11	8.3535	1.5331	3.0106	2.0095	5.02	9.8866	14.9066
1115541	1	2016	Natural Stand	L 	13	455	3.7	3.8	1.2805	0.2878	1.0485	0.4247	1.4732	1.5683	3.0415
1115541	1	2016	Natural Stand	L 	13	456	3.4	3.5	1.0352	0.2381	0.9303	0.3561	1.2864	1.2733	2.5597
1115541	1	2016	Natural Stand	L 	13	457	2.6	3.1	0.5273	0.1304	0.6366	0.2036	0.8402	0.6577	1.4979
1115541	1	2016	Natural Stand	L 	13	458	2.7	2.8	0.5798	0.142	0.6715	0.2203	0.8918	0.7218	1.6135
1122221	1	2010	Natural Stand	L 	13	616	8.5	6.28	10.3688	1.859	3.3997	2.4036	5.8032	12.2278	18.0311
1122221	1	2010	Natural Stand	L 	13	617	7.5	5.41	7.5689	1.404	2.8481	1.8518	4.6999	8.9729	13.6728
1122221	1	2010	Natural Stand	L 	13	618	5.7	5.19	3.7959	0.7587	1.9319	1.0452	2.9772	4.5546	7.5317
1122221	1	2010	Natural Stand	L 	13	619	7.6	5.12	7.8253	1.4463	2.902	1.9036	4.8055	9.2716	14.0772
1122221	1	2010	Natural Stand	L 	13	620	7.3	5.01	7.0716	1.3214	2.7413	1.7503	4.4916	8.393	12.8846
1122221	1	2010	Natural Stand	L 	13	621	6.1	4.84	4.5018	0.8833	2.1264	1.2039	3.3303	5.3851	8.7154
1122221	1	2010	Natural Stand	L 	13	622	6.5	4.8	5.2814	1.0185	2.3263	1.3743	3.7006	6.3	10.0005
1122221	1	2010	Natural Stand	L 	13	623	5.8	4.75	3.9656	0.7888	1.98	1.0838	3.0638	4.7544	7.8183
1122221	1	2010	Natural Stand	L 	13	624	5.4	4.65	3.3134	0.672	1.7897	0.9339	2.7236	3.9854	6.7089
1122221	1	2010	Natural Stand	L 	13	625	6.4	4.61	5.0795	0.9837	2.2758	1.3306	3.6064	6.0632	9.6696
1122221	1	2010	Natural Stand	L 	13	626	5	4.51	2.7303	0.5655	1.6051	0.7955	2.4006	3.2958	5.6964
1122221	1	2010	Natural Stand	L 	13	627	5.3	4.32	3.1612	0.6444	1.743	0.8982	2.6412	3.8056	6.4468
1122221	1	2010	Natural Stand	L 	13	628	7.2	4.32	6.8305	1.2812	2.6883	1.7007	4.3891	8.1117	12.5007
1122221	1	2010	Natural Stand	L 	13	629	4.1	4.09	1.6576	0.3623	1.2123	0.526	1.7384	2.02	3.7583
1122221	1	2010	Natural Stand	L 	13	630	2.9	3.03	0.6939	0.1666	0.7429	0.2556	0.9985	0.8606	1.8591
1122221	1	2010	Natural Stand	L 	13	631	2.6	2.54	0.5273	0.1304	0.6366	0.2036	0.8402	0.6577	1.4979
1122221	1	2022	Natural Stand	L 	13	661	9.2	7.1	12.6519	2.2201	3.8023	2.8345	6.6368	14.872	21.5088
1122221	1	2022	Natural Stand	L 	13	662	7.8	5.9	8.3535	1.5331	3.0106	2.0095	5.02	9.8866	14.9066
1122221	1	2022	Natural Stand	L 	13	663	6	5.6	4.3185	0.8512	2.0773	1.1631	3.2404	5.1697	8.4101
1122221	1	2022	Natural Stand	L 	13	664	7.4	5.4	7.3177	1.3624	2.7945	1.8007	4.5952	8.6801	13.2753
1122221	1	2022	Natural Stand	L 	13	665	8	5.3	8.9026	1.6227	3.1203	2.1183	5.2386	10.5253	15.764
1122221	1	2022	Natural Stand	L 	13	666	7.9	5.3	8.6254	1.5775	3.0653	2.0635	5.1288	10.203	15.3318
1122221	1	2022	Natural Stand	L 	13	667	7.1	5.2	6.5944	1.2416	2.6357	1.6519	4.2876	7.836	12.1236
1122221	1	2022	Natural Stand	L 	13	668	6.4	5.2	5.0795	0.9837	2.2758	1.3306	3.6064	6.0632	9.6696
1122221	1	2022	Natural Stand	L 	13	669	5.5	5	3.4698	0.7002	1.8368	0.9703	2.807	4.1701	6.9771
1122221	1	2022	Natural Stand	L 	13	670	6.9	5	6.1372	1.1645	2.5313	1.5564	4.0877	7.3017	11.3894
1122221	1	2022	Natural Stand	L 	13	671	6	4.9	4.3185	0.8512	2.0773	1.1631	3.2404	5.1697	8.4101
1122221	1	2022	Natural Stand	L 	13	672	5.4	4.8	3.3134	0.672	1.7897	0.9339	2.7236	3.9854	6.7089
1122221	1	2022	Natural Stand	L 	13	673	7.6	4.7	7.8253	1.4463	2.902	1.9036	4.8055	9.2716	14.0772
1122221	1	2022	Natural Stand	L 	13	674	4.6	4.4	2.2139	0.469	1.4266	0.6686	2.0952	2.6829	4.7781
1122221	1	2022	Natural Stand	L 	13	675	5.5	4.2	3.4698	0.7002	1.8368	0.9703	2.807	4.1701	6.9771
1122221	1	2022	Natural Stand	L 	13	676	3.8	4.1	1.3693	0.3056	1.0888	0.449	1.5378	1.6749	3.2127
1122221	1	2022	Natural Stand	L 	13	677	3.1	3.2	0.8206	0.1935	0.8164	0.2938	1.1101	1.0142	2.1243
1122221	1	2022	Natural Stand	L 	13	678	3	2.7	0.7557	0.1798	0.7794	0.2744	1.0537	0.9355	1.9892
1129066	1	2009	Natural Stand	L 	13	705	8.1	6.53	9.1851	1.6685	3.1756	2.1739	5.3495	10.8537	16.2032
1129066	1	2009	Natural Stand	L 	13	706	7.4	6.46	7.3177	1.3624	2.7945	1.8007	4.5952	8.6801	13.2753
1129066	1	2009	Natural Stand	L 	13	707	7	6.44	6.3634	1.2027	2.5833	1.6038	4.1871	7.5661	11.7532
1129066	1	2009	Natural Stand	L 	13	708	6.6	6.01	5.4881	1.054	2.377	1.4187	3.7958	6.5422	10.3379
1129066	1	2009	Natural Stand	L 	13	709	4.5	4.53	2.0948	0.4465	1.3829	0.6387	2.0216	2.5413	4.5629
1129066	1	2009	Natural Stand	L 	13	710	5.9	4.35	4.1398	0.8197	2.0285	1.1231	3.1516	4.9595	8.1111
1129066	1	2009	Natural Stand	L 	13	711	3.3	3.23	0.9603	0.2227	0.8918	0.3346	1.2265	1.183	2.4095
1129066	1	2009	Natural Stand	L 	13	712	2.7	3.15	0.5798	0.142	0.6715	0.2203	0.8918	0.7218	1.6135
1129066	1	2019	Natural Stand	L 	13	801	9.3	7.6	13.0006	2.2746	3.8608	2.8991	6.76	15.2752	22.0351
1129066	1	2019	Natural Stand	L 	13	802	10	7.5	15.6034	2.6766	4.2782	3.3724	7.6506	18.28	25.9306
1129066	1	2019	Natural Stand	L 	13	803	8	7.5	8.9026	1.6227	3.1203	2.1183	5.2386	10.5253	15.764
1129066	1	2019	Natural Stand	L 	13	804	8	7.3	8.9026	1.6227	3.1203	2.1183	5.2386	10.5253	15.764
1129066	1	2019	Natural Stand	L 	13	805	6.5	4.6	5.2814	1.0185	2.3263	1.3743	3.7006	6.3	10.0005
1129066	1	2019	Natural Stand	L 	13	806	4.4	3.9	1.9797	0.4245	1.3397	0.6094	1.9491	2.4043	4.3534
1129066	1	2019	Natural Stand	L 	13	807	3.3	3.8	0.9603	0.2227	0.8918	0.3346	1.2265	1.183	2.4095
1129066	1	2019	Natural Stand	L 	13	808	5.8	3.6	3.9656	0.7888	1.98	1.0838	3.0638	4.7544	7.8183
1129066	1	2019	Natural Stand	L 	13	809	5.4	2.7	3.3134	0.672	1.7897	0.9339	2.7236	3.9854	6.7089
1129141	1	2017	Natural Stand	L 	13	938	11.6	7.9	22.6627	3.7339	5.2774	4.5948	9.8722	26.3966	36.2688
1129141	1	2017	Natural Stand	L 	13	939	9.8	7.5	14.8305	2.5581	4.1577	3.2334	7.3911	17.3885	24.7796
1129141	1	2017	Natural Stand	L 	13	940	9	6.8	11.9716	2.1133	3.6859	2.7076	6.3935	14.0849	20.4784
1129141	1	2017	Natural Stand	L 	13	941	9.4	6.7	13.355	2.3298	3.9197	2.9645	6.8842	15.6848	22.5689
1129141	1	2017	Natural Stand	L 	13	942	6.4	4.9	5.0795	0.9837	2.2758	1.3306	3.6064	6.0632	9.6696
1129141	1	2017	Natural Stand	L 	13	943	5.4	4.3	3.3134	0.672	1.7897	0.9339	2.7236	3.9854	6.7089
1129141	1	2017	Natural Stand	L 	13	944	4.9	4.25	2.5951	0.5404	1.5599	0.7627	2.3226	3.1355	5.4581
1129141	1	2017	Natural Stand	L 	13	945	3	2.56	0.7557	0.1798	0.7794	0.2744	1.0537	0.9355	1.9892
1129306	1	2005	Natural Stand	L 	13	997	14	13.29	36.3652	5.693	6.8854	6.7992	13.6846	42.0583	55.7429
1129306	1	2005	Natural Stand	L 	13	998	14.5	12.69	39.7201	6.1592	7.2357	7.3151	14.5508	45.8793	60.4301
1129306	1	2005	Natural Stand	L 	13	999	13.6	10.09	33.8087	5.3346	6.6088	6.4007	13.0095	39.1434	52.1528
1129306	1	2005	Natural Stand	L 	13	1000	11.7	9.68	23.1572	3.8065	5.3419	4.6778	10.0196	26.9637	36.9833
1129306	1	2005	Natural Stand	L 	13	1001	12.4	9.36	26.8007	4.3364	5.7994	5.2799	11.0793	31.1371	42.2164
1129306	1	2005	Natural Stand	L 	13	1002	10.8	8.13	18.9352	3.181	4.7701	3.9591	8.7292	22.1161	30.8453
1129306	1	2005	Natural Stand	L 	13	1003	11.8	8.05	23.6581	3.8799	5.4065	4.7615	10.168	27.538	37.706
1129306	1	2005	Natural Stand	L 	13	1004	8.2	7.47	9.473	1.7151	3.2312	2.2302	5.4614	11.188	16.6494
1129306	1	2005	Natural Stand	L 	13	1005	8.3	6.43	9.7662	1.7623	3.2871	2.2872	5.5743	11.5285	17.1028
1129306	1	2005	Natural Stand	L 	13	1006	7.5	6.23	7.5689	1.404	2.8481	1.8518	4.6999	8.9729	13.6728
1129306	1	2005	Natural Stand	L 	13	1007	6.5	4.99	5.2814	1.0185	2.3263	1.3743	3.7006	6.3	10.0005
1129306	1	2007	Natural Stand	L 	13	1097	14	13.2	36.3652	5.693	6.8854	6.7992	13.6846	42.0583	55.7429
1129306	1	2007	Natural Stand	L 	13	1098	14.5	12.2	39.7201	6.1592	7.2357	7.3151	14.5508	45.8793	60.4301
1129306	1	2007	Natural Stand	L 	13	1099	13.4	10.4	32.5723	5.1603	6.4717	6.2061	12.6778	37.7326	50.4105
1129306	1	2007	Natural Stand	L 	13	1100	11.7	9.8	23.1572	3.8065	5.3419	4.6778	10.0196	26.9637	36.9833
1129306	1	2007	Natural Stand	L 	13	1101	12.6	9.5	27.901	4.4948	5.9321	5.4589	11.3911	32.3958	43.7869
1129306	1	2007	Natural Stand	L 	13	1102	11	8.76	19.8294	3.3146	4.8955	4.1134	9.0089	23.144	32.1529
1129306	1	2007	Natural Stand	L 	13	1103	11.8	8.53	23.6581	3.8799	5.4065	4.7615	10.168	27.538	37.706
1129306	1	2007	Natural Stand	L 	13	1104	8.4	7.7	10.0648	1.8103	3.3432	2.345	5.6883	11.8751	17.5634
1129306	1	2007	Natural Stand	L 	13	1105	7.7	6.6	8.0868	1.4894	2.9561	1.9562	4.9123	9.5762	14.4884
1129306	1	2007	Natural Stand	L 	13	1106	8.6	6.5	10.6783	1.9084	3.4564	2.4629	5.9193	12.5867	18.506
1129306	1	2007	Natural Stand	L 	13	1107	6.5	5.1	5.2814	1.0185	2.3263	1.3743	3.7006	6.3	10.0005
1129306	1	2018	Natural Stand	L 	13	1197	12.4	10.7	26.8007	4.3364	5.7994	5.2799	11.0793	31.1371	42.2164
1129306	1	2018	Natural Stand	L 	13	1198	13.5	10.6	33.1871	5.2471	6.5402	6.303	12.8432	38.4341	51.2773
1129306	1	2018	Natural Stand	L 	13	1199	9.9	10.2	15.214	2.617	4.2178	3.3025	7.5203	17.8309	25.3513
1129306	1	2018	Natural Stand	L 	13	1200	12.1	9.66	25.1999	4.1046	5.602	5.0172	10.6192	29.3045	39.9237
1129306	1	2018	Natural Stand	L 	13	1201	12.9	9.43	29.6018	4.7384	6.1329	5.7333	11.8662	34.3402	46.2064
1129306	1	2018	Natural Stand	L 	13	1202	10	8.9	15.6034	2.6766	4.2782	3.3724	7.6506	18.28	25.9306
1129306	1	2018	Natural Stand	L 	13	1203	9.4	8.6	13.355	2.3298	3.9197	2.9645	6.8842	15.6848	22.5689
1129306	1	2018	Natural Stand	L 	13	1204	9	7.8	11.9716	2.1133	3.6859	2.7076	6.3935	14.0849	20.4784
1129306	1	2018	Natural Stand	L 	13	1205	10.2	7.5	16.4001	2.7982	4.3997	3.5145	7.9142	19.1983	27.1125
1129306	1	2018	Natural Stand	L 	13	1206	7.2	5.9	6.8305	1.2812	2.6883	1.7007	4.3891	8.1117	12.5007
1129306	1	2018	Natural Stand	L 	13	1207	2.8	3.2	0.6353	0.154	0.7069	0.2376	0.9445	0.7893	1.7339
1135991	1	2008	Natural Stand	V 	13	1308	13.2	7.89	31.3636	4.9892	6.3356	6.0146	12.3502	36.3527	48.7029
1135991	1	2008	Natural Stand	V 	13	1309	10.7	6.78	18.4974	3.1153	4.7078	3.8831	8.5909	21.6126	30.2035
1135991	1	2008	Natural Stand	V 	13	1310	8.7	5.81	10.9933	1.9586	3.5133	2.523	6.0363	12.9519	18.9881
1135991	1	2008	Natural Stand	V 	13	1311	7.1	5.05	6.5944	1.2416	2.6357	1.6519	4.2876	7.836	12.1236
1135991	1	2008	Natural Stand	V 	13	1312	5.8	4.34	3.9656	0.7888	1.98	1.0838	3.0638	4.7544	7.8183
1135991	1	2008	Natural Stand	L 	13	1313	5	4.31	2.7303	0.5655	1.6051	0.7955	2.4006	3.2958	5.6964
1135991	1	2008	Natural Stand	L 	13	1314	3.4	3.11	1.0352	0.2381	0.9303	0.3561	1.2864	1.2733	2.5597
1135991	1	2008	Natural Stand	L 	13	1315	2.6	2.78	0.5273	0.1304	0.6366	0.2036	0.8402	0.6577	1.4979
1135991	1	2008	Natural Stand	L 	13	1316	2.8	2.74	0.6353	0.154	0.7069	0.2376	0.9445	0.7893	1.7339
1135991	1	2019	Natural Stand	L 	13	1318	14.2	8.8	37.6858	5.877	7.0249	7.0032	14.0281	43.5629	57.591
1135991	1	2019	Natural Stand	L 	13	1319	11.5	7.5	22.1746	3.6621	5.2132	4.5127	9.7258	25.8367	35.5625
1135991	1	2019	Natural Stand	L 	13	1320	8.6	7.4	10.6783	1.9084	3.4564	2.4629	5.9193	12.5867	18.506
1135991	1	2019	Natural Stand	L 	13	1321	10.2	6.7	16.4001	2.7982	4.3997	3.5145	7.9142	19.1983	27.1125
1135991	1	2019	Natural Stand	L 	13	1322	8.3	6.5	9.7662	1.7623	3.2871	2.2872	5.5743	11.5285	17.1028
1135991	1	2019	Natural Stand	L 	13	1323	6.8	5.5	5.916	1.127	2.4796	1.5098	3.9893	7.043	11.0323
1135991	1	2019	Natural Stand	L 	13	1324	5.6	4.7	3.6307	0.7291	1.8842	1.0074	2.8915	4.3598	7.2513
1135991	1	2019	Natural Stand	L 	13	1325	5	4.5	2.7303	0.5655	1.6051	0.7955	2.4006	3.2958	5.6964
1135991	1	2019	Natural Stand	L 	13	1326	4.9	4.4	2.5951	0.5404	1.5599	0.7627	2.3226	3.1355	5.4581
1136156	1	2006	Natural Stand	L 	13	1333	22.8	17.01	123.9702	16.9982	13.7241	18.7865	32.5106	140.9684	173.479
1136156	1	2006	Natural Stand	L 	13	1334	20.9	15.62	99.6071	13.9845	12.135	15.671	27.806	113.5916	141.3976
1136156	1	2006	Natural Stand	L 	13	1335	21.3	13.9	104.4707	14.592	12.4648	16.3025	28.7673	119.0627	147.83
1136156	1	2006	Natural Stand	L 	13	1336	13.4	13.42	32.5723	5.1603	6.4717	6.2061	12.6778	37.7326	50.4105
1136156	1	2006	Natural Stand	L 	13	1337	14.1	13.29	37.022	5.7846	6.955	6.9008	13.8559	42.8066	56.6625
1136156	1	2006	Natural Stand	L 	13	1338	17.2	13.13	61.0242	9.0335	9.2122	10.4415	19.6537	70.0577	89.7114
1136156	1	2006	Natural Stand	L 	13	1339	16.5	12.41	54.9699	8.2297	8.6865	9.5755	18.262	63.1997	81.4616
1136156	1	2006	Natural Stand	L 	13	1340	18.8	12.39	76.3208	11.0281	10.4472	12.5679	23.0151	87.3489	110.364
1136156	1	2006	Natural Stand	L 	13	1341	17.3	11.29	61.9203	9.1518	9.2881	10.5684	19.8565	71.072	90.9285
1136156	1	2006	Natural Stand	L 	13	1342	5.1	3.83	2.8698	0.5912	1.6507	0.829	2.4797	3.4609	5.9406
1136156	1	2017	Natural Stand	L 	13	1400	21.3	17	104.4707	14.592	12.4648	16.3025	28.7673	119.0627	147.83
1136156	1	2017	Natural Stand	L 	13	1401	22	14.4	113.3206	15.6896	13.048	17.4389	30.487	129.0101	159.4971
1136156	1	2017	Natural Stand	L 	13	1402	13.6	14.2	33.8087	5.3346	6.6088	6.4007	13.0095	39.1434	52.1528
1136156	1	2017	Natural Stand	L 	13	1403	17.5	14.1	63.7362	9.3908	9.4403	10.8246	20.2649	73.127	93.3919
1136156	1	2017	Natural Stand	L 	13	1404	14.4	14	39.0349	6.0643	7.1652	7.2104	14.3756	45.0992	59.4747
1136156	1	2017	Natural Stand	L 	13	1405	19.8	13	86.9445	12.3874	11.2417	14.0012	25.2429	99.332	124.5749
1136156	1	2017	Natural Stand	L 	13	1406	18.2	12.6	70.3428	10.2543	9.9788	11.7465	21.7252	80.5971	102.3224
1136156	1	2017	Natural Stand	L 	13	1407	18.5	12.6	73.2951	10.6373	10.2122	12.1536	22.3657	83.9324	106.2982
1136156	1	2017	Natural Stand	L 	13	1408	5.9	5.4	4.1398	0.8197	2.0285	1.1231	3.1516	4.9595	8.1111
1136156	1	2017	Natural Stand	L 	13	1409	7.3	5.3	7.0716	1.3214	2.7413	1.7503	4.4916	8.393	12.8846
1136156	1	2017	Natural Stand	L 	13	1410	2.7	2.83	0.5798	0.142	0.6715	0.2203	0.8918	0.7218	1.6135
1136161	1	2005	Natural Stand	L 	13	1468	20.8	16.75	98.4129	13.8349	12.053	15.5152	27.5682	112.2478	139.816
1136161	1	2005	Natural Stand	L 	13	1469	17	14.01	59.2554	8.7996	9.0611	10.1901	19.2512	68.0551	87.3063
1136161	1	2005	Natural Stand	L 	13	1470	14.4	11.86	39.0349	6.0643	7.1652	7.2104	14.3756	45.0992	59.4747
1136161	1	2005	Natural Stand	L 	13	1471	12.6	8.13	27.901	4.4948	5.9321	5.4589	11.3911	32.3958	43.7869
1136161	1	2005	Natural Stand	L 	13	1472	11.2	7.29	20.7485	3.4513	5.0219	4.2708	9.2927	24.1998	33.4925
1136161	1	2005	Natural Stand	L 	13	1473	5.9	5.92	4.1398	0.8197	2.0285	1.1231	3.1516	4.9595	8.1111
1136161	1	2010	Natural Stand	L 	13	1572	20.8	16	98.4129	13.8349	12.053	15.5152	27.5682	112.2478	139.816
1136161	1	2010	Natural Stand	L 	13	1573	17	13.2	59.2554	8.7996	9.0611	10.1901	19.2512	68.0551	87.3063
1136161	1	2010	Natural Stand	L 	13	1574	13.7	11.1	34.4373	5.423	6.6776	6.4992	13.1768	39.8604	53.0371
1136161	1	2010	Natural Stand	L 	13	1575	13.9	9.2	35.7156	5.6022	6.8159	6.6984	13.5143	41.3178	54.8321
1136161	1	2010	Natural Stand	L 	13	1576	13.4	8.6	32.5723	5.1603	6.4717	6.2061	12.6778	37.7326	50.4105
1136161	1	2010	Natural Stand	L 	13	1577	11.7	7.5	23.1572	3.8065	5.3419	4.6778	10.0196	26.9637	36.9833
1136161	1	2010	Natural Stand	L 	13	1578	13.3	6.73	31.9645	5.0743	6.4035	6.11	12.5135	37.0388	49.5524
1136161	1	2010	Natural Stand	L 	13	1579	6.3	5.1	4.8823	0.9496	2.2257	1.2876	3.5133	5.8318	9.3452
1136161	1	2010	Natural Stand	L 	13	1580	6.3	4.3	4.8823	0.9496	2.2257	1.2876	3.5133	5.8318	9.3452
1136161	1	2010	Natural Stand	L 	13	1581	5	3.9	2.7303	0.5655	1.6051	0.7955	2.4006	3.2958	5.6964
1136161	1	2021	Natural Stand	L 	13	1677	21	16.9	100.8099	14.135	12.2172	15.8277	28.0449	114.945	142.9899
1136161	1	2021	Natural Stand	L 	13	1678	14.5	12.9	39.7201	6.1592	7.2357	7.3151	14.5508	45.8793	60.4301
1136161	1	2021	Natural Stand	L 	13	1679	15.9	9.9	50.0809	7.5736	8.2431	8.8641	17.1073	57.6545	74.7618
1136161	1	2021	Natural Stand	L 	13	1680	15	9.4	43.2549	6.6458	7.5911	7.8506	15.4416	49.9007	65.3423
1136161	1	2021	Natural Stand	L 	13	1681	14.7	8.6	41.1123	6.3514	7.3772	7.5269	14.9042	47.4636	62.3678
1136161	1	2021	Natural Stand	L 	13	1682	12.7	7.8	28.4612	4.5752	5.9988	5.5496	11.5484	33.0365	44.5849
1136161	1	2021	Natural Stand	L 	13	1683	6.6	5.9	5.4881	1.054	2.377	1.4187	3.7958	6.5422	10.3379
1136161	1	2021	Natural Stand	L 	13	1684	6.1	5.8	4.5018	0.8833	2.1264	1.2039	3.3303	5.3851	8.7154
1136161	1	2021	Natural Stand	L 	13	1685	7.1	5	6.5944	1.2416	2.6357	1.6519	4.2876	7.836	12.1236
1136161	1	2021	Natural Stand	L 	13	1686	7.2	5	6.8305	1.2812	2.6883	1.7007	4.3891	8.1117	12.5007
1136161	1	2021	Natural Stand	L 	13	1687	2.6	2.48	0.5273	0.1304	0.6366	0.2036	0.8402	0.6577	1.4979
1136166	1	2005	Natural Stand	L 	13	1796	15.4	11.73	46.2143	7.0499	7.8789	8.2931	16.1721	53.2642	69.4363
1136166	1	2005	Natural Stand	L 	13	1797	16.9	11.36	58.3828	8.684	8.9858	10.0656	19.0514	67.0668	86.1182
1136166	1	2005	Natural Stand	L 	13	1798	14.3	11.32	38.3568	5.9703	7.0949	7.1064	14.2013	44.327	58.5284
1136166	1	2005	Natural Stand	L 	13	1799	15.7	11.32	48.5118	7.3616	8.0969	8.6334	16.7303	55.8734	72.6037
1136166	1	2005	Natural Stand	L 	13	1800	8.9	6.39	11.6399	2.061	3.6281	2.6453	6.2734	13.7009	19.9743
1136166	1	2005	Natural Stand	L 	13	1801	5	4.48	2.7303	0.5655	1.6051	0.7955	2.4006	3.2958	5.6964
1136166	1	2017	Natural Stand	L 	13	1924	16.2	13.4	52.4911	7.8979	8.464	9.2162	17.6802	60.389	78.0692
1136166	1	2017	Natural Stand	L 	13	1925	15.6	13.1	47.7385	7.2569	8.024	8.5192	16.5432	54.9954	71.5386
1136166	1	2017	Natural Stand	L 	13	1926	16.3	13	53.3097	8.0077	8.538	9.3352	17.8731	61.3174	79.1906
1136166	1	2017	Natural Stand	L 	13	1927	18.1	12.7	69.375	10.1284	9.9013	11.6124	21.5137	79.5033	101.017
1136166	1	2017	Natural Stand	L 	13	1928	15.9	12.6	50.0809	7.5736	8.2431	8.8641	17.1073	57.6545	74.7618
1136166	1	2017	Natural Stand	L 	13	1929	17	11.8	59.2554	8.7996	9.0611	10.1901	19.2512	68.0551	87.3063
1136166	1	2017	Natural Stand	L 	13	1930	8.6	7.6	10.6783	1.9084	3.4564	2.4629	5.9193	12.5867	18.506
1136166	1	2017	Natural Stand	L 	13	1931	10.4	7.6	17.2208	2.9228	4.5222	3.6597	8.1818	20.1435	28.3254
1136166	1	2017	Natural Stand	L 	13	1932	6	5.5	4.3185	0.8512	2.0773	1.1631	3.2404	5.1697	8.4101
1136191	1	2005	Natural Stand	L 	13	2049	17.2	15.07	61.0242	9.0335	9.2122	10.4415	19.6537	70.0577	89.7114
1136191	1	2005	Natural Stand	L 	13	2050	17.6	14.74	64.656	9.5116	9.5167	10.9539	20.4706	74.1676	94.6382
1136191	1	2005	Natural Stand	L 	13	2051	16.4	13.74	54.136	8.1183	8.6121	9.4549	18.0671	62.2543	80.3214
1136191	1	2005	Natural Stand	L 	13	2052	18.1	13.69	69.375	10.1284	9.9013	11.6124	21.5137	79.5033	101.017
1136191	1	2005	Natural Stand	L 	13	2053	20.9	13.45	99.6071	13.9845	12.135	15.671	27.806	113.5916	141.3976
1136191	1	2005	Natural Stand	L 	13	2054	14.9	12.82	42.5334	6.5468	7.5196	7.7419	15.2615	49.0802	64.3417
1136191	1	2005	Natural Stand	L 	13	2055	14.6	12.71	40.4126	6.2549	7.3064	7.4206	14.727	46.6674	61.3944
1136191	1	2005	Natural Stand	L 	13	2056	14.4	11.7	39.0349	6.0643	7.1652	7.2104	14.3756	45.0992	59.4747
1136191	1	2005	Natural Stand	L 	13	2057	15.7	11.22	48.5118	7.3616	8.0969	8.6334	16.7303	55.8734	72.6037
1136191	1	2005	Natural Stand	L 	13	2058	10.2	11.13	16.4001	2.7982	4.3997	3.5145	7.9142	19.1983	27.1125
1136191	1	2005	Natural Stand	L 	13	2059	13.4	10.85	32.5723	5.1603	6.4717	6.2061	12.6778	37.7326	50.4105
1136191	1	2005	Natural Stand	L 	13	2060	10.3	9.3	16.8074	2.8601	4.4608	3.5867	8.0475	19.6675	27.715
1136191	1	2005	Natural Stand	L 	13	2061	8.2	7.5	9.473	1.7151	3.2312	2.2302	5.4614	11.188	16.6494
1136191	1	2005	Natural Stand	L 	13	2062	5.4	4.83	3.3134	0.672	1.7897	0.9339	2.7236	3.9854	6.7089
1136191	1	2010	Natural Stand	L 	13	2132	17.4	15.3	62.8243	9.2708	9.3641	10.6961	20.0602	72.0951	92.1553
1136191	1	2010	Natural Stand	L 	13	2133	21	15	100.8099	14.135	12.2172	15.8277	28.0449	114.945	142.9899
1136191	1	2010	Natural Stand	L 	13	2134	17.8	14.4	66.5196	9.7557	9.67	11.2149	20.8849	76.2753	97.1602
1136191	1	2010	Natural Stand	L 	13	2135	20.9	14.2	99.6071	13.9845	12.135	15.671	27.806	113.5916	141.3976
1136191	1	2010	Natural Stand	L 	13	2136	16.5	13.7	54.9699	8.2297	8.6865	9.5755	18.262	63.1997	81.4616
1136191	1	2010	Natural Stand	L 	13	2137	18.6	13.7	74.2955	10.7667	10.2903	12.2909	22.5812	85.0622	107.6434
1136191	1	2010	Natural Stand	L 	13	2138	15	13.2	43.2549	6.6458	7.5911	7.8506	15.4416	49.9007	65.3423
1136191	1	2010	Natural Stand	L 	13	2139	15.6	13.1	47.7385	7.2569	8.024	8.5192	16.5432	54.9954	71.5386
1136191	1	2010	Natural Stand	L 	13	2140	15	12.2	43.2549	6.6458	7.5911	7.8506	15.4416	49.9007	65.3423
1136191	1	2010	Natural Stand	L 	13	2141	16.5	12	54.9699	8.2297	8.6865	9.5755	18.262	63.1997	81.4616
1136191	1	2010	Natural Stand	L 	13	2142	13.9	11.3	35.7156	5.6022	6.8159	6.6984	13.5143	41.3178	54.8321
1136191	1	2010	Natural Stand	L 	13	2143	10.3	11.1	16.8074	2.8601	4.4608	3.5867	8.0475	19.6675	27.715
1136191	1	2010	Natural Stand	L 	13	2144	8.5	10.2	10.3688	1.859	3.3997	2.4036	5.8032	12.2278	18.0311
1136191	1	2010	Natural Stand	L 	13	2145	10.6	9.4	18.0657	3.0504	4.6457	3.8078	8.4535	21.1161	29.5696
1136191	1	2010	Natural Stand	L 	13	2146	8.7	8.2	10.9933	1.9586	3.5133	2.523	6.0363	12.9519	18.9881
1136191	1	2010	Natural Stand	L 	13	2147	7.1	6.3	6.5944	1.2416	2.6357	1.6519	4.2876	7.836	12.1236
1136191	1	2010	Natural Stand	L 	13	2148	5.5	6.1	3.4698	0.7002	1.8368	0.9703	2.807	4.1701	6.9771
1136191	1	2010	Natural Stand	L 	13	2149	4.8	5.72	2.464	0.516	1.5151	0.7306	2.2457	2.98	5.2257
1136191	1	2010	Natural Stand	L 	13	2150	5.8	5	3.9656	0.7888	1.98	1.0838	3.0638	4.7544	7.8183
1136191	1	2010	Natural Stand	L 	13	2151	3.2	3.63	0.8888	0.2078	0.8539	0.3139	1.1677	1.0967	2.2644
1136191	1	2010	Natural Stand	L 	13	2152	3.4	3.27	1.0352	0.2381	0.9303	0.3561	1.2864	1.2733	2.5597
1136191	1	2010	Natural Stand	L 	13	2153	2.7	2.91	0.5798	0.142	0.6715	0.2203	0.8918	0.7218	1.6135
1136191	1	2010	Natural Stand	L 	13	2154	3.3	2.03	0.9603	0.2227	0.8918	0.3346	1.2265	1.183	2.4095
1136191	1	2021	Natural Stand	L 	13	2221	18.3	15.6	71.3188	10.3811	10.0564	11.8814	21.9378	81.6999	103.6377
1136191	1	2021	Natural Stand	L 	13	2222	18.1	15.4	69.375	10.1284	9.9013	11.6124	21.5137	79.5033	101.017
1136191	1	2021	Natural Stand	L 	13	2223	16.1	14.6	51.6801	7.789	8.3902	9.0981	17.4882	59.4691	76.9573
1136191	1	2021	Natural Stand	L 	13	2224	18.9	14.6	77.3458	11.1601	10.5258	12.7076	23.2334	88.5059	111.7394
1136191	1	2021	Natural Stand	L 	13	2225	16.8	14.2	57.518	8.5691	8.9107	9.9418	18.8525	66.0871	84.9397
1136191	1	2021	Natural Stand	L 	13	2226	18	14.1	68.4151	10.0033	9.824	11.4791	21.3031	78.4184	99.7215
1136191	1	2021	Natural Stand	L 	13	2227	15.6	13.6	47.7385	7.2569	8.024	8.5192	16.5432	54.9954	71.5386
1136191	1	2021	Natural Stand	L 	13	2228	16.6	12.9	55.8116	8.342	8.761	9.6968	18.4578	64.1536	82.6114
1136191	1	2021	Natural Stand	L 	13	2229	15.9	12.3	50.0809	7.5736	8.2431	8.8641	17.1073	57.6545	74.7618
1136191	1	2021	Natural Stand	L 	13	2230	10.6	11.8	18.0657	3.0504	4.6457	3.8078	8.4535	21.1161	29.5696
1136191	1	2021	Natural Stand	L 	13	2231	14.5	11.6	39.7201	6.1592	7.2357	7.3151	14.5508	45.8793	60.4301
1136191	1	2021	Natural Stand	L 	13	2232	9	11	11.9716	2.1133	3.6859	2.7076	6.3935	14.0849	20.4784
1136191	1	2021	Natural Stand	L 	13	2233	9.2	8.91	12.6519	2.2201	3.8023	2.8345	6.6368	14.872	21.5088
1136191	1	2021	Natural Stand	L 	13	2234	9.7	8.9	14.4528	2.4999	4.0978	3.165	7.2628	16.9527	24.2155
1136191	1	2021	Natural Stand	L 	13	2235	6.1	7	4.5018	0.8833	2.1264	1.2039	3.3303	5.3851	8.7154
1136191	1	2021	Natural Stand	L 	13	2236	6.5	5.9	5.2814	1.0185	2.3263	1.3743	3.7006	6.3	10.0005
1136191	1	2021	Natural Stand	L 	13	2237	6.1	5.16	4.5018	0.8833	2.1264	1.2039	3.3303	5.3851	8.7154
1136191	1	2021	Natural Stand	L 	13	2238	3.1	3.87	0.8206	0.1935	0.8164	0.2938	1.1101	1.0142	2.1243
1136191	1	2021	Natural Stand	L 	13	2239	3.9	3.6	1.4617	0.3239	1.1295	0.474	1.6035	1.7856	3.3891
1142896	1	2008	Natural Stand	L 	13	2310	21.4	18.97	105.7085	14.7461	12.5476	16.4624	29.0101	120.4546	149.4646
1142896	1	2008	Natural Stand	L 	13	2311	17.2	16.44	61.0242	9.0335	9.2122	10.4415	19.6537	70.0577	89.7114
1142896	1	2008	Natural Stand	L 	13	2312	18.8	15.16	76.3208	11.0281	10.4472	12.5679	23.0151	87.3489	110.364
1142896	1	2008	Natural Stand	L 	13	2313	14.4	14.81	39.0349	6.0643	7.1652	7.2104	14.3756	45.0992	59.4747
1142896	1	2008	Natural Stand	L 	13	2314	14	14.5	36.3652	5.693	6.8854	6.7992	13.6846	42.0583	55.7429
1142896	1	2008	Natural Stand	L 	13	2315	13.7	11.95	34.4373	5.423	6.6776	6.4992	13.1768	39.8604	53.0371
1142896	1	2008	Natural Stand	L 	13	2316	5.8	5.16	3.9656	0.7888	1.98	1.0838	3.0638	4.7544	7.8183
1143061	1	2004	Natural Stand	L 	13	2364	17.6	13.7	64.656	9.5116	9.5167	10.9539	20.4706	74.1676	94.6382
1143061	1	2004	Natural Stand	L 	13	2365	17.7	13.34	65.5838	9.6332	9.5933	11.084	20.6772	75.217	95.8943
1143061	1	2004	Natural Stand	L 	13	2366	16.3	13.17	53.3097	8.0077	8.538	9.3352	17.8731	61.3174	79.1906
1143061	1	2004	Natural Stand	L 	13	2367	20.2	12.18	91.4293	12.9558	11.5642	14.5971	26.1613	104.3851	130.5464
1143061	1	2004	Natural Stand	L 	13	2368	12.7	10.95	28.4612	4.5752	5.9988	5.5496	11.5484	33.0365	44.5849
1143061	1	2004	Natural Stand	L 	13	2369	5.8	5.97	3.9656	0.7888	1.98	1.0838	3.0638	4.7544	7.8183
1143061	1	2016	Natural Stand	L 	13	2509	21.1	16.8	102.0214	14.2865	12.2996	15.9852	28.2847	116.3079	144.5926
1143061	1	2016	Natural Stand	L 	13	2510	18.2	15	70.3428	10.2543	9.9788	11.7465	21.7252	80.5971	102.3224
1143061	1	2016	Natural Stand	L 	13	2511	18.5	14.8	73.2951	10.6373	10.2122	12.1536	22.3657	83.9324	106.2982
1143061	1	2016	Natural Stand	L 	13	2512	18.6	14.4	74.2955	10.7667	10.2903	12.2909	22.5812	85.0622	107.6434
1143061	1	2016	Natural Stand	L 	13	2513	16.8	13.8	57.518	8.5691	8.9107	9.9418	18.8525	66.0871	84.9397
1143061	1	2016	Natural Stand	L 	13	2514	13.1	12.3	30.7695	4.9048	6.2678	5.9201	12.1878	35.6743	47.8621
1143061	1	2016	Natural Stand	L 	13	2515	8.7	9.9	10.9933	1.9586	3.5133	2.523	6.0363	12.9519	18.9881
1143061	1	2016	Natural Stand	L 	13	2516	5.2	9.6	3.0134	0.6175	1.6967	0.8632	2.5599	3.6308	6.1907
1143061	1	2016	Natural Stand	L 	13	2517	6.6	7	5.4881	1.054	2.377	1.4187	3.7958	6.5422	10.3379
1143061	1	2016	Natural Stand	L 	13	2518	3.8	2.28	1.3693	0.3056	1.0888	0.449	1.5378	1.6749	3.2127
1149706	1	2015	Natural Stand	L 	13	2638	17.5	13.5	63.7362	9.3908	9.4403	10.8246	20.2649	73.127	93.3919
1149706	1	2015	Natural Stand	L 	13	2639	18.2	13.1	70.3428	10.2543	9.9788	11.7465	21.7252	80.5971	102.3224
1149706	1	2015	Natural Stand	L 	13	2640	16.6	12.6	55.8116	8.342	8.761	9.6968	18.4578	64.1536	82.6114
1149706	1	2015	Natural Stand	L 	13	2641	15.9	12.5	50.0809	7.5736	8.2431	8.8641	17.1073	57.6545	74.7618
1149706	1	2015	Natural Stand	L 	13	2642	9.2	9.6	12.6519	2.2201	3.8023	2.8345	6.6368	14.872	21.5088
1149706	1	2015	Natural Stand	L 	13	2643	10.5	9.5	17.6402	2.9862	4.5838	3.7334	8.3172	20.6264	28.9435
1149706	1	2015	Natural Stand	L 	13	2644	9.3	8.1	13.0006	2.2746	3.8608	2.8991	6.76	15.2752	22.0351
1149706	1	2015	Natural Stand	L 	13	2645	8.7	7.7	10.9933	1.9586	3.5133	2.523	6.0363	12.9519	18.9881
1149706	1	2015	Natural Stand	L 	13	2646	5	4	2.7303	0.5655	1.6051	0.7955	2.4006	3.2958	5.6964
1149746	1	2014	Natural Stand	L 	13	2745	32.1	16.8	293.0398	36.6127	22.2642	38.3222	60.5864	329.6525	390.2389
1149746	1	2014	Natural Stand	L 	13	2746	22.8	14.5	123.9702	16.9982	13.7241	18.7865	32.5106	140.9684	173.479
1149746	1	2014	Natural Stand	L 	13	2747	4.5	4	2.0948	0.4465	1.3829	0.6387	2.0216	2.5413	4.5629
1149746	1	2014	Natural Stand	L 	13	2748	4.1	3.7	1.6576	0.3623	1.2123	0.526	1.7384	2.02	3.7583
1149956	1	2005	Natural Stand	L 	13	2750	16.9	14.68	58.3828	8.684	8.9858	10.0656	19.0514	67.0668	86.1182
1149956	1	2005	Natural Stand	L 	13	2751	15.8	14.66	49.2926	7.4672	8.1699	8.7484	16.9183	56.7598	73.6781
1149956	1	2005	Natural Stand	L 	13	2752	17.5	14.65	63.7362	9.3908	9.4403	10.8246	20.2649	73.127	93.3919
1149956	1	2005	Natural Stand	L 	13	2753	19.1	14.31	79.4206	11.4267	10.6837	12.9894	23.6732	90.8473	114.5204
1149956	1	2005	Natural Stand	L 	13	2754	11.1	11	20.2858	3.3826	4.9586	4.1917	9.1503	23.6684	32.8187
1149956	1	2005	Natural Stand	L 	13	2755	4.9	4.95	2.5951	0.5404	1.5599	0.7627	2.3226	3.1355	5.4581
1149956	1	2015	Natural Stand	L 	13	2798	18.1	15.9	69.375	10.1284	9.9013	11.6124	21.5137	79.5033	101.017
1149956	1	2015	Natural Stand	L 	13	2799	15.8	15.8	49.2926	7.4672	8.1699	8.7484	16.9183	56.7598	73.6781
1149956	1	2015	Natural Stand	L 	13	2800	14.3	14.7	38.3568	5.9703	7.0949	7.1064	14.2013	44.327	58.5284
1149956	1	2015	Natural Stand	L 	13	2801	12.6	12.5	27.901	4.4948	5.9321	5.4589	11.3911	32.3958	43.7869
1149956	1	2015	Natural Stand	L 	13	2802	11.2	11.5	20.7485	3.4513	5.0219	4.2708	9.2927	24.1998	33.4925
1149956	1	2015	Natural Stand	L 	13	2803	12.4	11	26.8007	4.3364	5.7994	5.2799	11.0793	31.1371	42.2164
1149956	1	2015	Natural Stand	L 	13	2804	11.5	9.4	22.1746	3.6621	5.2132	4.5127	9.7258	25.8367	35.5625
1149956	1	2015	Natural Stand	L 	13	2805	10.1	8.4	15.9987	2.7371	4.3388	3.4431	7.7819	18.7358	26.5177
1149956	1	2015	Natural Stand	L 	13	2806	5.5	5.5	3.4698	0.7002	1.8368	0.9703	2.807	4.1701	6.9771
1149956	1	2015	Natural Stand	L 	13	2807	5.6	5.2	3.6307	0.7291	1.8842	1.0074	2.8915	4.3598	7.2513
1149956	1	2015	Natural Stand	L 	13	2808	4.6	4.3	2.2139	0.469	1.4266	0.6686	2.0952	2.6829	4.7781
1156631	1	2014	Natural Stand	L 	13	2897	18.9	16.1	77.3458	11.1601	10.5258	12.7076	23.2334	88.5059	111.7394
1156631	1	2014	Natural Stand	L 	13	2898	18.5	15.3	73.2951	10.6373	10.2122	12.1536	22.3657	83.9324	106.2982
1156631	1	2014	Natural Stand	L 	13	2899	12.6	15.2	27.901	4.4948	5.9321	5.4589	11.3911	32.3958	43.7869
1156631	1	2014	Natural Stand	L 	13	2900	21.2	14.8	103.2417	14.4388	12.3821	16.1434	28.5255	117.6805	146.206
1156631	1	2014	Natural Stand	L 	13	2901	18	13.9	68.4151	10.0033	9.824	11.4791	21.3031	78.4184	99.7215
1156631	1	2014	Natural Stand	L 	13	2902	6.9	7.3	6.1372	1.1645	2.5313	1.5564	4.0877	7.3017	11.3894
1156631	1	2014	Natural Stand	L 	13	2903	5.2	6.7	3.0134	0.6175	1.6967	0.8632	2.5599	3.6308	6.1907
1156631	1	2014	Natural Stand	L 	13	2904	6.6	6.6	5.4881	1.054	2.377	1.4187	3.7958	6.5422	10.3379
1156631	1	2014	Natural Stand	L 	13	2905	7	6.54	6.3634	1.2027	2.5833	1.6038	4.1871	7.5661	11.7532
1156631	1	2014	Natural Stand	L 	13	2906	5.2	5.2	3.0134	0.6175	1.6967	0.8632	2.5599	3.6308	6.1907
1156631	1	2014	Natural Stand	L 	13	2907	2.5	2.5	0.4778	0.1195	0.6022	0.1876	0.7899	0.5972	1.3871
1156821	1	2006	Natural Stand	L 	13	2944	18.9	13.04	77.3458	11.1601	10.5258	12.7076	23.2334	88.5059	111.7394
1156821	1	2006	Natural Stand	L 	13	2945	18.2	12.89	70.3428	10.2543	9.9788	11.7465	21.7252	80.5971	102.3224
1156821	1	2006	Natural Stand	L 	13	2946	19.5	11.93	83.6697	11.9704	11.0015	13.5628	24.5643	95.6402	120.2045
1156821	1	2006	Natural Stand	L 	13	2947	17.7	11.6	65.5838	9.6332	9.5933	11.084	20.6772	75.217	95.8943
1156821	1	2006	Natural Stand	L 	13	2948	15.1	11.57	43.9837	6.7456	7.6627	7.96	15.6228	50.7293	66.352
1156821	1	2006	Natural Stand	L 	13	2949	12.2	10.34	25.7269	4.1811	5.6676	5.104	10.7715	29.908	40.6795
1156821	1	2006	Natural Stand	L 	13	2950	15.6	9.63	47.7385	7.2569	8.024	8.5192	16.5432	54.9954	71.5386
1156821	1	2006	Natural Stand	L 	13	2951	11.7	9.11	23.1572	3.8065	5.3419	4.6778	10.0196	26.9637	36.9833
1156821	1	2006	Natural Stand	L 	13	2952	9.1	8.6	12.3089	2.1663	3.7439	2.7707	6.5147	14.4752	20.9899
1156821	1	2006	Natural Stand	L 	13	2953	5.2	6.69	3.0134	0.6175	1.6967	0.8632	2.5599	3.6308	6.1907
1156821	1	2006	Natural Stand	L 	13	2954	5.5	6.04	3.4698	0.7002	1.8368	0.9703	2.807	4.1701	6.9771
1156821	1	2016	Natural Stand	L 	13	3136	20.2	15.4	91.4293	12.9558	11.5642	14.5971	26.1613	104.3851	130.5464
1156821	1	2016	Natural Stand	L 	13	3137	19.8	15.4	86.9445	12.3874	11.2417	14.0012	25.2429	99.332	124.5749
1156821	1	2016	Natural Stand	L 	13	3138	21.2	14.6	103.2417	14.4388	12.3821	16.1434	28.5255	117.6805	146.206
1156821	1	2016	Natural Stand	L 	13	3139	19.3	14.5	81.5285	11.6968	10.8423	13.2745	24.1168	93.2253	117.3421
1156821	1	2016	Natural Stand	L 	13	3140	17	14	59.2554	8.7996	9.0611	10.1901	19.2512	68.0551	87.3063
1156821	1	2016	Natural Stand	L 	13	3141	12.7	11.8	28.4612	4.5752	5.9988	5.5496	11.5484	33.0365	44.5849
1156821	1	2016	Natural Stand	L 	13	3142	17.7	11.6	65.5838	9.6332	9.5933	11.084	20.6772	75.217	95.8943
1156821	1	2016	Natural Stand	L 	13	3143	11.5	11.6	22.1746	3.6621	5.2132	4.5127	9.7258	25.8367	35.5625
1156821	1	2016	Natural Stand	L 	13	3144	10.7	11.2	18.4974	3.1153	4.7078	3.8831	8.5909	21.6126	30.2035
1156821	1	2016	Natural Stand	L 	13	3145	13.3	11.1	31.9645	5.0743	6.4035	6.11	12.5135	37.0388	49.5524
1156821	1	2016	Natural Stand	L 	13	3146	13.2	11	31.3636	4.9892	6.3356	6.0146	12.3502	36.3527	48.7029
1156821	1	2016	Natural Stand	L 	13	3147	10.4	10.9	17.2208	2.9228	4.5222	3.6597	8.1818	20.1435	28.3254
1156821	1	2016	Natural Stand	L 	13	3148	10	9.9	15.6034	2.6766	4.2782	3.3724	7.6506	18.28	25.9306
1156821	1	2016	Natural Stand	L 	13	3149	9.7	9.8	14.4528	2.4999	4.0978	3.165	7.2628	16.9527	24.2155
1156821	1	2016	Natural Stand	L 	13	3150	10	9.7	15.6034	2.6766	4.2782	3.3724	7.6506	18.28	25.9306
1156821	1	2016	Natural Stand	L 	13	3151	7.2	9.5	6.8305	1.2812	2.6883	1.7007	4.3891	8.1117	12.5007
1156821	1	2016	Natural Stand	L 	13	3152	5.1	6.5	2.8698	0.5912	1.6507	0.829	2.4797	3.4609	5.9406
1156821	1	2016	Natural Stand	L 	13	3153	5.8	5.6	3.9656	0.7888	1.98	1.0838	3.0638	4.7544	7.8183
1156821	1	2016	Natural Stand	L 	13	3154	6	5.3	4.3185	0.8512	2.0773	1.1631	3.2404	5.1697	8.4101
1156821	1	2016	Natural Stand	L 	13	3155	3.5	4.6	1.1135	0.2541	0.9692	0.3783	1.3475	1.3676	2.7151
1156821	1	2016	Natural Stand	L 	13	3156	5.7	4.4	3.7959	0.7587	1.9319	1.0452	2.9772	4.5546	7.5317
1156821	1	2016	Natural Stand	L 	13	3157	3	4	0.7557	0.1798	0.7794	0.2744	1.0537	0.9355	1.9892
1163491	1	2009	Natural Stand	L 	13	3305	15.3	9.92	45.4634	6.9476	7.8067	8.1813	15.988	52.411	68.399
1163491	1	2009	Natural Stand	L 	13	3306	10.5	8.75	17.6402	2.9862	4.5838	3.7334	8.3172	20.6264	28.9435
1163491	1	2009	Natural Stand	L 	13	3307	9.1	8	12.3089	2.1663	3.7439	2.7707	6.5147	14.4752	20.9899
1163491	1	2009	Natural Stand	L 	13	3308	9.1	7.3	12.3089	2.1663	3.7439	2.7707	6.5147	14.4752	20.9899
1163491	1	2009	Natural Stand	L 	13	3309	9	7.04	11.9716	2.1133	3.6859	2.7076	6.3935	14.0849	20.4784
1163491	1	2009	Natural Stand	L 	13	3310	2.5	3.16	0.4778	0.1195	0.6022	0.1876	0.7899	0.5972	1.3871
1163491	1	2019	Natural Stand	L 	13	3440	19.1	12.7	79.4206	11.4267	10.6837	12.9894	23.6732	90.8473	114.5204
1163491	1	2019	Natural Stand	L 	13	3441	12.4	10.5	26.8007	4.3364	5.7994	5.2799	11.0793	31.1371	42.2164
1163491	1	2019	Natural Stand	L 	13	3442	10.8	9.7	18.9352	3.181	4.7701	3.9591	8.7292	22.1161	30.8453
1163491	1	2019	Natural Stand	L 	13	3443	11.8	9.6	23.6581	3.8799	5.4065	4.7615	10.168	27.538	37.706
1163491	1	2019	Natural Stand	L 	13	3444	11.1	9.2	20.2858	3.3826	4.9586	4.1917	9.1503	23.6684	32.8187
1163491	1	2019	Natural Stand	L 	13	3445	8	5.5	8.9026	1.6227	3.1203	2.1183	5.2386	10.5253	15.764
1163491	1	2019	Natural Stand	L 	13	3446	4.7	4.7	2.3369	0.4922	1.4706	0.6992	2.1699	2.8291	4.999
1163491	1	2019	Natural Stand	L 	13	3447	3	3.8	0.7557	0.1798	0.7794	0.2744	1.0537	0.9355	1.9892
1163491	1	2019	Natural Stand	L 	13	3448	4.5	3.6	2.0948	0.4465	1.3829	0.6387	2.0216	2.5413	4.5629
1163491	1	2019	Natural Stand	L 	13	3449	4.4	2.6	1.9797	0.4245	1.3397	0.6094	1.9491	2.4043	4.3534
1163491	1	2019	Natural Stand	L 	13	3450	4.3	2.5	1.8685	0.4032	1.2968	0.5809	1.8777	2.2717	4.1494
1163491	1	2019	Natural Stand	L 	13	3451	4.5	1.4	2.0948	0.4465	1.3829	0.6387	2.0216	2.5413	4.5629
1163491	1	2019	Natural Stand	L 	13	3452	3.2	1.4	0.8888	0.2078	0.8539	0.3139	1.1677	1.0967	2.2644
1163556	1	2008	Natural Stand	L 	13	3582	17.9	12.08	67.4633	9.8791	9.7469	11.3466	21.0935	77.3424	98.4359
1163556	1	2008	Natural Stand	L 	13	3583	15	10.87	43.2549	6.6458	7.5911	7.8506	15.4416	49.9007	65.3423
1163556	1	2008	Natural Stand	L 	13	3584	14.7	10.73	41.1123	6.3514	7.3772	7.5269	14.9042	47.4636	62.3678
1163556	1	2008	Natural Stand	L 	13	3585	10.8	10.6	18.9352	3.181	4.7701	3.9591	8.7292	22.1161	30.8453
1163556	1	2008	Natural Stand	L 	13	3586	14	10.19	36.3652	5.693	6.8854	6.7992	13.6846	42.0583	55.7429
1163556	1	2008	Natural Stand	L 	13	3587	10.3	8.62	16.8074	2.8601	4.4608	3.5867	8.0475	19.6675	27.715
1163556	1	2008	Natural Stand	L 	13	3588	10	7.64	15.6034	2.6766	4.2782	3.3724	7.6506	18.28	25.9306
1163556	1	2008	Natural Stand	L 	13	3589	2.6	2.48	0.5273	0.1304	0.6366	0.2036	0.8402	0.6577	1.4979
1163556	1	2017	Natural Stand	L 	13	3647	19.2	13.9	80.4704	11.5613	10.7629	13.1316	23.8945	92.0317	115.9262
1163556	1	2017	Natural Stand	L 	13	3648	15.3	11.5	45.4634	6.9476	7.8067	8.1813	15.988	52.411	68.399
1163556	1	2017	Natural Stand	L 	13	3649	15.6	11.4	47.7385	7.2569	8.024	8.5192	16.5432	54.9954	71.5386
1163556	1	2017	Natural Stand	L 	13	3650	14.7	10.6	41.1123	6.3514	7.3772	7.5269	14.9042	47.4636	62.3678
1163556	1	2017	Natural Stand	L 	13	3651	11	9.2	19.8294	3.3146	4.8955	4.1134	9.0089	23.144	32.1529
1163556	1	2017	Natural Stand	L 	13	3652	10.2	8.5	16.4001	2.7982	4.3997	3.5145	7.9142	19.1983	27.1125
1163556	1	2017	Natural Stand	L 	13	3653	3	2.8	0.7557	0.1798	0.7794	0.2744	1.0537	0.9355	1.9892
1163661	1	2005	Natural Stand	L 	13	3726	15.7	14.82	48.5118	7.3616	8.0969	8.6334	16.7303	55.8734	72.6037
1163661	1	2005	Natural Stand	L 	13	3727	16.1	14.42	51.6801	7.789	8.3902	9.0981	17.4882	59.4691	76.9573
1163661	1	2005	Natural Stand	L 	13	3728	17.7	14.12	65.5838	9.6332	9.5933	11.084	20.6772	75.217	95.8943
1163661	1	2005	Natural Stand	L 	13	3729	12.7	13.81	28.4612	4.5752	5.9988	5.5496	11.5484	33.0365	44.5849
1163661	1	2005	Natural Stand	L 	13	3730	9.8	9.47	14.8305	2.5581	4.1577	3.2334	7.3911	17.3885	24.7796
1163661	1	2005	Natural Stand	L 	13	3731	5	5.15	2.7303	0.5655	1.6051	0.7955	2.4006	3.2958	5.6964
1163661	1	2009	Natural Stand	L 	13	3938	18.1	15.1	69.375	10.1284	9.9013	11.6124	21.5137	79.5033	101.017
1163661	1	2009	Natural Stand	L 	13	3939	16	14.7	50.8767	7.6809	8.3166	8.9807	17.2973	58.5576	75.8549
1163661	1	2009	Natural Stand	L 	13	3940	13.1	14.2	30.7695	4.9048	6.2678	5.9201	12.1878	35.6743	47.8621
1163661	1	2009	Natural Stand	L 	13	3941	16.4	13.9	54.136	8.1183	8.6121	9.4549	18.0671	62.2543	80.3214
1163661	1	2009	Natural Stand	L 	13	3942	16.5	9.7	54.9699	8.2297	8.6865	9.5755	18.262	63.1997	81.4616
1163661	1	2009	Natural Stand	L 	13	3943	11.2	9.7	20.7485	3.4513	5.0219	4.2708	9.2927	24.1998	33.4925
1163661	1	2009	Natural Stand	L 	13	3944	10.4	9.4	17.2208	2.9228	4.5222	3.6597	8.1818	20.1435	28.3254
1163661	1	2009	Natural Stand	L 	13	3945	5.3	5.5	3.1612	0.6444	1.743	0.8982	2.6412	3.8056	6.4468
1163661	1	2009	Natural Stand	L 	13	3946	3.3	4.31	0.9603	0.2227	0.8918	0.3346	1.2265	1.183	2.4095
1163661	1	2009	Natural Stand	L 	13	3947	3.4	3.86	1.0352	0.2381	0.9303	0.3561	1.2864	1.2733	2.5597
1163661	1	2009	Natural Stand	L 	13	3948	3.8	3.8	1.3693	0.3056	1.0888	0.449	1.5378	1.6749	3.2127
1163661	1	2009	Natural Stand	L 	13	3949	3.3	3.61	0.9603	0.2227	0.8918	0.3346	1.2265	1.183	2.4095
1163661	1	2009	Natural Stand	L 	13	3950	2.6	3.41	0.5273	0.1304	0.6366	0.2036	0.8402	0.6577	1.4979
1163661	1	2009	Natural Stand	L 	13	3951	2.6	3.33	0.5273	0.1304	0.6366	0.2036	0.8402	0.6577	1.4979
1163661	1	2009	Natural Stand	L 	13	3952	2.9	2.58	0.6939	0.1666	0.7429	0.2556	0.9985	0.8606	1.8591
1163661	1	2019	Natural Stand	L 	13	4193	18.7	15.9	75.3041	10.897	10.3687	12.429	22.7976	86.201	108.9987
1163661	1	2019	Natural Stand	L 	13	4194	14	15.2	36.3652	5.693	6.8854	6.7992	13.6846	42.0583	55.7429
1163661	1	2019	Natural Stand	L 	13	4195	17	15.1	59.2554	8.7996	9.0611	10.1901	19.2512	68.0551	87.3063
1163661	1	2019	Natural Stand	L 	13	4196	15.5	13.9	46.9727	7.153	7.9514	8.4058	16.3572	54.1257	70.4828
1163661	1	2019	Natural Stand	L 	13	4197	16.8	11.6	57.518	8.5691	8.9107	9.9418	18.8525	66.0871	84.9397
1163661	1	2019	Natural Stand	L 	13	4198	12	11.2	24.6794	4.0289	5.5366	4.9312	10.4678	28.7084	39.1761
1163661	1	2019	Natural Stand	L 	13	4199	12.2	10	25.7269	4.1811	5.6676	5.104	10.7715	29.908	40.6795
1163661	1	2019	Natural Stand	L 	13	4200	11.6	8.5	22.6627	3.7339	5.2774	4.5948	9.8722	26.3966	36.2688
1163661	1	2019	Natural Stand	L 	13	4201	8.1	6.9	9.1851	1.6685	3.1756	2.1739	5.3495	10.8537	16.2032
1163661	1	2019	Natural Stand	L 	13	4202	5.8	6.7	3.9656	0.7888	1.98	1.0838	3.0638	4.7544	7.8183
1163661	1	2019	Natural Stand	L 	13	4203	4.9	6.3	2.5951	0.5404	1.5599	0.7627	2.3226	3.1355	5.4581
1163661	1	2019	Natural Stand	L 	13	4204	5.7	5.5	3.7959	0.7587	1.9319	1.0452	2.9772	4.5546	7.5317
1163661	1	2019	Natural Stand	L 	13	4205	5	5.44	2.7303	0.5655	1.6051	0.7955	2.4006	3.2958	5.6964
1163661	1	2019	Natural Stand	L 	13	4206	5.6	5.4	3.6307	0.7291	1.8842	1.0074	2.8915	4.3598	7.2513
1163661	1	2019	Natural Stand	L 	13	4207	7.2	5.2	6.8305	1.2812	2.6883	1.7007	4.3891	8.1117	12.5007
1163661	1	2019	Natural Stand	L 	13	4208	6.4	5.1	5.0795	0.9837	2.2758	1.3306	3.6064	6.0632	9.6696
1163661	1	2019	Natural Stand	L 	13	4209	5.4	4.9	3.3134	0.672	1.7897	0.9339	2.7236	3.9854	6.7089
1163661	1	2019	Natural Stand	L 	13	4210	5.6	4.9	3.6307	0.7291	1.8842	1.0074	2.8915	4.3598	7.2513
1163661	1	2019	Natural Stand	L 	13	4211	3.3	4.51	0.9603	0.2227	0.8918	0.3346	1.2265	1.183	2.4095
1163661	1	2019	Natural Stand	L 	13	4212	5.2	4.5	3.0134	0.6175	1.6967	0.8632	2.5599	3.6308	6.1907
1163661	1	2019	Natural Stand	L 	13	4213	4.4	4.3	1.9797	0.4245	1.3397	0.6094	1.9491	2.4043	4.3534
1163661	1	2019	Natural Stand	L 	13	4214	3.1	4.24	0.8206	0.1935	0.8164	0.2938	1.1101	1.0142	2.1243
1163661	1	2019	Natural Stand	L 	13	4215	3	4.23	0.7557	0.1798	0.7794	0.2744	1.0537	0.9355	1.9892
1163661	1	2019	Natural Stand	L 	13	4216	4.1	4.15	1.6576	0.3623	1.2123	0.526	1.7384	2.02	3.7583
1163661	1	2019	Natural Stand	L 	13	4217	3.5	4.02	1.1135	0.2541	0.9692	0.3783	1.3475	1.3676	2.7151
1163661	1	2019	Natural Stand	L 	13	4218	3.9	4.01	1.4617	0.3239	1.1295	0.474	1.6035	1.7856	3.3891
1163661	1	2019	Natural Stand	L 	13	4219	2.6	3.84	0.5273	0.1304	0.6366	0.2036	0.8402	0.6577	1.4979
1163661	1	2019	Natural Stand	L 	13	4220	3.3	3.68	0.9603	0.2227	0.8918	0.3346	1.2265	1.183	2.4095
1163661	1	2019	Natural Stand	L 	13	4221	2.5	3.19	0.4778	0.1195	0.6022	0.1876	0.7899	0.5972	1.3871
1163676	1	2016	Natural Stand	L 	13	4399	7.3	9	7.0716	1.3214	2.7413	1.7503	4.4916	8.393	12.8846
1163676	1	2016	Natural Stand	L 	13	4400	7.7	5.8	8.0868	1.4894	2.9561	1.9562	4.9123	9.5762	14.4884
1163676	1	2016	Natural Stand	L 	13	4401	8	5.6	8.9026	1.6227	3.1203	2.1183	5.2386	10.5253	15.764
1163676	1	2016	Natural Stand	L 	13	4402	7.2	5.4	6.8305	1.2812	2.6883	1.7007	4.3891	8.1117	12.5007
1163676	1	2016	Natural Stand	L 	13	4403	7.2	5	6.8305	1.2812	2.6883	1.7007	4.3891	8.1117	12.5007
1163676	1	2016	Natural Stand	L 	13	4404	4.9	4.3	2.5951	0.5404	1.5599	0.7627	2.3226	3.1355	5.4581
1163676	1	2016	Natural Stand	L 	13	4405	2.6	2.7	0.5273	0.1304	0.6366	0.2036	0.8402	0.6577	1.4979
1163701	1	2004	Natural Stand	L 	13	4481	16.4	11.76	54.136	8.1183	8.6121	9.4549	18.0671	62.2543	80.3214
1163701	1	2004	Natural Stand	L 	13	4482	14.9	10.91	42.5334	6.5468	7.5196	7.7419	15.2615	49.0802	64.3417
1163701	1	2004	Natural Stand	L 	13	4483	13.3	9.29	31.9645	5.0743	6.4035	6.11	12.5135	37.0388	49.5524
1163701	1	2004	Natural Stand	L 	13	4484	13.8	8	35.073	5.5122	6.7467	6.5984	13.3451	40.5852	53.9302
1163701	1	2004	Natural Stand	L 	13	4485	10.5	7.79	17.6402	2.9862	4.5838	3.7334	8.3172	20.6264	28.9435
1163701	1	2004	Natural Stand	L 	13	4486	5	4.25	2.7303	0.5655	1.6051	0.7955	2.4006	3.2958	5.6964
1163701	1	2008	Natural Stand	L 	13	4590	16.5	12.8	54.9699	8.2297	8.6865	9.5755	18.262	63.1997	81.4616
1163701	1	2008	Natural Stand	L 	13	4591	15	11.2	43.2549	6.6458	7.5911	7.8506	15.4416	49.9007	65.3423
1163701	1	2008	Natural Stand	L 	13	4592	13.6	10	33.8087	5.3346	6.6088	6.4007	13.0095	39.1434	52.1528
1163701	1	2008	Natural Stand	L 	13	4593	16.7	8.8	56.6609	8.4552	8.8358	9.8189	18.6547	65.1161	83.7708
1163701	1	2008	Natural Stand	L 	13	4594	12.5	8.5	27.3475	4.4152	5.8657	5.369	11.2347	31.7627	42.9974
1163701	1	2008	Natural Stand	L 	13	4595	14	8.3	36.3652	5.693	6.8854	6.7992	13.6846	42.0583	55.7429
1163701	1	2008	Natural Stand	L 	13	4596	10.8	8	18.9352	3.181	4.7701	3.9591	8.7292	22.1161	30.8453
1163701	1	2008	Natural Stand	L 	13	4597	7.8	6.8	8.3535	1.5331	3.0106	2.0095	5.02	9.8866	14.9066
1163701	1	2008	Natural Stand	L 	13	4598	7.2	6	6.8305	1.2812	2.6883	1.7007	4.3891	8.1117	12.5007
1163701	1	2008	Natural Stand	L 	13	4599	8	5.6	8.9026	1.6227	3.1203	2.1183	5.2386	10.5253	15.764
1163701	1	2008	Natural Stand	L 	13	4600	5.5	4.8	3.4698	0.7002	1.8368	0.9703	2.807	4.1701	6.9771
1163701	1	2008	Natural Stand	L 	13	4601	8.4	4.5	10.0648	1.8103	3.3432	2.345	5.6883	11.8751	17.5634
1163701	1	2008	Natural Stand	L 	13	4602	4.1	3.2	1.6576	0.3623	1.2123	0.526	1.7384	2.02	3.7583
1163701	1	2008	Natural Stand	L 	13	4603	2.7	2.7	0.5798	0.142	0.6715	0.2203	0.8918	0.7218	1.6135
1163701	1	2008	Natural Stand	L 	13	4604	3.6	1.16	1.1952	0.2707	1.0086	0.4012	1.4098	1.4659	2.8757
1163701	1	2018	Natural Stand	L 	13	4703	16.7	14.3	56.6609	8.4552	8.8358	9.8189	18.6547	65.1161	83.7708
1163701	1	2018	Natural Stand	L 	13	4704	15.4	11.8	46.2143	7.0499	7.8789	8.2931	16.1721	53.2642	69.4363
1163701	1	2018	Natural Stand	L 	13	4705	14.3	10.8	38.3568	5.9703	7.0949	7.1064	14.2013	44.327	58.5284
1163701	1	2018	Natural Stand	L 	13	4706	8.8	9.9	11.3138	2.0094	3.5706	2.5838	6.1543	13.3232	19.4776
1163701	1	2018	Natural Stand	L 	13	4707	8.1	9.8	9.1851	1.6685	3.1756	2.1739	5.3495	10.8537	16.2032
1163701	1	2018	Natural Stand	L 	13	4708	18.3	9.3	71.3188	10.3811	10.0564	11.8814	21.9378	81.6999	103.6377
1163701	1	2018	Natural Stand	L 	13	4709	14.5	8.8	39.7201	6.1592	7.2357	7.3151	14.5508	45.8793	60.4301
1163701	1	2018	Natural Stand	L 	13	4710	11.6	8.4	22.6627	3.7339	5.2774	4.5948	9.8722	26.3966	36.2688
1163701	1	2018	Natural Stand	L 	13	4711	9.1	6.8	12.3089	2.1663	3.7439	2.7707	6.5147	14.4752	20.9899
1163701	1	2018	Natural Stand	L 	13	4712	6.7	6	5.6997	1.0902	2.4281	1.4639	3.892	6.7898	10.6818
1163701	1	2018	Natural Stand	L 	13	4713	4.8	5.1	2.464	0.516	1.5151	0.7306	2.2457	2.98	5.2257
1170451	1	2005	Natural Stand	L 	13	4841	17.8	16.13	66.5196	9.7557	9.67	11.2149	20.8849	76.2753	97.1602
1170451	1	2005	Natural Stand	L 	13	4842	15.2	14.16	44.7199	6.8462	7.7346	8.0703	15.8049	51.566	67.3709
1170451	1	2005	Natural Stand	L 	13	4843	12	9.76	24.6794	4.0289	5.5366	4.9312	10.4678	28.7084	39.1761
1170451	1	2005	Natural Stand	L 	13	4844	10.3	8.86	16.8074	2.8601	4.4608	3.5867	8.0475	19.6675	27.715
1170451	1	2005	Natural Stand	L 	13	4845	11.7	8.62	23.1572	3.8065	5.3419	4.6778	10.0196	26.9637	36.9833
1170451	1	2005	Natural Stand	L 	13	4846	7.3	6.89	7.0716	1.3214	2.7413	1.7503	4.4916	8.393	12.8846
1170451	1	2005	Natural Stand	L 	13	4847	7.5	6.35	7.5689	1.404	2.8481	1.8518	4.6999	8.9729	13.6728
1170451	1	2005	Natural Stand	L 	13	4848	6.9	5.95	6.1372	1.1645	2.5313	1.5564	4.0877	7.3017	11.3894
1170451	1	2013	Natural Stand	L 	13	4871	18.6	15.8	74.2955	10.7667	10.2903	12.2909	22.5812	85.0622	107.6434
1170451	1	2013	Natural Stand	L 	13	4872	16.1	12.9	51.6801	7.789	8.3902	9.0981	17.4882	59.4691	76.9573
1170451	1	2013	Natural Stand	L 	13	4873	13.8	10.4	35.073	5.5122	6.7467	6.5984	13.3451	40.5852	53.9302
1170451	1	2013	Natural Stand	L 	13	4874	11.9	9.3	24.1655	3.954	5.4715	4.8459	10.3174	28.1195	38.4369
1170451	1	2013	Natural Stand	L 	13	4875	13.5	8.6	33.1871	5.2471	6.5402	6.303	12.8432	38.4341	51.2773
1170451	1	2013	Natural Stand	L 	13	4876	8.5	7.5	10.3688	1.859	3.3997	2.4036	5.8032	12.2278	18.0311
1170451	1	2013	Natural Stand	L 	13	4877	9.3	6.9	13.0006	2.2746	3.8608	2.8991	6.76	15.2752	22.0351
1170451	1	2013	Natural Stand	L 	13	4878	8.3	6.3	9.7662	1.7623	3.2871	2.2872	5.5743	11.5285	17.1028
1170451	1	2013	Natural Stand	L 	13	4879	8.3	6.2	9.7662	1.7623	3.2871	2.2872	5.5743	11.5285	17.1028
1170451	1	2013	Natural Stand	L 	13	4880	9	5.1	11.9716	2.1133	3.6859	2.7076	6.3935	14.0849	20.4784
1170451	1	2013	Natural Stand	L 	13	4881	7.7	4.72	8.0868	1.4894	2.9561	1.9562	4.9123	9.5762	14.4884
1170451	1	2013	Natural Stand	L 	13	4882	4.5	2.9	2.0948	0.4465	1.3829	0.6387	2.0216	2.5413	4.5629
1170561	1	2005	Natural Stand	L 	13	4924	9.9	10.03	15.214	2.617	4.2178	3.3025	7.5203	17.8309	25.3513
1170561	1	2005	Natural Stand	L 	13	4925	10.9	8.71	19.3792	3.2474	4.8327	4.0359	8.8686	22.6265	31.4951
1170561	1	2005	Natural Stand	L 	13	4926	9	8.55	11.9716	2.1133	3.6859	2.7076	6.3935	14.0849	20.4784
1170561	1	2005	Natural Stand	L 	13	4927	10.8	7.76	18.9352	3.181	4.7701	3.9591	8.7292	22.1161	30.8453
1170561	1	2016	Natural Stand	L 	13	4928	17	13.8	59.2554	8.7996	9.0611	10.1901	19.2512	68.0551	87.3063
1170561	1	2016	Natural Stand	L 	13	4929	12.5	12.3	27.3475	4.4152	5.8657	5.369	11.2347	31.7627	42.9974
1170561	1	2016	Natural Stand	L 	13	4930	12.3	12	26.2605	4.2583	5.7334	5.1916	10.9249	30.5188	41.4438
1170561	1	2016	Natural Stand	L 	13	4931	15.7	10.6	48.5118	7.3616	8.0969	8.6334	16.7303	55.8734	72.6037
1170561	1	2016	Natural Stand	L 	13	4932	7	8.43	6.3634	1.2027	2.5833	1.6038	4.1871	7.5661	11.7532
1177421	1	2005	Natural Stand	L 	13	4933	12.4	8.51	26.8007	4.3364	5.7994	5.2799	11.0793	31.1371	42.2164
1177421	1	2005	Natural Stand	L 	13	4934	10.9	8.26	19.3792	3.2474	4.8327	4.0359	8.8686	22.6265	31.4951
1177421	1	2005	Natural Stand	L 	13	4935	11.9	7.97	24.1655	3.954	5.4715	4.8459	10.3174	28.1195	38.4369
1177421	1	2005	Natural Stand	L 	13	4936	9.7	7.21	14.4528	2.4999	4.0978	3.165	7.2628	16.9527	24.2155
1177421	1	2005	Natural Stand	L 	13	4937	7.5	6.09	7.5689	1.404	2.8481	1.8518	4.6999	8.9729	13.6728
1177421	1	2005	Natural Stand	L 	13	4938	6.6	5.97	5.4881	1.054	2.377	1.4187	3.7958	6.5422	10.3379
1177421	1	2005	Natural Stand	L 	13	4939	6.5	5.84	5.2814	1.0185	2.3263	1.3743	3.7006	6.3	10.0005
1177421	1	2005	Natural Stand	L 	13	4940	5	4.23	2.7303	0.5655	1.6051	0.7955	2.4006	3.2958	5.6964
1177421	1	2009	Natural Stand	L 	13	4947	13.2	9.1	31.3636	4.9892	6.3356	6.0146	12.3502	36.3527	48.7029
1177421	1	2009	Natural Stand	L 	13	4948	13.7	9.1	34.4373	5.423	6.6776	6.4992	13.1768	39.8604	53.0371
1177421	1	2009	Natural Stand	L 	13	4949	12.1	8.9	25.1999	4.1046	5.602	5.0172	10.6192	29.3045	39.9237
1177421	1	2009	Natural Stand	L 	13	4950	12	8.3	24.6794	4.0289	5.5366	4.9312	10.4678	28.7084	39.1761
1177421	1	2009	Natural Stand	L 	13	4951	7.5	7	7.5689	1.404	2.8481	1.8518	4.6999	8.9729	13.6728
1177421	1	2009	Natural Stand	L 	13	4952	8.5	6.7	10.3688	1.859	3.3997	2.4036	5.8032	12.2278	18.0311
1177421	1	2009	Natural Stand	L 	13	4953	8.5	6.6	10.3688	1.859	3.3997	2.4036	5.8032	12.2278	18.0311
1177421	1	2009	Natural Stand	L 	13	4954	6	5.2	4.3185	0.8512	2.0773	1.1631	3.2404	5.1697	8.4101
1177421	1	2009	Natural Stand	L 	13	4955	4	2	1.5578	0.3428	1.1707	0.4997	1.6704	1.9006	3.571
1177421	1	2019	Natural Stand	L 	13	4962	14.6	11.8	40.4126	6.2549	7.3064	7.4206	14.727	46.6674	61.3944
1177421	1	2019	Natural Stand	L 	13	4963	17.5	11.4	63.7362	9.3908	9.4403	10.8246	20.2649	73.127	93.3919
1177421	1	2019	Natural Stand	L 	13	4964	12.2	10.8	25.7269	4.1811	5.6676	5.104	10.7715	29.908	40.6795
1177421	1	2019	Natural Stand	L 	13	4965	16.1	10.8	51.6801	7.789	8.3902	9.0981	17.4882	59.4691	76.9573
1177421	1	2019	Natural Stand	L 	13	4966	14.8	10.7	41.8192	6.4487	7.4483	7.634	15.0823	48.2679	63.3502
1177421	1	2019	Natural Stand	L 	13	4967	10.4	10.1	17.2208	2.9228	4.5222	3.6597	8.1818	20.1435	28.3254
1177421	1	2019	Natural Stand	L 	13	4968	10.6	9.7	18.0657	3.0504	4.6457	3.8078	8.4535	21.1161	29.5696
1177421	1	2019	Natural Stand	L 	13	4969	8.8	8.8	11.3138	2.0094	3.5706	2.5838	6.1543	13.3232	19.4776
1177421	1	2019	Natural Stand	L 	13	4970	6.2	6.8	4.6897	0.9161	2.1759	1.2454	3.4213	5.6058	9.0271
1177451	1	2005	Natural Stand	L 	13	4979	19.9	15.23	88.053	12.5282	11.3221	14.149	25.471	100.5812	126.0522
1177451	1	2005	Natural Stand	L 	13	4980	13.2	12.25	31.3636	4.9892	6.3356	6.0146	12.3502	36.3527	48.7029
1177451	1	2005	Natural Stand	L 	13	4981	12.4	12.1	26.8007	4.3364	5.7994	5.2799	11.0793	31.1371	42.2164
1177451	1	2005	Natural Stand	L 	13	4982	6.2	6.6	4.6897	0.9161	2.1759	1.2454	3.4213	5.6058	9.0271
1177451	1	2010	Natural Stand	L 	13	4983	7.7	6.9	8.0868	1.4894	2.9561	1.9562	4.9123	9.5762	14.4884
1177451	1	2021	Natural Stand	L 	13	4984	9.9	7.6	15.214	2.617	4.2178	3.3025	7.5203	17.8309	25.3513
1177451	1	2021	Natural Stand	L 	13	4985	4.3	3.7	1.8685	0.4032	1.2968	0.5809	1.8777	2.2717	4.1494
1184081	1	2015	Natural Stand	L 	13	4989	17.4	12.8	62.8243	9.2708	9.3641	10.6961	20.0602	72.0951	92.1553
1184081	1	2015	Natural Stand	L 	13	4990	16.1	12.4	51.6801	7.789	8.3902	9.0981	17.4882	59.4691	76.9573
1184081	1	2015	Natural Stand	L 	13	4991	14	11.6	36.3652	5.693	6.8854	6.7992	13.6846	42.0583	55.7429
1184081	1	2015	Natural Stand	L 	13	4992	12	11.2	24.6794	4.0289	5.5366	4.9312	10.4678	28.7084	39.1761
1184081	1	2015	Natural Stand	L 	13	4993	12.3	9.9	26.2605	4.2583	5.7334	5.1916	10.9249	30.5188	41.4438
1184081	1	2015	Natural Stand	L 	13	4994	8.8	9.4	11.3138	2.0094	3.5706	2.5838	6.1543	13.3232	19.4776
1184081	1	2015	Natural Stand	L 	13	4995	5.3	6.5	3.1612	0.6444	1.743	0.8982	2.6412	3.8056	6.4468
1184081	1	2015	Natural Stand	L 	13	4996	6.6	6.3	5.4881	1.054	2.377	1.4187	3.7958	6.5422	10.3379
1184081	1	2015	Natural Stand	L 	13	4997	5.4	6.1	3.3134	0.672	1.7897	0.9339	2.7236	3.9854	6.7089
1184081	1	2015	Natural Stand	L 	13	4998	5	5.3	2.7303	0.5655	1.6051	0.7955	2.4006	3.2958	5.6964
1184081	1	2015	Natural Stand	L 	13	4999	3	2.8	0.7557	0.1798	0.7794	0.2744	1.0537	0.9355	1.9892
1184106	1	2007	Natural Stand	L 	13	5152	16.3	14.86	53.3097	8.0077	8.538	9.3352	17.8731	61.3174	79.1906
1184106	1	2007	Natural Stand	L 	13	5153	14.7	14.26	41.1123	6.3514	7.3772	7.5269	14.9042	47.4636	62.3678
1184106	1	2007	Natural Stand	L 	13	5154	15.1	13.17	43.9837	6.7456	7.6627	7.96	15.6228	50.7293	66.352
1184106	1	2007	Natural Stand	L 	13	5155	15.1	12.61	43.9837	6.7456	7.6627	7.96	15.6228	50.7293	66.352
1184106	1	2007	Natural Stand	L 	13	5156	7.9	7.75	8.6254	1.5775	3.0653	2.0635	5.1288	10.203	15.3318
1184106	1	2007	Natural Stand	L 	13	5157	5.1	5.79	2.8698	0.5912	1.6507	0.829	2.4797	3.4609	5.9406
1184106	1	2018	Natural Stand	L 	13	5271	18	17	68.4151	10.0033	9.824	11.4791	21.3031	78.4184	99.7215
1184106	1	2018	Natural Stand	L 	13	5272	15.3	14.5	45.4634	6.9476	7.8067	8.1813	15.988	52.411	68.399
1184106	1	2018	Natural Stand	L 	13	5273	16.6	13.9	55.8116	8.342	8.761	9.6968	18.4578	64.1536	82.6114
1184106	1	2018	Natural Stand	L 	13	5274	16.4	13.6	54.136	8.1183	8.6121	9.4549	18.0671	62.2543	80.3214
1184106	1	2018	Natural Stand	L 	13	5275	12.5	9.2	27.3475	4.4152	5.8657	5.369	11.2347	31.7627	42.9974
1184106	1	2018	Natural Stand	L 	13	5276	9	8.6	11.9716	2.1133	3.6859	2.7076	6.3935	14.0849	20.4784
1184106	1	2018	Natural Stand	L 	13	5277	6	6.4	4.3185	0.8512	2.0773	1.1631	3.2404	5.1697	8.4101
1184106	1	2018	Natural Stand	L 	13	5278	4.1	4.5	1.6576	0.3623	1.2123	0.526	1.7384	2.02	3.7583
1184106	1	2018	Natural Stand	L 	13	5279	4.6	4.5	2.2139	0.469	1.4266	0.6686	2.0952	2.6829	4.7781
1184106	1	2018	Natural Stand	L 	13	5280	4.4	4.3	1.9797	0.4245	1.3397	0.6094	1.9491	2.4043	4.3534
1184106	1	2018	Natural Stand	L 	13	5281	3.3	3.4	0.9603	0.2227	0.8918	0.3346	1.2265	1.183	2.4095
1184141	1	2014	Natural Stand	L 	13	5388	7.8	6.2	8.3535	1.5331	3.0106	2.0095	5.02	9.8866	14.9066
1184141	1	2014	Natural Stand	L 	13	5389	6.8	5.5	5.916	1.127	2.4796	1.5098	3.9893	7.043	11.0323
1184141	1	2014	Natural Stand	L 	13	5390	8.5	5.5	10.3688	1.859	3.3997	2.4036	5.8032	12.2278	18.0311
1184141	1	2014	Natural Stand	L 	13	5391	8.7	5.2	10.9933	1.9586	3.5133	2.523	6.0363	12.9519	18.9881
1184141	1	2014	Natural Stand	L 	13	5392	6.2	4.9	4.6897	0.9161	2.1759	1.2454	3.4213	5.6058	9.0271
1184141	1	2014	Natural Stand	L 	13	5393	5.8	4.6	3.9656	0.7888	1.98	1.0838	3.0638	4.7544	7.8183
1184141	1	2014	Natural Stand	L 	13	5394	5.2	3.8	3.0134	0.6175	1.6967	0.8632	2.5599	3.6308	6.1907
1184141	1	2014	Natural Stand	L 	13	5395	3.7	2.9	1.2805	0.2878	1.0485	0.4247	1.4732	1.5683	3.0415
1184141	1	2014	Natural Stand	L 	13	5396	2.7	2.5	0.5798	0.142	0.6715	0.2203	0.8918	0.7218	1.6135
1184141	1	2014	Natural Stand	L 	13	5397	2.6	2.5	0.5273	0.1304	0.6366	0.2036	0.8402	0.6577	1.4979
1184196	1	2010	Natural Stand	L 	13	5439	18.3	17.36	71.3188	10.3811	10.0564	11.8814	21.9378	81.6999	103.6377
1184196	1	2010	Natural Stand	L 	13	5440	16.6	16.84	55.8116	8.342	8.761	9.6968	18.4578	64.1536	82.6114
1184196	1	2010	Natural Stand	L 	13	5441	16.1	16.08	51.6801	7.789	8.3902	9.0981	17.4882	59.4691	76.9573
1184196	1	2010	Natural Stand	L 	13	5442	19.1	15.23	79.4206	11.4267	10.6837	12.9894	23.6732	90.8473	114.5204
1184196	1	2010	Natural Stand	L 	13	5443	11.9	14.96	24.1655	3.954	5.4715	4.8459	10.3174	28.1195	38.4369
1184196	1	2010	Natural Stand	L 	13	5444	12.7	14.81	28.4612	4.5752	5.9988	5.5496	11.5484	33.0365	44.5849
1184196	1	2010	Natural Stand	L 	13	5445	16.2	14.78	52.4911	7.8979	8.464	9.2162	17.6802	60.389	78.0692
1184196	1	2010	Natural Stand	L 	13	5446	14.1	14.4	37.022	5.7846	6.955	6.9008	13.8559	42.8066	56.6625
1184196	1	2010	Natural Stand	L 	13	5447	12.3	14.17	26.2605	4.2583	5.7334	5.1916	10.9249	30.5188	41.4438
1184196	1	2010	Natural Stand	L 	13	5448	11.8	14.14	23.6581	3.8799	5.4065	4.7615	10.168	27.538	37.706
1184196	1	2010	Natural Stand	L 	13	5449	15.3	13.31	45.4634	6.9476	7.8067	8.1813	15.988	52.411	68.399
1184196	1	2010	Natural Stand	L 	13	5450	15.3	13.29	45.4634	6.9476	7.8067	8.1813	15.988	52.411	68.399
1184196	1	2010	Natural Stand	L 	13	5451	5.9	5.03	4.1398	0.8197	2.0285	1.1231	3.1516	4.9595	8.1111
1184196	1	2021	Natural Stand	L 	13	5486	17.3	18.9	61.9203	9.1518	9.2881	10.5684	19.8565	71.072	90.9285
1184196	1	2021	Natural Stand	L 	13	5487	19.1	17.8	79.4206	11.4267	10.6837	12.9894	23.6732	90.8473	114.5204
1184196	1	2021	Natural Stand	L 	13	5488	17.3	17.3	61.9203	9.1518	9.2881	10.5684	19.8565	71.072	90.9285
1184196	1	2021	Natural Stand	L 	13	5489	21	15.8	100.8099	14.135	12.2172	15.8277	28.0449	114.945	142.9899
1184196	1	2021	Natural Stand	L 	13	5490	16.1	15.1	51.6801	7.789	8.3902	9.0981	17.4882	59.4691	76.9573
1184196	1	2021	Natural Stand	L 	13	5491	12.5	15	27.3475	4.4152	5.8657	5.369	11.2347	31.7627	42.9974
1184196	1	2021	Natural Stand	L 	13	5492	13.5	14.8	33.1871	5.2471	6.5402	6.303	12.8432	38.4341	51.2773
1184196	1	2021	Natural Stand	L 	13	5493	12.6	14.6	27.901	4.4948	5.9321	5.4589	11.3911	32.3958	43.7869
1184196	1	2021	Natural Stand	L 	13	5494	12.5	13.9	27.3475	4.4152	5.8657	5.369	11.2347	31.7627	42.9974
1184196	1	2021	Natural Stand	L 	13	5495	10.2	7.8	16.4001	2.7982	4.3997	3.5145	7.9142	19.1983	27.1125
1184196	1	2021	Natural Stand	L 	13	5496	6.5	5.6	5.2814	1.0185	2.3263	1.3743	3.7006	6.3	10.0005
1184291	1	2005	Natural Stand	L 	13	5522	20.6	15.19	96.0506	13.5383	11.8894	15.2059	27.0953	109.5889	136.6843
1184291	1	2005	Natural Stand	L 	13	5523	17.4	13.04	62.8243	9.2708	9.3641	10.6961	20.0602	72.0951	92.1553
1184291	1	2005	Natural Stand	L 	13	5524	16	12.32	50.8767	7.6809	8.3166	8.9807	17.2973	58.5576	75.8549
1184291	1	2005	Natural Stand	L 	13	5525	16.2	11.47	52.4911	7.8979	8.464	9.2162	17.6802	60.389	78.0692
1184291	1	2005	Natural Stand	L 	13	5526	11.7	8.27	23.1572	3.8065	5.3419	4.6778	10.0196	26.9637	36.9833
1184291	1	2005	Natural Stand	L 	13	5527	5	4.53	2.7303	0.5655	1.6051	0.7955	2.4006	3.2958	5.6964
1184291	1	2014	Natural Stand	V 	13	5577	21.1	15.9	102.0214	14.2865	12.2996	15.9852	28.2847	116.3079	144.5926
1184291	1	2014	Natural Stand	L 	13	5578	18	14.2	68.4151	10.0033	9.824	11.4791	21.3031	78.4184	99.7215
1184291	1	2014	Natural Stand	L 	13	5579	16.8	12.9	57.518	8.5691	8.9107	9.9418	18.8525	66.0871	84.9397
1184291	1	2014	Natural Stand	L 	13	5580	17.6	12.7	64.656	9.5116	9.5167	10.9539	20.4706	74.1676	94.6382
1184291	1	2014	Natural Stand	L 	13	5581	13.5	10.6	33.1871	5.2471	6.5402	6.303	12.8432	38.4341	51.2773
1184291	1	2014	Natural Stand	L 	13	5582	5.5	4.89	3.4698	0.7002	1.8368	0.9703	2.807	4.1701	6.9771
1184291	1	2014	Natural Stand	L 	13	5583	2.6	2.45	0.5273	0.1304	0.6366	0.2036	0.8402	0.6577	1.4979
1184291	1	2014	Natural Stand	L 	13	5584	2.9	2.1	0.6939	0.1666	0.7429	0.2556	0.9985	0.8606	1.8591
1184361	1	2005	Natural Stand	L 	13	5638	8.4	6.72	10.0648	1.8103	3.3432	2.345	5.6883	11.8751	17.5634
1184361	1	2005	Natural Stand	L 	13	5639	5.7	5.2	3.7959	0.7587	1.9319	1.0452	2.9772	4.5546	7.5317
1184361	1	2015	Natural Stand	L 	13	5658	13	10.7	30.1823	4.8212	6.2002	5.8263	12.0265	35.0035	47.03
1184361	1	2015	Natural Stand	L 	13	5659	9.2	10.6	12.6519	2.2201	3.8023	2.8345	6.6368	14.872	21.5088
1184361	1	2015	Natural Stand	L 	13	5660	11.8	9.6	23.6581	3.8799	5.4065	4.7615	10.168	27.538	37.706
1184361	1	2015	Natural Stand	L 	13	5661	13.1	9.1	30.7695	4.9048	6.2678	5.9201	12.1878	35.6743	47.8621
1184361	1	2015	Natural Stand	L 	13	5662	12	9	24.6794	4.0289	5.5366	4.9312	10.4678	28.7084	39.1761
1184361	1	2015	Natural Stand	L 	13	5663	6.6	4.7	5.4881	1.054	2.377	1.4187	3.7958	6.5422	10.3379
1184361	1	2015	Natural Stand	L 	13	5664	5.3	3.6	3.1612	0.6444	1.743	0.8982	2.6412	3.8056	6.4468
1184381	1	2015	Natural Stand	L 	13	5705	3.2	3.8	0.8888	0.2078	0.8539	0.3139	1.1677	1.0967	2.2644
1190971	1	2009	Natural Stand	L 	13	5706	5.3	4.19	3.1612	0.6444	1.743	0.8982	2.6412	3.8056	6.4468
1190971	1	2009	Natural Stand	L 	13	5707	3.2	3.77	0.8888	0.2078	0.8539	0.3139	1.1677	1.0967	2.2644
1190971	1	2009	Natural Stand	L 	13	5708	2.8	3.35	0.6353	0.154	0.7069	0.2376	0.9445	0.7893	1.7339
1190971	1	2019	Natural Stand	L 	13	5709	10.1	7.9	15.9987	2.7371	4.3388	3.4431	7.7819	18.7358	26.5177
1190971	1	2019	Natural Stand	L 	13	5710	8.4	7.1	10.0648	1.8103	3.3432	2.345	5.6883	11.8751	17.5634
1190971	1	2019	Natural Stand	L 	13	5711	4.8	6	2.464	0.516	1.5151	0.7306	2.2457	2.98	5.2257
1191041	1	2008	Natural Stand	L 	13	5712	25.1	18.97	157.8621	21.0872	15.7223	22.9522	38.6745	178.9493	217.6239
1191041	1	2008	Natural Stand	L 	13	5713	23.8	17.81	138.1009	18.7161	14.5831	20.5444	35.1275	156.817	191.9445
1191041	1	2008	Natural Stand	L 	13	5714	15	16.72	43.2549	6.6458	7.5911	7.8506	15.4416	49.9007	65.3423
1191041	1	2008	Natural Stand	L 	13	5715	23.3	15	130.9207	17.8457	14.1517	19.6552	33.8069	148.7664	182.5733
1191041	1	2008	Natural Stand	L 	13	5716	14.9	14.93	42.5334	6.5468	7.5196	7.7419	15.2615	49.0802	64.3417
1191041	1	2008	Natural Stand	L 	13	5717	23.2	14.87	129.5123	17.6744	14.0659	19.4798	33.5457	147.1867	180.7324
1191041	1	2008	Natural Stand	L 	13	5718	14.9	14.35	42.5334	6.5468	7.5196	7.7419	15.2615	49.0802	64.3417
1191041	1	2008	Natural Stand	L 	13	5719	18.4	14.23	72.3029	10.5088	10.1342	12.0171	22.1513	82.8117	104.9629
1191041	1	2008	Natural Stand	L 	13	5720	15.3	13.5	45.4634	6.9476	7.8067	8.1813	15.988	52.411	68.399
1191041	1	2008	Natural Stand	L 	13	5721	15.5	13.46	46.9727	7.153	7.9514	8.4058	16.3572	54.1257	70.4828
1191041	1	2008	Natural Stand	L 	13	5722	13.1	12.33	30.7695	4.9048	6.2678	5.9201	12.1878	35.6743	47.8621
1191041	1	2008	Natural Stand	L 	13	5723	14.7	12.19	41.1123	6.3514	7.3772	7.5269	14.9042	47.4636	62.3678
1191041	1	2008	Natural Stand	L 	13	5724	8.1	9.56	9.1851	1.6685	3.1756	2.1739	5.3495	10.8537	16.2032
1191041	1	2008	Natural Stand	L 	13	5725	9.1	8.93	12.3089	2.1663	3.7439	2.7707	6.5147	14.4752	20.9899
1191041	1	2008	Natural Stand	L 	13	5726	7	6.35	6.3634	1.2027	2.5833	1.6038	4.1871	7.5661	11.7532
1191041	1	2008	Natural Stand	L 	13	5727	5.1	6.29	2.8698	0.5912	1.6507	0.829	2.4797	3.4609	5.9406
1191041	1	2008	Natural Stand	L 	13	5728	5	4.57	2.7303	0.5655	1.6051	0.7955	2.4006	3.2958	5.6964
1191041	1	2019	Natural Stand	L 	13	5879	26.4	20.6	179.2362	23.616	16.8862	25.4991	42.3853	202.8522	245.2376
1191041	1	2019	Natural Stand	L 	13	5880	24.8	18.8	153.1602	20.5261	15.4572	22.3843	37.8414	173.6864	211.5278
1191041	1	2019	Natural Stand	L 	13	5881	16	17.6	50.8767	7.6809	8.3166	8.9807	17.2973	58.5576	75.8549
1191041	1	2019	Natural Stand	L 	13	5882	24.6	16.5	150.0731	20.1567	15.2812	22.0097	37.2909	170.2298	207.5207
1191041	1	2019	Natural Stand	L 	13	5883	23.3	16.3	130.9207	17.8457	14.1517	19.6552	33.8069	148.7664	182.5733
1191041	1	2019	Natural Stand	L 	13	5884	15.9	16.1	50.0809	7.5736	8.2431	8.8641	17.1073	57.6545	74.7618
1191041	1	2019	Natural Stand	L 	13	5885	18.9	15.8	77.3458	11.1601	10.5258	12.7076	23.2334	88.5059	111.7394
1191041	1	2019	Natural Stand	L 	13	5886	15.8	15.5	49.2926	7.4672	8.1699	8.7484	16.9183	56.7598	73.6781
1191041	1	2019	Natural Stand	L 	13	5887	16.1	15.1	51.6801	7.789	8.3902	9.0981	17.4882	59.4691	76.9573
1191041	1	2019	Natural Stand	L 	13	5888	15.8	14.1	49.2926	7.4672	8.1699	8.7484	16.9183	56.7598	73.6781
1191041	1	2019	Natural Stand	L 	13	5889	15.2	13.8	44.7199	6.8462	7.7346	8.0703	15.8049	51.566	67.3709
1191041	1	2019	Natural Stand	L 	13	5890	13.6	13.4	33.8087	5.3346	6.6088	6.4007	13.0095	39.1434	52.1528
1191041	1	2019	Natural Stand	L 	13	5891	8.2	9.8	9.473	1.7151	3.2312	2.2302	5.4614	11.188	16.6494
1191041	1	2019	Natural Stand	L 	13	5892	9.3	9.7	13.0006	2.2746	3.8608	2.8991	6.76	15.2752	22.0351
1191041	1	2019	Natural Stand	L 	13	5893	5.2	5.8	3.0134	0.6175	1.6967	0.8632	2.5599	3.6308	6.1907
1191041	1	2019	Natural Stand	L 	13	5894	5.6	5.1	3.6307	0.7291	1.8842	1.0074	2.8915	4.3598	7.2513
1191041	1	2019	Natural Stand	L 	13	5895	6.8	1.4	5.916	1.127	2.4796	1.5098	3.9893	7.043	11.0323
1191151	1	2005	Natural Stand	L 	13	6037	17.2	11.73	61.0242	9.0335	9.2122	10.4415	19.6537	70.0577	89.7114
1191151	1	2005	Natural Stand	L 	13	6038	15.5	10.33	46.9727	7.153	7.9514	8.4058	16.3572	54.1257	70.4828
1191151	1	2005	Natural Stand	L 	13	6039	14.4	9.89	39.0349	6.0643	7.1652	7.2104	14.3756	45.0992	59.4747
1191151	1	2005	Natural Stand	L 	13	6040	12.7	8.52	28.4612	4.5752	5.9988	5.5496	11.5484	33.0365	44.5849
1191151	1	2005	Natural Stand	L 	13	6041	10.3	6.7	16.8074	2.8601	4.4608	3.5867	8.0475	19.6675	27.715
1191151	1	2005	Natural Stand	L 	13	6042	6.4	5.24	5.0795	0.9837	2.2758	1.3306	3.6064	6.0632	9.6696
1191151	1	2010	Natural Stand	L 	13	6049	18.2	14.1	70.3428	10.2543	9.9788	11.7465	21.7252	80.5971	102.3224
1191151	1	2010	Natural Stand	L 	13	6050	15.6	11.6	47.7385	7.2569	8.024	8.5192	16.5432	54.9954	71.5386
1191151	1	2010	Natural Stand	L 	13	6051	13.7	11.32	34.4373	5.423	6.6776	6.4992	13.1768	39.8604	53.0371
1191151	1	2010	Natural Stand	L 	13	6052	14.5	10.3	39.7201	6.1592	7.2357	7.3151	14.5508	45.8793	60.4301
1191151	1	2010	Natural Stand	L 	13	6053	13.4	8.8	32.5723	5.1603	6.4717	6.2061	12.6778	37.7326	50.4105
1191151	1	2010	Natural Stand	L 	13	6054	11.1	6.9	20.2858	3.3826	4.9586	4.1917	9.1503	23.6684	32.8187
1191151	1	2010	Natural Stand	L 	13	6055	7.2	5.7	6.8305	1.2812	2.6883	1.7007	4.3891	8.1117	12.5007
1191151	1	2021	Natural Stand	L 	13	6062	12.5	12.3	27.3475	4.4152	5.8657	5.369	11.2347	31.7627	42.9974
1191151	1	2021	Natural Stand	L 	13	6063	15.7	12	48.5118	7.3616	8.0969	8.6334	16.7303	55.8734	72.6037
1191151	1	2021	Natural Stand	L 	13	6064	15.8	11.92	49.2926	7.4672	8.1699	8.7484	16.9183	56.7598	73.6781
1191151	1	2021	Natural Stand	L 	13	6065	14.4	9.5	39.0349	6.0643	7.1652	7.2104	14.3756	45.0992	59.4747
1191151	1	2021	Natural Stand	L 	13	6066	12	9.1	24.6794	4.0289	5.5366	4.9312	10.4678	28.7084	39.1761
1191151	1	2021	Natural Stand	L 	13	6067	9.8	8.3	14.8305	2.5581	4.1577	3.2334	7.3911	17.3885	24.7796
1191166	1	2005	Natural Stand	L 	13	6072	10.3	9.73	16.8074	2.8601	4.4608	3.5867	8.0475	19.6675	27.715
1191166	1	2005	Natural Stand	L 	13	6073	8.4	9.13	10.0648	1.8103	3.3432	2.345	5.6883	11.8751	17.5634
1191166	1	2005	Natural Stand	L 	13	6074	8.5	8.86	10.3688	1.859	3.3997	2.4036	5.8032	12.2278	18.0311
1191166	1	2005	Natural Stand	L 	13	6075	9.1	8.06	12.3089	2.1663	3.7439	2.7707	6.5147	14.4752	20.9899
1191166	1	2005	Natural Stand	L 	13	6076	5.3	7.26	3.1612	0.6444	1.743	0.8982	2.6412	3.8056	6.4468
1191166	1	2005	Natural Stand	L 	13	6077	4.3	5.78	1.8685	0.4032	1.2968	0.5809	1.8777	2.2717	4.1494
1191166	1	2014	Natural Stand	L 	13	6080	13.1	11.8	30.7695	4.9048	6.2678	5.9201	12.1878	35.6743	47.8621
1191166	1	2014	Natural Stand	L 	13	6081	10.1	10.9	15.9987	2.7371	4.3388	3.4431	7.7819	18.7358	26.5177
1191166	1	2014	Natural Stand	L 	13	6082	6.6	9.4	5.4881	1.054	2.377	1.4187	3.7958	6.5422	10.3379
1191166	1	2014	Natural Stand	L 	13	6083	10.1	8.7	15.9987	2.7371	4.3388	3.4431	7.7819	18.7358	26.5177
1191166	1	2014	Natural Stand	L 	13	6084	4.9	6.1	2.5951	0.5404	1.5599	0.7627	2.3226	3.1355	5.4581
1191171	1	2009	Natural Stand	L 	13	6085	17.5	15.5	63.7362	9.3908	9.4403	10.8246	20.2649	73.127	93.3919
1191171	1	2009	Natural Stand	L 	13	6086	18.1	14.1	69.375	10.1284	9.9013	11.6124	21.5137	79.5033	101.017
1191171	1	2009	Natural Stand	L 	13	6087	18	14	68.4151	10.0033	9.824	11.4791	21.3031	78.4184	99.7215
1191171	1	2009	Natural Stand	L 	13	6088	17.6	12.8	64.656	9.5116	9.5167	10.9539	20.4706	74.1676	94.6382
1191171	1	2009	Natural Stand	L 	13	6089	12.3	11.4	26.2605	4.2583	5.7334	5.1916	10.9249	30.5188	41.4438
1191171	1	2009	Natural Stand	L 	13	6090	4	4.39	1.5578	0.3428	1.1707	0.4997	1.6704	1.9006	3.571
1191171	1	2009	Natural Stand	L 	13	6091	5	3.6	2.7303	0.5655	1.6051	0.7955	2.4006	3.2958	5.6964
1191171	1	2009	Natural Stand	L 	13	6092	3.3	3.24	0.9603	0.2227	0.8918	0.3346	1.2265	1.183	2.4095
1191171	1	2019	Natural Stand	L 	13	6114	20.6	19.3	96.0506	13.5383	11.8894	15.2059	27.0953	109.5889	136.6843
1191171	1	2019	Natural Stand	L 	13	6115	17.6	18.9	64.656	9.5116	9.5167	10.9539	20.4706	74.1676	94.6382
1191171	1	2019	Natural Stand	L 	13	6116	18.7	18.4	75.3041	10.897	10.3687	12.429	22.7976	86.201	108.9987
1191171	1	2019	Natural Stand	L 	13	6117	19.9	17.4	88.053	12.5282	11.3221	14.149	25.471	100.5812	126.0522
1191171	1	2019	Natural Stand	L 	13	6118	21.3	17.1	104.4707	14.592	12.4648	16.3025	28.7673	119.0627	147.83
1191171	1	2019	Natural Stand	L 	13	6119	20.2	15.8	91.4293	12.9558	11.5642	14.5971	26.1613	104.3851	130.5464
1191171	1	2019	Natural Stand	L 	13	6120	13.4	13.2	32.5723	5.1603	6.4717	6.2061	12.6778	37.7326	50.4105
1191171	1	2019	Natural Stand	L 	13	6121	10.7	11.8	18.4974	3.1153	4.7078	3.8831	8.5909	21.6126	30.2035
1191171	1	2019	Natural Stand	L 	13	6122	5.8	4.2	3.9656	0.7888	1.98	1.0838	3.0638	4.7544	7.8183
1191171	1	2019	Natural Stand	L 	13	6123	4.1	4	1.6576	0.3623	1.2123	0.526	1.7384	2.02	3.7583
1191171	1	2019	Natural Stand	L 	13	6124	3.6	3.5	1.1952	0.2707	1.0086	0.4012	1.4098	1.4659	2.8757
1191171	1	2019	Natural Stand	L 	13	6125	3.7	3	1.2805	0.2878	1.0485	0.4247	1.4732	1.5683	3.0415
1191211	1	2006	Natural Stand	L 	13	6135	16.6	15.88	55.8116	8.342	8.761	9.6968	18.4578	64.1536	82.6114
1191211	1	2006	Natural Stand	L 	13	6136	17.6	15.68	64.656	9.5116	9.5167	10.9539	20.4706	74.1676	94.6382
1191211	1	2006	Natural Stand	L 	13	6137	17	14.41	59.2554	8.7996	9.0611	10.1901	19.2512	68.0551	87.3063
1191211	1	2006	Natural Stand	L 	13	6138	15.7	12.61	48.5118	7.3616	8.0969	8.6334	16.7303	55.8734	72.6037
1191211	1	2006	Natural Stand	L 	13	6139	10.7	9.11	18.4974	3.1153	4.7078	3.8831	8.5909	21.6126	30.2035
1191211	1	2006	Natural Stand	L 	13	6140	5	5.26	2.7303	0.5655	1.6051	0.7955	2.4006	3.2958	5.6964
1191211	1	2008	Natural Stand	L 	13	6256	17	16.4	59.2554	8.7996	9.0611	10.1901	19.2512	68.0551	87.3063
1191211	1	2008	Natural Stand	L 	13	6257	18.1	16.4	69.375	10.1284	9.9013	11.6124	21.5137	79.5033	101.017
1191211	1	2008	Natural Stand	L 	13	6258	17.2	15.3	61.0242	9.0335	9.2122	10.4415	19.6537	70.0577	89.7114
1191211	1	2008	Natural Stand	L 	13	6259	14.3	14.7	38.3568	5.9703	7.0949	7.1064	14.2013	44.327	58.5284
1191211	1	2008	Natural Stand	L 	13	6260	12.4	11.4	26.8007	4.3364	5.7994	5.2799	11.0793	31.1371	42.2164
1191211	1	2008	Natural Stand	L 	13	6261	8.6	9.6	10.6783	1.9084	3.4564	2.4629	5.9193	12.5867	18.506
1191211	1	2008	Natural Stand	L 	13	6262	11	9.5	19.8294	3.3146	4.8955	4.1134	9.0089	23.144	32.1529
1191211	1	2008	Natural Stand	L 	13	6263	8	8.6	8.9026	1.6227	3.1203	2.1183	5.2386	10.5253	15.764
1191211	1	2008	Natural Stand	L 	13	6264	5.7	8.4	3.7959	0.7587	1.9319	1.0452	2.9772	4.5546	7.5317
1191211	1	2008	Natural Stand	L 	13	6265	5.1	5.5	2.8698	0.5912	1.6507	0.829	2.4797	3.4609	5.9406
1191211	1	2008	Natural Stand	L 	13	6266	2.6	2.9	0.5273	0.1304	0.6366	0.2036	0.8402	0.6577	1.4979
1191211	1	2008	Natural Stand	L 	13	6267	2.9	2.8	0.6939	0.1666	0.7429	0.2556	0.9985	0.8606	1.8591
1191211	1	2008	Natural Stand	L 	13	6268	2.7	1.69	0.5798	0.142	0.6715	0.2203	0.8918	0.7218	1.6135
1191211	1	2008	Natural Stand	L 	13	6269	3.8	1.42	1.3693	0.3056	1.0888	0.449	1.5378	1.6749	3.2127
1191211	1	2018	Natural Stand	L 	13	6374	20.1	18	90.2954	12.8124	11.4833	14.4469	25.9302	103.1078	129.038
1191211	1	2018	Natural Stand	L 	13	6375	18.1	17.3	69.375	10.1284	9.9013	11.6124	21.5137	79.5033	101.017
1191211	1	2018	Natural Stand	L 	13	6376	18.1	17.2	69.375	10.1284	9.9013	11.6124	21.5137	79.5033	101.017
1191211	1	2018	Natural Stand	L 	13	6377	14.8	15.4	41.8192	6.4487	7.4483	7.634	15.0823	48.2679	63.3502
1191211	1	2018	Natural Stand	L 	13	6378	15.9	15.3	50.0809	7.5736	8.2431	8.8641	17.1073	57.6545	74.7618
1191211	1	2018	Natural Stand	L 	13	6379	16.4	14.8	54.136	8.1183	8.6121	9.4549	18.0671	62.2543	80.3214
1191211	1	2018	Natural Stand	L 	13	6380	12.9	11.5	29.6018	4.7384	6.1329	5.7333	11.8662	34.3402	46.2064
1191211	1	2018	Natural Stand	L 	13	6381	11.9	10.5	24.1655	3.954	5.4715	4.8459	10.3174	28.1195	38.4369
1191211	1	2018	Natural Stand	L 	13	6382	8.3	9.5	9.7662	1.7623	3.2871	2.2872	5.5743	11.5285	17.1028
1191211	1	2018	Natural Stand	L 	13	6383	5.4	5.6	3.3134	0.672	1.7897	0.9339	2.7236	3.9854	6.7089
1191211	1	2018	Natural Stand	L 	13	6384	2.8	3.17	0.6353	0.154	0.7069	0.2376	0.9445	0.7893	1.7339
1191211	1	2018	Natural Stand	L 	13	6385	3.2	2.9	0.8888	0.2078	0.8539	0.3139	1.1677	1.0967	2.2644
1191211	1	2018	Natural Stand	L 	13	6386	2.7	2.6	0.5798	0.142	0.6715	0.2203	0.8918	0.7218	1.6135
1191226	1	2003	Natural Stand	L 	13	6487	22.1	20.49	114.6203	15.85	13.132	17.6045	30.7365	130.4703	161.2068
1191226	1	2003	Natural Stand	L 	13	6488	14.5	11.63	39.7201	6.1592	7.2357	7.3151	14.5508	45.8793	60.4301
1191226	1	2015	Natural Stand	L 	13	6490	23.1	23.6	128.1131	17.504	13.9802	19.3053	33.2855	145.617	178.9025
1191226	1	2015	Natural Stand	L 	13	6491	14.5	13	39.7201	6.1592	7.2357	7.3151	14.5508	45.8793	60.4301
1197901	1	2006	Natural Stand	L 	13	6492	19.2	15.47	80.4704	11.5613	10.7629	13.1316	23.8945	92.0317	115.9262
1197901	1	2006	Natural Stand	L 	13	6493	10.9	11.06	19.3792	3.2474	4.8327	4.0359	8.8686	22.6265	31.4951
1197901	1	2006	Natural Stand	L 	13	6494	11.2	10.6	20.7485	3.4513	5.0219	4.2708	9.2927	24.1998	33.4925
1197901	1	2006	Natural Stand	L 	13	6495	10.1	7.6	15.9987	2.7371	4.3388	3.4431	7.7819	18.7358	26.5177
1197901	1	2006	Natural Stand	L 	13	6496	10.2	7.12	16.4001	2.7982	4.3997	3.5145	7.9142	19.1983	27.1125
1197901	1	2006	Natural Stand	L 	13	6497	6.5	6.67	5.2814	1.0185	2.3263	1.3743	3.7006	6.3	10.0005
1197901	1	2006	Natural Stand	L 	13	6498	9.7	6.38	14.4528	2.4999	4.0978	3.165	7.2628	16.9527	24.2155
1197901	1	2006	Natural Stand	L 	13	6499	5	5.33	2.7303	0.5655	1.6051	0.7955	2.4006	3.2958	5.6964
1197901	1	2006	Natural Stand	L 	13	6500	5.7	4.77	3.7959	0.7587	1.9319	1.0452	2.9772	4.5546	7.5317
1197901	1	2006	Natural Stand	L 	13	6501	6.7	4.12	5.6997	1.0902	2.4281	1.4639	3.892	6.7898	10.6818
1197901	1	2007	Natural Stand	L 	13	6577	19.2	15.67	80.4704	11.5613	10.7629	13.1316	23.8945	92.0317	115.9262
1197901	1	2007	Natural Stand	L 	13	6578	10.9	11.12	19.3792	3.2474	4.8327	4.0359	8.8686	22.6265	31.4951
1197901	1	2007	Natural Stand	L 	13	6579	11.2	10.65	20.7485	3.4513	5.0219	4.2708	9.2927	24.1998	33.4925
1197901	1	2007	Natural Stand	L 	13	6580	10.1	7.58	15.9987	2.7371	4.3388	3.4431	7.7819	18.7358	26.5177
1197901	1	2007	Natural Stand	L 	13	6581	10.3	7.2	16.8074	2.8601	4.4608	3.5867	8.0475	19.6675	27.715
1197901	1	2007	Natural Stand	L 	13	6582	6.5	6.73	5.2814	1.0185	2.3263	1.3743	3.7006	6.3	10.0005
1197901	1	2007	Natural Stand	L 	13	6583	9.7	6.45	14.4528	2.4999	4.0978	3.165	7.2628	16.9527	24.2155
1197901	1	2007	Natural Stand	L 	13	6584	5	5.37	2.7303	0.5655	1.6051	0.7955	2.4006	3.2958	5.6964
1197901	1	2007	Natural Stand	L 	13	6585	5.8	4.72	3.9656	0.7888	1.98	1.0838	3.0638	4.7544	7.8183
1197901	1	2007	Natural Stand	L 	13	6586	6.6	4.21	5.4881	1.054	2.377	1.4187	3.7958	6.5422	10.3379
1197901	1	2014	Natural Stand	L 	13	6662	19.7	17.1	85.8445	12.2476	11.1615	13.8542	25.0157	98.0921	123.1078
1197901	1	2014	Natural Stand	L 	13	6663	15.7	10.4	48.5118	7.3616	8.0969	8.6334	16.7303	55.8734	72.6037
1197901	1	2014	Natural Stand	L 	13	6664	11.7	9.4	23.1572	3.8065	5.3419	4.6778	10.0196	26.9637	36.9833
1197901	1	2014	Natural Stand	L 	13	6665	12.4	8.6	26.8007	4.3364	5.7994	5.2799	11.0793	31.1371	42.2164
1197901	1	2014	Natural Stand	L 	13	6666	11.2	8.4	20.7485	3.4513	5.0219	4.2708	9.2927	24.1998	33.4925
1197901	1	2014	Natural Stand	L 	13	6667	10.3	7.1	16.8074	2.8601	4.4608	3.5867	8.0475	19.6675	27.715
1197901	1	2014	Natural Stand	L 	13	6668	8.4	6.8	10.0648	1.8103	3.3432	2.345	5.6883	11.8751	17.5634
1197901	1	2014	Natural Stand	L 	13	6669	7.8	6.3	8.3535	1.5331	3.0106	2.0095	5.02	9.8866	14.9066
1197901	1	2014	Natural Stand	L 	13	6670	9	5.9	11.9716	2.1133	3.6859	2.7076	6.3935	14.0849	20.4784
1197901	1	2014	Natural Stand	L 	13	6671	5	3.6	2.7303	0.5655	1.6051	0.7955	2.4006	3.2958	5.6964
1197901	1	2014	Natural Stand	L 	13	6672	2.8	3.2	0.6353	0.154	0.7069	0.2376	0.9445	0.7893	1.7339
1197951	1	2005	Natural Stand	L 	13	6733	16.4	10.74	54.136	8.1183	8.6121	9.4549	18.0671	62.2543	80.3214
1197951	1	2005	Natural Stand	L 	13	6734	11.4	8.8	21.6929	3.5911	5.1492	4.4313	9.5805	25.2839	34.8644
1197951	1	2005	Natural Stand	L 	13	6735	11.7	8.73	23.1572	3.8065	5.3419	4.6778	10.0196	26.9637	36.9833
1197951	1	2005	Natural Stand	L 	13	6736	10.5	7.94	17.6402	2.9862	4.5838	3.7334	8.3172	20.6264	28.9435
1197951	1	2005	Natural Stand	L 	13	6737	8.1	6.29	9.1851	1.6685	3.1756	2.1739	5.3495	10.8537	16.2032
1197951	1	2005	Natural Stand	L 	13	6738	6.1	5.47	4.5018	0.8833	2.1264	1.2039	3.3303	5.3851	8.7154
1197951	1	2017	Natural Stand	L 	13	6880	17	11.8	59.2554	8.7996	9.0611	10.1901	19.2512	68.0551	87.3063
1197951	1	2017	Natural Stand	L 	13	6881	12.6	9.22	27.901	4.4948	5.9321	5.4589	11.3911	32.3958	43.7869
1197951	1	2017	Natural Stand	L 	13	6882	12.3	9.2	26.2605	4.2583	5.7334	5.1916	10.9249	30.5188	41.4438
1197951	1	2017	Natural Stand	L 	13	6883	11.5	8.8	22.1746	3.6621	5.2132	4.5127	9.7258	25.8367	35.5625
1197951	1	2017	Natural Stand	L 	13	6884	9.5	7	13.7151	2.3858	3.9788	3.0306	7.0094	16.1009	23.1103
1197951	1	2017	Natural Stand	L 	13	6885	7.2	6.5	6.8305	1.2812	2.6883	1.7007	4.3891	8.1117	12.5007
1197951	1	2017	Natural Stand	L 	13	6886	6.7	6.3	5.6997	1.0902	2.4281	1.4639	3.892	6.7898	10.6818
1197951	1	2017	Natural Stand	L 	13	6887	4	6.1	1.5578	0.3428	1.1707	0.4997	1.6704	1.9006	3.571
1197951	1	2017	Natural Stand	L 	13	6888	5.7	5.9	3.7959	0.7587	1.9319	1.0452	2.9772	4.5546	7.5317
1197951	1	2017	Natural Stand	L 	13	6889	4.5	4.3	2.0948	0.4465	1.3829	0.6387	2.0216	2.5413	4.5629
1197951	1	2017	Natural Stand	L 	13	6890	4.3	4.25	1.8685	0.4032	1.2968	0.5809	1.8777	2.2717	4.1494
1197951	1	2017	Natural Stand	L 	13	6891	4.2	3.72	1.7612	0.3825	1.2543	0.5531	1.8075	2.1436	3.9511
1197951	1	2017	Natural Stand	L 	13	6892	3.5	3.5	1.1135	0.2541	0.9692	0.3783	1.3475	1.3676	2.7151
1197951	1	2017	Natural Stand	L 	13	6893	3.2	3.3	0.8888	0.2078	0.8539	0.3139	1.1677	1.0967	2.2644
1197951	1	2017	Natural Stand	L 	13	6894	3.4	3.1	1.0352	0.2381	0.9303	0.3561	1.2864	1.2733	2.5597
1198036	1	2005	Natural Stand	L 	13	7066	12.9	12.26	29.6018	4.7384	6.1329	5.7333	11.8662	34.3402	46.2064
1198036	1	2005	Natural Stand	L 	13	7067	12.1	12.04	25.1999	4.1046	5.602	5.0172	10.6192	29.3045	39.9237
1198036	1	2005	Natural Stand	L 	13	7068	12.6	11.33	27.901	4.4948	5.9321	5.4589	11.3911	32.3958	43.7869
1198036	1	2005	Natural Stand	L 	13	7069	12.7	11.23	28.4612	4.5752	5.9988	5.5496	11.5484	33.0365	44.5849
1198036	1	2005	Natural Stand	L 	13	7070	7	8.17	6.3634	1.2027	2.5833	1.6038	4.1871	7.5661	11.7532
1198036	1	2005	Natural Stand	L 	13	7071	6.5	8.15	5.2814	1.0185	2.3263	1.3743	3.7006	6.3	10.0005
1198036	1	2009	Natural Stand	L 	13	7132	13.1	12.9	30.7695	4.9048	6.2678	5.9201	12.1878	35.6743	47.8621
1198036	1	2009	Natural Stand	L 	13	7133	12.4	12.3	26.8007	4.3364	5.7994	5.2799	11.0793	31.1371	42.2164
1198036	1	2009	Natural Stand	L 	13	7134	13.2	11.5	31.3636	4.9892	6.3356	6.0146	12.3502	36.3527	48.7029
1198036	1	2009	Natural Stand	L 	13	7135	13.1	11.4	30.7695	4.9048	6.2678	5.9201	12.1878	35.6743	47.8621
1198036	1	2009	Natural Stand	L 	13	7136	13.5	11.3	33.1871	5.2471	6.5402	6.303	12.8432	38.4341	51.2773
1198036	1	2009	Natural Stand	L 	13	7137	9.7	10.3	14.4528	2.4999	4.0978	3.165	7.2628	16.9527	24.2155
1198036	1	2009	Natural Stand	L 	13	7138	10.1	10.2	15.9987	2.7371	4.3388	3.4431	7.7819	18.7358	26.5177
1198036	1	2009	Natural Stand	L 	13	7139	6.6	8.1	5.4881	1.054	2.377	1.4187	3.7958	6.5422	10.3379
1198036	1	2009	Natural Stand	L 	13	7140	5.9	6.7	4.1398	0.8197	2.0285	1.1231	3.1516	4.9595	8.1111
1198036	1	2019	Natural Stand	L 	13	7198	14.2	14.8	37.6858	5.877	7.0249	7.0032	14.0281	43.5629	57.591
1198036	1	2019	Natural Stand	L 	13	7199	11.2	13	20.7485	3.4513	5.0219	4.2708	9.2927	24.1998	33.4925
1198036	1	2019	Natural Stand	L 	13	7200	12.4	13	26.8007	4.3364	5.7994	5.2799	11.0793	31.1371	42.2164
1198036	1	2019	Natural Stand	L 	13	7201	14.3	12.9	38.3568	5.9703	7.0949	7.1064	14.2013	44.327	58.5284
1198036	1	2019	Natural Stand	L 	13	7202	13.3	12.7	31.9645	5.0743	6.4035	6.11	12.5135	37.0388	49.5524
1198036	1	2019	Natural Stand	L 	13	7203	14.3	12.5	38.3568	5.9703	7.0949	7.1064	14.2013	44.327	58.5284
1198036	1	2019	Natural Stand	L 	13	7204	13.2	12	31.3636	4.9892	6.3356	6.0146	12.3502	36.3527	48.7029
1198036	1	2019	Natural Stand	L 	13	7205	10.5	11.6	17.6402	2.9862	4.5838	3.7334	8.3172	20.6264	28.9435
1198036	1	2019	Natural Stand	L 	13	7206	7	8.8	6.3634	1.2027	2.5833	1.6038	4.1871	7.5661	11.7532
1198036	1	2019	Natural Stand	L 	13	7207	6.2	7.3	4.6897	0.9161	2.1759	1.2454	3.4213	5.6058	9.0271
1198036	1	2019	Natural Stand	L 	13	7208	7.2	6.44	6.8305	1.2812	2.6883	1.7007	4.3891	8.1117	12.5007
1198036	1	2019	Natural Stand	L 	13	7209	7.2	6.4	6.8305	1.2812	2.6883	1.7007	4.3891	8.1117	12.5007
1198036	1	2019	Natural Stand	L 	13	7210	6.9	6.3	6.1372	1.1645	2.5313	1.5564	4.0877	7.3017	11.3894
1198036	1	2019	Natural Stand	L 	13	7211	5.3	4.1	3.1612	0.6444	1.743	0.8982	2.6412	3.8056	6.4468
1198046	1	2005	Natural Stand	L 	13	7268	16.2	12.78	52.4911	7.8979	8.464	9.2162	17.6802	60.389	78.0692
1198046	1	2005	Natural Stand	L 	13	7269	11.5	10.1	22.1746	3.6621	5.2132	4.5127	9.7258	25.8367	35.5625
1198046	1	2005	Natural Stand	L 	13	7270	12.1	9.89	25.1999	4.1046	5.602	5.0172	10.6192	29.3045	39.9237
1198046	1	2005	Natural Stand	L 	13	7271	9	7.22	11.9716	2.1133	3.6859	2.7076	6.3935	14.0849	20.4784
1198046	1	2005	Natural Stand	L 	13	7272	9.1	7.15	12.3089	2.1663	3.7439	2.7707	6.5147	14.4752	20.9899
1198046	1	2005	Natural Stand	L 	13	7273	5	4.37	2.7303	0.5655	1.6051	0.7955	2.4006	3.2958	5.6964
1198046	1	2010	Natural Stand	L 	13	7311	18.1	14.7	69.375	10.1284	9.9013	11.6124	21.5137	79.5033	101.017
1198046	1	2010	Natural Stand	L 	13	7312	12.1	11.55	25.1999	4.1046	5.602	5.0172	10.6192	29.3045	39.9237
1198046	1	2010	Natural Stand	L 	13	7313	14	11.5	36.3652	5.693	6.8854	6.7992	13.6846	42.0583	55.7429
1198046	1	2010	Natural Stand	L 	13	7314	12.1	11	25.1999	4.1046	5.602	5.0172	10.6192	29.3045	39.9237
1198046	1	2010	Natural Stand	L 	13	7315	9.7	8.3	14.4528	2.4999	4.0978	3.165	7.2628	16.9527	24.2155
1198046	1	2010	Natural Stand	L 	13	7316	9.7	7.8	14.4528	2.4999	4.0978	3.165	7.2628	16.9527	24.2155
1198046	1	2010	Natural Stand	L 	13	7317	5.2	4.3	3.0134	0.6175	1.6967	0.8632	2.5599	3.6308	6.1907
1198046	1	2010	Natural Stand	L 	13	7318	5.3	4.06	3.1612	0.6444	1.743	0.8982	2.6412	3.8056	6.4468
1198046	1	2010	Natural Stand	L 	13	7319	4.2	3.9	1.7612	0.3825	1.2543	0.5531	1.8075	2.1436	3.9511
1198046	1	2021	Natural Stand	L 	13	7354	21.5	18.2	106.9551	14.9011	12.6306	16.6231	29.2538	121.8561	151.1099
1198046	1	2021	Natural Stand	L 	13	7355	13.3	14.45	31.9645	5.0743	6.4035	6.11	12.5135	37.0388	49.5524
1198046	1	2021	Natural Stand	L 	13	7356	16.1	14.3	51.6801	7.789	8.3902	9.0981	17.4882	59.4691	76.9573
1198046	1	2021	Natural Stand	L 	13	7357	12.4	13.2	26.8007	4.3364	5.7994	5.2799	11.0793	31.1371	42.2164
1198046	1	2021	Natural Stand	L 	13	7358	11.9	11.3	24.1655	3.954	5.4715	4.8459	10.3174	28.1195	38.4369
1198046	1	2021	Natural Stand	L 	13	7359	11.4	9.9	21.6929	3.5911	5.1492	4.4313	9.5805	25.2839	34.8644
1198046	1	2021	Natural Stand	L 	13	7360	8.4	9.1	10.0648	1.8103	3.3432	2.345	5.6883	11.8751	17.5634
1198046	1	2021	Natural Stand	L 	13	7361	6.7	7.6	5.6997	1.0902	2.4281	1.4639	3.892	6.7898	10.6818
1198046	1	2021	Natural Stand	L 	13	7362	5.2	4.7	3.0134	0.6175	1.6967	0.8632	2.5599	3.6308	6.1907
1198051	1	2005	Natural Stand	L 	13	7378	24.7	18.79	151.6119	20.341	15.3691	22.1966	37.5657	171.9529	209.5186
1198051	1	2005	Natural Stand	L 	13	7379	24.2	16.63	144.0121	19.429	14.9309	21.2705	36.2014	163.4411	199.6425
1198051	1	2005	Natural Stand	L 	13	7380	26.9	16.43	187.8955	24.631	17.3403	26.5159	43.8561	212.5266	256.3827
1198051	1	2005	Natural Stand	L 	13	7381	19.7	15.68	85.8445	12.2476	11.1615	13.8542	25.0157	98.0921	123.1078
1198051	1	2005	Natural Stand	L 	13	7382	15.7	13.42	48.5118	7.3616	8.0969	8.6334	16.7303	55.8734	72.6037
1198051	1	2005	Natural Stand	L 	13	7383	6.4	5.18	5.0795	0.9837	2.2758	1.3306	3.6064	6.0632	9.6696
1198051	1	2014	Natural Stand	L 	13	7413	26.6	19.5	182.6704	24.0192	17.0674	25.9033	42.9707	206.6896	249.6603
1198051	1	2014	Natural Stand	L 	13	7414	29.1	17.5	228.9655	29.3804	19.3794	31.2357	50.6151	258.3459	308.961
1198051	1	2014	Natural Stand	L 	13	7415	25.6	17.3	165.8897	22.0411	16.1671	23.9153	40.0824	187.9308	228.0131
1198051	1	2014	Natural Stand	L 	13	7416	22	17	113.3206	15.6896	13.048	17.4389	30.487	129.0101	159.4971
1198051	1	2014	Natural Stand	L 	13	7417	17.3	13.4	61.9203	9.1518	9.2881	10.5684	19.8565	71.072	90.9285
1198051	1	2014	Natural Stand	L 	13	7418	8.9	8.2	11.6399	2.061	3.6281	2.6453	6.2734	13.7009	19.9743
1198051	1	2014	Natural Stand	L 	13	7419	6.1	5.5	4.5018	0.8833	2.1264	1.2039	3.3303	5.3851	8.7154
1198116	1	2003	Natural Stand	V 	13	7450	26.5	20	180.9484	23.8171	16.9767	25.7008	42.6775	204.7656	247.4431
1198116	1	2003	Natural Stand	L 	13	7451	18.4	16.76	72.3029	10.5088	10.1342	12.0171	22.1513	82.8117	104.9629
1198116	1	2003	Natural Stand	L 	13	7452	20.2	16.55	91.4293	12.9558	11.5642	14.5971	26.1613	104.3851	130.5464
1198116	1	2003	Natural Stand	L 	13	7453	20.4	16.03	93.7228	13.2453	11.7265	14.8999	26.6264	106.9681	133.5945
1198116	1	2003	Natural Stand	L 	13	7454	19.6	15.13	84.7529	12.1086	11.0814	13.7081	24.7895	96.8615	121.651
1198116	1	2003	Natural Stand	L 	13	7455	13.3	9.84	31.9645	5.0743	6.4035	6.11	12.5135	37.0388	49.5524
1198116	1	2003	Natural Stand	L 	13	7456	12.4	9.62	26.8007	4.3364	5.7994	5.2799	11.0793	31.1371	42.2164
1198116	1	2003	Natural Stand	L 	13	7457	5.1	5.12	2.8698	0.5912	1.6507	0.829	2.4797	3.4609	5.9406
1198116	1	2008	Natural Stand	L 	13	7667	26.8	21.3	186.144	24.4261	17.2492	26.3109	43.56	210.5701	254.1301
1198116	1	2008	Natural Stand	L 	13	7668	20.6	17.2	96.0506	13.5383	11.8894	15.2059	27.0953	109.5889	136.6843
1198116	1	2008	Natural Stand	L 	13	7669	18.6	16.9	74.2955	10.7667	10.2903	12.2909	22.5812	85.0622	107.6434
1198116	1	2008	Natural Stand	L 	13	7670	20.5	15.5	94.8824	13.3913	11.8078	15.0525	26.8603	108.2738	135.1341
1198116	1	2008	Natural Stand	L 	13	7671	13	10.7	30.1823	4.8212	6.2002	5.8263	12.0265	35.0035	47.03
1198116	1	2008	Natural Stand	V 	13	7672	13.8	10.3	35.073	5.5122	6.7467	6.5984	13.3451	40.5852	53.9302
1198116	1	2008	Natural Stand	L 	13	7673	11.1	8.4	20.2858	3.3826	4.9586	4.1917	9.1503	23.6684	32.8187
1198116	1	2008	Natural Stand	L 	13	7674	6.1	7.7	4.5018	0.8833	2.1264	1.2039	3.3303	5.3851	8.7154
1198116	1	2008	Natural Stand	L 	13	7675	6	5.8	4.3185	0.8512	2.0773	1.1631	3.2404	5.1697	8.4101
1198116	1	2008	Natural Stand	L 	13	7676	2.9	3.4	0.6939	0.1666	0.7429	0.2556	0.9985	0.8606	1.8591
1198116	1	2018	Natural Stand	V 	13	7889	27.2	21.3	193.2096	25.2514	17.6144	27.1358	44.7502	218.4611	263.2113
1198116	1	2018	Natural Stand	V 	13	7890	18.8	17.8	76.3208	11.0281	10.4472	12.5679	23.0151	87.3489	110.364
1198116	1	2018	Natural Stand	V 	13	7891	20.9	17.6	99.6071	13.9845	12.135	15.671	27.806	113.5916	141.3976
1198116	1	2018	Natural Stand	V 	13	7892	22.1	17.3	114.6203	15.85	13.132	17.6045	30.7365	130.4703	161.2068
1198116	1	2018	Natural Stand	L 	13	7893	14.7	14.6	41.1123	6.3514	7.3772	7.5269	14.9042	47.4636	62.3678
1198116	1	2018	Natural Stand	L 	13	7894	14.9	13.9	42.5334	6.5468	7.5196	7.7419	15.2615	49.0802	64.3417
1198116	1	2018	Natural Stand	L 	13	7895	14.8	13.9	41.8192	6.4487	7.4483	7.634	15.0823	48.2679	63.3502
1198116	1	2018	Natural Stand	L 	13	7896	15	12.7	43.2549	6.6458	7.5911	7.8506	15.4416	49.9007	65.3423
1198116	1	2018	Natural Stand	L 	13	7897	14	11.6	36.3652	5.693	6.8854	6.7992	13.6846	42.0583	55.7429
1198116	1	2018	Natural Stand	L 	13	7898	14.4	11.4	39.0349	6.0643	7.1652	7.2104	14.3756	45.0992	59.4747
1198116	1	2018	Natural Stand	L 	13	7899	7.5	8	7.5689	1.404	2.8481	1.8518	4.6999	8.9729	13.6728
1198116	1	2018	Natural Stand	L 	13	7900	6.7	7.8	5.6997	1.0902	2.4281	1.4639	3.892	6.7898	10.6818
1198116	1	2018	Natural Stand	L 	13	7901	5.4	5.7	3.3134	0.672	1.7897	0.9339	2.7236	3.9854	6.7089
1198116	1	2018	Natural Stand	L 	13	7902	2.8	4	0.6353	0.154	0.7069	0.2376	0.9445	0.7893	1.7339
1198116	1	2018	Natural Stand	L 	13	7903	2.9	3.6	0.6939	0.1666	0.7429	0.2556	0.9985	0.8606	1.8591
1198116	1	2018	Natural Stand	L 	13	7904	2.9	2.9	0.6939	0.1666	0.7429	0.2556	0.9985	0.8606	1.8591
1198121	1	2003	Natural Stand	L 	13	8123	17.8	16.94	66.5196	9.7557	9.67	11.2149	20.8849	76.2753	97.1602
1198121	1	2003	Natural Stand	L 	13	8124	18.1	16.65	69.375	10.1284	9.9013	11.6124	21.5137	79.5033	101.017
1198121	1	2003	Natural Stand	L 	13	8125	14.8	15.45	41.8192	6.4487	7.4483	7.634	15.0823	48.2679	63.3502
1198121	1	2013	Natural Stand	L 	13	8135	21	18.8	100.8099	14.135	12.2172	15.8277	28.0449	114.945	142.9899
1198121	1	2013	Natural Stand	L 	13	8136	18.9	18.2	77.3458	11.1601	10.5258	12.7076	23.2334	88.5059	111.7394
1198121	1	2013	Natural Stand	L 	13	8137	12.1	16.8	25.1999	4.1046	5.602	5.0172	10.6192	29.3045	39.9237
1198121	1	2013	Natural Stand	L 	13	8138	15.8	15.7	49.2926	7.4672	8.1699	8.7484	16.9183	56.7598	73.6781
1198121	1	2013	Natural Stand	L 	13	8139	7.8	6.7	8.3535	1.5331	3.0106	2.0095	5.02	9.8866	14.9066
1198121	1	2013	Natural Stand	L 	13	8140	5.1	4.9	2.8698	0.5912	1.6507	0.829	2.4797	3.4609	5.9406
1204741	1	2006	Natural Stand	L 	13	8149	21.4	18.8	105.7085	14.7461	12.5476	16.4624	29.0101	120.4546	149.4646
1204741	1	2006	Natural Stand	L 	13	8150	18.7	18.1	75.3041	10.897	10.3687	12.429	22.7976	86.201	108.9987
1204741	1	2006	Natural Stand	L 	13	8151	23.5	17	133.7651	18.1911	14.3238	20.0084	34.3322	151.9562	186.2884
1204741	1	2006	Natural Stand	L 	13	8152	11.8	12.57	23.6581	3.8799	5.4065	4.7615	10.168	27.538	37.706
1204741	1	2006	Natural Stand	L 	13	8153	5.2	4.92	3.0134	0.6175	1.6967	0.8632	2.5599	3.6308	6.1907
1204741	1	2009	Natural Stand	L 	13	8169	21.9	20.03	112.0297	15.5301	12.9642	17.2741	30.2384	127.5598	157.7982
1204741	1	2009	Natural Stand	L 	13	8170	21.8	17.62	110.7478	15.3715	12.8806	17.1102	29.9908	126.1192	156.11
1204741	1	2009	Natural Stand	L 	13	8171	24.2	17.24	144.0121	19.429	14.9309	21.2705	36.2014	163.4411	199.6425
1204741	1	2009	Natural Stand	L 	13	8172	23.6	16	135.2011	18.3652	14.4101	20.1863	34.5964	153.5663	188.1627
1204741	1	2009	Natural Stand	L 	13	8173	19.7	15.57	85.8445	12.2476	11.1615	13.8542	25.0157	98.0921	123.1078
1204741	1	2009	Natural Stand	L 	13	8174	16.1	15.1	51.6801	7.789	8.3902	9.0981	17.4882	59.4691	76.9573
1204741	1	2009	Natural Stand	L 	13	8175	19.1	14.78	79.4206	11.4267	10.6837	12.9894	23.6732	90.8473	114.5204
1204741	1	2009	Natural Stand	L 	13	8176	19.3	13.79	81.5285	11.6968	10.8423	13.2745	24.1168	93.2253	117.3421
1204741	1	2009	Natural Stand	L 	13	8177	19	13.58	78.3791	11.293	10.6047	12.8481	23.4528	89.672	113.1248
1204741	1	2009	Natural Stand	L 	13	8178	18.5	12.42	73.2951	10.6373	10.2122	12.1536	22.3657	83.9324	106.2982
1204741	1	2009	Natural Stand	L 	13	8179	11.9	12.21	24.1655	3.954	5.4715	4.8459	10.3174	28.1195	38.4369
1204741	1	2009	Natural Stand	L 	13	8180	3	3.06	0.7557	0.1798	0.7794	0.2744	1.0537	0.9355	1.9892
1204741	1	2019	Natural Stand	L 	13	8186	23.1	20.7	128.1131	17.504	13.9802	19.3053	33.2855	145.617	178.9025
1204741	1	2019	Natural Stand	L 	13	8187	20.8	19.4	98.4129	13.8349	12.053	15.5152	27.5682	112.2478	139.816
1204741	1	2019	Natural Stand	L 	13	8188	26.3	18.9	177.5338	23.4159	16.7958	25.2983	42.0941	200.9497	243.0437
1204741	1	2019	Natural Stand	L 	13	8189	23.3	17.8	130.9207	17.8457	14.1517	19.6552	33.8069	148.7664	182.5733
1204741	1	2019	Natural Stand	L 	13	8190	19.8	17.7	86.9445	12.3874	11.2417	14.0012	25.2429	99.332	124.5749
1204741	1	2019	Natural Stand	L 	13	8191	20.8	17.2	98.4129	13.8349	12.053	15.5152	27.5682	112.2478	139.816
1204741	1	2019	Natural Stand	L 	13	8192	25.1	16.5	157.8621	21.0872	15.7223	22.9522	38.6745	178.9493	217.6239
1204741	1	2019	Natural Stand	L 	13	8193	17.3	16.2	61.9203	9.1518	9.2881	10.5684	19.8565	71.072	90.9285
1204741	1	2019	Natural Stand	L 	13	8194	19.2	14.5	80.4704	11.5613	10.7629	13.1316	23.8945	92.0317	115.9262
1204741	1	2019	Natural Stand	L 	13	8195	20	14.2	89.1699	12.6699	11.4026	14.2975	25.7001	101.8398	127.5399
1204741	1	2019	Natural Stand	L 	13	8196	12.5	13.4	27.3475	4.4152	5.8657	5.369	11.2347	31.7627	42.9974
1204936	1	2005	Natural Stand	L 	13	8201	10.1	9.36	15.9987	2.7371	4.3388	3.4431	7.7819	18.7358	26.5177
1204936	1	2005	Natural Stand	L 	13	8202	9.3	8.82	13.0006	2.2746	3.8608	2.8991	6.76	15.2752	22.0351
1204936	1	2005	Natural Stand	L 	13	8203	9	8.32	11.9716	2.1133	3.6859	2.7076	6.3935	14.0849	20.4784
1204936	1	2005	Natural Stand	L 	13	8204	9.5	7.69	13.7151	2.3858	3.9788	3.0306	7.0094	16.1009	23.1103
1204936	1	2005	Natural Stand	L 	13	8205	6.4	6.36	5.0795	0.9837	2.2758	1.3306	3.6064	6.0632	9.6696
1204936	1	2005	Natural Stand	L 	13	8206	7	6.13	6.3634	1.2027	2.5833	1.6038	4.1871	7.5661	11.7532
1204936	1	2005	Natural Stand	L 	13	8207	5	4.9	2.7303	0.5655	1.6051	0.7955	2.4006	3.2958	5.6964
1204936	1	2014	Natural Stand	L 	13	8456	10.7	10.1	18.4974	3.1153	4.7078	3.8831	8.5909	21.6126	30.2035
1204936	1	2014	Natural Stand	L 	13	8457	9.3	9.1	13.0006	2.2746	3.8608	2.8991	6.76	15.2752	22.0351
1204936	1	2014	Natural Stand	L 	13	8458	10.7	8.8	18.4974	3.1153	4.7078	3.8831	8.5909	21.6126	30.2035
1204936	1	2014	Natural Stand	L 	13	8459	9.2	8.7	12.6519	2.2201	3.8023	2.8345	6.6368	14.872	21.5088
1204936	1	2014	Natural Stand	L 	13	8460	9.2	8.2	12.6519	2.2201	3.8023	2.8345	6.6368	14.872	21.5088
1204936	1	2014	Natural Stand	L 	13	8461	7.3	6.6	7.0716	1.3214	2.7413	1.7503	4.4916	8.393	12.8846
1204936	1	2014	Natural Stand	L 	13	8462	7	6.5	6.3634	1.2027	2.5833	1.6038	4.1871	7.5661	11.7532
1204936	1	2014	Natural Stand	L 	13	8463	5.3	5.3	3.1612	0.6444	1.743	0.8982	2.6412	3.8056	6.4468
1204936	1	2014	Natural Stand	L 	13	8464	3.6	4.3	1.1952	0.2707	1.0086	0.4012	1.4098	1.4659	2.8757
1204936	1	2014	Natural Stand	L 	13	8465	3	3.8	0.7557	0.1798	0.7794	0.2744	1.0537	0.9355	1.9892
1204936	1	2014	Natural Stand	L 	13	8466	3.1	3.5	0.8206	0.1935	0.8164	0.2938	1.1101	1.0142	2.1243
1204936	1	2014	Natural Stand	L 	13	8467	2.7	3.3	0.5798	0.142	0.6715	0.2203	0.8918	0.7218	1.6135
1204936	1	2014	Natural Stand	L 	13	8468	3.3	3.3	0.9603	0.2227	0.8918	0.3346	1.2265	1.183	2.4095
1204936	1	2014	Natural Stand	L 	13	8469	3.5	3.3	1.1135	0.2541	0.9692	0.3783	1.3475	1.3676	2.7151
1204936	1	2014	Natural Stand	L 	13	8470	3	3.2	0.7557	0.1798	0.7794	0.2744	1.0537	0.9355	1.9892
1204936	1	2014	Natural Stand	L 	13	8471	2.7	3.2	0.5798	0.142	0.6715	0.2203	0.8918	0.7218	1.6135
1204936	1	2014	Natural Stand	L 	13	8472	3	3.1	0.7557	0.1798	0.7794	0.2744	1.0537	0.9355	1.9892
1204936	1	2014	Natural Stand	L 	13	8473	3	3.1	0.7557	0.1798	0.7794	0.2744	1.0537	0.9355	1.9892
1204936	1	2014	Natural Stand	L 	13	8474	3	2.9	0.7557	0.1798	0.7794	0.2744	1.0537	0.9355	1.9892
1204936	1	2014	Natural Stand	L 	13	8475	3.2	2.9	0.8888	0.2078	0.8539	0.3139	1.1677	1.0967	2.2644
1204936	1	2014	Natural Stand	L 	13	8476	2.7	2.7	0.5798	0.142	0.6715	0.2203	0.8918	0.7218	1.6135
1204936	1	2014	Natural Stand	L 	13	8477	2.8	2.6	0.6353	0.154	0.7069	0.2376	0.9445	0.7893	1.7339
1204936	1	2014	Natural Stand	L 	13	8478	2.9	2.4	0.6939	0.1666	0.7429	0.2556	0.9985	0.8606	1.8591
1204941	1	2005	Natural Stand	L 	13	8713	5.7	5.67	3.7959	0.7587	1.9319	1.0452	2.9772	4.5546	7.5317
1204941	1	2005	Natural Stand	L 	13	8714	4.9	4.96	2.5951	0.5404	1.5599	0.7627	2.3226	3.1355	5.4581
1204941	1	2009	Natural Stand	L 	13	8715	6.8	6.3	5.916	1.127	2.4796	1.5098	3.9893	7.043	11.0323
1204941	1	2009	Natural Stand	L 	13	8716	5.8	6.1	3.9656	0.7888	1.98	1.0838	3.0638	4.7544	7.8183
1204941	1	2019	Natural Stand	L 	13	8717	9.8	8.8	14.8305	2.5581	4.1577	3.2334	7.3911	17.3885	24.7796
1204941	1	2019	Natural Stand	L 	13	8718	7.5	8.7	7.5689	1.404	2.8481	1.8518	4.6999	8.9729	13.6728
1204981	1	2005	Natural Stand	L 	13	8719	22.9	22.21	125.342	17.1659	13.8093	18.9586	32.7679	142.5079	175.2758
1204981	1	2005	Natural Stand	L 	13	8720	23.9	20.12	139.5647	18.893	14.6698	20.7247	35.3945	158.4577	193.8522
1204981	1	2005	Natural Stand	L 	13	8721	24.6	18.46	150.0731	20.1567	15.2812	22.0097	37.2909	170.2298	207.5207
1204981	1	2005	Natural Stand	L 	13	8722	22.8	18.42	123.9702	16.9982	13.7241	18.7865	32.5106	140.9684	173.479
1204981	1	2005	Natural Stand	L 	13	8723	18.2	15.76	70.3428	10.2543	9.9788	11.7465	21.7252	80.5971	102.3224
1204981	1	2005	Natural Stand	L 	13	8724	11.6	12.82	22.6627	3.7339	5.2774	4.5948	9.8722	26.3966	36.2688
1204981	1	2011	Natural Stand	L 	13	8730	24.7	21.5	151.6119	20.341	15.3691	22.1966	37.5657	171.9529	209.5186
1204981	1	2011	Natural Stand	L 	13	8731	23.5	21.4	133.7651	18.1911	14.3238	20.0084	34.3322	151.9562	186.2884
1204981	1	2011	Natural Stand	L 	13	8732	23.2	20.5	129.5123	17.6744	14.0659	19.4798	33.5457	147.1867	180.7324
1204981	1	2011	Natural Stand	L 	13	8733	25.1	20.1	157.8621	21.0872	15.7223	22.9522	38.6745	178.9493	217.6239
1204981	1	2011	Natural Stand	L 	13	8734	27.7	19.9	202.2657	26.3045	18.0741	28.1857	46.2598	228.5702	274.8299
1204981	1	2011	Natural Stand	L 	13	8735	19.6	16.5	84.7529	12.1086	11.0814	13.7081	24.7895	96.8615	121.651
1204981	1	2011	Natural Stand	L 	13	8736	12.7	13.9	28.4612	4.5752	5.9988	5.5496	11.5484	33.0365	44.5849
1204981	1	2023	Natural Stand	L 	13	8741	22.7	23.7	122.6074	16.8315	13.6391	18.6152	32.2542	139.4388	171.6931
1204981	1	2023	Natural Stand	L 	13	8742	24.5	22.8	148.5437	19.9734	15.1934	21.8237	37.0171	168.5171	205.5342
1204981	1	2023	Natural Stand	L 	13	8743	25.6	21.5	165.8897	22.0411	16.1671	23.9153	40.0824	187.9308	228.0131
1204981	1	2023	Natural Stand	L 	13	8744	29.2	20.7	230.9493	29.6073	19.4737	31.4598	50.9335	260.5566	311.4901
1204981	1	2023	Natural Stand	L 	13	8745	23.2	18.9	129.5123	17.6744	14.0659	19.4798	33.5457	147.1867	180.7324
1204981	1	2023	Natural Stand	L 	13	8746	21.6	18.1	108.2105	15.057	12.7138	16.7847	29.4985	123.2674	152.7659
1204981	1	2023	Natural Stand	L 	13	8747	14.1	15.9	37.022	5.7846	6.955	6.9008	13.8559	42.8066	56.6625
1204996	1	2006	Natural Stand	L 	13	8748	20.8	15.5	98.4129	13.8349	12.053	15.5152	27.5682	112.2478	139.816
1204996	1	2006	Natural Stand	L 	13	8749	12.9	9.42	29.6018	4.7384	6.1329	5.7333	11.8662	34.3402	46.2064
1204996	1	2006	Natural Stand	L 	13	8750	8	7.9	8.9026	1.6227	3.1203	2.1183	5.2386	10.5253	15.764
1204996	1	2006	Natural Stand	L 	13	8751	7.3	7.2	7.0716	1.3214	2.7413	1.7503	4.4916	8.393	12.8846
1204996	1	2015	Natural Stand	L 	13	8754	22.9	16.4	125.342	17.1659	13.8093	18.9586	32.7679	142.5079	175.2758
1204996	1	2015	Natural Stand	L 	13	8755	15.2	11.5	44.7199	6.8462	7.7346	8.0703	15.8049	51.566	67.3709
1204996	1	2015	Natural Stand	L 	13	8756	9.3	9.9	13.0006	2.2746	3.8608	2.8991	6.76	15.2752	22.0351
1204996	1	2015	Natural Stand	L 	13	8757	3.9	4.9	1.4617	0.3239	1.1295	0.474	1.6035	1.7856	3.3891
1205011	1	2005	Natural Stand	L 	13	8758	18.3	14.85	71.3188	10.3811	10.0564	11.8814	21.9378	81.6999	103.6377
1205011	1	2008	Natural Stand	L 	13	8759	19	15.6	78.3791	11.293	10.6047	12.8481	23.4528	89.672	113.1248
1205011	1	2018	Natural Stand	L 	13	8761	3.9	4.6	1.4617	0.3239	1.1295	0.474	1.6035	1.7856	3.3891
1205011	1	2018	Natural Stand	L 	13	8762	3.8	4.3	1.3693	0.3056	1.0888	0.449	1.5378	1.6749	3.2127
1205011	1	2018	Natural Stand	L 	13	8763	3.4	4	1.0352	0.2381	0.9303	0.3561	1.2864	1.2733	2.5597
1205031	1	2004	Natural Stand	L 	13	8764	25.8	21.61	169.1681	22.4292	16.346	24.3063	40.6523	191.5973	232.2496
1205031	1	2004	Natural Stand	L 	13	8765	22.2	20	115.929	16.0113	13.2161	17.7709	30.987	131.9403	162.9274
1205031	1	2004	Natural Stand	L 	13	8766	24.4	18.58	147.0238	19.791	15.1058	21.6385	36.7442	166.8148	203.559
1205031	1	2004	Natural Stand	L 	13	8767	21.4	17.59	105.7085	14.7461	12.5476	16.4624	29.0101	120.4546	149.4646
1205031	1	2004	Natural Stand	L 	13	8768	14	17.07	36.3652	5.693	6.8854	6.7992	13.6846	42.0583	55.7429
1205031	1	2004	Natural Stand	L 	13	8769	5.2	4.93	3.0134	0.6175	1.6967	0.8632	2.5599	3.6308	6.1907
1205031	1	2011	Natural Stand	L 	13	8809	27	22.5	189.657	24.8369	17.4315	26.7217	44.1532	214.4939	258.6471
1205031	1	2011	Natural Stand	L 	13	8810	23	20.8	126.723	17.3345	13.8947	19.1315	33.0262	144.0575	177.0837
1205031	1	2011	Natural Stand	L 	13	8811	25.2	20.1	159.4485	21.2761	15.811	23.1432	38.9541	180.7246	219.6787
1205031	1	2011	Natural Stand	L 	13	8812	24.3	19.6	145.5132	19.6096	15.0183	21.4541	36.4723	165.1228	201.5951
1205031	1	2011	Natural Stand	L 	13	8813	20.2	17.6	91.4293	12.9558	11.5642	14.5971	26.1613	104.3851	130.5464
1205031	1	2011	Natural Stand	L 	13	8814	19.3	16.4	81.5285	11.6968	10.8423	13.2745	24.1168	93.2253	117.3421
1205031	1	2011	Natural Stand	L 	13	8815	6.2	7.8	4.6897	0.9161	2.1759	1.2454	3.4213	5.6058	9.0271
1205031	1	2022	Natural Stand	L 	13	8854	28.3	23.3	213.4645	27.5996	18.6303	29.4729	48.1031	241.0642	289.1673
1205031	1	2022	Natural Stand	L 	13	8855	24	22.7	141.0378	19.0707	14.7567	20.9058	35.6625	160.1085	195.7711
1205031	1	2022	Natural Stand	L 	13	8856	23.7	22.2	136.6464	18.5402	14.4965	20.3649	34.8614	155.1866	190.048
1205031	1	2022	Natural Stand	L 	13	8857	20.3	21.1	92.5718	13.1001	11.6453	14.7481	26.3933	105.6719	132.0652
1205031	1	2022	Natural Stand	L 	13	8858	27.2	21	193.2096	25.2514	17.6144	27.1358	44.7502	218.4611	263.2113
1205031	1	2022	Natural Stand	L 	13	8859	19.2	20.8	80.4704	11.5613	10.7629	13.1316	23.8945	92.0317	115.9262
1205031	1	2022	Natural Stand	L 	13	8860	14.5	19.8	39.7201	6.1592	7.2357	7.3151	14.5508	45.8793	60.4301
1205031	1	2022	Natural Stand	L 	13	8861	19.4	19.7	82.5949	11.8332	10.9218	13.4182	24.34	94.4281	118.7682
1205031	1	2022	Natural Stand	L 	13	8862	21.1	18.6	102.0214	14.2865	12.2996	15.9852	28.2847	116.3079	144.5926
1205031	1	2022	Natural Stand	L 	13	8863	19.4	18.1	82.5949	11.8332	10.9218	13.4182	24.34	94.4281	118.7682
1205031	1	2022	Natural Stand	L 	13	8864	20.5	17.5	94.8824	13.3913	11.8078	15.0525	26.8603	108.2738	135.1341
1205031	1	2022	Natural Stand	L 	13	8865	22.6	17.3	121.2537	16.6656	13.5542	18.4447	31.9989	137.9193	169.9181
1205031	1	2022	Natural Stand	L 	13	8866	13.3	14.8	31.9645	5.0743	6.4035	6.11	12.5135	37.0388	49.5524
1205031	1	2022	Natural Stand	L 	13	8867	17.1	13.5	60.1359	8.9162	9.1366	10.3154	19.452	69.0521	88.504
1205031	1	2022	Natural Stand	L 	13	8868	19.6	13.1	84.7529	12.1086	11.0814	13.7081	24.7895	96.8615	121.651
1205031	1	2022	Natural Stand	L 	13	8869	11.9	11.5	24.1655	3.954	5.4715	4.8459	10.3174	28.1195	38.4369
1205031	1	2022	Natural Stand	L 	13	8870	10	10.4	15.6034	2.6766	4.2782	3.3724	7.6506	18.28	25.9306
1205031	1	2022	Natural Stand	L 	13	8871	9.1	8.6	12.3089	2.1663	3.7439	2.7707	6.5147	14.4752	20.9899
1205031	1	2022	Natural Stand	L 	13	8872	6.4	8.5	5.0795	0.9837	2.2758	1.3306	3.6064	6.0632	9.6696
1205031	1	2022	Natural Stand	L 	13	8873	2.8	3.9	0.6353	0.154	0.7069	0.2376	0.9445	0.7893	1.7339
1205031	1	2022	Natural Stand	L 	13	8874	3	3.5	0.7557	0.1798	0.7794	0.2744	1.0537	0.9355	1.9892
1211646	1	2006	Natural Stand	L 	13	8887	27.7	24.56	202.2657	26.3045	18.0741	28.1857	46.2598	228.5702	274.8299
1211646	1	2006	Natural Stand	L 	13	8888	25	22.78	156.2853	20.8993	15.6338	22.7621	38.3959	177.1846	215.5804
1211646	1	2006	Natural Stand	L 	13	8889	24.5	20.76	148.5437	19.9734	15.1934	21.8237	37.0171	168.5171	205.5342
1211646	1	2006	Natural Stand	L 	13	8890	13.4	14.06	32.5723	5.1603	6.4717	6.2061	12.6778	37.7326	50.4105
1211646	1	2006	Natural Stand	L 	13	8891	5.7	5.11	3.7959	0.7587	1.9319	1.0452	2.9772	4.5546	7.5317
1211646	1	2011	Natural Stand	L 	13	8924	28.3	24.9	213.4645	27.5996	18.6303	29.4729	48.1031	241.0642	289.1673
1211646	1	2011	Natural Stand	L 	13	8925	25.3	23.4	161.0444	21.466	15.8998	23.335	39.2348	182.5103	221.7451
1211646	1	2011	Natural Stand	L 	13	8926	21.2	21.8	103.2417	14.4388	12.3821	16.1434	28.5255	117.6805	146.206
1211646	1	2011	Natural Stand	L 	13	8927	25.2	21.5	159.4485	21.2761	15.811	23.1432	38.9541	180.7246	219.6787
1211646	1	2011	Natural Stand	L 	13	8928	22	21.3	113.3206	15.6896	13.048	17.4389	30.487	129.0101	159.4971
1211646	1	2011	Natural Stand	L 	13	8929	25.5	20.7	164.265	21.8484	16.0778	23.721	39.7989	186.1134	225.9123
1211646	1	2011	Natural Stand	L 	13	8930	18.5	20.3	73.2951	10.6373	10.2122	12.1536	22.3657	83.9324	106.2982
1211646	1	2011	Natural Stand	L 	13	8931	17.2	18.3	61.0242	9.0335	9.2122	10.4415	19.6537	70.0577	89.7114
1211646	1	2011	Natural Stand	L 	13	8932	10.9	12.4	19.3792	3.2474	4.8327	4.0359	8.8686	22.6265	31.4951
1211646	1	2021	Natural Stand	L 	13	8960	26.7	22.9	184.4023	24.2222	17.1582	26.1067	43.2649	208.6245	251.8894
1211646	1	2021	Natural Stand	L 	13	8961	29.8	22.7	243.0692	30.9893	20.042	32.8219	52.8639	274.0585	326.9224
1211646	1	2021	Natural Stand	L 	13	8962	22.1	21.5	114.6203	15.85	13.132	17.6045	30.7365	130.4703	161.2068
1211646	1	2021	Natural Stand	L 	13	8963	21.5	21	106.9551	14.9011	12.6306	16.6231	29.2538	121.8561	151.1099
1211646	1	2021	Natural Stand	L 	13	8964	27.6	20	200.4345	26.0919	17.9819	27.974	45.9559	226.5264	272.4823
1211646	1	2021	Natural Stand	L 	13	8965	19.5	18.8	83.6697	11.9704	11.0015	13.5628	24.5643	95.6402	120.2045
1211646	1	2021	Natural Stand	L 	13	8966	10.8	12.1	18.9352	3.181	4.7701	3.9591	8.7292	22.1161	30.8453
1211701	1	2006	Natural Stand	L 	13	8984	16.2	12.2	52.4911	7.8979	8.464	9.2162	17.6802	60.389	78.0692
1211701	1	2006	Natural Stand	L 	13	8985	14.8	11.74	41.8192	6.4487	7.4483	7.634	15.0823	48.2679	63.3502
1211701	1	2006	Natural Stand	L 	13	8986	14.5	10.55	39.7201	6.1592	7.2357	7.3151	14.5508	45.8793	60.4301
1211701	1	2006	Natural Stand	L 	13	8987	8.6	7.12	10.6783	1.9084	3.4564	2.4629	5.9193	12.5867	18.506
1211701	1	2006	Natural Stand	L 	13	8988	5.2	4.36	3.0134	0.6175	1.6967	0.8632	2.5599	3.6308	6.1907
1211701	1	2007	Natural Stand	L 	13	9072	16.3	12.15	53.3097	8.0077	8.538	9.3352	17.8731	61.3174	79.1906
1211701	1	2007	Natural Stand	L 	13	9073	14.7	11.78	41.1123	6.3514	7.3772	7.5269	14.9042	47.4636	62.3678
1211701	1	2007	Natural Stand	L 	13	9074	13.5	10.59	33.1871	5.2471	6.5402	6.303	12.8432	38.4341	51.2773
1211701	1	2007	Natural Stand	L 	13	9075	14.5	10.45	39.7201	6.1592	7.2357	7.3151	14.5508	45.8793	60.4301
1211701	1	2007	Natural Stand	L 	13	9076	8.7	7.19	10.9933	1.9586	3.5133	2.523	6.0363	12.9519	18.9881
1211701	1	2007	Natural Stand	L 	13	9077	5.5	4.48	3.4698	0.7002	1.8368	0.9703	2.807	4.1701	6.9771
1211701	1	2017	Natural Stand	L 	13	9160	16.5	13.5	54.9699	8.2297	8.6865	9.5755	18.262	63.1997	81.4616
1211701	1	2017	Natural Stand	L 	13	9161	14.1	12.1	37.022	5.7846	6.955	6.9008	13.8559	42.8066	56.6625
1211701	1	2017	Natural Stand	L 	13	9162	15	11	43.2549	6.6458	7.5911	7.8506	15.4416	49.9007	65.3423
1211701	1	2017	Natural Stand	L 	13	9163	13.4	10.5	32.5723	5.1603	6.4717	6.2061	12.6778	37.7326	50.4105
1211701	1	2017	Natural Stand	L 	13	9164	11.4	9.83	21.6929	3.5911	5.1492	4.4313	9.5805	25.2839	34.8644
1211701	1	2017	Natural Stand	L 	13	9165	11.6	7.8	22.6627	3.7339	5.2774	4.5948	9.8722	26.3966	36.2688
1211701	1	2017	Natural Stand	L 	13	9166	7	6.1	6.3634	1.2027	2.5833	1.6038	4.1871	7.5661	11.7532
1211701	1	2017	Natural Stand	L 	13	9167	6.9	5.25	6.1372	1.1645	2.5313	1.5564	4.0877	7.3017	11.3894
1211701	1	2017	Natural Stand	L 	13	9168	5.4	3.5	3.3134	0.672	1.7897	0.9339	2.7236	3.9854	6.7089
1211701	1	2017	Natural Stand	L 	13	9169	4.8	3.46	2.464	0.516	1.5151	0.7306	2.2457	2.98	5.2257
1211701	1	2017	Natural Stand	L 	13	9170	3.3	2.63	0.9603	0.2227	0.8918	0.3346	1.2265	1.183	2.4095
1211701	1	2017	Natural Stand	L 	13	9171	3.9	2.55	1.4617	0.3239	1.1295	0.474	1.6035	1.7856	3.3891
1211701	1	2017	Natural Stand	L 	13	9172	3.4	2.51	1.0352	0.2381	0.9303	0.3561	1.2864	1.2733	2.5597
1211796	1	2009	Natural Stand	L 	13	9240	5.3	4	3.1612	0.6444	1.743	0.8982	2.6412	3.8056	6.4468
1211796	1	2009	Natural Stand	L 	13	9241	3.5	3.8	1.1135	0.2541	0.9692	0.3783	1.3475	1.3676	2.7151
1211796	1	2019	Natural Stand	L 	13	9242	11.8	8.6	23.6581	3.8799	5.4065	4.7615	10.168	27.538	37.706
1211796	1	2019	Natural Stand	L 	13	9243	9	7.34	11.9716	2.1133	3.6859	2.7076	6.3935	14.0849	20.4784
1211796	1	2019	Natural Stand	L 	13	9244	7.5	6.9	7.5689	1.404	2.8481	1.8518	4.6999	8.9729	13.6728
1211796	1	2019	Natural Stand	L 	13	9245	6	6.3	4.3185	0.8512	2.0773	1.1631	3.2404	5.1697	8.4101
1211796	1	2019	Natural Stand	L 	13	9246	5.7	4.9	3.7959	0.7587	1.9319	1.0452	2.9772	4.5546	7.5317
1211796	1	2019	Natural Stand	L 	13	9247	3	4.6	0.7557	0.1798	0.7794	0.2744	1.0537	0.9355	1.9892
1211801	1	2014	Natural Stand	L 	13	9248	6.5	6.1	5.2814	1.0185	2.3263	1.3743	3.7006	6.3	10.0005
1211801	1	2014	Natural Stand	L 	13	9249	5.4	4.9	3.3134	0.672	1.7897	0.9339	2.7236	3.9854	6.7089
1211836	1	2005	Natural Stand	L 	13	9260	15.2	12.83	44.7199	6.8462	7.7346	8.0703	15.8049	51.566	67.3709
1211836	1	2005	Natural Stand	L 	13	9261	14.6	12.14	40.4126	6.2549	7.3064	7.4206	14.727	46.6674	61.3944
1211836	1	2005	Natural Stand	L 	13	9262	13.9	11.37	35.7156	5.6022	6.8159	6.6984	13.5143	41.3178	54.8321
1211836	1	2005	Natural Stand	L 	13	9263	13.7	11.25	34.4373	5.423	6.6776	6.4992	13.1768	39.8604	53.0371
1211836	1	2005	Natural Stand	L 	13	9264	10	9.66	15.6034	2.6766	4.2782	3.3724	7.6506	18.28	25.9306
1211836	1	2005	Natural Stand	L 	13	9265	5.8	5.36	3.9656	0.7888	1.98	1.0838	3.0638	4.7544	7.8183
1211836	1	2010	Natural Stand	L 	13	9495	15	13.3	43.2549	6.6458	7.5911	7.8506	15.4416	49.9007	65.3423
1211836	1	2010	Natural Stand	L 	13	9496	14	11.7	36.3652	5.693	6.8854	6.7992	13.6846	42.0583	55.7429
1211836	1	2010	Natural Stand	L 	13	9497	14.7	11.6	41.1123	6.3514	7.3772	7.5269	14.9042	47.4636	62.3678
1211836	1	2010	Natural Stand	L 	13	9498	15.7	11.6	48.5118	7.3616	8.0969	8.6334	16.7303	55.8734	72.6037
1211836	1	2010	Natural Stand	L 	13	9499	14.4	10.8	39.0349	6.0643	7.1652	7.2104	14.3756	45.0992	59.4747
1211836	1	2010	Natural Stand	L 	13	9500	10.5	10.1	17.6402	2.9862	4.5838	3.7334	8.3172	20.6264	28.9435
1211836	1	2010	Natural Stand	L 	13	9501	7.2	8.1	6.8305	1.2812	2.6883	1.7007	4.3891	8.1117	12.5007
1211836	1	2010	Natural Stand	L 	13	9502	6.2	5.9	4.6897	0.9161	2.1759	1.2454	3.4213	5.6058	9.0271
1211836	1	2010	Natural Stand	L 	13	9503	4.2	5.03	1.7612	0.3825	1.2543	0.5531	1.8075	2.1436	3.9511
1211836	1	2010	Natural Stand	L 	13	9504	5	4.91	2.7303	0.5655	1.6051	0.7955	2.4006	3.2958	5.6964
1211836	1	2010	Natural Stand	L 	13	9505	4.1	3.68	1.6576	0.3623	1.2123	0.526	1.7384	2.02	3.7583
1211836	1	2010	Natural Stand	L 	13	9506	3	3.26	0.7557	0.1798	0.7794	0.2744	1.0537	0.9355	1.9892
1211836	1	2021	Natural Stand	L 	13	9735	16.1	13.9	51.6801	7.789	8.3902	9.0981	17.4882	59.4691	76.9573
1211836	1	2021	Natural Stand	L 	13	9736	16.8	13.4	57.518	8.5691	8.9107	9.9418	18.8525	66.0871	84.9397
1211836	1	2021	Natural Stand	L 	13	9737	15.4	13.4	46.2143	7.0499	7.8789	8.2931	16.1721	53.2642	69.4363
1211836	1	2021	Natural Stand	L 	13	9738	16.2	13.3	52.4911	7.8979	8.464	9.2162	17.6802	60.389	78.0692
1211836	1	2021	Natural Stand	L 	13	9739	14.6	12.9	40.4126	6.2549	7.3064	7.4206	14.727	46.6674	61.3944
1211836	1	2021	Natural Stand	L 	13	9740	11.8	11.6	23.6581	3.8799	5.4065	4.7615	10.168	27.538	37.706
1211836	1	2021	Natural Stand	L 	13	9741	6.9	6.8	6.1372	1.1645	2.5313	1.5564	4.0877	7.3017	11.3894
1211836	1	2021	Natural Stand	L 	13	9742	5.2	5.5	3.0134	0.6175	1.6967	0.8632	2.5599	3.6308	6.1907
1211836	1	2021	Natural Stand	L 	13	9743	2.9	3.72	0.6939	0.1666	0.7429	0.2556	0.9985	0.8606	1.8591
1211836	1	2021	Natural Stand	L 	13	9744	2.8	3.6	0.6353	0.154	0.7069	0.2376	0.9445	0.7893	1.7339
1211836	1	2021	Natural Stand	L 	13	9745	2.8	3.32	0.6353	0.154	0.7069	0.2376	0.9445	0.7893	1.7339
1211886	1	2012	Natural Stand	L 	13	9923	2.8	2.9	0.6353	0.154	0.7069	0.2376	0.9445	0.7893	1.7339
1211886	1	2022	Natural Stand	L 	13	9924	6.2	6	4.6897	0.9161	2.1759	1.2454	3.4213	5.6058	9.0271
1211886	1	2022	Natural Stand	L 	13	9925	3.5	4.8	1.1135	0.2541	0.9692	0.3783	1.3475	1.3676	2.7151
1211906	1	2004	Natural Stand	L 	13	9926	15.6	9.05	47.7385	7.2569	8.024	8.5192	16.5432	54.9954	71.5386
1211906	1	2004	Natural Stand	L 	13	9927	8.5	8.84	10.3688	1.859	3.3997	2.4036	5.8032	12.2278	18.0311
1211906	1	2004	Natural Stand	L 	13	9928	8.7	8.09	10.9933	1.9586	3.5133	2.523	6.0363	12.9519	18.9881
1211906	1	2007	Natural Stand	L 	13	9940	15.6	9.5	47.7385	7.2569	8.024	8.5192	16.5432	54.9954	71.5386
1211906	1	2007	Natural Stand	L 	13	9941	7.9	8.1	8.6254	1.5775	3.0653	2.0635	5.1288	10.203	15.3318
1211906	1	2007	Natural Stand	L 	13	9942	8.8	8	11.3138	2.0094	3.5706	2.5838	6.1543	13.3232	19.4776
1211906	1	2018	Natural Stand	L 	13	9954	10.4	10.6	17.2208	2.9228	4.5222	3.6597	8.1818	20.1435	28.3254
1211906	1	2018	Natural Stand	L 	13	9955	9	9.3	11.9716	2.1133	3.6859	2.7076	6.3935	14.0849	20.4784
1211906	1	2018	Natural Stand	L 	13	9956	8.7	8.8	10.9933	1.9586	3.5133	2.523	6.0363	12.9519	18.9881
1211906	1	2018	Natural Stand	L 	13	9957	3.7	7.7	1.2805	0.2878	1.0485	0.4247	1.4732	1.5683	3.0415
1211926	1	2004	Natural Stand	L 	13	9985	22.5	16.84	119.909	16.5007	13.4694	18.275	31.7444	136.4097	168.1541
1211926	1	2004	Natural Stand	L 	13	9986	19.5	14.57	83.6697	11.9704	11.0015	13.5628	24.5643	95.6402	120.2045
1211926	1	2004	Natural Stand	L 	13	9987	19.9	14.04	88.053	12.5282	11.3221	14.149	25.471	100.5812	126.0522
1211926	1	2004	Natural Stand	L 	13	9988	17.8	13.73	66.5196	9.7557	9.67	11.2149	20.8849	76.2753	97.1602
1211926	1	2004	Natural Stand	L 	13	9989	12.6	10.36	27.901	4.4948	5.9321	5.4589	11.3911	32.3958	43.7869
1211926	1	2004	Natural Stand	L 	13	9990	8.8	9.79	11.3138	2.0094	3.5706	2.5838	6.1543	13.3232	19.4776
1211926	1	2011	Natural Stand	L 	13	10020	24	17.5	141.0378	19.0707	14.7567	20.9058	35.6625	160.1085	195.7711
1211926	1	2011	Natural Stand	L 	13	10021	20.9	15	99.6071	13.9845	12.135	15.671	27.806	113.5916	141.3976
1211926	1	2011	Natural Stand	L 	13	10022	20.6	14.8	96.0506	13.5383	11.8894	15.2059	27.0953	109.5889	136.6843
1211926	1	2011	Natural Stand	L 	13	10023	15.5	13.1	46.9727	7.153	7.9514	8.4058	16.3572	54.1257	70.4828
1211926	1	2011	Natural Stand	L 	13	10024	12.7	12.5	28.4612	4.5752	5.9988	5.5496	11.5484	33.0365	44.5849
1211926	1	2011	Natural Stand	L 	13	10025	14.5	11.8	39.7201	6.1592	7.2357	7.3151	14.5508	45.8793	60.4301
1211926	1	2011	Natural Stand	L 	13	10026	6.2	7	4.6897	0.9161	2.1759	1.2454	3.4213	5.6058	9.0271
1211926	1	2011	Natural Stand	L 	13	10027	5.6	6.3	3.6307	0.7291	1.8842	1.0074	2.8915	4.3598	7.2513
1211926	1	2011	Natural Stand	L 	13	10028	6.6	5.4	5.4881	1.054	2.377	1.4187	3.7958	6.5422	10.3379
1211926	1	2011	Natural Stand	L 	13	10029	3.5	3.6	1.1135	0.2541	0.9692	0.3783	1.3475	1.3676	2.7151
1211926	1	2011	Natural Stand	L 	13	10030	3.9	3.5	1.4617	0.3239	1.1295	0.474	1.6035	1.7856	3.3891
1211926	1	2022	Natural Stand	L 	13	10052	25	18.1	156.2853	20.8993	15.6338	22.7621	38.3959	177.1846	215.5804
1211926	1	2022	Natural Stand	L 	13	10053	19.2	16.2	80.4704	11.5613	10.7629	13.1316	23.8945	92.0317	115.9262
1211926	1	2022	Natural Stand	L 	13	10054	21.2	15.6	103.2417	14.4388	12.3821	16.1434	28.5255	117.6805	146.206
1211926	1	2022	Natural Stand	L 	13	10055	20.9	15.5	99.6071	13.9845	12.135	15.671	27.806	113.5916	141.3976
1211926	1	2022	Natural Stand	L 	13	10056	15.5	14.1	46.9727	7.153	7.9514	8.4058	16.3572	54.1257	70.4828
1211926	1	2022	Natural Stand	L 	13	10057	15.1	13.8	43.9837	6.7456	7.6627	7.96	15.6228	50.7293	66.352
1211926	1	2022	Natural Stand	L 	13	10058	15.3	13.4	45.4634	6.9476	7.8067	8.1813	15.988	52.411	68.399
1211926	1	2022	Natural Stand	L 	13	10059	16.6	12.83	55.8116	8.342	8.761	9.6968	18.4578	64.1536	82.6114
1211926	1	2022	Natural Stand	L 	13	10060	12.8	12.5	29.0281	4.6564	6.0657	5.641	11.7068	33.6846	45.3914
1211926	1	2022	Natural Stand	L 	13	10061	13.7	12.5	34.4373	5.423	6.6776	6.4992	13.1768	39.8604	53.0371
1211926	1	2022	Natural Stand	L 	13	10062	12.1	12.4	25.1999	4.1046	5.602	5.0172	10.6192	29.3045	39.9237
1211926	1	2022	Natural Stand	L 	13	10063	15.1	12.4	43.9837	6.7456	7.6627	7.96	15.6228	50.7293	66.352
1211926	1	2022	Natural Stand	L 	13	10064	12.3	10.2	26.2605	4.2583	5.7334	5.1916	10.9249	30.5188	41.4438
1211926	1	2022	Natural Stand	L 	13	10065	9	9.5	11.9716	2.1133	3.6859	2.7076	6.3935	14.0849	20.4784
1211926	1	2022	Natural Stand	L 	13	10066	9.9	8.9	15.214	2.617	4.2178	3.3025	7.5203	17.8309	25.3513
1211926	1	2022	Natural Stand	L 	13	10067	6.8	5.5	5.916	1.127	2.4796	1.5098	3.9893	7.043	11.0323
1211926	1	2022	Natural Stand	L 	13	10068	4.7	3.7	2.3369	0.4922	1.4706	0.6992	2.1699	2.8291	4.999
1211951	1	2004	Natural Stand	L 	13	10083	12.6	13.36	27.901	4.4948	5.9321	5.4589	11.3911	32.3958	43.7869
1211951	1	2004	Natural Stand	L 	13	10084	11.7	13.08	23.1572	3.8065	5.3419	4.6778	10.0196	26.9637	36.9833
1211951	1	2004	Natural Stand	L 	13	10085	11.5	12.05	22.1746	3.6621	5.2132	4.5127	9.7258	25.8367	35.5625
1211951	1	2004	Natural Stand	L 	13	10086	11.2	11.3	20.7485	3.4513	5.0219	4.2708	9.2927	24.1998	33.4925
1211951	1	2004	Natural Stand	L 	13	10087	5.3	9.66	3.1612	0.6444	1.743	0.8982	2.6412	3.8056	6.4468
1211951	1	2004	Natural Stand	L 	13	10088	7.7	9.5	8.0868	1.4894	2.9561	1.9562	4.9123	9.5762	14.4884
1211951	1	2015	Natural Stand	L 	13	10112	14.2	14.2	37.6858	5.877	7.0249	7.0032	14.0281	43.5629	57.591
1211951	1	2015	Natural Stand	L 	13	10113	9.7	12	14.4528	2.4999	4.0978	3.165	7.2628	16.9527	24.2155
1211961	1	2004	Natural Stand	L 	13	10118	14.3	16.43	38.3568	5.9703	7.0949	7.1064	14.2013	44.327	58.5284
1211961	1	2014	Natural Stand	L 	13	10127	27.5	20.6	198.6133	25.8804	17.8898	27.7632	45.653	224.4937	270.1467
1211961	1	2014	Natural Stand	L 	13	10128	20.6	20	96.0506	13.5383	11.8894	15.2059	27.0953	109.5889	136.6843
1211961	1	2014	Natural Stand	L 	13	10129	19.7	19.5	85.8445	12.2476	11.1615	13.8542	25.0157	98.0921	123.1078
1211961	1	2014	Natural Stand	L 	13	10130	13.7	15.4	34.4373	5.423	6.6776	6.4992	13.1768	39.8604	53.0371
1211961	1	2014	Natural Stand	L 	13	10131	5.9	5.5	4.1398	0.8197	2.0285	1.1231	3.1516	4.9595	8.1111
1218516	1	2006	Natural Stand	L 	13	10133	16.9	14.41	58.3828	8.684	8.9858	10.0656	19.0514	67.0668	86.1182
1218516	1	2006	Natural Stand	L 	13	10134	15.4	13.75	46.2143	7.0499	7.8789	8.2931	16.1721	53.2642	69.4363
1218516	1	2006	Natural Stand	L 	13	10135	13.7	12.65	34.4373	5.423	6.6776	6.4992	13.1768	39.8604	53.0371
1218516	1	2006	Natural Stand	L 	13	10136	14.8	11.88	41.8192	6.4487	7.4483	7.634	15.0823	48.2679	63.3502
1218516	1	2006	Natural Stand	L 	13	10137	11.5	11.26	22.1746	3.6621	5.2132	4.5127	9.7258	25.8367	35.5625
1218516	1	2006	Natural Stand	L 	13	10138	11.7	10.5	23.1572	3.8065	5.3419	4.6778	10.0196	26.9637	36.9833
1218516	1	2006	Natural Stand	L 	13	10139	11	10.27	19.8294	3.3146	4.8955	4.1134	9.0089	23.144	32.1529
1218516	1	2006	Natural Stand	L 	13	10140	5	5.09	2.7303	0.5655	1.6051	0.7955	2.4006	3.2958	5.6964
1218516	1	2015	Natural Stand	L 	13	10242	18.3	15.3	71.3188	10.3811	10.0564	11.8814	21.9378	81.6999	103.6377
1218516	1	2015	Natural Stand	L 	13	10243	17.1	13.9	60.1359	8.9162	9.1366	10.3154	19.452	69.0521	88.504
1218516	1	2015	Natural Stand	L 	13	10244	15.1	13.8	43.9837	6.7456	7.6627	7.96	15.6228	50.7293	66.352
1218516	1	2015	Natural Stand	L 	13	10245	13.3	11.2	31.9645	5.0743	6.4035	6.11	12.5135	37.0388	49.5524
1218516	1	2015	Natural Stand	L 	13	10246	11.5	10.8	22.1746	3.6621	5.2132	4.5127	9.7258	25.8367	35.5625
1218516	1	2015	Natural Stand	L 	13	10247	11.2	9.8	20.7485	3.4513	5.0219	4.2708	9.2927	24.1998	33.4925
1218516	1	2015	Natural Stand	L 	13	10248	8.4	8.1	10.0648	1.8103	3.3432	2.345	5.6883	11.8751	17.5634
1218516	1	2015	Natural Stand	L 	13	10249	7.2	7.3	6.8305	1.2812	2.6883	1.7007	4.3891	8.1117	12.5007
1218516	1	2015	Natural Stand	L 	13	10250	6.2	5.5	4.6897	0.9161	2.1759	1.2454	3.4213	5.6058	9.0271
1218546	1	2006	Natural Stand	L 	13	10361	10.6	9.61	18.0657	3.0504	4.6457	3.8078	8.4535	21.1161	29.5696
1218546	1	2006	Natural Stand	L 	13	10362	10.5	9.19	17.6402	2.9862	4.5838	3.7334	8.3172	20.6264	28.9435
1218546	1	2006	Natural Stand	L 	13	10363	11	8.69	19.8294	3.3146	4.8955	4.1134	9.0089	23.144	32.1529
1218546	1	2006	Natural Stand	L 	13	10364	10.7	8.39	18.4974	3.1153	4.7078	3.8831	8.5909	21.6126	30.2035
1218546	1	2006	Natural Stand	L 	13	10365	6.1	5.88	4.5018	0.8833	2.1264	1.2039	3.3303	5.3851	8.7154
1218546	1	2006	Natural Stand	L 	13	10366	4.7	5.52	2.3369	0.4922	1.4706	0.6992	2.1699	2.8291	4.999
1218546	1	2014	Natural Stand	L 	13	11040	11.8	9.9	23.6581	3.8799	5.4065	4.7615	10.168	27.538	37.706
1218546	1	2014	Natural Stand	L 	13	11041	12.1	9.8	25.1999	4.1046	5.602	5.0172	10.6192	29.3045	39.9237
1218546	1	2014	Natural Stand	L 	13	11042	12.4	9.5	26.8007	4.3364	5.7994	5.2799	11.0793	31.1371	42.2164
1218546	1	2014	Natural Stand	L 	13	11043	11.8	9.4	23.6581	3.8799	5.4065	4.7615	10.168	27.538	37.706
1218546	1	2014	Natural Stand	L 	13	11044	8.3	9.1	9.7662	1.7623	3.2871	2.2872	5.5743	11.5285	17.1028
1218546	1	2014	Natural Stand	L 	13	11045	5.7	6.2	3.7959	0.7587	1.9319	1.0452	2.9772	4.5546	7.5317
1218546	1	2014	Natural Stand	L 	13	11046	5	5.9	2.7303	0.5655	1.6051	0.7955	2.4006	3.2958	5.6964
1218546	1	2014	Natural Stand	L 	13	11047	5.1	4.9	2.8698	0.5912	1.6507	0.829	2.4797	3.4609	5.9406
1218546	1	2014	Natural Stand	L 	13	11048	3.6	4.4	1.1952	0.2707	1.0086	0.4012	1.4098	1.4659	2.8757
1218546	1	2014	Natural Stand	L 	13	11049	3.8	4.2	1.3693	0.3056	1.0888	0.449	1.5378	1.6749	3.2127
1218546	1	2014	Natural Stand	L 	13	11050	4	3.1	1.5578	0.3428	1.1707	0.4997	1.6704	1.9006	3.571
1218651	1	2004	Natural Stand	L 	13	11698	44.3	23.57	658.764	75.4068	35.1128	74.9869	110.0998	734.1707	844.2705
1218651	1	2009	Natural Stand	L 	13	11702	43.8	23.4	640.226	73.5112	34.5537	73.234	107.7876	713.7373	821.5249
1218651	1	2009	Natural Stand	L 	13	11703	23.6	21.34	135.2011	18.3652	14.4101	20.1863	34.5964	153.5663	188.1627
1218651	1	2009	Natural Stand	L 	13	11704	22.4	18.37	118.5733	16.3366	13.3848	18.1062	31.491	134.91	166.401
1218651	1	2009	Natural Stand	L 	13	11705	19.7	16.51	85.8445	12.2476	11.1615	13.8542	25.0157	98.0921	123.1078
1218651	1	2009	Natural Stand	L 	13	11706	4.9	5.26	2.5951	0.5404	1.5599	0.7627	2.3226	3.1355	5.4581
1218651	1	2019	Natural Stand	L 	13	11707	45.4	24.9	700.6752	79.6713	36.3523	78.9193	115.2716	780.3465	895.6181
1218651	1	2019	Natural Stand	L 	13	11708	23.9	19.5	139.5647	18.893	14.6698	20.7247	35.3945	158.4577	193.8522
1218651	1	2019	Natural Stand	L 	13	11709	21.8	18.1	110.7478	15.3715	12.8806	17.1102	29.9908	126.1192	156.11
1218746	1	2005	Natural Stand	L 	13	11710	10.7	9.17	18.4974	3.1153	4.7078	3.8831	8.5909	21.6126	30.2035
1218746	1	2005	Natural Stand	L 	13	11711	9.6	9.11	14.0811	2.4425	4.0382	3.0974	7.1356	16.5235	23.6591
1218746	1	2005	Natural Stand	L 	13	11712	11.1	8.83	20.2858	3.3826	4.9586	4.1917	9.1503	23.6684	32.8187
1218746	1	2005	Natural Stand	L 	13	11713	8.7	7.94	10.9933	1.9586	3.5133	2.523	6.0363	12.9519	18.9881
1218746	1	2005	Natural Stand	L 	13	11714	5.1	5.21	2.8698	0.5912	1.6507	0.829	2.4797	3.4609	5.9406
1218746	1	2005	Natural Stand	L 	13	11715	5.6	5.05	3.6307	0.7291	1.8842	1.0074	2.8915	4.3598	7.2513
1218746	1	2015	Natural Stand	L 	13	11749	9.8	9	14.8305	2.5581	4.1577	3.2334	7.3911	17.3885	24.7796
1218746	1	2015	Natural Stand	L 	13	11750	7.9	7.6	8.6254	1.5775	3.0653	2.0635	5.1288	10.203	15.3318
1218746	1	2015	Natural Stand	L 	13	11751	9.1	7.5	12.3089	2.1663	3.7439	2.7707	6.5147	14.4752	20.9899
1218746	1	2015	Natural Stand	L 	13	11752	7.1	7	6.5944	1.2416	2.6357	1.6519	4.2876	7.836	12.1236
1218746	1	2015	Natural Stand	L 	13	11753	7.1	7	6.5944	1.2416	2.6357	1.6519	4.2876	7.836	12.1236
1218746	1	2015	Natural Stand	L 	13	11754	6.9	6.4	6.1372	1.1645	2.5313	1.5564	4.0877	7.3017	11.3894
1218776	1	2004	Natural Stand	L 	13	11766	14.1	10.37	37.022	5.7846	6.955	6.9008	13.8559	42.8066	56.6625
1218776	1	2004	Natural Stand	L 	13	11767	6.9	5.29	6.1372	1.1645	2.5313	1.5564	4.0877	7.3017	11.3894
1218776	1	2013	Natural Stand	L 	13	11795	15.7	12.4	48.5118	7.3616	8.0969	8.6334	16.7303	55.8734	72.6037
1218776	1	2013	Natural Stand	L 	13	11796	10.8	9.9	18.9352	3.181	4.7701	3.9591	8.7292	22.1161	30.8453
1218801	1	2018	Natural Stand	L 	13	11826	12.5	8	27.3475	4.4152	5.8657	5.369	11.2347	31.7627	42.9974
1218801	1	2018	Natural Stand	L 	13	11827	9.9	6.72	15.214	2.617	4.2178	3.3025	7.5203	17.8309	25.3513
1218801	1	2018	Natural Stand	L 	13	11828	9.7	6.3	14.4528	2.4999	4.0978	3.165	7.2628	16.9527	24.2155
1218801	1	2018	Natural Stand	L 	13	11829	6.7	5.8	5.6997	1.0902	2.4281	1.4639	3.892	6.7898	10.6818
1225416	1	2006	Natural Stand	L 	13	11833	23.4	18.3	132.3383	18.018	14.2377	19.8314	34.0691	150.3562	184.4253
1225416	1	2006	Natural Stand	L 	13	11834	21.4	17.77	105.7085	14.7461	12.5476	16.4624	29.0101	120.4546	149.4646
1225416	1	2006	Natural Stand	L 	13	11835	20.2	17.54	91.4293	12.9558	11.5642	14.5971	26.1613	104.3851	130.5464
1225416	1	2006	Natural Stand	L 	13	11836	23.5	17.21	133.7651	18.1911	14.3238	20.0084	34.3322	151.9562	186.2884
1225416	1	2006	Natural Stand	L 	13	11837	19	16.64	78.3791	11.293	10.6047	12.8481	23.4528	89.672	113.1248
1225416	1	2006	Natural Stand	L 	13	11838	13.5	14.77	33.1871	5.2471	6.5402	6.303	12.8432	38.4341	51.2773
1225416	1	2006	Natural Stand	L 	13	11839	5	6.16	2.7303	0.5655	1.6051	0.7955	2.4006	3.2958	5.6964
1225416	1	2006	Natural Stand	L 	13	11840	18.7	2.89	75.3041	10.897	10.3687	12.429	22.7976	86.201	108.9987
1225416	1	2011	Natural Stand	L 	13	11974	23.6	18.8	135.2011	18.3652	14.4101	20.1863	34.5964	153.5663	188.1627
1225416	1	2011	Natural Stand	L 	13	11975	21.7	18.8	109.4747	15.2138	12.7971	16.947	29.7441	124.6885	154.4326
1225416	1	2011	Natural Stand	L 	13	11976	20.5	18.5	94.8824	13.3913	11.8078	15.0525	26.8603	108.2738	135.1341
1225416	1	2011	Natural Stand	L 	13	11977	23.7	18.3	136.6464	18.5402	14.4965	20.3649	34.8614	155.1866	190.048
1225416	1	2011	Natural Stand	L 	13	11978	19.3	18.1	81.5285	11.6968	10.8423	13.2745	24.1168	93.2253	117.3421
1225416	1	2011	Natural Stand	L 	13	11979	18.1	16.1	69.375	10.1284	9.9013	11.6124	21.5137	79.5033	101.017
1225416	1	2011	Natural Stand	L 	13	11980	19.2	16	80.4704	11.5613	10.7629	13.1316	23.8945	92.0317	115.9262
1225416	1	2011	Natural Stand	L 	13	11981	20.7	15.9	97.2275	13.6862	11.9711	15.3601	27.3312	110.9136	138.2449
1225416	1	2011	Natural Stand	L 	13	11982	18.1	15.5	69.375	10.1284	9.9013	11.6124	21.5137	79.5033	101.017
1225416	1	2011	Natural Stand	L 	13	11983	13.4	15.1	32.5723	5.1603	6.4717	6.2061	12.6778	37.7326	50.4105
1225416	1	2011	Natural Stand	L 	13	11984	16	14.9	50.8767	7.6809	8.3166	8.9807	17.2973	58.5576	75.8549
1225416	1	2011	Natural Stand	L 	13	11985	16.2	12.8	52.4911	7.8979	8.464	9.2162	17.6802	60.389	78.0692
1225416	1	2011	Natural Stand	L 	13	11986	12.6	11	27.901	4.4948	5.9321	5.4589	11.3911	32.3958	43.7869
1225416	1	2011	Natural Stand	L 	13	11987	13.3	10.9	31.9645	5.0743	6.4035	6.11	12.5135	37.0388	49.5524
1225416	1	2011	Natural Stand	L 	13	11988	5.3	6.1	3.1612	0.6444	1.743	0.8982	2.6412	3.8056	6.4468
1225416	1	2011	Natural Stand	L 	13	11989	2.9	4.3	0.6939	0.1666	0.7429	0.2556	0.9985	0.8606	1.8591
1225416	1	2011	Natural Stand	L 	13	11990	2.8	3.7	0.6353	0.154	0.7069	0.2376	0.9445	0.7893	1.7339
1225416	1	2021	Natural Stand	L 	13	12133	25.4	19.6	162.6499	21.6567	15.9887	23.5276	39.5163	184.3066	223.8229
1225416	1	2021	Natural Stand	L 	13	12134	20.3	19.6	92.5718	13.1001	11.6453	14.7481	26.3933	105.6719	132.0652
1225416	1	2021	Natural Stand	L 	13	12135	21.7	19.4	109.4747	15.2138	12.7971	16.947	29.7441	124.6885	154.4326
1225416	1	2021	Natural Stand	L 	13	12136	24.3	18.5	145.5132	19.6096	15.0183	21.4541	36.4723	165.1228	201.5951
1225416	1	2021	Natural Stand	L 	13	12137	22.5	18.2	119.909	16.5007	13.4694	18.275	31.7444	136.4097	168.1541
1225416	1	2021	Natural Stand	L 	13	12138	23.5	17.5	133.7651	18.1911	14.3238	20.0084	34.3322	151.9562	186.2884
1225416	1	2021	Natural Stand	L 	13	12139	19	17.3	78.3791	11.293	10.6047	12.8481	23.4528	89.672	113.1248
1225416	1	2021	Natural Stand	L 	13	12140	20.7	17.2	97.2275	13.6862	11.9711	15.3601	27.3312	110.9136	138.2449
1225416	1	2021	Natural Stand	L 	13	12141	18.9	17	77.3458	11.1601	10.5258	12.7076	23.2334	88.5059	111.7394
1225416	1	2021	Natural Stand	L 	13	12142	16.7	15.6	56.6609	8.4552	8.8358	9.8189	18.6547	65.1161	83.7708
1225416	1	2021	Natural Stand	L 	13	12143	13.8	15.5	35.073	5.5122	6.7467	6.5984	13.3451	40.5852	53.9302
1225416	1	2021	Natural Stand	L 	13	12144	17.3	13.6	61.9203	9.1518	9.2881	10.5684	19.8565	71.072	90.9285
1225416	1	2021	Natural Stand	L 	13	12145	13.5	12.4	33.1871	5.2471	6.5402	6.303	12.8432	38.4341	51.2773
1225416	1	2021	Natural Stand	L 	13	12146	6.8	7.1	5.916	1.127	2.4796	1.5098	3.9893	7.043	11.0323
1225436	1	2006	Natural Stand	L 	13	12291	15.9	15.62	50.0809	7.5736	8.2431	8.8641	17.1073	57.6545	74.7618
1225436	1	2006	Natural Stand	L 	13	12292	17	14.93	59.2554	8.7996	9.0611	10.1901	19.2512	68.0551	87.3063
1225436	1	2006	Natural Stand	L 	13	12293	16.2	14.8	52.4911	7.8979	8.464	9.2162	17.6802	60.389	78.0692
1225436	1	2006	Natural Stand	L 	13	12294	17.8	14.28	66.5196	9.7557	9.67	11.2149	20.8849	76.2753	97.1602
1225436	1	2006	Natural Stand	L 	13	12295	15.8	13.95	49.2926	7.4672	8.1699	8.7484	16.9183	56.7598	73.6781
1225436	1	2006	Natural Stand	L 	13	12296	21.7	13.75	109.4747	15.2138	12.7971	16.947	29.7441	124.6885	154.4326
1225436	1	2006	Natural Stand	L 	13	12297	15.8	13.05	49.2926	7.4672	8.1699	8.7484	16.9183	56.7598	73.6781
1225436	1	2006	Natural Stand	L 	13	12298	10.4	11.47	17.2208	2.9228	4.5222	3.6597	8.1818	20.1435	28.3254
1225436	1	2006	Natural Stand	L 	13	12299	9.7	9.11	14.4528	2.4999	4.0978	3.165	7.2628	16.9527	24.2155
1225436	1	2006	Natural Stand	L 	13	12300	9	8.91	11.9716	2.1133	3.6859	2.7076	6.3935	14.0849	20.4784
1225436	1	2012	Natural Stand	L 	13	12470	17	17.6	59.2554	8.7996	9.0611	10.1901	19.2512	68.0551	87.3063
1225436	1	2012	Natural Stand	L 	13	12471	16.1	16.2	51.6801	7.789	8.3902	9.0981	17.4882	59.4691	76.9573
1225436	1	2012	Natural Stand	L 	13	12472	18.5	15.9	73.2951	10.6373	10.2122	12.1536	22.3657	83.9324	106.2982
1225436	1	2012	Natural Stand	L 	13	12473	16.5	15.5	54.9699	8.2297	8.6865	9.5755	18.262	63.1997	81.4616
1225436	1	2012	Natural Stand	L 	13	12474	16.4	14.7	54.136	8.1183	8.6121	9.4549	18.0671	62.2543	80.3214
1225436	1	2012	Natural Stand	L 	13	12475	22	14.6	113.3206	15.6896	13.048	17.4389	30.487	129.0101	159.4971
1225436	1	2012	Natural Stand	L 	13	12476	16	14.2	50.8767	7.6809	8.3166	8.9807	17.2973	58.5576	75.8549
1225436	1	2012	Natural Stand	L 	13	12477	15.6	13.3	47.7385	7.2569	8.024	8.5192	16.5432	54.9954	71.5386
1225436	1	2012	Natural Stand	L 	13	12478	13.7	12.6	34.4373	5.423	6.6776	6.4992	13.1768	39.8604	53.0371
1225436	1	2012	Natural Stand	L 	13	12479	9.3	9.9	13.0006	2.2746	3.8608	2.8991	6.76	15.2752	22.0351
1225436	1	2012	Natural Stand	L 	13	12480	9.6	7.6	14.0811	2.4425	4.0382	3.0974	7.1356	16.5235	23.6591
1225436	1	2012	Natural Stand	L 	13	12481	3.3	4.9	0.9603	0.2227	0.8918	0.3346	1.2265	1.183	2.4095
1225436	1	2012	Natural Stand	L 	13	12482	3.3	3.5	0.9603	0.2227	0.8918	0.3346	1.2265	1.183	2.4095
1225436	1	2012	Natural Stand	L 	13	12483	2.6	2.6	0.5273	0.1304	0.6366	0.2036	0.8402	0.6577	1.4979
1225436	1	2021	Natural Stand	L 	13	12659	15.7	15.3	48.5118	7.3616	8.0969	8.6334	16.7303	55.8734	72.6037
1225436	1	2021	Natural Stand	L 	13	12660	17	14.8	59.2554	8.7996	9.0611	10.1901	19.2512	68.0551	87.3063
1225436	1	2021	Natural Stand	L 	13	12661	19.6	14.6	84.7529	12.1086	11.0814	13.7081	24.7895	96.8615	121.651
1225436	1	2021	Natural Stand	L 	13	12662	18	14.6	68.4151	10.0033	9.824	11.4791	21.3031	78.4184	99.7215
1225436	1	2021	Natural Stand	L 	13	12663	16.4	14.4	54.136	8.1183	8.6121	9.4549	18.0671	62.2543	80.3214
1225436	1	2021	Natural Stand	L 	13	12664	22.4	14.2	118.5733	16.3366	13.3848	18.1062	31.491	134.91	166.401
1225436	1	2021	Natural Stand	L 	13	12665	16.6	14.1	55.8116	8.342	8.761	9.6968	18.4578	64.1536	82.6114
1225436	1	2021	Natural Stand	L 	13	12666	17.4	12.6	62.8243	9.2708	9.3641	10.6961	20.0602	72.0951	92.1553
1225436	1	2021	Natural Stand	L 	13	12667	14.2	11.6	37.6858	5.877	7.0249	7.0032	14.0281	43.5629	57.591
1225436	1	2021	Natural Stand	L 	13	12668	9.8	9.9	14.8305	2.5581	4.1577	3.2334	7.3911	17.3885	24.7796
1225436	1	2021	Natural Stand	L 	13	12669	10.3	8.1	16.8074	2.8601	4.4608	3.5867	8.0475	19.6675	27.715
1225436	1	2021	Natural Stand	L 	13	12670	3	2.9	0.7557	0.1798	0.7794	0.2744	1.0537	0.9355	1.9892
1225456	1	2006	Natural Stand	L 	13	12819	20.2	16.53	91.4293	12.9558	11.5642	14.5971	26.1613	104.3851	130.5464
1225456	1	2006	Natural Stand	L 	13	12820	17.9	16.45	67.4633	9.8791	9.7469	11.3466	21.0935	77.3424	98.4359
1225456	1	2006	Natural Stand	L 	13	12821	23.5	16.42	133.7651	18.1911	14.3238	20.0084	34.3322	151.9562	186.2884
1225456	1	2006	Natural Stand	L 	13	12822	18.1	15.82	69.375	10.1284	9.9013	11.6124	21.5137	79.5033	101.017
1225456	1	2006	Natural Stand	L 	13	12823	17.3	15.06	61.9203	9.1518	9.2881	10.5684	19.8565	71.072	90.9285
1225456	1	2006	Natural Stand	L 	13	12824	20.6	14.26	96.0506	13.5383	11.8894	15.2059	27.0953	109.5889	136.6843
1225456	1	2006	Natural Stand	L 	13	12825	15.4	14.13	46.2143	7.0499	7.8789	8.2931	16.1721	53.2642	69.4363
1225456	1	2006	Natural Stand	L 	13	12826	11.4	12.78	21.6929	3.5911	5.1492	4.4313	9.5805	25.2839	34.8644
1225456	1	2006	Natural Stand	L 	13	12827	5	5.23	2.7303	0.5655	1.6051	0.7955	2.4006	3.2958	5.6964
1225456	1	2012	Natural Stand	L 	13	12884	20.3	18	92.5718	13.1001	11.6453	14.7481	26.3933	105.6719	132.0652
1225456	1	2012	Natural Stand	L 	13	12885	24	17.9	141.0378	19.0707	14.7567	20.9058	35.6625	160.1085	195.7711
1225456	1	2012	Natural Stand	L 	13	12886	18.1	17.3	69.375	10.1284	9.9013	11.6124	21.5137	79.5033	101.017
1225456	1	2012	Natural Stand	L 	13	12887	18.2	16.5	70.3428	10.2543	9.9788	11.7465	21.7252	80.5971	102.3224
1225456	1	2012	Natural Stand	L 	13	12888	15.6	16	47.7385	7.2569	8.024	8.5192	16.5432	54.9954	71.5386
1225456	1	2012	Natural Stand	L 	13	12889	15.8	15.8	49.2926	7.4672	8.1699	8.7484	16.9183	56.7598	73.6781
1225456	1	2012	Natural Stand	L 	13	12890	17.6	15.8	64.656	9.5116	9.5167	10.9539	20.4706	74.1676	94.6382
1225456	1	2012	Natural Stand	L 	13	12891	15.9	15.3	50.0809	7.5736	8.2431	8.8641	17.1073	57.6545	74.7618
1225456	1	2012	Natural Stand	L 	13	12892	21.4	14.4	105.7085	14.7461	12.5476	16.4624	29.0101	120.4546	149.4646
1225456	1	2012	Natural Stand	L 	13	12893	17.6	14	64.656	9.5116	9.5167	10.9539	20.4706	74.1676	94.6382
1225456	1	2012	Natural Stand	L 	13	12894	18.7	13.9	75.3041	10.897	10.3687	12.429	22.7976	86.201	108.9987
1225456	1	2012	Natural Stand	L 	13	12895	11.7	13.2	23.1572	3.8065	5.3419	4.6778	10.0196	26.9637	36.9833
1225456	1	2012	Natural Stand	L 	13	12896	5.3	5.7	3.1612	0.6444	1.743	0.8982	2.6412	3.8056	6.4468
1225456	1	2012	Natural Stand	L 	13	12897	6.2	5.7	4.6897	0.9161	2.1759	1.2454	3.4213	5.6058	9.0271
1225456	1	2023	Natural Stand	L 	13	12955	18.5	17.5	73.2951	10.6373	10.2122	12.1536	22.3657	83.9324	106.2982
1225456	1	2023	Natural Stand	L 	13	12956	25.2	17.4	159.4485	21.2761	15.811	23.1432	38.9541	180.7246	219.6787
1225456	1	2023	Natural Stand	L 	13	12957	16.1	16.4	51.6801	7.789	8.3902	9.0981	17.4882	59.4691	76.9573
1225456	1	2023	Natural Stand	L 	13	12958	18.4	16.1	72.3029	10.5088	10.1342	12.0171	22.1513	82.8117	104.9629
1225456	1	2023	Natural Stand	L 	13	12959	16.5	16.1	54.9699	8.2297	8.6865	9.5755	18.262	63.1997	81.4616
1225456	1	2023	Natural Stand	L 	13	12960	13	16	30.1823	4.8212	6.2002	5.8263	12.0265	35.0035	47.03
1225456	1	2023	Natural Stand	L 	13	12961	18.8	15.9	76.3208	11.0281	10.4472	12.5679	23.0151	87.3489	110.364
1225456	1	2023	Natural Stand	L 	13	12962	17	15.9	59.2554	8.7996	9.0611	10.1901	19.2512	68.0551	87.3063
1225456	1	2023	Natural Stand	L 	13	12963	16.4	15.7	54.136	8.1183	8.6121	9.4549	18.0671	62.2543	80.3214
1225456	1	2023	Natural Stand	L 	13	12964	17.2	15.7	61.0242	9.0335	9.2122	10.4415	19.6537	70.0577	89.7114
1225456	1	2023	Natural Stand	L 	13	12965	17.8	15.3	66.5196	9.7557	9.67	11.2149	20.8849	76.2753	97.1602
1225456	1	2023	Natural Stand	L 	13	12966	16.6	15.2	55.8116	8.342	8.761	9.6968	18.4578	64.1536	82.6114
1225456	1	2023	Natural Stand	L 	13	12967	15.2	15.1	44.7199	6.8462	7.7346	8.0703	15.8049	51.566	67.3709
1225456	1	2023	Natural Stand	L 	13	12968	13.4	14.6	32.5723	5.1603	6.4717	6.2061	12.6778	37.7326	50.4105
1225456	1	2023	Natural Stand	L 	13	12969	15.1	14.5	43.9837	6.7456	7.6627	7.96	15.6228	50.7293	66.352
1225456	1	2023	Natural Stand	L 	13	12970	16.5	14.4	54.9699	8.2297	8.6865	9.5755	18.262	63.1997	81.4616
1225456	1	2023	Natural Stand	L 	13	12971	15.1	14.4	43.9837	6.7456	7.6627	7.96	15.6228	50.7293	66.352
1225456	1	2023	Natural Stand	L 	13	12972	23.2	14.3	129.5123	17.6744	14.0659	19.4798	33.5457	147.1867	180.7324
1225456	1	2023	Natural Stand	L 	13	12973	15.8	14	49.2926	7.4672	8.1699	8.7484	16.9183	56.7598	73.6781
1225456	1	2023	Natural Stand	L 	13	12974	12.5	13.9	27.3475	4.4152	5.8657	5.369	11.2347	31.7627	42.9974
1225456	1	2023	Natural Stand	L 	13	12975	13.6	13.8	33.8087	5.3346	6.6088	6.4007	13.0095	39.1434	52.1528
1225456	1	2023	Natural Stand	L 	13	12976	12.3	13.4	26.2605	4.2583	5.7334	5.1916	10.9249	30.5188	41.4438
1225456	1	2023	Natural Stand	L 	13	12977	13.8	13.1	35.073	5.5122	6.7467	6.5984	13.3451	40.5852	53.9302
1225456	1	2023	Natural Stand	L 	13	12978	13.9	12.7	35.7156	5.6022	6.8159	6.6984	13.5143	41.3178	54.8321
1225456	1	2023	Natural Stand	L 	13	12979	13.7	12.7	34.4373	5.423	6.6776	6.4992	13.1768	39.8604	53.0371
1225456	1	2023	Natural Stand	L 	13	12980	11.5	12.1	22.1746	3.6621	5.2132	4.5127	9.7258	25.8367	35.5625
1225456	1	2023	Natural Stand	L 	13	12981	14.3	12	38.3568	5.9703	7.0949	7.1064	14.2013	44.327	58.5284
1225456	1	2023	Natural Stand	L 	13	12982	15	11.7	43.2549	6.6458	7.5911	7.8506	15.4416	49.9007	65.3423
1225456	1	2023	Natural Stand	L 	13	12983	13.6	11.7	33.8087	5.3346	6.6088	6.4007	13.0095	39.1434	52.1528
1225456	1	2023	Natural Stand	L 	13	12984	14.3	11.5	38.3568	5.9703	7.0949	7.1064	14.2013	44.327	58.5284
1225456	1	2023	Natural Stand	L 	13	12985	11.8	10.9	23.6581	3.8799	5.4065	4.7615	10.168	27.538	37.706
1225456	1	2023	Natural Stand	L 	13	12986	17.8	10.9	66.5196	9.7557	9.67	11.2149	20.8849	76.2753	97.1602
1225456	1	2023	Natural Stand	L 	13	12987	12.4	10.9	26.8007	4.3364	5.7994	5.2799	11.0793	31.1371	42.2164
1225456	1	2023	Natural Stand	L 	13	12988	12.1	10.7	25.1999	4.1046	5.602	5.0172	10.6192	29.3045	39.9237
1225456	1	2023	Natural Stand	L 	13	12989	14.3	10.2	38.3568	5.9703	7.0949	7.1064	14.2013	44.327	58.5284
1225456	1	2023	Natural Stand	L 	13	12990	11.8	10.1	23.6581	3.8799	5.4065	4.7615	10.168	27.538	37.706
1225456	1	2023	Natural Stand	L 	13	12991	11.4	10	21.6929	3.5911	5.1492	4.4313	9.5805	25.2839	34.8644
1225456	1	2023	Natural Stand	L 	13	12992	13.1	9.7	30.7695	4.9048	6.2678	5.9201	12.1878	35.6743	47.8621
1225456	1	2023	Natural Stand	L 	13	12993	12	9.5	24.6794	4.0289	5.5366	4.9312	10.4678	28.7084	39.1761
1225456	1	2023	Natural Stand	L 	13	12994	12.2	9.4	25.7269	4.1811	5.6676	5.104	10.7715	29.908	40.6795
1225456	1	2023	Natural Stand	L 	13	12995	10.3	9.3	16.8074	2.8601	4.4608	3.5867	8.0475	19.6675	27.715
1225456	1	2023	Natural Stand	L 	13	12996	8.5	9	10.3688	1.859	3.3997	2.4036	5.8032	12.2278	18.0311
1225456	1	2023	Natural Stand	L 	13	12997	6.1	5.7	4.5018	0.8833	2.1264	1.2039	3.3303	5.3851	8.7154
1225456	1	2023	Natural Stand	L 	13	12998	5.1	4.3	2.8698	0.5912	1.6507	0.829	2.4797	3.4609	5.9406
1225701	1	2004	Natural Stand	L 	13	13026	23.4	21.09	132.3383	18.018	14.2377	19.8314	34.0691	150.3562	184.4253
1225701	1	2004	Natural Stand	L 	13	13027	22.5	20.58	119.909	16.5007	13.4694	18.275	31.7444	136.4097	168.1541
1225701	1	2004	Natural Stand	L 	13	13028	22	19.77	113.3206	15.6896	13.048	17.4389	30.487	129.0101	159.4971
1225701	1	2004	Natural Stand	L 	13	13029	15.3	15.03	45.4634	6.9476	7.8067	8.1813	15.988	52.411	68.399
1225701	1	2004	Natural Stand	L 	13	13030	7.6	11.08	7.8253	1.4463	2.902	1.9036	4.8055	9.2716	14.0772
1225701	1	2007	Natural Stand	L 	13	13059	22.2	20.6	115.929	16.0113	13.2161	17.7709	30.987	131.9403	162.9274
1225701	1	2007	Natural Stand	L 	13	13060	16.2	19.6	52.4911	7.8979	8.464	9.2162	17.6802	60.389	78.0692
1225701	1	2007	Natural Stand	L 	13	13061	19.3	19.3	81.5285	11.6968	10.8423	13.2745	24.1168	93.2253	117.3421
1225701	1	2007	Natural Stand	L 	13	13062	18.1	19.1	69.375	10.1284	9.9013	11.6124	21.5137	79.5033	101.017
1225701	1	2007	Natural Stand	L 	13	13063	14.1	13.1	37.022	5.7846	6.955	6.9008	13.8559	42.8066	56.6625
1225701	1	2016	Natural Stand	L 	13	13070	19.4	18.6	82.5949	11.8332	10.9218	13.4182	24.34	94.4281	118.7682
1225701	1	2016	Natural Stand	L 	13	13071	22.5	18	119.909	16.5007	13.4694	18.275	31.7444	136.4097	168.1541
1225701	1	2016	Natural Stand	L 	13	13072	15.2	17.4	44.7199	6.8462	7.7346	8.0703	15.8049	51.566	67.3709
1232251	1	2008	Natural Stand	L 	13	13074	24.6	18.13	150.0731	20.1567	15.2812	22.0097	37.2909	170.2298	207.5207
1232251	1	2008	Natural Stand	L 	13	13075	16.9	16.41	58.3828	8.684	8.9858	10.0656	19.0514	67.0668	86.1182
1232251	1	2008	Natural Stand	L 	13	13076	16	15.69	50.8767	7.6809	8.3166	8.9807	17.2973	58.5576	75.8549
1232251	1	2008	Natural Stand	L 	13	13077	15.4	14.9	46.2143	7.0499	7.8789	8.2931	16.1721	53.2642	69.4363
1232251	1	2008	Natural Stand	L 	13	13078	12.3	14.07	26.2605	4.2583	5.7334	5.1916	10.9249	30.5188	41.4438
1232251	1	2008	Natural Stand	L 	13	13079	11.5	13.99	22.1746	3.6621	5.2132	4.5127	9.7258	25.8367	35.5625
1232251	1	2008	Natural Stand	L 	13	13080	10.2	13.3	16.4001	2.7982	4.3997	3.5145	7.9142	19.1983	27.1125
1232251	1	2008	Natural Stand	L 	13	13081	15.5	13.29	46.9727	7.153	7.9514	8.4058	16.3572	54.1257	70.4828
1232251	1	2008	Natural Stand	L 	13	13082	12.4	12.68	26.8007	4.3364	5.7994	5.2799	11.0793	31.1371	42.2164
1232251	1	2008	Natural Stand	L 	13	13083	10.7	11.96	18.4974	3.1153	4.7078	3.8831	8.5909	21.6126	30.2035
1232251	1	2008	Natural Stand	L 	13	13084	11	11.89	19.8294	3.3146	4.8955	4.1134	9.0089	23.144	32.1529
1232251	1	2008	Natural Stand	L 	13	13085	12.1	11.39	25.1999	4.1046	5.602	5.0172	10.6192	29.3045	39.9237
1232251	1	2008	Natural Stand	L 	13	13086	12	11.24	24.6794	4.0289	5.5366	4.9312	10.4678	28.7084	39.1761
1232251	1	2008	Natural Stand	L 	13	13087	11	9.21	19.8294	3.3146	4.8955	4.1134	9.0089	23.144	32.1529
1232251	1	2008	Natural Stand	L 	13	13088	13.4	7.58	32.5723	5.1603	6.4717	6.2061	12.6778	37.7326	50.4105
1232251	1	2008	Natural Stand	L 	13	13089	9.2	7.4	12.6519	2.2201	3.8023	2.8345	6.6368	14.872	21.5088
1232251	1	2008	Natural Stand	L 	13	13090	5.7	6.39	3.7959	0.7587	1.9319	1.0452	2.9772	4.5546	7.5317
1232251	1	2008	Natural Stand	L 	13	13091	5.7	5.66	3.7959	0.7587	1.9319	1.0452	2.9772	4.5546	7.5317
1232251	1	2008	Natural Stand	L 	13	13092	5.1	4.49	2.8698	0.5912	1.6507	0.829	2.4797	3.4609	5.9406
1232251	1	2008	Natural Stand	L 	13	13093	4.3	2.79	1.8685	0.4032	1.2968	0.5809	1.8777	2.2717	4.1494
1232251	1	2018	Natural Stand	L 	13	13140	18.5	18.3	73.2951	10.6373	10.2122	12.1536	22.3657	83.9324	106.2982
1232251	1	2018	Natural Stand	L 	13	13141	16.8	17.3	57.518	8.5691	8.9107	9.9418	18.8525	66.0871	84.9397
1232251	1	2018	Natural Stand	L 	13	13142	10.4	14.5	17.2208	2.9228	4.5222	3.6597	8.1818	20.1435	28.3254
1232251	1	2018	Natural Stand	L 	13	13143	13.4	13.5	32.5723	5.1603	6.4717	6.2061	12.6778	37.7326	50.4105
1232251	1	2018	Natural Stand	L 	13	13144	13.7	12.2	34.4373	5.423	6.6776	6.4992	13.1768	39.8604	53.0371
1232251	1	2018	Natural Stand	L 	13	13145	12.5	12.1	27.3475	4.4152	5.8657	5.369	11.2347	31.7627	42.9974
1232251	1	2018	Natural Stand	L 	13	13146	7.4	7.2	7.3177	1.3624	2.7945	1.8007	4.5952	8.6801	13.2753
1232251	1	2018	Natural Stand	L 	13	13147	6.3	6	4.8823	0.9496	2.2257	1.2876	3.5133	5.8318	9.3452
1232251	1	2018	Natural Stand	L 	13	13148	7.7	5.1	8.0868	1.4894	2.9561	1.9562	4.9123	9.5762	14.4884
1232251	1	2018	Natural Stand	L 	13	13149	6.2	4.5	4.6897	0.9161	2.1759	1.2454	3.4213	5.6058	9.0271
1232251	1	2018	Natural Stand	L 	13	13150	4.4	3.5	1.9797	0.4245	1.3397	0.6094	1.9491	2.4043	4.3534
1232266	1	2006	Natural Stand	L 	13	13185	19.7	15.9	85.8445	12.2476	11.1615	13.8542	25.0157	98.0921	123.1078
1232266	1	2006	Natural Stand	L 	13	13186	24.1	15.82	142.5203	19.2494	14.8438	21.0877	35.9315	161.7697	197.7012
1232266	1	2006	Natural Stand	L 	13	13187	20.5	14.7	94.8824	13.3913	11.8078	15.0525	26.8603	108.2738	135.1341
1232266	1	2006	Natural Stand	L 	13	13188	21.1	12.56	102.0214	14.2865	12.2996	15.9852	28.2847	116.3079	144.5926
1232266	1	2006	Natural Stand	L 	13	13189	12.8	8.5	29.0281	4.6564	6.0657	5.641	11.7068	33.6846	45.3914
1232266	1	2006	Natural Stand	L 	13	13190	5.7	5.53	3.7959	0.7587	1.9319	1.0452	2.9772	4.5546	7.5317
1232266	1	2015	Natural Stand	L 	13	13216	24.7	18	151.6119	20.341	15.3691	22.1966	37.5657	171.9529	209.5186
1232266	1	2015	Natural Stand	L 	13	13217	25.2	16.3	159.4485	21.2761	15.811	23.1432	38.9541	180.7246	219.6787
1232266	1	2015	Natural Stand	L 	13	13218	18.3	15.4	71.3188	10.3811	10.0564	11.8814	21.9378	81.6999	103.6377
1232266	1	2015	Natural Stand	L 	13	13219	24.1	15	142.5203	19.2494	14.8438	21.0877	35.9315	161.7697	197.7012
1232266	1	2015	Natural Stand	L 	13	13220	13.7	10	34.4373	5.423	6.6776	6.4992	13.1768	39.8604	53.0371
1232266	1	2015	Natural Stand	L 	13	13221	11.3	8.4	21.2175	3.5208	5.0854	4.3507	9.4361	24.7383	34.1744
1232266	1	2015	Natural Stand	L 	13	13222	5.5	6.2	3.4698	0.7002	1.8368	0.9703	2.807	4.1701	6.9771
1232266	1	2015	Natural Stand	L 	13	13223	5.3	5.3	3.1612	0.6444	1.743	0.8982	2.6412	3.8056	6.4468
1232266	1	2015	Natural Stand	L 	13	13224	10.1	2	15.9987	2.7371	4.3388	3.4431	7.7819	18.7358	26.5177
1232266	1	2022	Natural Stand	L 	13	13242	27.1	19.3	191.4283	25.0437	17.5229	26.9283	44.4512	216.472	260.9233
1232266	1	2022	Natural Stand	L 	13	13243	25.5	16.9	164.265	21.8484	16.0778	23.721	39.7989	186.1134	225.9123
1232266	1	2022	Natural Stand	L 	13	13244	25.4	16.8	162.6499	21.6567	15.9887	23.5276	39.5163	184.3066	223.8229
1232266	1	2022	Natural Stand	L 	13	13245	19.1	15.9	79.4206	11.4267	10.6837	12.9894	23.6732	90.8473	114.5204
1232266	1	2022	Natural Stand	L 	13	13246	17.9	14.2	67.4633	9.8791	9.7469	11.3466	21.0935	77.3424	98.4359
1232266	1	2022	Natural Stand	L 	13	13247	17.6	13.4	64.656	9.5116	9.5167	10.9539	20.4706	74.1676	94.6382
1232266	1	2022	Natural Stand	L 	13	13248	19.7	12.8	85.8445	12.2476	11.1615	13.8542	25.0157	98.0921	123.1078
1232266	1	2022	Natural Stand	L 	13	13249	14.5	12.2	39.7201	6.1592	7.2357	7.3151	14.5508	45.8793	60.4301
1232266	1	2022	Natural Stand	L 	13	13250	13.4	10.4	32.5723	5.1603	6.4717	6.2061	12.6778	37.7326	50.4105
1232266	1	2022	Natural Stand	L 	13	13251	11.7	10.1	23.1572	3.8065	5.3419	4.6778	10.0196	26.9637	36.9833
1232266	1	2022	Natural Stand	L 	13	13252	11.4	10	21.6929	3.5911	5.1492	4.4313	9.5805	25.2839	34.8644
1232266	1	2022	Natural Stand	L 	13	13253	11.6	9.8	22.6627	3.7339	5.2774	4.5948	9.8722	26.3966	36.2688
1232266	1	2022	Natural Stand	L 	13	13254	9.3	8.1	13.0006	2.2746	3.8608	2.8991	6.76	15.2752	22.0351
1232296	1	2006	Natural Stand	L 	13	13266	10.5	8.27	17.6402	2.9862	4.5838	3.7334	8.3172	20.6264	28.9435
1232296	1	2006	Natural Stand	L 	13	13267	9	7.94	11.9716	2.1133	3.6859	2.7076	6.3935	14.0849	20.4784
1232301	1	2006	Natural Stand	L 	13	13269	24.5	21.21	148.5437	19.9734	15.1934	21.8237	37.0171	168.5171	205.5342
1232301	1	2006	Natural Stand	L 	13	13270	22.8	20.28	123.9702	16.9982	13.7241	18.7865	32.5106	140.9684	173.479
1232301	1	2006	Natural Stand	L 	13	13271	18.6	19.72	74.2955	10.7667	10.2903	12.2909	22.5812	85.0622	107.6434
1232301	1	2006	Natural Stand	L 	13	13272	16.7	19.49	56.6609	8.4552	8.8358	9.8189	18.6547	65.1161	83.7708
1232301	1	2006	Natural Stand	L 	13	13273	17.6	19.12	64.656	9.5116	9.5167	10.9539	20.4706	74.1676	94.6382
1232301	1	2006	Natural Stand	L 	13	13274	16.5	19.11	54.9699	8.2297	8.6865	9.5755	18.262	63.1997	81.4616
1232301	1	2006	Natural Stand	L 	13	13275	19.7	17.85	85.8445	12.2476	11.1615	13.8542	25.0157	98.0921	123.1078
1232301	1	2006	Natural Stand	L 	13	13276	20.4	16.4	93.7228	13.2453	11.7265	14.8999	26.6264	106.9681	133.5945
1232301	1	2006	Natural Stand	L 	13	13277	10.8	12.79	18.9352	3.181	4.7701	3.9591	8.7292	22.1161	30.8453
1232301	1	2006	Natural Stand	L 	13	13278	11.7	11.94	23.1572	3.8065	5.3419	4.6778	10.0196	26.9637	36.9833
1232301	1	2012	Natural Stand	L 	13	13279	17	21.8	59.2554	8.7996	9.0611	10.1901	19.2512	68.0551	87.3063
1232301	1	2021	Natural Stand	L 	13	13280	17.2	22.2	61.0242	9.0335	9.2122	10.4415	19.6537	70.0577	89.7114
1232301	1	2021	Natural Stand	L 	13	13281	4	4.9	1.5578	0.3428	1.1707	0.4997	1.6704	1.9006	3.571
1232301	1	2021	Natural Stand	L 	13	13282	5.8	4.3	3.9656	0.7888	1.98	1.0838	3.0638	4.7544	7.8183
1232301	1	2021	Natural Stand	L 	13	13283	4	4	1.5578	0.3428	1.1707	0.4997	1.6704	1.9006	3.571
1232301	1	2021	Natural Stand	L 	13	13284	3.8	4	1.3693	0.3056	1.0888	0.449	1.5378	1.6749	3.2127
1232396	1	2004	Natural Stand	L 	13	13292	14.9	13.35	42.5334	6.5468	7.5196	7.7419	15.2615	49.0802	64.3417
1232396	1	2004	Natural Stand	L 	13	13293	14.5	12.68	39.7201	6.1592	7.2357	7.3151	14.5508	45.8793	60.4301
1232396	1	2004	Natural Stand	L 	13	13294	15	12.68	43.2549	6.6458	7.5911	7.8506	15.4416	49.9007	65.3423
1232396	1	2004	Natural Stand	L 	13	13295	15.2	12.38	44.7199	6.8462	7.7346	8.0703	15.8049	51.566	67.3709
1232396	1	2004	Natural Stand	L 	13	13296	10.1	11.43	15.9987	2.7371	4.3388	3.4431	7.7819	18.7358	26.5177
1232396	1	2004	Natural Stand	L 	13	13297	5	7.67	2.7303	0.5655	1.6051	0.7955	2.4006	3.2958	5.6964
1232396	1	2013	Natural Stand	L 	13	13496	17.9	15.3	67.4633	9.8791	9.7469	11.3466	21.0935	77.3424	98.4359
1232396	1	2013	Natural Stand	L 	13	13497	16.9	13.7	58.3828	8.684	8.9858	10.0656	19.0514	67.0668	86.1182
1232396	1	2013	Natural Stand	L 	13	13498	16.4	13.6	54.136	8.1183	8.6121	9.4549	18.0671	62.2543	80.3214
1232396	1	2013	Natural Stand	L 	13	13499	19.3	13.3	81.5285	11.6968	10.8423	13.2745	24.1168	93.2253	117.3421
1232396	1	2013	Natural Stand	L 	13	13500	12.7	12.3	28.4612	4.5752	5.9988	5.5496	11.5484	33.0365	44.5849
1232396	1	2013	Natural Stand	L 	13	13501	5.2	7.8	3.0134	0.6175	1.6967	0.8632	2.5599	3.6308	6.1907
1232396	1	2013	Natural Stand	L 	13	13502	4.2	4.23	1.7612	0.3825	1.2543	0.5531	1.8075	2.1436	3.9511
1232396	1	2013	Natural Stand	L 	13	13503	4	4	1.5578	0.3428	1.1707	0.4997	1.6704	1.9006	3.571
1232396	1	2013	Natural Stand	L 	13	13504	4.5	4	2.0948	0.4465	1.3829	0.6387	2.0216	2.5413	4.5629
1232396	1	2023	Natural Stand	L 	13	13619	18.8	16.7	76.3208	11.0281	10.4472	12.5679	23.0151	87.3489	110.364
1232396	1	2023	Natural Stand	L 	13	13620	17.6	16.3	64.656	9.5116	9.5167	10.9539	20.4706	74.1676	94.6382
1232396	1	2023	Natural Stand	L 	13	13621	17.8	16.3	66.5196	9.7557	9.67	11.2149	20.8849	76.2753	97.1602
1232396	1	2023	Natural Stand	L 	13	13622	17	16	59.2554	8.7996	9.0611	10.1901	19.2512	68.0551	87.3063
1232396	1	2023	Natural Stand	L 	13	13623	15.8	15.7	49.2926	7.4672	8.1699	8.7484	16.9183	56.7598	73.6781
1232396	1	2023	Natural Stand	L 	13	13624	16	15.6	50.8767	7.6809	8.3166	8.9807	17.2973	58.5576	75.8549
1232396	1	2023	Natural Stand	L 	13	13625	15	15.5	43.2549	6.6458	7.5911	7.8506	15.4416	49.9007	65.3423
1232396	1	2023	Natural Stand	L 	13	13626	17.3	15.5	61.9203	9.1518	9.2881	10.5684	19.8565	71.072	90.9285
1232396	1	2023	Natural Stand	L 	13	13627	15.6	15.5	47.7385	7.2569	8.024	8.5192	16.5432	54.9954	71.5386
1232396	1	2023	Natural Stand	L 	13	13628	15.4	15.4	46.2143	7.0499	7.8789	8.2931	16.1721	53.2642	69.4363
1232396	1	2023	Natural Stand	L 	13	13629	16	15.3	50.8767	7.6809	8.3166	8.9807	17.2973	58.5576	75.8549
1232396	1	2023	Natural Stand	L 	13	13630	16.8	15.3	57.518	8.5691	8.9107	9.9418	18.8525	66.0871	84.9397
1232396	1	2023	Natural Stand	L 	13	13631	17.1	15	60.1359	8.9162	9.1366	10.3154	19.452	69.0521	88.504
1232396	1	2023	Natural Stand	L 	13	13632	15.5	15	46.9727	7.153	7.9514	8.4058	16.3572	54.1257	70.4828
1232396	1	2023	Natural Stand	L 	13	13633	18.3	14.9	71.3188	10.3811	10.0564	11.8814	21.9378	81.6999	103.6377
1232396	1	2023	Natural Stand	L 	13	13634	15.5	14.8	46.9727	7.153	7.9514	8.4058	16.3572	54.1257	70.4828
1232396	1	2023	Natural Stand	L 	13	13635	21.3	14.6	104.4707	14.592	12.4648	16.3025	28.7673	119.0627	147.83
1232396	1	2023	Natural Stand	L 	13	13636	13.3	14.6	31.9645	5.0743	6.4035	6.11	12.5135	37.0388	49.5524
1232396	1	2023	Natural Stand	L 	13	13637	12.3	14.4	26.2605	4.2583	5.7334	5.1916	10.9249	30.5188	41.4438
1232396	1	2023	Natural Stand	L 	13	13638	15.7	14.4	48.5118	7.3616	8.0969	8.6334	16.7303	55.8734	72.6037
1232396	1	2023	Natural Stand	L 	13	13639	16.9	14.4	58.3828	8.684	8.9858	10.0656	19.0514	67.0668	86.1182
1232396	1	2023	Natural Stand	L 	13	13640	17.8	14.3	66.5196	9.7557	9.67	11.2149	20.8849	76.2753	97.1602
1232396	1	2023	Natural Stand	L 	13	13641	15.2	14.2	44.7199	6.8462	7.7346	8.0703	15.8049	51.566	67.3709
1232396	1	2023	Natural Stand	L 	13	13642	15.6	14.2	47.7385	7.2569	8.024	8.5192	16.5432	54.9954	71.5386
1232396	1	2023	Natural Stand	L 	13	13643	13.8	14.2	35.073	5.5122	6.7467	6.5984	13.3451	40.5852	53.9302
1232396	1	2023	Natural Stand	L 	13	13644	14.2	14.1	37.6858	5.877	7.0249	7.0032	14.0281	43.5629	57.591
1232396	1	2023	Natural Stand	L 	13	13645	16.5	13.9	54.9699	8.2297	8.6865	9.5755	18.262	63.1997	81.4616
1232396	1	2023	Natural Stand	L 	13	13646	14.2	13.8	37.6858	5.877	7.0249	7.0032	14.0281	43.5629	57.591
1232396	1	2023	Natural Stand	L 	13	13647	15.7	13.7	48.5118	7.3616	8.0969	8.6334	16.7303	55.8734	72.6037
1232396	1	2023	Natural Stand	L 	13	13648	13.1	13.5	30.7695	4.9048	6.2678	5.9201	12.1878	35.6743	47.8621
1232396	1	2023	Natural Stand	L 	13	13649	16.2	13.5	52.4911	7.8979	8.464	9.2162	17.6802	60.389	78.0692
1232396	1	2023	Natural Stand	L 	13	13650	15	13.5	43.2549	6.6458	7.5911	7.8506	15.4416	49.9007	65.3423
1232396	1	2023	Natural Stand	L 	13	13651	13	13.3	30.1823	4.8212	6.2002	5.8263	12.0265	35.0035	47.03
1232396	1	2023	Natural Stand	L 	13	13652	11.8	13.3	23.6581	3.8799	5.4065	4.7615	10.168	27.538	37.706
1232396	1	2023	Natural Stand	L 	13	13653	13.4	13.2	32.5723	5.1603	6.4717	6.2061	12.6778	37.7326	50.4105
1232396	1	2023	Natural Stand	L 	13	13654	11	13.1	19.8294	3.3146	4.8955	4.1134	9.0089	23.144	32.1529
1232396	1	2023	Natural Stand	L 	13	13655	14	13	36.3652	5.693	6.8854	6.7992	13.6846	42.0583	55.7429
1232396	1	2023	Natural Stand	L 	13	13656	14.4	12.4	39.0349	6.0643	7.1652	7.2104	14.3756	45.0992	59.4747
1232396	1	2023	Natural Stand	L 	13	13657	12.1	12.3	25.1999	4.1046	5.602	5.0172	10.6192	29.3045	39.9237
1232396	1	2023	Natural Stand	L 	13	13658	14.3	12.2	38.3568	5.9703	7.0949	7.1064	14.2013	44.327	58.5284
1232396	1	2023	Natural Stand	L 	13	13659	10.6	12	18.0657	3.0504	4.6457	3.8078	8.4535	21.1161	29.5696
1232396	1	2023	Natural Stand	L 	13	13660	12	12	24.6794	4.0289	5.5366	4.9312	10.4678	28.7084	39.1761
1232396	1	2023	Natural Stand	L 	13	13661	10.7	11.2	18.4974	3.1153	4.7078	3.8831	8.5909	21.6126	30.2035
1232396	1	2023	Natural Stand	L 	13	13662	9.9	11.1	15.214	2.617	4.2178	3.3025	7.5203	17.8309	25.3513
1232396	1	2023	Natural Stand	L 	13	13663	9.8	11	14.8305	2.5581	4.1577	3.2334	7.3911	17.3885	24.7796
1232396	1	2023	Natural Stand	L 	13	13664	9	10.8	11.9716	2.1133	3.6859	2.7076	6.3935	14.0849	20.4784
1232396	1	2023	Natural Stand	L 	13	13665	10	10.8	15.6034	2.6766	4.2782	3.3724	7.6506	18.28	25.9306
1232396	1	2023	Natural Stand	L 	13	13666	13	9.1	30.1823	4.8212	6.2002	5.8263	12.0265	35.0035	47.03
1232396	1	2023	Natural Stand	L 	13	13667	10.7	8.8	18.4974	3.1153	4.7078	3.8831	8.5909	21.6126	30.2035
1232396	1	2023	Natural Stand	L 	13	13668	5.2	8	3.0134	0.6175	1.6967	0.8632	2.5599	3.6308	6.1907
1232396	1	2023	Natural Stand	L 	13	13669	4	5	1.5578	0.3428	1.1707	0.4997	1.6704	1.9006	3.571
1232396	1	2023	Natural Stand	L 	13	13670	4.5	4.9	2.0948	0.4465	1.3829	0.6387	2.0216	2.5413	4.5629
1232396	1	2023	Natural Stand	L 	13	13671	3.5	3.6	1.1135	0.2541	0.9692	0.3783	1.3475	1.3676	2.7151
1232501	1	2004	Natural Stand	L 	13	13725	14.7	14.52	41.1123	6.3514	7.3772	7.5269	14.9042	47.4636	62.3678
1232501	1	2004	Natural Stand	L 	13	13726	15.6	14.01	47.7385	7.2569	8.024	8.5192	16.5432	54.9954	71.5386
1232501	1	2004	Natural Stand	L 	13	13727	13.4	12.67	32.5723	5.1603	6.4717	6.2061	12.6778	37.7326	50.4105
1232501	1	2004	Natural Stand	L 	13	13728	15.2	12.15	44.7199	6.8462	7.7346	8.0703	15.8049	51.566	67.3709
1232501	1	2004	Natural Stand	L 	13	13729	9.3	7.59	13.0006	2.2746	3.8608	2.8991	6.76	15.2752	22.0351
1232501	1	2004	Natural Stand	L 	13	13730	5.2	7.4	3.0134	0.6175	1.6967	0.8632	2.5599	3.6308	6.1907
1232501	1	2011	Natural Stand	L 	13	13754	15.2	15.4	44.7199	6.8462	7.7346	8.0703	15.8049	51.566	67.3709
1232501	1	2011	Natural Stand	L 	13	13755	16.3	14.4	53.3097	8.0077	8.538	9.3352	17.8731	61.3174	79.1906
1232501	1	2011	Natural Stand	L 	13	13756	13.7	13	34.4373	5.423	6.6776	6.4992	13.1768	39.8604	53.0371
1232501	1	2011	Natural Stand	L 	13	13757	10.2	8.9	16.4001	2.7982	4.3997	3.5145	7.9142	19.1983	27.1125
1232501	1	2011	Natural Stand	L 	13	13758	5.7	8.9	3.7959	0.7587	1.9319	1.0452	2.9772	4.5546	7.5317
1232501	1	2011	Natural Stand	L 	13	13759	4.9	6.51	2.5951	0.5404	1.5599	0.7627	2.3226	3.1355	5.4581
1232501	1	2021	Natural Stand	L 	13	13782	6.8	9.1	5.916	1.127	2.4796	1.5098	3.9893	7.043	11.0323
1232511	1	2004	Natural Stand	L 	13	13798	15.4	14.02	46.2143	7.0499	7.8789	8.2931	16.1721	53.2642	69.4363
1232511	1	2004	Natural Stand	L 	13	13799	15.8	12.88	49.2926	7.4672	8.1699	8.7484	16.9183	56.7598	73.6781
1232511	1	2004	Natural Stand	L 	13	13800	18.5	11.95	73.2951	10.6373	10.2122	12.1536	22.3657	83.9324	106.2982
1232511	1	2004	Natural Stand	L 	13	13801	12.3	9.36	26.2605	4.2583	5.7334	5.1916	10.9249	30.5188	41.4438
1232511	1	2004	Natural Stand	L 	13	13802	7.3	5.74	7.0716	1.3214	2.7413	1.7503	4.4916	8.393	12.8846
1232511	1	2004	Natural Stand	L 	13	13803	6.6	5.45	5.4881	1.054	2.377	1.4187	3.7958	6.5422	10.3379
1232511	1	2011	Natural Stand	V 	13	13805	16.9	11	58.3828	8.684	8.9858	10.0656	19.0514	67.0668	86.1182
1232511	1	2011	Natural Stand	V 	13	13806	10.4	8.7	17.2208	2.9228	4.5222	3.6597	8.1818	20.1435	28.3254
1232511	1	2011	Natural Stand	V 	13	13807	11.8	8.2	23.6581	3.8799	5.4065	4.7615	10.168	27.538	37.706
1232511	1	2011	Natural Stand	L 	13	13808	7.8	5.6	8.3535	1.5331	3.0106	2.0095	5.02	9.8866	14.9066
1232511	1	2011	Natural Stand	L 	13	13809	6.5	4.6	5.2814	1.0185	2.3263	1.3743	3.7006	6.3	10.0005
1232511	1	2011	Natural Stand	L 	13	13810	4.7	4	2.3369	0.4922	1.4706	0.6992	2.1699	2.8291	4.999
1232511	1	2021	Natural Stand	V 	13	13811	16.4	12.42	54.136	8.1183	8.6121	9.4549	18.0671	62.2543	80.3214
1232511	1	2021	Natural Stand	V 	13	13812	16.4	11.7	54.136	8.1183	8.6121	9.4549	18.0671	62.2543	80.3214
1232511	1	2021	Natural Stand	L 	13	13813	11.3	8.5	21.2175	3.5208	5.0854	4.3507	9.4361	24.7383	34.1744
1232511	1	2021	Natural Stand	L 	13	13814	9.1	8.3	12.3089	2.1663	3.7439	2.7707	6.5147	14.4752	20.9899
1232511	1	2021	Natural Stand	L 	13	13815	9.2	6.2	12.6519	2.2201	3.8023	2.8345	6.6368	14.872	21.5088
1232571	1	2004	Natural Stand	L 	13	13817	28.2	22.8	211.5728	27.3814	18.5372	29.2563	47.7935	238.9542	286.7476
1232571	1	2004	Natural Stand	L 	13	13818	23.6	20.35	135.2011	18.3652	14.4101	20.1863	34.5964	153.5663	188.1627
1232571	1	2004	Natural Stand	L 	13	13819	20.1	16.31	90.2954	12.8124	11.4833	14.4469	25.9302	103.1078	129.038
1232571	1	2004	Natural Stand	L 	13	13820	18.7	13.45	75.3041	10.897	10.3687	12.429	22.7976	86.201	108.9987
1232571	1	2004	Natural Stand	L 	13	13821	17.5	11.07	63.7362	9.3908	9.4403	10.8246	20.2649	73.127	93.3919
1232571	1	2011	Natural Stand	L 	13	13823	24.2	21.2	144.0121	19.429	14.9309	21.2705	36.2014	163.4411	199.6425
1232571	1	2011	Natural Stand	L 	13	13824	20.6	16.1	96.0506	13.5383	11.8894	15.2059	27.0953	109.5889	136.6843
1239136	1	2006	Natural Stand	L 	13	13825	4.2	5.83	1.7612	0.3825	1.2543	0.5531	1.8075	2.1436	3.9511
1239136	1	2006	Natural Stand	L 	13	13826	2.6	2.94	0.5273	0.1304	0.6366	0.2036	0.8402	0.6577	1.4979
1239136	1	2011	Natural Stand	L 	13	13828	16.2	18.1	52.4911	7.8979	8.464	9.2162	17.6802	60.389	78.0692
1239136	1	2011	Natural Stand	L 	13	13829	5	7	2.7303	0.5655	1.6051	0.7955	2.4006	3.2958	5.6964
1239136	1	2022	Natural Stand	L 	13	13831	6.2	7.6	4.6897	0.9161	2.1759	1.2454	3.4213	5.6058	9.0271
1239226	1	2006	Natural Stand	L 	13	13833	16.2	14.87	52.4911	7.8979	8.464	9.2162	17.6802	60.389	78.0692
1239226	1	2006	Natural Stand	L 	13	13834	15.7	14.25	48.5118	7.3616	8.0969	8.6334	16.7303	55.8734	72.6037
1239226	1	2006	Natural Stand	L 	13	13835	14	12.93	36.3652	5.693	6.8854	6.7992	13.6846	42.0583	55.7429
1239226	1	2006	Natural Stand	L 	13	13836	14.3	12.66	38.3568	5.9703	7.0949	7.1064	14.2013	44.327	58.5284
1239226	1	2006	Natural Stand	L 	13	13837	11.6	12.29	22.6627	3.7339	5.2774	4.5948	9.8722	26.3966	36.2688
1239226	1	2006	Natural Stand	L 	13	13838	8.2	11.19	9.473	1.7151	3.2312	2.2302	5.4614	11.188	16.6494
1239226	1	2006	Natural Stand	L 	13	13839	10.8	10.73	18.9352	3.181	4.7701	3.9591	8.7292	22.1161	30.8453
1239226	1	2006	Natural Stand	L 	13	13840	13.2	10.63	31.3636	4.9892	6.3356	6.0146	12.3502	36.3527	48.7029
1239226	1	2011	Natural Stand	L 	13	13944	16.9	15.2	58.3828	8.684	8.9858	10.0656	19.0514	67.0668	86.1182
1239226	1	2011	Natural Stand	L 	13	13945	14.6	14	40.4126	6.2549	7.3064	7.4206	14.727	46.6674	61.3944
1239226	1	2011	Natural Stand	L 	13	13946	14.7	13.6	41.1123	6.3514	7.3772	7.5269	14.9042	47.4636	62.3678
1239226	1	2011	Natural Stand	L 	13	13947	7.7	12.9	8.0868	1.4894	2.9561	1.9562	4.9123	9.5762	14.4884
1239226	1	2011	Natural Stand	L 	13	13948	9.7	12.3	14.4528	2.4999	4.0978	3.165	7.2628	16.9527	24.2155
1239226	1	2011	Natural Stand	L 	13	13949	14.4	12.1	39.0349	6.0643	7.1652	7.2104	14.3756	45.0992	59.4747
1239226	1	2011	Natural Stand	L 	13	13950	9	10.8	11.9716	2.1133	3.6859	2.7076	6.3935	14.0849	20.4784
1239226	1	2011	Natural Stand	L 	13	13951	5.9	6.75	4.1398	0.8197	2.0285	1.1231	3.1516	4.9595	8.1111
1239226	1	2011	Natural Stand	L 	13	13952	5.1	6.6	2.8698	0.5912	1.6507	0.829	2.4797	3.4609	5.9406
1239226	1	2011	Natural Stand	L 	13	13953	4.5	6.3	2.0948	0.4465	1.3829	0.6387	2.0216	2.5413	4.5629
1239226	1	2011	Natural Stand	L 	13	13954	6.2	6.01	4.6897	0.9161	2.1759	1.2454	3.4213	5.6058	9.0271
1239226	1	2011	Natural Stand	L 	13	13955	5.1	5.9	2.8698	0.5912	1.6507	0.829	2.4797	3.4609	5.9406
1239226	1	2011	Natural Stand	L 	13	13956	4.7	5.73	2.3369	0.4922	1.4706	0.6992	2.1699	2.8291	4.999
1239226	1	2011	Natural Stand	L 	13	13957	4.8	5.55	2.464	0.516	1.5151	0.7306	2.2457	2.98	5.2257
1239226	1	2011	Natural Stand	L 	13	13958	3.7	4.25	1.2805	0.2878	1.0485	0.4247	1.4732	1.5683	3.0415
1239226	1	2011	Natural Stand	L 	13	13959	2.9	3.8	0.6939	0.1666	0.7429	0.2556	0.9985	0.8606	1.8591
1239226	1	2011	Natural Stand	L 	13	13960	2.7	3.8	0.5798	0.142	0.6715	0.2203	0.8918	0.7218	1.6135
1239226	1	2011	Natural Stand	L 	13	13961	3.5	3.55	1.1135	0.2541	0.9692	0.3783	1.3475	1.3676	2.7151
1239226	1	2011	Natural Stand	L 	13	13962	5	3.3	2.7303	0.5655	1.6051	0.7955	2.4006	3.2958	5.6964
1239226	1	2023	Natural Stand	L 	13	14060	18.6	16.3	74.2955	10.7667	10.2903	12.2909	22.5812	85.0622	107.6434
1239226	1	2023	Natural Stand	L 	13	14061	13.5	14.6	33.1871	5.2471	6.5402	6.303	12.8432	38.4341	51.2773
1239226	1	2023	Natural Stand	L 	13	14062	15.7	14	48.5118	7.3616	8.0969	8.6334	16.7303	55.8734	72.6037
1239226	1	2023	Natural Stand	L 	13	14063	15.7	13.5	48.5118	7.3616	8.0969	8.6334	16.7303	55.8734	72.6037
1239226	1	2023	Natural Stand	L 	13	14064	15.6	13.4	47.7385	7.2569	8.024	8.5192	16.5432	54.9954	71.5386
1239226	1	2023	Natural Stand	L 	13	14065	14.8	13.2	41.8192	6.4487	7.4483	7.634	15.0823	48.2679	63.3502
1239226	1	2023	Natural Stand	L 	13	14066	8.8	12.95	11.3138	2.0094	3.5706	2.5838	6.1543	13.3232	19.4776
1239226	1	2023	Natural Stand	L 	13	14067	14.5	12.8	39.7201	6.1592	7.2357	7.3151	14.5508	45.8793	60.4301
1239226	1	2023	Natural Stand	L 	13	14068	12.8	12.8	29.0281	4.6564	6.0657	5.641	11.7068	33.6846	45.3914
1239226	1	2023	Natural Stand	L 	13	14069	10.1	12.7	15.9987	2.7371	4.3388	3.4431	7.7819	18.7358	26.5177
1239226	1	2023	Natural Stand	L 	13	14070	14.6	12.7	40.4126	6.2549	7.3064	7.4206	14.727	46.6674	61.3944
1239226	1	2023	Natural Stand	L 	13	14071	11.9	12.3	24.1655	3.954	5.4715	4.8459	10.3174	28.1195	38.4369
1239226	1	2023	Natural Stand	L 	13	14072	12.4	12.2	26.8007	4.3364	5.7994	5.2799	11.0793	31.1371	42.2164
1239226	1	2023	Natural Stand	L 	13	14073	12.9	11.9	29.6018	4.7384	6.1329	5.7333	11.8662	34.3402	46.2064
1239226	1	2023	Natural Stand	L 	13	14074	11.2	11.9	20.7485	3.4513	5.0219	4.2708	9.2927	24.1998	33.4925
1239226	1	2023	Natural Stand	L 	13	14075	10.1	11.8	15.9987	2.7371	4.3388	3.4431	7.7819	18.7358	26.5177
1239226	1	2023	Natural Stand	L 	13	14076	15.3	11.7	45.4634	6.9476	7.8067	8.1813	15.988	52.411	68.399
1239226	1	2023	Natural Stand	L 	13	14077	9.7	11.7	14.4528	2.4999	4.0978	3.165	7.2628	16.9527	24.2155
1239226	1	2023	Natural Stand	L 	13	14078	16.4	11.7	54.136	8.1183	8.6121	9.4549	18.0671	62.2543	80.3214
1239226	1	2023	Natural Stand	L 	13	14079	13.8	11.6	35.073	5.5122	6.7467	6.5984	13.3451	40.5852	53.9302
1239226	1	2023	Natural Stand	L 	13	14080	13.8	11.6	35.073	5.5122	6.7467	6.5984	13.3451	40.5852	53.9302
1239226	1	2023	Natural Stand	L 	13	14081	9.6	11.6	14.0811	2.4425	4.0382	3.0974	7.1356	16.5235	23.6591
1239226	1	2023	Natural Stand	L 	13	14082	9.3	11.5	13.0006	2.2746	3.8608	2.8991	6.76	15.2752	22.0351
1239226	1	2023	Natural Stand	L 	13	14083	12.2	11.4	25.7269	4.1811	5.6676	5.104	10.7715	29.908	40.6795
1239226	1	2023	Natural Stand	L 	13	14084	10.5	11.3	17.6402	2.9862	4.5838	3.7334	8.3172	20.6264	28.9435
1239226	1	2023	Natural Stand	L 	13	14085	11.3	11	21.2175	3.5208	5.0854	4.3507	9.4361	24.7383	34.1744
1239226	1	2023	Natural Stand	L 	13	14086	10.4	10.8	17.2208	2.9228	4.5222	3.6597	8.1818	20.1435	28.3254
1239226	1	2023	Natural Stand	L 	13	14087	10.4	10.7	17.2208	2.9228	4.5222	3.6597	8.1818	20.1435	28.3254
1239226	1	2023	Natural Stand	L 	13	14088	12.4	10.7	26.8007	4.3364	5.7994	5.2799	11.0793	31.1371	42.2164
1239226	1	2023	Natural Stand	L 	13	14089	13.7	10.4	34.4373	5.423	6.6776	6.4992	13.1768	39.8604	53.0371
1239226	1	2023	Natural Stand	L 	13	14090	12	10.3	24.6794	4.0289	5.5366	4.9312	10.4678	28.7084	39.1761
1239226	1	2023	Natural Stand	L 	13	14091	9.4	10.3	13.355	2.3298	3.9197	2.9645	6.8842	15.6848	22.5689
1239226	1	2023	Natural Stand	L 	13	14092	10.1	10.2	15.9987	2.7371	4.3388	3.4431	7.7819	18.7358	26.5177
1239226	1	2023	Natural Stand	L 	13	14093	5.9	10.2	4.1398	0.8197	2.0285	1.1231	3.1516	4.9595	8.1111
1239226	1	2023	Natural Stand	L 	13	14094	11.3	10.1	21.2175	3.5208	5.0854	4.3507	9.4361	24.7383	34.1744
1239226	1	2023	Natural Stand	L 	13	14095	11.4	10	21.6929	3.5911	5.1492	4.4313	9.5805	25.2839	34.8644
1239226	1	2023	Natural Stand	L 	13	14096	10.1	9.9	15.9987	2.7371	4.3388	3.4431	7.7819	18.7358	26.5177
1239226	1	2023	Natural Stand	L 	13	14097	10	9.6	15.6034	2.6766	4.2782	3.3724	7.6506	18.28	25.9306
1239226	1	2023	Natural Stand	L 	13	14098	8.8	9.2	11.3138	2.0094	3.5706	2.5838	6.1543	13.3232	19.4776
1239226	1	2023	Natural Stand	L 	13	14099	9.3	8.8	13.0006	2.2746	3.8608	2.8991	6.76	15.2752	22.0351
1239226	1	2023	Natural Stand	L 	13	14100	9	8.7	11.9716	2.1133	3.6859	2.7076	6.3935	14.0849	20.4784
1239226	1	2023	Natural Stand	L 	13	14101	7.8	8.4	8.3535	1.5331	3.0106	2.0095	5.02	9.8866	14.9066
1239226	1	2023	Natural Stand	L 	13	14102	6.5	7.5	5.2814	1.0185	2.3263	1.3743	3.7006	6.3	10.0005
1239226	1	2023	Natural Stand	L 	13	14103	5.3	6.5	3.1612	0.6444	1.743	0.8982	2.6412	3.8056	6.4468
1239226	1	2023	Natural Stand	L 	13	14104	4.7	5.2	2.3369	0.4922	1.4706	0.6992	2.1699	2.8291	4.999
1239226	1	2023	Natural Stand	L 	13	14105	3.7	3.85	1.2805	0.2878	1.0485	0.4247	1.4732	1.5683	3.0415
1239226	1	2023	Natural Stand	L 	13	14106	5.6	3.1	3.6307	0.7291	1.8842	1.0074	2.8915	4.3598	7.2513
1239241	1	2006	Natural Stand	L 	13	14160	23.3	19.24	130.9207	17.8457	14.1517	19.6552	33.8069	148.7664	182.5733
1239241	1	2006	Natural Stand	L 	13	14161	21.3	16.17	104.4707	14.592	12.4648	16.3025	28.7673	119.0627	147.83
1239241	1	2006	Natural Stand	L 	13	14162	25.3	14.89	161.0444	21.466	15.8998	23.335	39.2348	182.5103	221.7451
1239241	1	2006	Natural Stand	L 	13	14163	3.2	2.56	0.8888	0.2078	0.8539	0.3139	1.1677	1.0967	2.2644
1239241	1	2017	Natural Stand	L 	13	14166	25.8	16.5	169.1681	22.4292	16.346	24.3063	40.6523	191.5973	232.2496
1239241	1	2017	Natural Stand	L 	13	14167	23.9	14.9	139.5647	18.893	14.6698	20.7247	35.3945	158.4577	193.8522
1239241	1	2017	Natural Stand	L 	13	14168	17.2	11.53	61.0242	9.0335	9.2122	10.4415	19.6537	70.0577	89.7114
1239241	1	2017	Natural Stand	L 	13	14169	10.3	9.6	16.8074	2.8601	4.4608	3.5867	8.0475	19.6675	27.715
1239241	1	2017	Natural Stand	L 	13	14170	4.4	3.62	1.9797	0.4245	1.3397	0.6094	1.9491	2.4043	4.3534
1239241	1	2017	Natural Stand	L 	13	14171	3.7	2.63	1.2805	0.2878	1.0485	0.4247	1.4732	1.5683	3.0415
1239276	1	2005	Natural Stand	L 	13	14176	26.9	18.34	187.8955	24.631	17.3403	26.5159	43.8561	212.5266	256.3827
1239276	1	2005	Natural Stand	L 	13	14177	20	15.8	89.1699	12.6699	11.4026	14.2975	25.7001	101.8398	127.5399
1239276	1	2005	Natural Stand	L 	13	14178	19.9	15.37	88.053	12.5282	11.3221	14.149	25.471	100.5812	126.0522
1239276	1	2005	Natural Stand	L 	13	14179	18	15.28	68.4151	10.0033	9.824	11.4791	21.3031	78.4184	99.7215
1239276	1	2005	Natural Stand	L 	13	14180	16.2	12.83	52.4911	7.8979	8.464	9.2162	17.6802	60.389	78.0692
1239276	1	2005	Natural Stand	L 	13	14181	11.2	10.21	20.7485	3.4513	5.0219	4.2708	9.2927	24.1998	33.4925
1239276	1	2009	Natural Stand	L 	13	14184	27.2	18.54	193.2096	25.2514	17.6144	27.1358	44.7502	218.4611	263.2113
1239276	1	2009	Natural Stand	L 	13	14185	20.5	16.48	94.8824	13.3913	11.8078	15.0525	26.8603	108.2738	135.1341
1239276	1	2009	Natural Stand	L 	13	14186	20.7	15.92	97.2275	13.6862	11.9711	15.3601	27.3312	110.9136	138.2449
1239276	1	2009	Natural Stand	L 	13	14187	18.1	15.11	69.375	10.1284	9.9013	11.6124	21.5137	79.5033	101.017
1239276	1	2009	Natural Stand	L 	13	14188	16.4	14.31	54.136	8.1183	8.6121	9.4549	18.0671	62.2543	80.3214
1239276	1	2019	Natural Stand	L 	13	14189	27.6	18.3	200.4345	26.0919	17.9819	27.974	45.9559	226.5264	272.4823
1239276	1	2019	Natural Stand	L 	13	14190	20.2	17.3	91.4293	12.9558	11.5642	14.5971	26.1613	104.3851	130.5464
1239276	1	2019	Natural Stand	L 	13	14191	22.5	16.9	119.909	16.5007	13.4694	18.275	31.7444	136.4097	168.1541
1239276	1	2019	Natural Stand	L 	13	14192	16.7	14.5	56.6609	8.4552	8.8358	9.8189	18.6547	65.1161	83.7708
1239306	1	2004	Natural Stand	L 	13	14193	24.8	16.44	153.1602	20.5261	15.4572	22.3843	37.8414	173.6864	211.5278
1239306	1	2004	Natural Stand	L 	13	14194	14.6	11.07	40.4126	6.2549	7.3064	7.4206	14.727	46.6674	61.3944
1239306	1	2004	Natural Stand	L 	13	14195	12.6	10.47	27.901	4.4948	5.9321	5.4589	11.3911	32.3958	43.7869
1239306	1	2004	Natural Stand	L 	13	14196	11.9	8.69	24.1655	3.954	5.4715	4.8459	10.3174	28.1195	38.4369
1239306	1	2004	Natural Stand	L 	13	14197	5.7	5.75	3.7959	0.7587	1.9319	1.0452	2.9772	4.5546	7.5317
1239306	1	2007	Natural Stand	L 	13	14213	24.8	17.47	153.1602	20.5261	15.4572	22.3843	37.8414	173.6864	211.5278
1239306	1	2007	Natural Stand	L 	13	14214	17.3	11.72	61.9203	9.1518	9.2881	10.5684	19.8565	71.072	90.9285
1239306	1	2007	Natural Stand	L 	13	14215	16.1	11.49	51.6801	7.789	8.3902	9.0981	17.4882	59.4691	76.9573
1239306	1	2007	Natural Stand	L 	13	14216	13.5	11.17	33.1871	5.2471	6.5402	6.303	12.8432	38.4341	51.2773
1239306	1	2007	Natural Stand	L 	13	14217	12.5	9.44	27.3475	4.4152	5.8657	5.369	11.2347	31.7627	42.9974
1239306	1	2007	Natural Stand	L 	13	14218	5.8	6.33	3.9656	0.7888	1.98	1.0838	3.0638	4.7544	7.8183
1239306	1	2018	Natural Stand	L 	13	14233	26.2	19.6	175.8412	23.2166	16.7055	25.0982	41.8038	199.0578	240.8616
1239306	1	2018	Natural Stand	L 	13	14234	20.1	16.33	90.2954	12.8124	11.4833	14.4469	25.9302	103.1078	129.038
1239306	1	2018	Natural Stand	L 	13	14235	20.4	15.32	93.7228	13.2453	11.7265	14.8999	26.6264	106.9681	133.5945
1239306	1	2018	Natural Stand	L 	13	14236	15.6	14.5	47.7385	7.2569	8.024	8.5192	16.5432	54.9954	71.5386
1239306	1	2018	Natural Stand	L 	13	14237	14.6	12.9	40.4126	6.2549	7.3064	7.4206	14.727	46.6674	61.3944
1239306	1	2018	Natural Stand	L 	13	14238	16.4	11.9	54.136	8.1183	8.6121	9.4549	18.0671	62.2543	80.3214
1239306	1	2018	Natural Stand	L 	13	14239	6.2	7.1	4.6897	0.9161	2.1759	1.2454	3.4213	5.6058	9.0271
1239331	1	2005	Natural Stand	L 	13	14253	23.5	19.62	133.7651	18.1911	14.3238	20.0084	34.3322	151.9562	186.2884
1239331	1	2005	Natural Stand	L 	13	14254	18.4	18.11	72.3029	10.5088	10.1342	12.0171	22.1513	82.8117	104.9629
1239331	1	2005	Natural Stand	L 	13	14255	11.7	11.37	23.1572	3.8065	5.3419	4.6778	10.0196	26.9637	36.9833
1239331	1	2005	Natural Stand	L 	13	14256	12.8	10.41	29.0281	4.6564	6.0657	5.641	11.7068	33.6846	45.3914
1239331	1	2005	Natural Stand	L 	13	14257	10.4	10.11	17.2208	2.9228	4.5222	3.6597	8.1818	20.1435	28.3254
1239331	1	2005	Natural Stand	L 	13	14258	5.8	7.2	3.9656	0.7888	1.98	1.0838	3.0638	4.7544	7.8183
1239331	1	2005	Natural Stand	L 	13	14259	4.2	4.17	1.7612	0.3825	1.2543	0.5531	1.8075	2.1436	3.9511
1239331	1	2014	Natural Stand	L 	13	14281	25.5	22.5	164.265	21.8484	16.0778	23.721	39.7989	186.1134	225.9123
1239331	1	2014	Natural Stand	L 	13	14282	21.5	20.3	106.9551	14.9011	12.6306	16.6231	29.2538	121.8561	151.1099
1239331	1	2014	Natural Stand	L 	13	14283	15.5	14.6	46.9727	7.153	7.9514	8.4058	16.3572	54.1257	70.4828
1239331	1	2014	Natural Stand	L 	13	14284	18	13.9	68.4151	10.0033	9.824	11.4791	21.3031	78.4184	99.7215
1239331	1	2014	Natural Stand	L 	13	14285	14.6	13.3	40.4126	6.2549	7.3064	7.4206	14.727	46.6674	61.3944
1239331	1	2014	Natural Stand	L 	13	14286	17	13.1	59.2554	8.7996	9.0611	10.1901	19.2512	68.0551	87.3063
1239331	1	2014	Natural Stand	L 	13	14287	7.1	8.8	6.5944	1.2416	2.6357	1.6519	4.2876	7.836	12.1236
1239331	1	2014	Natural Stand	L 	13	14288	8.8	8.7	11.3138	2.0094	3.5706	2.5838	6.1543	13.3232	19.4776
1239331	1	2014	Natural Stand	L 	13	14289	4.9	5.4	2.5951	0.5404	1.5599	0.7627	2.3226	3.1355	5.4581
1239331	1	2014	Natural Stand	L 	13	14290	4.5	5.05	2.0948	0.4465	1.3829	0.6387	2.0216	2.5413	4.5629
1239331	1	2014	Natural Stand	L 	13	14291	3	3.71	0.7557	0.1798	0.7794	0.2744	1.0537	0.9355	1.9892
1239331	1	2014	Natural Stand	L 	13	14292	2.6	3.11	0.5273	0.1304	0.6366	0.2036	0.8402	0.6577	1.4979
1239351	1	2003	Natural Stand	L 	13	14318	17.5	11.8	63.7362	9.3908	9.4403	10.8246	20.2649	73.127	93.3919
1239351	1	2003	Natural Stand	L 	13	14319	15.1	10.73	43.9837	6.7456	7.6627	7.96	15.6228	50.7293	66.352
1239351	1	2003	Natural Stand	L 	13	14320	15.9	10.47	50.0809	7.5736	8.2431	8.8641	17.1073	57.6545	74.7618
1239351	1	2003	Natural Stand	L 	13	14321	13.4	9.11	32.5723	5.1603	6.4717	6.2061	12.6778	37.7326	50.4105
1239351	1	2003	Natural Stand	L 	13	14322	10.9	7.67	19.3792	3.2474	4.8327	4.0359	8.8686	22.6265	31.4951
1239351	1	2003	Natural Stand	L 	13	14323	6.8	4.83	5.916	1.127	2.4796	1.5098	3.9893	7.043	11.0323
1239351	1	2014	Natural Stand	V 	13	14342	21.3	16	104.4707	14.592	12.4648	16.3025	28.7673	119.0627	147.83
1239351	1	2014	Natural Stand	V 	13	14343	20.1	14.6	90.2954	12.8124	11.4833	14.4469	25.9302	103.1078	129.038
1239351	1	2014	Natural Stand	V 	13	14344	20.5	14.2	94.8824	13.3913	11.8078	15.0525	26.8603	108.2738	135.1341
1239351	1	2014	Natural Stand	L 	13	14345	13.4	12.3	32.5723	5.1603	6.4717	6.2061	12.6778	37.7326	50.4105
1239351	1	2014	Natural Stand	L 	13	14346	17.6	11.9	64.656	9.5116	9.5167	10.9539	20.4706	74.1676	94.6382
1239351	1	2014	Natural Stand	L 	13	14347	16.3	11	53.3097	8.0077	8.538	9.3352	17.8731	61.3174	79.1906
1239351	1	2014	Natural Stand	L 	13	14348	12.5	10.3	27.3475	4.4152	5.8657	5.369	11.2347	31.7627	42.9974
1239351	1	2014	Natural Stand	L 	13	14349	13.2	9.2	31.3636	4.9892	6.3356	6.0146	12.3502	36.3527	48.7029
1239351	1	2014	Natural Stand	L 	13	14350	11.9	8.8	24.1655	3.954	5.4715	4.8459	10.3174	28.1195	38.4369
1239351	1	2014	Natural Stand	L 	13	14351	5.3	5.1	3.1612	0.6444	1.743	0.8982	2.6412	3.8056	6.4468
1239396	1	2005	Natural Stand	L 	13	14375	11	7.3	19.8294	3.3146	4.8955	4.1134	9.0089	23.144	32.1529
1239401	1	2005	Natural Stand	L 	13	14376	17.3	13.41	61.9203	9.1518	9.2881	10.5684	19.8565	71.072	90.9285
1239416	1	2004	Natural Stand	L 	13	14377	26.7	18.55	184.4023	24.2222	17.1582	26.1067	43.2649	208.6245	251.8894
1239416	1	2004	Natural Stand	L 	13	14378	22.5	18.4	119.909	16.5007	13.4694	18.275	31.7444	136.4097	168.1541
1239416	1	2004	Natural Stand	L 	13	14379	28.1	16.03	209.6912	27.1641	18.4443	29.0405	47.4848	236.8552	284.3401
1239416	1	2004	Natural Stand	L 	13	14380	28.4	15.8	215.3664	27.8188	18.7234	29.6903	48.4137	243.1853	291.599
1239416	1	2004	Natural Stand	L 	13	14381	5	4.67	2.7303	0.5655	1.6051	0.7955	2.4006	3.2958	5.6964
1239416	1	2011	Natural Stand	L 	13	14414	23	20.1	126.723	17.3345	13.8947	19.1315	33.0262	144.0575	177.0837
1239416	1	2011	Natural Stand	L 	13	14415	29.3	19.5	232.9434	29.8352	19.5681	31.6847	51.2528	262.7786	314.0314
1239416	1	2011	Natural Stand	L 	13	14416	27.7	19.2	202.2657	26.3045	18.0741	28.1857	46.2598	228.5702	274.8299
1239416	1	2011	Natural Stand	L 	13	14417	29.4	19.2	234.9478	30.0641	19.6626	31.9105	51.5731	265.0119	316.585
1239416	1	2011	Natural Stand	L 	13	14418	5.1	5.4	2.8698	0.5912	1.6507	0.829	2.4797	3.4609	5.9406
1239416	1	2011	Natural Stand	L 	13	14419	3.3	2.49	0.9603	0.2227	0.8918	0.3346	1.2265	1.183	2.4095
1239416	1	2021	Natural Stand	L 	13	14451	30.3	20.8	253.4558	32.1676	20.5193	33.98	54.4992	285.6234	340.1226
1239416	1	2021	Natural Stand	L 	13	14452	29.9	20.6	245.1256	31.223	20.1372	33.0519	53.1891	276.3486	329.5377
1239416	1	2021	Natural Stand	L 	13	14453	23.5	19.3	133.7651	18.1911	14.3238	20.0084	34.3322	151.9562	186.2884
1239416	1	2021	Natural Stand	L 	13	14454	20.2	18.2	91.4293	12.9558	11.5642	14.5971	26.1613	104.3851	130.5464
1239416	1	2021	Natural Stand	L 	13	14455	13.5	15.5	33.1871	5.2471	6.5402	6.303	12.8432	38.4341	51.2773
1239416	1	2021	Natural Stand	L 	13	14456	15.8	15	49.2926	7.4672	8.1699	8.7484	16.9183	56.7598	73.6781
1239416	1	2021	Natural Stand	L 	13	14457	19	14.9	78.3791	11.293	10.6047	12.8481	23.4528	89.672	113.1248
1239416	1	2021	Natural Stand	L 	13	14458	12.2	12.7	25.7269	4.1811	5.6676	5.104	10.7715	29.908	40.6795
1239416	1	2021	Natural Stand	L 	13	14459	5.1	5.6	2.8698	0.5912	1.6507	0.829	2.4797	3.4609	5.9406
1246036	1	2006	Natural Stand	L 	13	14475	23.6	16.87	135.2011	18.3652	14.4101	20.1863	34.5964	153.5663	188.1627
1246036	1	2006	Natural Stand	L 	13	14476	19	16.03	78.3791	11.293	10.6047	12.8481	23.4528	89.672	113.1248
1246036	1	2006	Natural Stand	L 	13	14477	18.9	15.33	77.3458	11.1601	10.5258	12.7076	23.2334	88.5059	111.7394
1246036	1	2006	Natural Stand	L 	13	14478	16	15.1	50.8767	7.6809	8.3166	8.9807	17.2973	58.5576	75.8549
1246036	1	2006	Natural Stand	L 	13	14479	14.3	12.54	38.3568	5.9703	7.0949	7.1064	14.2013	44.327	58.5284
1246036	1	2006	Natural Stand	L 	13	14480	5	4.73	2.7303	0.5655	1.6051	0.7955	2.4006	3.2958	5.6964
1246036	1	2015	Natural Stand	L 	13	14634	25.7	18	167.5241	22.2347	16.2564	24.1104	40.3668	189.7587	230.1256
1246036	1	2015	Natural Stand	L 	13	14635	20.3	17.6	92.5718	13.1001	11.6453	14.7481	26.3933	105.6719	132.0652
1246036	1	2015	Natural Stand	L 	13	14636	20.4	17.1	93.7228	13.2453	11.7265	14.8999	26.6264	106.9681	133.5945
1246036	1	2015	Natural Stand	L 	13	14637	18	15.5	68.4151	10.0033	9.824	11.4791	21.3031	78.4184	99.7215
1246036	1	2015	Natural Stand	L 	13	14638	11.5	9.6	22.1746	3.6621	5.2132	4.5127	9.7258	25.8367	35.5625
1246036	1	2015	Natural Stand	L 	13	14639	5	7.4	2.7303	0.5655	1.6051	0.7955	2.4006	3.2958	5.6964
1246096	1	2014	Natural Stand	L 	13	14740	3.2	3.2	0.8888	0.2078	0.8539	0.3139	1.1677	1.0967	2.2644
1246191	1	2010	Natural Stand	L 	13	14771	3.3	3.45	0.9603	0.2227	0.8918	0.3346	1.2265	1.183	2.4095
1246191	1	2022	Natural Stand	L 	13	14772	8.6	8.6	10.6783	1.9084	3.4564	2.4629	5.9193	12.5867	18.506
1246191	1	2022	Natural Stand	L 	13	14773	6.2	5.7	4.6897	0.9161	2.1759	1.2454	3.4213	5.6058	9.0271
1246216	1	2017	Natural Stand	L 	13	14776	12.8	11.8	29.0281	4.6564	6.0657	5.641	11.7068	33.6846	45.3914
1246216	1	2017	Natural Stand	L 	13	14777	8.8	8.4	11.3138	2.0094	3.5706	2.5838	6.1543	13.3232	19.4776
1246216	1	2017	Natural Stand	L 	13	14778	5.2	5.4	3.0134	0.6175	1.6967	0.8632	2.5599	3.6308	6.1907
1246281	1	2004	Natural Stand	L 	13	14793	22	17.39	113.3206	15.6896	13.048	17.4389	30.487	129.0101	159.4971
1246281	1	2004	Natural Stand	L 	13	14794	3.3	3.03	0.9603	0.2227	0.8918	0.3346	1.2265	1.183	2.4095
1246281	1	2004	Natural Stand	L 	13	14795	2.9	2.65	0.6939	0.1666	0.7429	0.2556	0.9985	0.8606	1.8591
1246281	1	2012	Natural Stand	L 	13	14796	23.5	18.6	133.7651	18.1911	14.3238	20.0084	34.3322	151.9562	186.2884
1246281	1	2012	Natural Stand	L 	13	14797	5	4.5	2.7303	0.5655	1.6051	0.7955	2.4006	3.2958	5.6964
1246281	1	2012	Natural Stand	L 	13	14798	4.5	4.1	2.0948	0.4465	1.3829	0.6387	2.0216	2.5413	4.5629
1246281	1	2023	Natural Stand	L 	13	14799	25.3	19.2	161.0444	21.466	15.8998	23.335	39.2348	182.5103	221.7451
1246281	1	2023	Natural Stand	L 	13	14800	7.6	13.3	7.8253	1.4463	2.902	1.9036	4.8055	9.2716	14.0772
1246286	1	2005	Natural Stand	L 	13	14802	21.1	16.8	102.0214	14.2865	12.2996	15.9852	28.2847	116.3079	144.5926
1246286	1	2005	Natural Stand	L 	13	14803	5.4	5.74	3.3134	0.672	1.7897	0.9339	2.7236	3.9854	6.7089
1253001	1	2003	Natural Stand	L 	13	14806	4.9	4.76	2.5951	0.5404	1.5599	0.7627	2.3226	3.1355	5.4581
1253001	1	2017	Natural Stand	L 	13	14811	13.1	11.8	30.7695	4.9048	6.2678	5.9201	12.1878	35.6743	47.8621
1253001	1	2017	Natural Stand	L 	13	14812	9	8.2	11.9716	2.1133	3.6859	2.7076	6.3935	14.0849	20.4784
1253016	1	2004	Natural Stand	L 	13	14818	11.2	9.9	20.7485	3.4513	5.0219	4.2708	9.2927	24.1998	33.4925
1253016	1	2009	Natural Stand	L 	13	14819	13.7	11.32	34.4373	5.423	6.6776	6.4992	13.1768	39.8604	53.0371
1253016	1	2009	Natural Stand	L 	13	14820	4	5.29	1.5578	0.3428	1.1707	0.4997	1.6704	1.9006	3.571
1253016	1	2009	Natural Stand	L 	13	14821	3	3.78	0.7557	0.1798	0.7794	0.2744	1.0537	0.9355	1.9892
1253016	1	2019	Natural Stand	L 	13	14825	18.8	14.9	76.3208	11.0281	10.4472	12.5679	23.0151	87.3489	110.364
1253016	1	2019	Natural Stand	L 	13	14826	5.8	7.1	3.9656	0.7888	1.98	1.0838	3.0638	4.7544	7.8183
1253036	1	2004	Natural Stand	L 	13	14831	24.2	21.45	144.0121	19.429	14.9309	21.2705	36.2014	163.4411	199.6425
1253036	1	2004	Natural Stand	L 	13	14832	20.3	18.58	92.5718	13.1001	11.6453	14.7481	26.3933	105.6719	132.0652
1253036	1	2004	Natural Stand	L 	13	14833	21.3	18.47	104.4707	14.592	12.4648	16.3025	28.7673	119.0627	147.83
1253036	1	2004	Natural Stand	L 	13	14834	20.2	17.17	91.4293	12.9558	11.5642	14.5971	26.1613	104.3851	130.5464
1253036	1	2004	Natural Stand	L 	13	14835	12.6	15.61	27.901	4.4948	5.9321	5.4589	11.3911	32.3958	43.7869
1253036	1	2004	Natural Stand	L 	13	14836	10.7	12.14	18.4974	3.1153	4.7078	3.8831	8.5909	21.6126	30.2035
1253036	1	2009	Natural Stand	L 	13	14892	24.2	19.75	144.0121	19.429	14.9309	21.2705	36.2014	163.4411	199.6425
1253036	1	2009	Natural Stand	L 	13	14893	20.3	19.56	92.5718	13.1001	11.6453	14.7481	26.3933	105.6719	132.0652
1253036	1	2009	Natural Stand	L 	13	14894	20.8	19.14	98.4129	13.8349	12.053	15.5152	27.5682	112.2478	139.816
1253036	1	2009	Natural Stand	L 	13	14895	21.6	18.28	108.2105	15.057	12.7138	16.7847	29.4985	123.2674	152.7659
1253036	1	2009	Natural Stand	L 	13	14896	20.6	17.43	96.0506	13.5383	11.8894	15.2059	27.0953	109.5889	136.6843
1253036	1	2009	Natural Stand	L 	13	14897	12.6	13.57	27.901	4.4948	5.9321	5.4589	11.3911	32.3958	43.7869
1253036	1	2009	Natural Stand	L 	13	14898	14.8	13.13	41.8192	6.4487	7.4483	7.634	15.0823	48.2679	63.3502
1253036	1	2009	Natural Stand	L 	13	14899	6.1	8.44	4.5018	0.8833	2.1264	1.2039	3.3303	5.3851	8.7154
1253036	1	2009	Natural Stand	L 	13	14900	7	7.47	6.3634	1.2027	2.5833	1.6038	4.1871	7.5661	11.7532
1253036	1	2009	Natural Stand	L 	13	14901	5.5	5.78	3.4698	0.7002	1.8368	0.9703	2.807	4.1701	6.9771
1253036	1	2009	Natural Stand	L 	13	14902	2.8	4.55	0.6353	0.154	0.7069	0.2376	0.9445	0.7893	1.7339
1253036	1	2009	Natural Stand	L 	13	14903	4.4	3.75	1.9797	0.4245	1.3397	0.6094	1.9491	2.4043	4.3534
1253036	1	2019	Natural Stand	L 	13	14965	25.1	23	157.8621	21.0872	15.7223	22.9522	38.6745	178.9493	217.6239
1253036	1	2019	Natural Stand	L 	13	14966	20.5	21.6	94.8824	13.3913	11.8078	15.0525	26.8603	108.2738	135.1341
1253036	1	2019	Natural Stand	L 	13	14967	21.4	21.3	105.7085	14.7461	12.5476	16.4624	29.0101	120.4546	149.4646
1253036	1	2019	Natural Stand	L 	13	14968	22.1	21.1	114.6203	15.85	13.132	17.6045	30.7365	130.4703	161.2068
1253036	1	2019	Natural Stand	L 	13	14969	21.5	21	106.9551	14.9011	12.6306	16.6231	29.2538	121.8561	151.1099
1253036	1	2019	Natural Stand	L 	13	14970	22.7	20.1	122.6074	16.8315	13.6391	18.6152	32.2542	139.4388	171.6931
1253036	1	2019	Natural Stand	L 	13	14971	20.7	19.4	97.2275	13.6862	11.9711	15.3601	27.3312	110.9136	138.2449
1253036	1	2019	Natural Stand	L 	13	14972	21.6	18.7	108.2105	15.057	12.7138	16.7847	29.4985	123.2674	152.7659
1253036	1	2019	Natural Stand	L 	13	14973	15.1	18.4	43.9837	6.7456	7.6627	7.96	15.6228	50.7293	66.352
1253036	1	2019	Natural Stand	L 	13	14974	18.8	18.1	76.3208	11.0281	10.4472	12.5679	23.0151	87.3489	110.364
1253036	1	2019	Natural Stand	L 	13	14975	20.7	16.9	97.2275	13.6862	11.9711	15.3601	27.3312	110.9136	138.2449
1253036	1	2019	Natural Stand	L 	13	14976	16.2	15.2	52.4911	7.8979	8.464	9.2162	17.6802	60.389	78.0692
1253036	1	2019	Natural Stand	L 	13	14977	9	10.4	11.9716	2.1133	3.6859	2.7076	6.3935	14.0849	20.4784
1253036	1	2019	Natural Stand	L 	13	14978	5.8	6.1	3.9656	0.7888	1.98	1.0838	3.0638	4.7544	7.8183
1253036	1	2019	Natural Stand	L 	13	14979	2.9	4.6	0.6939	0.1666	0.7429	0.2556	0.9985	0.8606	1.8591
1253036	1	2019	Natural Stand	L 	13	14980	4.6	3.75	2.2139	0.469	1.4266	0.6686	2.0952	2.6829	4.7781
1253041	1	2004	Natural Stand	L 	13	15034	23.7	16.83	136.6464	18.5402	14.4965	20.3649	34.8614	155.1866	190.048
1253041	1	2004	Natural Stand	L 	13	15035	21.4	15.53	105.7085	14.7461	12.5476	16.4624	29.0101	120.4546	149.4646
1253041	1	2004	Natural Stand	L 	13	15036	14.2	10.45	37.6858	5.877	7.0249	7.0032	14.0281	43.5629	57.591
1253041	1	2004	Natural Stand	L 	13	15037	7.1	5.48	6.5944	1.2416	2.6357	1.6519	4.2876	7.836	12.1236
1253041	1	2013	Natural Stand	L 	13	15041	24.2	17.9	144.0121	19.429	14.9309	21.2705	36.2014	163.4411	199.6425
1253041	1	2013	Natural Stand	L 	13	15042	18.8	11.8	76.3208	11.0281	10.4472	12.5679	23.0151	87.3489	110.364
1253041	1	2013	Natural Stand	L 	13	15043	13.5	8	33.1871	5.2471	6.5402	6.303	12.8432	38.4341	51.2773
1253041	1	2013	Natural Stand	L 	13	15044	5.1	5.3	2.8698	0.5912	1.6507	0.829	2.4797	3.4609	5.9406
1253041	1	2013	Natural Stand	L 	13	15045	5.8	5.1	3.9656	0.7888	1.98	1.0838	3.0638	4.7544	7.8183
1253041	1	2013	Natural Stand	L 	13	15046	3	3.9	0.7557	0.1798	0.7794	0.2744	1.0537	0.9355	1.9892
1253041	1	2022	Natural Stand	L 	13	15050	24.9	18.7	154.718	20.7122	15.5454	22.5728	38.1182	175.4302	213.5484
1253041	1	2022	Natural Stand	L 	13	15051	22.9	13.9	125.342	17.1659	13.8093	18.9586	32.7679	142.5079	175.2758
1253041	1	2022	Natural Stand	L 	13	15052	16.2	10.8	52.4911	7.8979	8.464	9.2162	17.6802	60.389	78.0692
1253041	1	2022	Natural Stand	L 	13	15053	9.4	6.3	13.355	2.3298	3.9197	2.9645	6.8842	15.6848	22.5689
1253061	1	2005	Natural Stand	L 	13	15060	23.9	17.22	139.5647	18.893	14.6698	20.7247	35.3945	158.4577	193.8522
1253061	1	2005	Natural Stand	L 	13	15061	17.3	10.56	61.9203	9.1518	9.2881	10.5684	19.8565	71.072	90.9285
1253061	1	2005	Natural Stand	L 	13	15062	10	6.92	15.6034	2.6766	4.2782	3.3724	7.6506	18.28	25.9306
1253061	1	2005	Natural Stand	L 	13	15063	8.7	6.05	10.9933	1.9586	3.5133	2.523	6.0363	12.9519	18.9881
1253061	1	2013	Natural Stand	L 	13	15064	25.5	18.3	164.265	21.8484	16.0778	23.721	39.7989	186.1134	225.9123
1253061	1	2013	Natural Stand	L 	13	15065	20.2	12.5	91.4293	12.9558	11.5642	14.5971	26.1613	104.3851	130.5464
1253061	1	2013	Natural Stand	L 	13	15066	12.3	9.2	26.2605	4.2583	5.7334	5.1916	10.9249	30.5188	41.4438
1253061	1	2013	Natural Stand	L 	13	15067	11.4	7.1	21.6929	3.5911	5.1492	4.4313	9.5805	25.2839	34.8644
1253061	1	2013	Natural Stand	L 	13	15068	7.1	5.3	6.5944	1.2416	2.6357	1.6519	4.2876	7.836	12.1236
1253126	1	2005	Natural Stand	L 	13	15069	18	16.35	68.4151	10.0033	9.824	11.4791	21.3031	78.4184	99.7215
1253126	1	2005	Natural Stand	L 	13	15070	17.3	15.31	61.9203	9.1518	9.2881	10.5684	19.8565	71.072	90.9285
1253126	1	2005	Natural Stand	L 	13	15071	11.2	11.66	20.7485	3.4513	5.0219	4.2708	9.2927	24.1998	33.4925
1253126	1	2005	Natural Stand	L 	13	15072	13.5	9.75	33.1871	5.2471	6.5402	6.303	12.8432	38.4341	51.2773
1253126	1	2005	Natural Stand	L 	13	15073	11.9	9.34	24.1655	3.954	5.4715	4.8459	10.3174	28.1195	38.4369
1253126	1	2005	Natural Stand	L 	13	15074	10.6	8.5	18.0657	3.0504	4.6457	3.8078	8.4535	21.1161	29.5696
1253126	1	2005	Natural Stand	L 	13	15075	14	8.36	36.3652	5.693	6.8854	6.7992	13.6846	42.0583	55.7429
1253126	1	2005	Natural Stand	L 	13	15076	10.2	8.11	16.4001	2.7982	4.3997	3.5145	7.9142	19.1983	27.1125
1253126	1	2005	Natural Stand	L 	13	15077	6.6	6.04	5.4881	1.054	2.377	1.4187	3.7958	6.5422	10.3379
1253126	1	2005	Natural Stand	L 	13	15078	5.7	4.43	3.7959	0.7587	1.9319	1.0452	2.9772	4.5546	7.5317
1253126	1	2005	Natural Stand	L 	13	15079	5.2	3.97	3.0134	0.6175	1.6967	0.8632	2.5599	3.6308	6.1907
1253126	1	2012	Natural Stand	L 	13	15122	18.2	17	70.3428	10.2543	9.9788	11.7465	21.7252	80.5971	102.3224
1253126	1	2012	Natural Stand	L 	13	15123	17.5	16	63.7362	9.3908	9.4403	10.8246	20.2649	73.127	93.3919
1253126	1	2012	Natural Stand	L 	13	15124	14.8	11.2	41.8192	6.4487	7.4483	7.634	15.0823	48.2679	63.3502
1253126	1	2012	Natural Stand	L 	13	15125	12.5	9.8	27.3475	4.4152	5.8657	5.369	11.2347	31.7627	42.9974
1253126	1	2012	Natural Stand	L 	13	15126	15.5	9.5	46.9727	7.153	7.9514	8.4058	16.3572	54.1257	70.4828
1253126	1	2012	Natural Stand	L 	13	15127	11.5	9.2	22.1746	3.6621	5.2132	4.5127	9.7258	25.8367	35.5625
1253126	1	2012	Natural Stand	L 	13	15128	6.4	5.1	5.0795	0.9837	2.2758	1.3306	3.6064	6.0632	9.6696
1253126	1	2012	Natural Stand	L 	13	15129	2.9	3.3	0.6939	0.1666	0.7429	0.2556	0.9985	0.8606	1.8591
1253126	1	2012	Natural Stand	L 	13	15130	2.5	2.8	0.4778	0.1195	0.6022	0.1876	0.7899	0.5972	1.3871
1253126	1	2023	Natural Stand	L 	13	15201	14.9	12.3	42.5334	6.5468	7.5196	7.7419	15.2615	49.0802	64.3417
1253126	1	2023	Natural Stand	L 	13	15202	16	12.2	50.8767	7.6809	8.3166	8.9807	17.2973	58.5576	75.8549
1253126	1	2023	Natural Stand	L 	13	15203	13.2	11.56	31.3636	4.9892	6.3356	6.0146	12.3502	36.3527	48.7029
1253126	1	2023	Natural Stand	L 	13	15204	14.6	11.5	40.4126	6.2549	7.3064	7.4206	14.727	46.6674	61.3944
1253126	1	2023	Natural Stand	L 	13	15205	14.6	11.2	40.4126	6.2549	7.3064	7.4206	14.727	46.6674	61.3944
1253126	1	2023	Natural Stand	L 	13	15206	13.8	11	35.073	5.5122	6.7467	6.5984	13.3451	40.5852	53.9302
1253126	1	2023	Natural Stand	L 	13	15207	12.1	10.6	25.1999	4.1046	5.602	5.0172	10.6192	29.3045	39.9237
1253126	1	2023	Natural Stand	L 	13	15208	11.4	10.1	21.6929	3.5911	5.1492	4.4313	9.5805	25.2839	34.8644
1253126	1	2023	Natural Stand	L 	13	15209	14.3	9.9	38.3568	5.9703	7.0949	7.1064	14.2013	44.327	58.5284
1253126	1	2023	Natural Stand	L 	13	15210	11.3	9.5	21.2175	3.5208	5.0854	4.3507	9.4361	24.7383	34.1744
1253126	1	2023	Natural Stand	L 	13	15211	11.3	9.4	21.2175	3.5208	5.0854	4.3507	9.4361	24.7383	34.1744
1253126	1	2023	Natural Stand	L 	13	15212	12.8	9.4	29.0281	4.6564	6.0657	5.641	11.7068	33.6846	45.3914
1253126	1	2023	Natural Stand	L 	13	15213	10.5	9.2	17.6402	2.9862	4.5838	3.7334	8.3172	20.6264	28.9435
1253126	1	2023	Natural Stand	L 	13	15214	10.9	8.94	19.3792	3.2474	4.8327	4.0359	8.8686	22.6265	31.4951
1253126	1	2023	Natural Stand	L 	13	15215	12.3	8.9	26.2605	4.2583	5.7334	5.1916	10.9249	30.5188	41.4438
1253126	1	2023	Natural Stand	L 	13	15216	10	8.9	15.6034	2.6766	4.2782	3.3724	7.6506	18.28	25.9306
1253126	1	2023	Natural Stand	L 	13	15217	10.8	8.8	18.9352	3.181	4.7701	3.9591	8.7292	22.1161	30.8453
1253126	1	2023	Natural Stand	L 	13	15218	9.1	8.8	12.3089	2.1663	3.7439	2.7707	6.5147	14.4752	20.9899
1253126	1	2023	Natural Stand	L 	13	15219	9.8	8.7	14.8305	2.5581	4.1577	3.2334	7.3911	17.3885	24.7796
1253126	1	2023	Natural Stand	L 	13	15220	10.4	8.6	17.2208	2.9228	4.5222	3.6597	8.1818	20.1435	28.3254
1253126	1	2023	Natural Stand	L 	13	15221	9.2	8.5	12.6519	2.2201	3.8023	2.8345	6.6368	14.872	21.5088
1253126	1	2023	Natural Stand	L 	13	15222	10	8.4	15.6034	2.6766	4.2782	3.3724	7.6506	18.28	25.9306
1253126	1	2023	Natural Stand	L 	13	15223	9.8	8	14.8305	2.5581	4.1577	3.2334	7.3911	17.3885	24.7796
1253126	1	2023	Natural Stand	L 	13	15224	10.5	7.76	17.6402	2.9862	4.5838	3.7334	8.3172	20.6264	28.9435
1253126	1	2023	Natural Stand	L 	13	15225	9.7	7.5	14.4528	2.4999	4.0978	3.165	7.2628	16.9527	24.2155
1253126	1	2023	Natural Stand	L 	13	15226	7.2	6.7	6.8305	1.2812	2.6883	1.7007	4.3891	8.1117	12.5007
1253126	1	2023	Natural Stand	L 	13	15227	6.1	6	4.5018	0.8833	2.1264	1.2039	3.3303	5.3851	8.7154
1253126	1	2023	Natural Stand	L 	13	15228	5	5.2	2.7303	0.5655	1.6051	0.7955	2.4006	3.2958	5.6964
1253126	1	2023	Natural Stand	L 	13	15229	3.8	5.1	1.3693	0.3056	1.0888	0.449	1.5378	1.6749	3.2127
1253126	1	2023	Natural Stand	L 	13	15230	5	5	2.7303	0.5655	1.6051	0.7955	2.4006	3.2958	5.6964
1253126	1	2023	Natural Stand	L 	13	15231	5.4	5	3.3134	0.672	1.7897	0.9339	2.7236	3.9854	6.7089
1253126	1	2023	Natural Stand	L 	13	15232	4.8	5	2.464	0.516	1.5151	0.7306	2.2457	2.98	5.2257
1253126	1	2023	Natural Stand	L 	13	15233	5.5	4.7	3.4698	0.7002	1.8368	0.9703	2.807	4.1701	6.9771
1253126	1	2023	Natural Stand	L 	13	15234	3.2	4.1	0.8888	0.2078	0.8539	0.3139	1.1677	1.0967	2.2644
1253126	1	2023	Natural Stand	L 	13	15235	4	4	1.5578	0.3428	1.1707	0.4997	1.6704	1.9006	3.571
1253126	1	2023	Natural Stand	L 	13	15236	2.9	2.8	0.6939	0.1666	0.7429	0.2556	0.9985	0.8606	1.8591
1253126	1	2023	Natural Stand	L 	13	15237	2.5	2.5	0.4778	0.1195	0.6022	0.1876	0.7899	0.5972	1.3871
1253156	1	2004	Natural Stand	L 	13	15300	28.9	18.92	225.0288	28.9294	19.1913	30.79	49.9813	253.9582	303.9396
1253156	1	2004	Natural Stand	L 	13	15301	24.7	15.28	151.6119	20.341	15.3691	22.1966	37.5657	171.9529	209.5186
1253156	1	2004	Natural Stand	L 	13	15302	22.4	14.37	118.5733	16.3366	13.3848	18.1062	31.491	134.91	166.401
1253156	1	2004	Natural Stand	L 	13	15303	15.9	13.7	50.0809	7.5736	8.2431	8.8641	17.1073	57.6545	74.7618
1253156	1	2004	Natural Stand	L 	13	15304	16.3	11.83	53.3097	8.0077	8.538	9.3352	17.8731	61.3174	79.1906
1253156	1	2004	Natural Stand	L 	13	15305	5	5.25	2.7303	0.5655	1.6051	0.7955	2.4006	3.2958	5.6964
1253156	1	2011	Natural Stand	L 	13	15367	26.9	18	187.8955	24.631	17.3403	26.5159	43.8561	212.5266	256.3827
1253156	1	2011	Natural Stand	L 	13	15368	17.7	16.2	65.5838	9.6332	9.5933	11.084	20.6772	75.217	95.8943
1253156	1	2011	Natural Stand	L 	13	15369	18.1	15.9	69.375	10.1284	9.9013	11.6124	21.5137	79.5033	101.017
1253156	1	2011	Natural Stand	L 	13	15370	24.7	15.7	151.6119	20.341	15.3691	22.1966	37.5657	171.9529	209.5186
1253156	1	2011	Natural Stand	L 	13	15371	18	13.6	68.4151	10.0033	9.824	11.4791	21.3031	78.4184	99.7215
1253156	1	2011	Natural Stand	L 	13	15372	7	8.1	6.3634	1.2027	2.5833	1.6038	4.1871	7.5661	11.7532
1253156	1	2011	Natural Stand	L 	13	15373	5.5	5.8	3.4698	0.7002	1.8368	0.9703	2.807	4.1701	6.9771
1253156	1	2022	Natural Stand	L 	13	15432	29	21.3	226.992	29.1544	19.2853	31.0124	50.2978	256.1464	306.4442
1253156	1	2022	Natural Stand	L 	13	15433	19	19.2	78.3791	11.293	10.6047	12.8481	23.4528	89.672	113.1248
1253156	1	2022	Natural Stand	L 	13	15434	20.3	18.9	92.5718	13.1001	11.6453	14.7481	26.3933	105.6719	132.0652
1253156	1	2022	Natural Stand	L 	13	15435	26.4	17.2	179.2362	23.616	16.8862	25.4991	42.3853	202.8522	245.2376
1253156	1	2022	Natural Stand	L 	13	15436	16	16.3	50.8767	7.6809	8.3166	8.9807	17.2973	58.5576	75.8549
1253156	1	2022	Natural Stand	L 	13	15437	15.8	16.25	49.2926	7.4672	8.1699	8.7484	16.9183	56.7598	73.6781
1253156	1	2022	Natural Stand	L 	13	15438	13.9	15.9	35.7156	5.6022	6.8159	6.6984	13.5143	41.3178	54.8321
1253156	1	2022	Natural Stand	L 	13	15439	17.5	15.7	63.7362	9.3908	9.4403	10.8246	20.2649	73.127	93.3919
1253156	1	2022	Natural Stand	L 	13	15440	18	15.4	68.4151	10.0033	9.824	11.4791	21.3031	78.4184	99.7215
1253156	1	2022	Natural Stand	L 	13	15441	14.2	15.3	37.6858	5.877	7.0249	7.0032	14.0281	43.5629	57.591
1253156	1	2022	Natural Stand	L 	13	15442	18.7	15.3	75.3041	10.897	10.3687	12.429	22.7976	86.201	108.9987
1253156	1	2022	Natural Stand	L 	13	15443	15.9	14.4	50.0809	7.5736	8.2431	8.8641	17.1073	57.6545	74.7618
1253156	1	2022	Natural Stand	L 	13	15444	16.8	14.3	57.518	8.5691	8.9107	9.9418	18.8525	66.0871	84.9397
1253156	1	2022	Natural Stand	L 	13	15445	14.3	14.2	38.3568	5.9703	7.0949	7.1064	14.2013	44.327	58.5284
1253156	1	2022	Natural Stand	L 	13	15446	14.7	14.2	41.1123	6.3514	7.3772	7.5269	14.9042	47.4636	62.3678
1253156	1	2022	Natural Stand	L 	13	15447	14.1	14.1	37.022	5.7846	6.955	6.9008	13.8559	42.8066	56.6625
1253156	1	2022	Natural Stand	L 	13	15448	14.4	14	39.0349	6.0643	7.1652	7.2104	14.3756	45.0992	59.4747
1253156	1	2022	Natural Stand	L 	13	15449	11.2	13.4	20.7485	3.4513	5.0219	4.2708	9.2927	24.1998	33.4925
1253156	1	2022	Natural Stand	L 	13	15450	12.4	13.3	26.8007	4.3364	5.7994	5.2799	11.0793	31.1371	42.2164
1253156	1	2022	Natural Stand	L 	13	15451	14.7	13.1	41.1123	6.3514	7.3772	7.5269	14.9042	47.4636	62.3678
1253156	1	2022	Natural Stand	L 	13	15452	10.4	13	17.2208	2.9228	4.5222	3.6597	8.1818	20.1435	28.3254
1253156	1	2022	Natural Stand	L 	13	15453	11.7	12.9	23.1572	3.8065	5.3419	4.6778	10.0196	26.9637	36.9833
1253156	1	2022	Natural Stand	L 	13	15454	9.8	12.8	14.8305	2.5581	4.1577	3.2334	7.3911	17.3885	24.7796
1253156	1	2022	Natural Stand	L 	13	15455	11.4	12.7	21.6929	3.5911	5.1492	4.4313	9.5805	25.2839	34.8644
1253156	1	2022	Natural Stand	L 	13	15456	12.7	12.2	28.4612	4.5752	5.9988	5.5496	11.5484	33.0365	44.5849
1253156	1	2022	Natural Stand	L 	13	15457	11.4	12	21.6929	3.5911	5.1492	4.4313	9.5805	25.2839	34.8644
1253156	1	2022	Natural Stand	L 	13	15458	11.4	11.9	21.6929	3.5911	5.1492	4.4313	9.5805	25.2839	34.8644
1253156	1	2022	Natural Stand	L 	13	15459	14.5	11.84	39.7201	6.1592	7.2357	7.3151	14.5508	45.8793	60.4301
1253156	1	2022	Natural Stand	L 	13	15460	11.4	11.8	21.6929	3.5911	5.1492	4.4313	9.5805	25.2839	34.8644
1253156	1	2022	Natural Stand	L 	13	15461	9.3	10.3	13.0006	2.2746	3.8608	2.8991	6.76	15.2752	22.0351
1253156	1	2022	Natural Stand	L 	13	15462	11.2	10.1	20.7485	3.4513	5.0219	4.2708	9.2927	24.1998	33.4925
1253156	1	2022	Natural Stand	L 	13	15463	8	10.1	8.9026	1.6227	3.1203	2.1183	5.2386	10.5253	15.764
1253156	1	2022	Natural Stand	L 	13	15464	7.4	7.4	7.3177	1.3624	2.7945	1.8007	4.5952	8.6801	13.2753
1253156	1	2022	Natural Stand	L 	13	15465	6.7	7.19	5.6997	1.0902	2.4281	1.4639	3.892	6.7898	10.6818
1253156	1	2022	Natural Stand	L 	13	15466	5.5	6.2	3.4698	0.7002	1.8368	0.9703	2.807	4.1701	6.9771
1253156	1	2022	Natural Stand	L 	13	15467	3.3	4	0.9603	0.2227	0.8918	0.3346	1.2265	1.183	2.4095
1259806	1	2004	Natural Stand	L 	13	15489	23.2	18.73	129.5123	17.6744	14.0659	19.4798	33.5457	147.1867	180.7324
1259806	1	2004	Natural Stand	L 	13	15490	20.8	18.72	98.4129	13.8349	12.053	15.5152	27.5682	112.2478	139.816
1259806	1	2004	Natural Stand	L 	13	15491	22	18.71	113.3206	15.6896	13.048	17.4389	30.487	129.0101	159.4971
1259806	1	2004	Natural Stand	L 	13	15492	23.8	18.32	138.1009	18.7161	14.5831	20.5444	35.1275	156.817	191.9445
1259806	1	2004	Natural Stand	L 	13	15493	13.6	14.45	33.8087	5.3346	6.6088	6.4007	13.0095	39.1434	52.1528
1259806	1	2004	Natural Stand	L 	13	15494	10.6	12.24	18.0657	3.0504	4.6457	3.8078	8.4535	21.1161	29.5696
1259806	1	2004	Natural Stand	L 	13	15495	5.3	6.33	3.1612	0.6444	1.743	0.8982	2.6412	3.8056	6.4468
1259806	1	2007	Natural Stand	L 	13	15616	23.4	19.65	132.3383	18.018	14.2377	19.8314	34.0691	150.3562	184.4253
1259806	1	2007	Natural Stand	L 	13	15617	20.9	19.4	99.6071	13.9845	12.135	15.671	27.806	113.5916	141.3976
1259806	1	2007	Natural Stand	L 	13	15618	24.3	18.99	145.5132	19.6096	15.0183	21.4541	36.4723	165.1228	201.5951
1259806	1	2007	Natural Stand	L 	13	15619	21.5	18.96	106.9551	14.9011	12.6306	16.6231	29.2538	121.8561	151.1099
1259806	1	2007	Natural Stand	L 	13	15620	13.5	14.1	33.1871	5.2471	6.5402	6.303	12.8432	38.4341	51.2773
1259806	1	2007	Natural Stand	L 	13	15621	5.4	7.03	3.3134	0.672	1.7897	0.9339	2.7236	3.9854	6.7089
1259806	1	2015	Natural Stand	L 	13	15727	21.4	20.8	105.7085	14.7461	12.5476	16.4624	29.0101	120.4546	149.4646
1259806	1	2015	Natural Stand	L 	13	15728	24.4	20.4	147.0238	19.791	15.1058	21.6385	36.7442	166.8148	203.559
1259806	1	2015	Natural Stand	L 	13	15729	23.2	19.9	129.5123	17.6744	14.0659	19.4798	33.5457	147.1867	180.7324
1259806	1	2015	Natural Stand	L 	13	15730	20.9	19.7	99.6071	13.9845	12.135	15.671	27.806	113.5916	141.3976
1259806	1	2015	Natural Stand	L 	13	15731	14.2	15.8	37.6858	5.877	7.0249	7.0032	14.0281	43.5629	57.591
1259806	1	2015	Natural Stand	L 	13	15732	12.1	15.3	25.1999	4.1046	5.602	5.0172	10.6192	29.3045	39.9237
1259806	1	2015	Natural Stand	L 	13	15733	13.5	14.6	33.1871	5.2471	6.5402	6.303	12.8432	38.4341	51.2773
1259806	1	2015	Natural Stand	L 	13	15734	10.6	12.6	18.0657	3.0504	4.6457	3.8078	8.4535	21.1161	29.5696
1259806	1	2015	Natural Stand	L 	13	15735	5.4	7.2	3.3134	0.672	1.7897	0.9339	2.7236	3.9854	6.7089
1259806	1	2015	Natural Stand	L 	13	15736	5.4	4.9	3.3134	0.672	1.7897	0.9339	2.7236	3.9854	6.7089
1259821	1	2006	Natural Stand	L 	13	15819	11.2	11.07	20.7485	3.4513	5.0219	4.2708	9.2927	24.1998	33.4925
1259821	1	2006	Natural Stand	L 	13	15820	9.7	9.04	14.4528	2.4999	4.0978	3.165	7.2628	16.9527	24.2155
1259821	1	2006	Natural Stand	L 	13	15821	8.8	8.82	11.3138	2.0094	3.5706	2.5838	6.1543	13.3232	19.4776
1259821	1	2012	Natural Stand	L 	13	15923	12.5	12.9	27.3475	4.4152	5.8657	5.369	11.2347	31.7627	42.9974
1259821	1	2012	Natural Stand	L 	13	15924	10.9	10.5	19.3792	3.2474	4.8327	4.0359	8.8686	22.6265	31.4951
1259821	1	2012	Natural Stand	L 	13	15925	10.7	10.4	18.4974	3.1153	4.7078	3.8831	8.5909	21.6126	30.2035
1259821	1	2012	Natural Stand	L 	13	15926	11	10.1	19.8294	3.3146	4.8955	4.1134	9.0089	23.144	32.1529
1259821	1	2012	Natural Stand	L 	13	15927	7.7	7.9	8.0868	1.4894	2.9561	1.9562	4.9123	9.5762	14.4884
1259821	1	2012	Natural Stand	L 	13	15928	5	6.6	2.7303	0.5655	1.6051	0.7955	2.4006	3.2958	5.6964
1259821	1	2012	Natural Stand	L 	13	15929	3.5	4.2	1.1135	0.2541	0.9692	0.3783	1.3475	1.3676	2.7151
1259846	1	2006	Natural Stand	L 	13	16034	30.3	22.13	253.4558	32.1676	20.5193	33.98	54.4992	285.6234	340.1226
1259846	1	2006	Natural Stand	L 	13	16035	21.5	18.54	106.9551	14.9011	12.6306	16.6231	29.2538	121.8561	151.1099
1259846	1	2006	Natural Stand	L 	13	16036	15.3	18.05	45.4634	6.9476	7.8067	8.1813	15.988	52.411	68.399
1259846	1	2006	Natural Stand	L 	13	16037	15.7	17.91	48.5118	7.3616	8.0969	8.6334	16.7303	55.8734	72.6037
1259846	1	2006	Natural Stand	L 	13	16038	19.5	17.51	83.6697	11.9704	11.0015	13.5628	24.5643	95.6402	120.2045
1259846	1	2006	Natural Stand	L 	13	16039	19.5	17.18	83.6697	11.9704	11.0015	13.5628	24.5643	95.6402	120.2045
1259846	1	2006	Natural Stand	L 	13	16040	18.2	17.08	70.3428	10.2543	9.9788	11.7465	21.7252	80.5971	102.3224
1259846	1	2006	Natural Stand	L 	13	16041	12.7	13.26	28.4612	4.5752	5.9988	5.5496	11.5484	33.0365	44.5849
1259846	1	2014	Natural Stand	L 	13	16051	31.6	21	281.6965	35.3459	21.7753	37.0888	58.8641	317.0425	375.9066
1259846	1	2014	Natural Stand	L 	13	16052	23.9	19.6	139.5647	18.893	14.6698	20.7247	35.3945	158.4577	193.8522
1259846	1	2014	Natural Stand	L 	13	16053	22	17.9	113.3206	15.6896	13.048	17.4389	30.487	129.0101	159.4971
1259846	1	2014	Natural Stand	L 	13	16054	21.3	17.6	104.4707	14.592	12.4648	16.3025	28.7673	119.0627	147.83
1259846	1	2014	Natural Stand	L 	13	16055	15.3	13.4	45.4634	6.9476	7.8067	8.1813	15.988	52.411	68.399
1259846	1	2014	Natural Stand	L 	13	16056	10.3	9.3	16.8074	2.8601	4.4608	3.5867	8.0475	19.6675	27.715
1259846	1	2023	Natural Stand	L 	13	16062	26	21.1	172.4852	22.821	16.5255	24.7006	41.2261	195.3062	236.5323
1259846	1	2023	Natural Stand	L 	13	16063	23.6	20.3	135.2011	18.3652	14.4101	20.1863	34.5964	153.5663	188.1627
1259846	1	2023	Natural Stand	L 	13	16064	22.1	17.6	114.6203	15.85	13.132	17.6045	30.7365	130.4703	161.2068
1259846	1	2023	Natural Stand	L 	13	16065	17.1	14.8	60.1359	8.9162	9.1366	10.3154	19.452	69.0521	88.504
1259846	1	2023	Natural Stand	L 	13	16066	18	13.7	68.4151	10.0033	9.824	11.4791	21.3031	78.4184	99.7215
1259846	1	2023	Natural Stand	L 	13	16067	13.9	11.9	35.7156	5.6022	6.8159	6.6984	13.5143	41.3178	54.8321
1259846	1	2023	Natural Stand	L 	13	16068	11.9	9.9	24.1655	3.954	5.4715	4.8459	10.3174	28.1195	38.4369
1259846	1	2023	Natural Stand	L 	13	16069	5.6	5.1	3.6307	0.7291	1.8842	1.0074	2.8915	4.3598	7.2513
1259911	1	2004	Natural Stand	L 	13	16074	23	21.64	126.723	17.3345	13.8947	19.1315	33.0262	144.0575	177.0837
1259911	1	2004	Natural Stand	L 	13	16075	21.6	19.77	108.2105	15.057	12.7138	16.7847	29.4985	123.2674	152.7659
1259911	1	2004	Natural Stand	L 	13	16076	22.2	17.45	115.929	16.0113	13.2161	17.7709	30.987	131.9403	162.9274
1259911	1	2004	Natural Stand	L 	13	16077	24	17.4	141.0378	19.0707	14.7567	20.9058	35.6625	160.1085	195.7711
1259911	1	2004	Natural Stand	L 	13	16078	18.9	16.43	77.3458	11.1601	10.5258	12.7076	23.2334	88.5059	111.7394
1259911	1	2004	Natural Stand	L 	13	16079	14.2	13.32	37.6858	5.877	7.0249	7.0032	14.0281	43.5629	57.591
1259911	1	2004	Natural Stand	L 	13	16080	10.3	12.94	16.8074	2.8601	4.4608	3.5867	8.0475	19.6675	27.715
1259911	1	2004	Natural Stand	L 	13	16081	17.2	12.83	61.0242	9.0335	9.2122	10.4415	19.6537	70.0577	89.7114
1259911	1	2004	Natural Stand	L 	13	16082	10.6	10.12	18.0657	3.0504	4.6457	3.8078	8.4535	21.1161	29.5696
1259911	1	2004	Natural Stand	L 	13	16083	5.7	4.89	3.7959	0.7587	1.9319	1.0452	2.9772	4.5546	7.5317
1259911	1	2009	Natural Stand	L 	13	16126	22.9	23.13	125.342	17.1659	13.8093	18.9586	32.7679	142.5079	175.2758
1259911	1	2009	Natural Stand	L 	13	16127	21.4	21.74	105.7085	14.7461	12.5476	16.4624	29.0101	120.4546	149.4646
1259911	1	2009	Natural Stand	L 	13	16128	18.2	20.75	70.3428	10.2543	9.9788	11.7465	21.7252	80.5971	102.3224
1259911	1	2009	Natural Stand	L 	13	16129	25.1	19.82	157.8621	21.0872	15.7223	22.9522	38.6745	178.9493	217.6239
1259911	1	2009	Natural Stand	L 	13	16130	26	18.67	172.4852	22.821	16.5255	24.7006	41.2261	195.3062	236.5323
1259911	1	2009	Natural Stand	L 	13	16131	21.7	18.66	109.4747	15.2138	12.7971	16.947	29.7441	124.6885	154.4326
1259911	1	2009	Natural Stand	L 	13	16132	16.6	17.45	55.8116	8.342	8.761	9.6968	18.4578	64.1536	82.6114
1259911	1	2009	Natural Stand	L 	13	16133	17	15.47	59.2554	8.7996	9.0611	10.1901	19.2512	68.0551	87.3063
1259911	1	2009	Natural Stand	L 	13	16134	15.4	14.7	46.2143	7.0499	7.8789	8.2931	16.1721	53.2642	69.4363
1259911	1	2009	Natural Stand	L 	13	16135	14.2	13.76	37.6858	5.877	7.0249	7.0032	14.0281	43.5629	57.591
1259911	1	2009	Natural Stand	L 	13	16136	5.7	6.08	3.7959	0.7587	1.9319	1.0452	2.9772	4.5546	7.5317
1259911	1	2019	Natural Stand	L 	13	16184	22.8	24.1	123.9702	16.9982	13.7241	18.7865	32.5106	140.9684	173.479
1259911	1	2019	Natural Stand	L 	13	16185	21.6	23.3	108.2105	15.057	12.7138	16.7847	29.4985	123.2674	152.7659
1259911	1	2019	Natural Stand	L 	13	16186	21.7	22.5	109.4747	15.2138	12.7971	16.947	29.7441	124.6885	154.4326
1259911	1	2019	Natural Stand	L 	13	16187	25.3	21.1	161.0444	21.466	15.8998	23.335	39.2348	182.5103	221.7451
1259911	1	2019	Natural Stand	L 	13	16188	22.9	19.73	125.342	17.1659	13.8093	18.9586	32.7679	142.5079	175.2758
1259911	1	2019	Natural Stand	L 	13	16189	16.7	17.8	56.6609	8.4552	8.8358	9.8189	18.6547	65.1161	83.7708
1259911	1	2019	Natural Stand	L 	13	16190	21.5	17.3	106.9551	14.9011	12.6306	16.6231	29.2538	121.8561	151.1099
1259911	1	2019	Natural Stand	L 	13	16191	18.5	17	73.2951	10.6373	10.2122	12.1536	22.3657	83.9324	106.2982
1259911	1	2019	Natural Stand	L 	13	16192	17.6	16.2	64.656	9.5116	9.5167	10.9539	20.4706	74.1676	94.6382
1259911	1	2019	Natural Stand	L 	13	16193	15.8	14.9	49.2926	7.4672	8.1699	8.7484	16.9183	56.7598	73.6781
1259911	1	2019	Natural Stand	L 	13	16194	15.2	13.93	44.7199	6.8462	7.7346	8.0703	15.8049	51.566	67.3709
1259911	1	2019	Natural Stand	L 	13	16195	15.5	12.9	46.9727	7.153	7.9514	8.4058	16.3572	54.1257	70.4828
1259911	1	2019	Natural Stand	L 	13	16196	14.7	12.3	41.1123	6.3514	7.3772	7.5269	14.9042	47.4636	62.3678
1259911	1	2019	Natural Stand	L 	13	16197	11.5	10.7	22.1746	3.6621	5.2132	4.5127	9.7258	25.8367	35.5625
1259911	1	2019	Natural Stand	L 	13	16198	9.6	8.5	14.0811	2.4425	4.0382	3.0974	7.1356	16.5235	23.6591
1259911	1	2019	Natural Stand	L 	13	16199	7.3	6.77	7.0716	1.3214	2.7413	1.7503	4.4916	8.393	12.8846
1259916	1	2005	Natural Stand	L 	13	16249	19.7	16.02	85.8445	12.2476	11.1615	13.8542	25.0157	98.0921	123.1078
1259916	1	2005	Natural Stand	L 	13	16250	16.8	13.28	57.518	8.5691	8.9107	9.9418	18.8525	66.0871	84.9397
1259916	1	2005	Natural Stand	L 	13	16251	9.1	9.05	12.3089	2.1663	3.7439	2.7707	6.5147	14.4752	20.9899
1259916	1	2005	Natural Stand	L 	13	16252	5.2	3.99	3.0134	0.6175	1.6967	0.8632	2.5599	3.6308	6.1907
1259916	1	2013	Natural Stand	L 	13	16262	20.8	16.2	98.4129	13.8349	12.053	15.5152	27.5682	112.2478	139.816
1259916	1	2013	Natural Stand	L 	13	16263	18.7	14	75.3041	10.897	10.3687	12.429	22.7976	86.201	108.9987
1259916	1	2013	Natural Stand	L 	13	16264	15.9	13.4	50.0809	7.5736	8.2431	8.8641	17.1073	57.6545	74.7618
1259916	1	2013	Natural Stand	L 	13	16265	15.3	11.3	45.4634	6.9476	7.8067	8.1813	15.988	52.411	68.399
1259916	1	2013	Natural Stand	L 	13	16266	10.4	10.2	17.2208	2.9228	4.5222	3.6597	8.1818	20.1435	28.3254
1259916	1	2013	Natural Stand	L 	13	16267	5.4	4.7	3.3134	0.672	1.7897	0.9339	2.7236	3.9854	6.7089
1259926	1	2005	Natural Stand	L 	13	16286	8.2	7.74	9.473	1.7151	3.2312	2.2302	5.4614	11.188	16.6494
1259926	1	2013	Natural Stand	L 	13	16290	7.5	6.1	7.5689	1.404	2.8481	1.8518	4.6999	8.9729	13.6728
1259926	1	2013	Natural Stand	L 	13	16291	5.3	4.2	3.1612	0.6444	1.743	0.8982	2.6412	3.8056	6.4468
1259951	1	2005	Natural Stand	L 	13	16299	13.1	12.6	30.7695	4.9048	6.2678	5.9201	12.1878	35.6743	47.8621
1259951	1	2005	Natural Stand	L 	13	16300	14.2	11.46	37.6858	5.877	7.0249	7.0032	14.0281	43.5629	57.591
1259951	1	2005	Natural Stand	L 	13	16301	16.1	10.35	51.6801	7.789	8.3902	9.0981	17.4882	59.4691	76.9573
1259951	1	2005	Natural Stand	L 	13	16302	13.1	9.61	30.7695	4.9048	6.2678	5.9201	12.1878	35.6743	47.8621
1259951	1	2005	Natural Stand	L 	13	16303	5.4	7.04	3.3134	0.672	1.7897	0.9339	2.7236	3.9854	6.7089
1259951	1	2005	Natural Stand	L 	13	16304	8.3	6.99	9.7662	1.7623	3.2871	2.2872	5.5743	11.5285	17.1028
1259951	1	2010	Natural Stand	L 	13	16314	13.9	12.84	35.7156	5.6022	6.8159	6.6984	13.5143	41.3178	54.8321
1259951	1	2010	Natural Stand	L 	13	16315	15.1	11.58	43.9837	6.7456	7.6627	7.96	15.6228	50.7293	66.352
1259951	1	2010	Natural Stand	L 	13	16316	17.5	10.99	63.7362	9.3908	9.4403	10.8246	20.2649	73.127	93.3919
1259951	1	2010	Natural Stand	L 	13	16317	13.9	9.53	35.7156	5.6022	6.8159	6.6984	13.5143	41.3178	54.8321
1259951	1	2010	Natural Stand	L 	13	16318	5.4	7.5	3.3134	0.672	1.7897	0.9339	2.7236	3.9854	6.7089
1259951	1	2010	Natural Stand	L 	13	16319	9.4	7.36	13.355	2.3298	3.9197	2.9645	6.8842	15.6848	22.5689
1259951	1	2010	Natural Stand	L 	13	16320	5.5	5.21	3.4698	0.7002	1.8368	0.9703	2.807	4.1701	6.9771
1259951	1	2022	Natural Stand	L 	13	16331	16.2	15.5	52.4911	7.8979	8.464	9.2162	17.6802	60.389	78.0692
1259951	1	2022	Natural Stand	L 	13	16332	20.6	12.7	96.0506	13.5383	11.8894	15.2059	27.0953	109.5889	136.6843
1259951	1	2022	Natural Stand	L 	13	16333	16.5	12.5	54.9699	8.2297	8.6865	9.5755	18.262	63.1997	81.4616
1259951	1	2022	Natural Stand	L 	13	16334	12.9	9.01	29.6018	4.7384	6.1329	5.7333	11.8662	34.3402	46.2064
1259951	1	2022	Natural Stand	L 	13	16335	9.5	8.8	13.7151	2.3858	3.9788	3.0306	7.0094	16.1009	23.1103
1259951	1	2022	Natural Stand	L 	13	16336	9.7	8.4	14.4528	2.4999	4.0978	3.165	7.2628	16.9527	24.2155
1259951	1	2022	Natural Stand	L 	13	16337	10.1	8.21	15.9987	2.7371	4.3388	3.4431	7.7819	18.7358	26.5177
1259951	1	2022	Natural Stand	L 	13	16338	10	8.2	15.6034	2.6766	4.2782	3.3724	7.6506	18.28	25.9306
1259951	1	2022	Natural Stand	L 	13	16339	6.9	5.8	6.1372	1.1645	2.5313	1.5564	4.0877	7.3017	11.3894
1259951	1	2022	Natural Stand	L 	13	16340	3.7	3.8	1.2805	0.2878	1.0485	0.4247	1.4732	1.5683	3.0415
1259951	1	2022	Natural Stand	L 	13	16341	3.6	3.5	1.1952	0.2707	1.0086	0.4012	1.4098	1.4659	2.8757
1259951	1	2022	Natural Stand	L 	13	16342	2.9	2.8	0.6939	0.1666	0.7429	0.2556	0.9985	0.8606	1.8591
1259951	1	2022	Natural Stand	L 	13	16343	3	2.7	0.7557	0.1798	0.7794	0.2744	1.0537	0.9355	1.9892
1259951	1	2022	Natural Stand	L 	13	16344	2.7	2.6	0.5798	0.142	0.6715	0.2203	0.8918	0.7218	1.6135
1259961	1	2005	Natural Stand	L 	13	16362	20.2	15.55	91.4293	12.9558	11.5642	14.5971	26.1613	104.3851	130.5464
1259961	1	2005	Natural Stand	L 	13	16363	16	15	50.8767	7.6809	8.3166	8.9807	17.2973	58.5576	75.8549
1259961	1	2005	Natural Stand	L 	13	16364	22.6	14.83	121.2537	16.6656	13.5542	18.4447	31.9989	137.9193	169.9181
1259961	1	2005	Natural Stand	L 	13	16365	19.9	14.54	88.053	12.5282	11.3221	14.149	25.471	100.5812	126.0522
1259961	1	2005	Natural Stand	L 	13	16366	17.5	14.24	63.7362	9.3908	9.4403	10.8246	20.2649	73.127	93.3919
1259961	1	2005	Natural Stand	L 	13	16367	12.4	10.58	26.8007	4.3364	5.7994	5.2799	11.0793	31.1371	42.2164
1259961	1	2010	Natural Stand	L 	13	16368	16.7	14.9	56.6609	8.4552	8.8358	9.8189	18.6547	65.1161	83.7708
1259961	1	2010	Natural Stand	L 	13	16369	23.4	14.79	132.3383	18.018	14.2377	19.8314	34.0691	150.3562	184.4253
1259961	1	2010	Natural Stand	L 	13	16370	21	14.4	100.8099	14.135	12.2172	15.8277	28.0449	114.945	142.9899
1259961	1	2010	Natural Stand	L 	13	16371	20.5	14.39	94.8824	13.3913	11.8078	15.0525	26.8603	108.2738	135.1341
1259961	1	2010	Natural Stand	L 	13	16372	18.1	13.62	69.375	10.1284	9.9013	11.6124	21.5137	79.5033	101.017
1259961	1	2022	Natural Stand	L 	13	16373	21.8	16.9	110.7478	15.3715	12.8806	17.1102	29.9908	126.1192	156.11
1259961	1	2022	Natural Stand	L 	13	16374	24.3	16.42	145.5132	19.6096	15.0183	21.4541	36.4723	165.1228	201.5951
1259961	1	2022	Natural Stand	L 	13	16375	17.4	16.1	62.8243	9.2708	9.3641	10.6961	20.0602	72.0951	92.1553
1259961	1	2022	Natural Stand	L 	13	16376	21.5	15.6	106.9551	14.9011	12.6306	16.6231	29.2538	121.8561	151.1099
1259961	1	2022	Natural Stand	L 	13	16377	19.1	15.13	79.4206	11.4267	10.6837	12.9894	23.6732	90.8473	114.5204
1260036	1	2004	Natural Stand	L 	13	16379	13.7	15.14	34.4373	5.423	6.6776	6.4992	13.1768	39.8604	53.0371
1260036	1	2004	Natural Stand	L 	13	16380	14	12.95	36.3652	5.693	6.8854	6.7992	13.6846	42.0583	55.7429
1260036	1	2004	Natural Stand	L 	13	16381	9	10.57	11.9716	2.1133	3.6859	2.7076	6.3935	14.0849	20.4784
1260036	1	2004	Natural Stand	L 	13	16382	11.9	9.88	24.1655	3.954	5.4715	4.8459	10.3174	28.1195	38.4369
1260036	1	2004	Natural Stand	L 	13	16383	4.6	6.68	2.2139	0.469	1.4266	0.6686	2.0952	2.6829	4.7781
1260036	1	2013	Natural Stand	L 	13	16446	16.4	17.3	54.136	8.1183	8.6121	9.4549	18.0671	62.2543	80.3214
1260036	1	2013	Natural Stand	L 	13	16447	16.7	14.7	56.6609	8.4552	8.8358	9.8189	18.6547	65.1161	83.7708
1260036	1	2013	Natural Stand	L 	13	16448	11.2	13.6	20.7485	3.4513	5.0219	4.2708	9.2927	24.1998	33.4925
1260036	1	2013	Natural Stand	L 	13	16449	14.7	13.4	41.1123	6.3514	7.3772	7.5269	14.9042	47.4636	62.3678
1260036	1	2013	Natural Stand	L 	13	16450	10.1	11.6	15.9987	2.7371	4.3388	3.4431	7.7819	18.7358	26.5177
1260036	1	2013	Natural Stand	L 	13	16451	5.3	6.8	3.1612	0.6444	1.743	0.8982	2.6412	3.8056	6.4468
1260036	1	2013	Natural Stand	L 	13	16452	5	5.9	2.7303	0.5655	1.6051	0.7955	2.4006	3.2958	5.6964
1260036	1	2013	Natural Stand	L 	13	16453	4.8	5.9	2.464	0.516	1.5151	0.7306	2.2457	2.98	5.2257
1260036	1	2013	Natural Stand	L 	13	16454	3.4	4.2	1.0352	0.2381	0.9303	0.3561	1.2864	1.2733	2.5597
1266896	1	2004	Natural Stand	L 	13	16502	14.2	12.43	37.6858	5.877	7.0249	7.0032	14.0281	43.5629	57.591
1266896	1	2004	Natural Stand	L 	13	16503	5.3	6.45	3.1612	0.6444	1.743	0.8982	2.6412	3.8056	6.4468
1266896	1	2012	Natural Stand	L 	13	16504	16.6	14.8	55.8116	8.342	8.761	9.6968	18.4578	64.1536	82.6114
1266896	1	2012	Natural Stand	L 	13	16505	6.4	6.4	5.0795	0.9837	2.2758	1.3306	3.6064	6.0632	9.6696
1266896	1	2023	Natural Stand	L 	13	16506	18.9	16.5	77.3458	11.1601	10.5258	12.7076	23.2334	88.5059	111.7394
1266916	1	2004	Natural Stand	L 	13	16507	10.7	11.51	18.4974	3.1153	4.7078	3.8831	8.5909	21.6126	30.2035
1266916	1	2004	Natural Stand	L 	13	16508	11.7	9.6	23.1572	3.8065	5.3419	4.6778	10.0196	26.9637	36.9833
1266916	1	2004	Natural Stand	L 	13	16509	8.9	9.52	11.6399	2.061	3.6281	2.6453	6.2734	13.7009	19.9743
1266916	1	2004	Natural Stand	L 	13	16510	9.1	9.46	12.3089	2.1663	3.7439	2.7707	6.5147	14.4752	20.9899
1266916	1	2008	Natural Stand	L 	13	16511	11.3	12.7	21.2175	3.5208	5.0854	4.3507	9.4361	24.7383	34.1744
1266916	1	2008	Natural Stand	L 	13	16512	9.2	10.2	12.6519	2.2201	3.8023	2.8345	6.6368	14.872	21.5088
1266916	1	2008	Natural Stand	L 	13	16513	8.8	10	11.3138	2.0094	3.5706	2.5838	6.1543	13.3232	19.4776
1266916	1	2008	Natural Stand	L 	13	16514	12	9.9	24.6794	4.0289	5.5366	4.9312	10.4678	28.7084	39.1761
1266916	1	2018	Natural Stand	L 	13	16515	11.9	14.4	24.1655	3.954	5.4715	4.8459	10.3174	28.1195	38.4369
1266916	1	2018	Natural Stand	L 	13	16516	13.2	12.8	31.3636	4.9892	6.3356	6.0146	12.3502	36.3527	48.7029
1266916	1	2018	Natural Stand	L 	13	16517	9.1	10.1	12.3089	2.1663	3.7439	2.7707	6.5147	14.4752	20.9899
1273531	1	2006	Natural Stand	L 	13	16518	17.8	14.44	66.5196	9.7557	9.67	11.2149	20.8849	76.2753	97.1602
1273531	1	2006	Natural Stand	L 	13	16519	16.3	14.22	53.3097	8.0077	8.538	9.3352	17.8731	61.3174	79.1906
1273531	1	2006	Natural Stand	L 	13	16520	14.4	13.47	39.0349	6.0643	7.1652	7.2104	14.3756	45.0992	59.4747
1273531	1	2006	Natural Stand	V 	13	16521	17.3	13.31	61.9203	9.1518	9.2881	10.5684	19.8565	71.072	90.9285
1273531	1	2006	Natural Stand	L 	13	16522	14.9	13.09	42.5334	6.5468	7.5196	7.7419	15.2615	49.0802	64.3417
1273531	1	2006	Natural Stand	L 	13	16523	11.2	11.89	20.7485	3.4513	5.0219	4.2708	9.2927	24.1998	33.4925
1273531	1	2006	Natural Stand	L 	13	16524	4.9	6.44	2.5951	0.5404	1.5599	0.7627	2.3226	3.1355	5.4581
1273531	1	2011	Natural Stand	L 	13	16729	17.4	15.6	62.8243	9.2708	9.3641	10.6961	20.0602	72.0951	92.1553
1273531	1	2011	Natural Stand	V 	13	16730	17.4	15	62.8243	9.2708	9.3641	10.6961	20.0602	72.0951	92.1553
1273531	1	2011	Natural Stand	L 	13	16731	15.2	14.8	44.7199	6.8462	7.7346	8.0703	15.8049	51.566	67.3709
1273531	1	2011	Natural Stand	V 	13	16732	18.5	14.7	73.2951	10.6373	10.2122	12.1536	22.3657	83.9324	106.2982
1273531	1	2011	Natural Stand	L 	13	16733	15.1	14.3	43.9837	6.7456	7.6627	7.96	15.6228	50.7293	66.352
1273531	1	2011	Natural Stand	L 	13	16734	16	14.1	50.8767	7.6809	8.3166	8.9807	17.2973	58.5576	75.8549
1273531	1	2011	Natural Stand	L 	13	16735	14.8	14	41.8192	6.4487	7.4483	7.634	15.0823	48.2679	63.3502
1273531	1	2011	Natural Stand	L 	13	16736	9.1	13.5	12.3089	2.1663	3.7439	2.7707	6.5147	14.4752	20.9899
1273531	1	2011	Natural Stand	L 	13	16737	11.4	13.3	21.6929	3.5911	5.1492	4.4313	9.5805	25.2839	34.8644
1273531	1	2011	Natural Stand	L 	13	16738	5	8.07	2.7303	0.5655	1.6051	0.7955	2.4006	3.2958	5.6964
1273531	1	2011	Natural Stand	L 	13	16739	5.5	7.3	3.4698	0.7002	1.8368	0.9703	2.807	4.1701	6.9771
1273531	1	2011	Natural Stand	L 	13	16740	5.2	6.6	3.0134	0.6175	1.6967	0.8632	2.5599	3.6308	6.1907
1273531	1	2011	Natural Stand	L 	13	16741	3.4	4.72	1.0352	0.2381	0.9303	0.3561	1.2864	1.2733	2.5597
1273531	1	2011	Natural Stand	L 	13	16742	3.7	4.09	1.2805	0.2878	1.0485	0.4247	1.4732	1.5683	3.0415
1273531	1	2011	Natural Stand	L 	13	16743	3.2	4	0.8888	0.2078	0.8539	0.3139	1.1677	1.0967	2.2644
1273531	1	2011	Natural Stand	L 	13	16744	2.9	3.99	0.6939	0.1666	0.7429	0.2556	0.9985	0.8606	1.8591
1273531	1	2011	Natural Stand	L 	13	16745	3.8	3.01	1.3693	0.3056	1.0888	0.449	1.5378	1.6749	3.2127
1273591	1	2006	Natural Stand	L 	13	16935	20.1	17.14	90.2954	12.8124	11.4833	14.4469	25.9302	103.1078	129.038
1273591	1	2006	Natural Stand	L 	13	16936	15	13.97	43.2549	6.6458	7.5911	7.8506	15.4416	49.9007	65.3423
1273591	1	2006	Natural Stand	L 	13	16937	14.5	13.15	39.7201	6.1592	7.2357	7.3151	14.5508	45.8793	60.4301
1273591	1	2011	Natural Stand	L 	13	16944	20.9	17.7	99.6071	13.9845	12.135	15.671	27.806	113.5916	141.3976
1273591	1	2011	Natural Stand	L 	13	16945	16.7	15.5	56.6609	8.4552	8.8358	9.8189	18.6547	65.1161	83.7708
1273591	1	2011	Natural Stand	L 	13	16946	16.4	14.8	54.136	8.1183	8.6121	9.4549	18.0671	62.2543	80.3214
1273591	1	2011	Natural Stand	L 	13	16947	16.3	13.3	53.3097	8.0077	8.538	9.3352	17.8731	61.3174	79.1906
1273591	1	2011	Natural Stand	L 	13	16948	12.9	12.1	29.6018	4.7384	6.1329	5.7333	11.8662	34.3402	46.2064
1273591	1	2011	Natural Stand	L 	13	16949	6.5	7.7	5.2814	1.0185	2.3263	1.3743	3.7006	6.3	10.0005
1273591	1	2022	Natural Stand	L 	13	16956	23.2	19.7	129.5123	17.6744	14.0659	19.4798	33.5457	147.1867	180.7324
1273591	1	2022	Natural Stand	L 	13	16957	19.8	17.1	86.9445	12.3874	11.2417	14.0012	25.2429	99.332	124.5749
1273591	1	2022	Natural Stand	L 	13	16958	19.1	17.1	79.4206	11.4267	10.6837	12.9894	23.6732	90.8473	114.5204
1273591	1	2022	Natural Stand	L 	13	16959	14.4	13.7	39.0349	6.0643	7.1652	7.2104	14.3756	45.0992	59.4747
1273591	1	2022	Natural Stand	L 	13	16960	9.3	11.9	13.0006	2.2746	3.8608	2.8991	6.76	15.2752	22.0351
1273591	1	2022	Natural Stand	L 	13	16961	7.8	9.7	8.3535	1.5331	3.0106	2.0095	5.02	9.8866	14.9066
1273641	1	2004	Natural Stand	L 	13	16965	17	14.69	59.2554	8.7996	9.0611	10.1901	19.2512	68.0551	87.3063
1273641	1	2004	Natural Stand	L 	13	16966	18	14.32	68.4151	10.0033	9.824	11.4791	21.3031	78.4184	99.7215
1273641	1	2004	Natural Stand	L 	13	16967	15.5	12.63	46.9727	7.153	7.9514	8.4058	16.3572	54.1257	70.4828
1273641	1	2004	Natural Stand	L 	13	16968	15.3	10.95	45.4634	6.9476	7.8067	8.1813	15.988	52.411	68.399
1273641	1	2004	Natural Stand	L 	13	16969	5.3	9.15	3.1612	0.6444	1.743	0.8982	2.6412	3.8056	6.4468
1273641	1	2004	Natural Stand	L 	13	16970	11.5	5.09	22.1746	3.6621	5.2132	4.5127	9.7258	25.8367	35.5625
1273641	1	2010	Natural Stand	L 	13	17001	18	14.79	68.4151	10.0033	9.824	11.4791	21.3031	78.4184	99.7215
1273641	1	2010	Natural Stand	L 	13	17002	17.2	13.96	61.0242	9.0335	9.2122	10.4415	19.6537	70.0577	89.7114
1273641	1	2010	Natural Stand	L 	13	17003	15.9	13.06	50.0809	7.5736	8.2431	8.8641	17.1073	57.6545	74.7618
1273641	1	2010	Natural Stand	L 	13	17004	15.4	11.75	46.2143	7.0499	7.8789	8.2931	16.1721	53.2642	69.4363
1273641	1	2010	Natural Stand	L 	13	17005	13.9	10.8	35.7156	5.6022	6.8159	6.6984	13.5143	41.3178	54.8321
1273641	1	2010	Natural Stand	L 	13	17006	16.1	10.72	51.6801	7.789	8.3902	9.0981	17.4882	59.4691	76.9573
1273641	1	2010	Natural Stand	L 	13	17007	10.2	8.66	16.4001	2.7982	4.3997	3.5145	7.9142	19.1983	27.1125
1273641	1	2010	Natural Stand	L 	13	17008	7.4	6.76	7.3177	1.3624	2.7945	1.8007	4.5952	8.6801	13.2753
1273641	1	2010	Natural Stand	L 	13	17009	5.2	4.88	3.0134	0.6175	1.6967	0.8632	2.5599	3.6308	6.1907
1273641	1	2021	Natural Stand	L 	13	17042	18.2	15.5	70.3428	10.2543	9.9788	11.7465	21.7252	80.5971	102.3224
1273641	1	2021	Natural Stand	L 	13	17043	17.6	14.3	64.656	9.5116	9.5167	10.9539	20.4706	74.1676	94.6382
1273641	1	2021	Natural Stand	L 	13	17044	14.7	12.2	41.1123	6.3514	7.3772	7.5269	14.9042	47.4636	62.3678
1273641	1	2021	Natural Stand	L 	13	17045	17.4	11.3	62.8243	9.2708	9.3641	10.6961	20.0602	72.0951	92.1553
1273641	1	2021	Natural Stand	L 	13	17046	12.3	9.7	26.2605	4.2583	5.7334	5.1916	10.9249	30.5188	41.4438
1273641	1	2021	Natural Stand	L 	13	17047	10.9	8.2	19.3792	3.2474	4.8327	4.0359	8.8686	22.6265	31.4951
1273641	1	2021	Natural Stand	L 	13	17048	9	8.1	11.9716	2.1133	3.6859	2.7076	6.3935	14.0849	20.4784
1273641	1	2021	Natural Stand	L 	13	17049	7.1	6.3	6.5944	1.2416	2.6357	1.6519	4.2876	7.836	12.1236
1273641	1	2021	Natural Stand	L 	13	17050	2.6	2.7	0.5273	0.1304	0.6366	0.2036	0.8402	0.6577	1.4979
1273676	1	2005	Natural Stand	L 	13	17083	23.6	18.85	135.2011	18.3652	14.4101	20.1863	34.5964	153.5663	188.1627
1273676	1	2005	Natural Stand	L 	13	17084	26.9	18.2	187.8955	24.631	17.3403	26.5159	43.8561	212.5266	256.3827
1273676	1	2005	Natural Stand	L 	13	17085	20.4	14.11	93.7228	13.2453	11.7265	14.8999	26.6264	106.9681	133.5945
1273676	1	2005	Natural Stand	L 	13	17086	24.8	11.65	153.1602	20.5261	15.4572	22.3843	37.8414	173.6864	211.5278
1273676	1	2005	Natural Stand	L 	13	17087	13	11.62	30.1823	4.8212	6.2002	5.8263	12.0265	35.0035	47.03
1273676	1	2005	Natural Stand	L 	13	17088	5.8	5.74	3.9656	0.7888	1.98	1.0838	3.0638	4.7544	7.8183
1273676	1	2013	Natural Stand	L 	13	17107	23.6	19.1	135.2011	18.3652	14.4101	20.1863	34.5964	153.5663	188.1627
1273676	1	2013	Natural Stand	L 	13	17108	27.5	18.8	198.6133	25.8804	17.8898	27.7632	45.653	224.4937	270.1467
1273676	1	2013	Natural Stand	L 	13	17109	20.9	15.1	99.6071	13.9845	12.135	15.671	27.806	113.5916	141.3976
1273676	1	2013	Natural Stand	L 	13	17110	20.1	14.3	90.2954	12.8124	11.4833	14.4469	25.9302	103.1078	129.038
1273676	1	2013	Natural Stand	L 	13	17111	14.8	11.96	41.8192	6.4487	7.4483	7.634	15.0823	48.2679	63.3502
1273676	1	2013	Natural Stand	L 	13	17112	25.1	11.87	157.8621	21.0872	15.7223	22.9522	38.6745	178.9493	217.6239
1273676	1	2013	Natural Stand	L 	13	17113	11.5	11.5	22.1746	3.6621	5.2132	4.5127	9.7258	25.8367	35.5625
1273676	1	2013	Natural Stand	L 	13	17114	7.4	5.9	7.3177	1.3624	2.7945	1.8007	4.5952	8.6801	13.2753
1273676	1	2013	Natural Stand	L 	13	17115	6	5.4	4.3185	0.8512	2.0773	1.1631	3.2404	5.1697	8.4101
1273676	1	2022	Natural Stand	L 	13	17132	19.2	18	80.4704	11.5613	10.7629	13.1316	23.8945	92.0317	115.9262
1273676	1	2022	Natural Stand	L 	13	17133	28.1	18	209.6912	27.1641	18.4443	29.0405	47.4848	236.8552	284.3401
1273676	1	2022	Natural Stand	L 	13	17134	21	15.3	100.8099	14.135	12.2172	15.8277	28.0449	114.945	142.9899
1273676	1	2022	Natural Stand	L 	13	17135	17.4	14.8	62.8243	9.2708	9.3641	10.6961	20.0602	72.0951	92.1553
1273676	1	2022	Natural Stand	L 	13	17136	20.4	14.4	93.7228	13.2453	11.7265	14.8999	26.6264	106.9681	133.5945
1273676	1	2022	Natural Stand	L 	13	17137	14	13.9	36.3652	5.693	6.8854	6.7992	13.6846	42.0583	55.7429
1273676	1	2022	Natural Stand	L 	13	17138	17.7	13.4	65.5838	9.6332	9.5933	11.084	20.6772	75.217	95.8943
1273676	1	2022	Natural Stand	L 	13	17139	26	12	172.4852	22.821	16.5255	24.7006	41.2261	195.3062	236.5323
1273676	1	2022	Natural Stand	L 	13	17140	12.4	11.9	26.8007	4.3364	5.7994	5.2799	11.0793	31.1371	42.2164
1273676	1	2022	Natural Stand	L 	13	17141	10.3	11.3	16.8074	2.8601	4.4608	3.5867	8.0475	19.6675	27.715
1273676	1	2022	Natural Stand	L 	13	17142	11.9	9.8	24.1655	3.954	5.4715	4.8459	10.3174	28.1195	38.4369
1273676	1	2022	Natural Stand	L 	13	17143	12.7	9.2	28.4612	4.5752	5.9988	5.5496	11.5484	33.0365	44.5849
1273676	1	2022	Natural Stand	L 	13	17144	10	9.1	15.6034	2.6766	4.2782	3.3724	7.6506	18.28	25.9306
1273676	1	2022	Natural Stand	L 	13	17145	9.4	7.8	13.355	2.3298	3.9197	2.9645	6.8842	15.6848	22.5689
1273676	1	2022	Natural Stand	L 	13	17146	8.2	6.8	9.473	1.7151	3.2312	2.2302	5.4614	11.188	16.6494
1273676	1	2022	Natural Stand	L 	13	17147	3.9	6.2	1.4617	0.3239	1.1295	0.474	1.6035	1.7856	3.3891
1273676	1	2022	Natural Stand	L 	13	17148	6.4	5.7	5.0795	0.9837	2.2758	1.3306	3.6064	6.0632	9.6696
1273751	1	2005	Natural Stand	L 	13	17151	33.2	24.13	318.9513	39.4868	23.3509	41.1097	64.4606	358.4381	422.8986
1273751	1	2005	Natural Stand	L 	13	17152	26.2	21.01	175.8412	23.2166	16.7055	25.0982	41.8038	199.0578	240.8616
1273751	1	2005	Natural Stand	L 	13	17153	26.2	16.41	175.8412	23.2166	16.7055	25.0982	41.8038	199.0578	240.8616
1273751	1	2005	Natural Stand	L 	13	17154	22.5	15.67	119.909	16.5007	13.4694	18.275	31.7444	136.4097	168.1541
1273751	1	2005	Natural Stand	L 	13	17155	18.1	14.3	69.375	10.1284	9.9013	11.6124	21.5137	79.5033	101.017
1273751	1	2005	Natural Stand	L 	13	17156	5	3.77	2.7303	0.5655	1.6051	0.7955	2.4006	3.2958	5.6964
1273751	1	2011	Natural Stand	L 	13	17162	33.5	23.8	326.2485	40.2916	23.6498	41.8876	65.5375	366.5401	432.0776
1273751	1	2011	Natural Stand	L 	13	17163	26.6	16.9	182.6704	24.0192	17.0674	25.9033	42.9707	206.6896	249.6603
1273751	1	2011	Natural Stand	L 	13	17164	24.2	15.6	144.0121	19.429	14.9309	21.2705	36.2014	163.4411	199.6425
1273751	1	2011	Natural Stand	L 	13	17165	20.1	15	90.2954	12.8124	11.4833	14.4469	25.9302	103.1078	129.038
1273751	1	2011	Natural Stand	L 	13	17166	10.2	7.8	16.4001	2.7982	4.3997	3.5145	7.9142	19.1983	27.1125
1273751	1	2011	Natural Stand	L 	13	17167	6	5.2	4.3185	0.8512	2.0773	1.1631	3.2404	5.1697	8.4101
1273751	1	2022	Natural Stand	V 	13	17178	16.8	19.6	57.518	8.5691	8.9107	9.9418	18.8525	66.0871	84.9397
1273751	1	2022	Natural Stand	V 	13	17179	27.3	18.8	195.0009	25.4601	17.7061	27.3441	45.0502	220.461	265.5112
1273751	1	2022	Natural Stand	V 	13	17180	22.9	17	125.342	17.1659	13.8093	18.9586	32.7679	142.5079	175.2758
1273751	1	2022	Natural Stand	V 	13	17181	26.6	16.9	182.6704	24.0192	17.0674	25.9033	42.9707	206.6896	249.6603
1273751	1	2022	Natural Stand	L 	13	17182	13.2	10.2	31.3636	4.9892	6.3356	6.0146	12.3502	36.3527	48.7029
1273751	1	2022	Natural Stand	L 	13	17183	12.8	9.3	29.0281	4.6564	6.0657	5.641	11.7068	33.6846	45.3914
1273751	1	2022	Natural Stand	L 	13	17184	10.2	8.2	16.4001	2.7982	4.3997	3.5145	7.9142	19.1983	27.1125
1273751	1	2022	Natural Stand	L 	13	17185	8.3	6.4	9.7662	1.7623	3.2871	2.2872	5.5743	11.5285	17.1028
1273751	1	2022	Natural Stand	L 	13	17186	4.9	6.1	2.5951	0.5404	1.5599	0.7627	2.3226	3.1355	5.4581
1273751	1	2022	Natural Stand	L 	13	17187	4.7	4.4	2.3369	0.4922	1.4706	0.6992	2.1699	2.8291	4.999
1273781	1	2003	Natural Stand	L 	13	17194	12.7	11.98	28.4612	4.5752	5.9988	5.5496	11.5484	33.0365	44.5849
1273781	1	2003	Natural Stand	L 	13	17195	9	6.67	11.9716	2.1133	3.6859	2.7076	6.3935	14.0849	20.4784
1273781	1	2011	Natural Stand	L 	13	17200	14.1	13.9	37.022	5.7846	6.955	6.9008	13.8559	42.8066	56.6625
1273781	1	2011	Natural Stand	L 	13	17201	8.8	7.6	11.3138	2.0094	3.5706	2.5838	6.1543	13.3232	19.4776
1273781	1	2011	Natural Stand	L 	13	17202	6.1	7.5	4.5018	0.8833	2.1264	1.2039	3.3303	5.3851	8.7154
1273781	1	2022	Natural Stand	L 	13	17208	16	15.6	50.8767	7.6809	8.3166	8.9807	17.2973	58.5576	75.8549
1273781	1	2022	Natural Stand	L 	13	17209	15.3	13.7	45.4634	6.9476	7.8067	8.1813	15.988	52.411	68.399
1273781	1	2022	Natural Stand	L 	13	17210	15	12.4	43.2549	6.6458	7.5911	7.8506	15.4416	49.9007	65.3423
1273781	1	2022	Natural Stand	L 	13	17211	11.4	10.6	21.6929	3.5911	5.1492	4.4313	9.5805	25.2839	34.8644
1273781	1	2022	Natural Stand	L 	13	17212	6.8	6.2	5.916	1.127	2.4796	1.5098	3.9893	7.043	11.0323
1280416	1	2006	Natural Stand	L 	13	17216	13.6	11.06	33.8087	5.3346	6.6088	6.4007	13.0095	39.1434	52.1528
1280416	1	2006	Natural Stand	L 	13	17217	9.4	8.85	13.355	2.3298	3.9197	2.9645	6.8842	15.6848	22.5689
1280416	1	2011	Natural Stand	L 	13	17295	14.9	12.2	42.5334	6.5468	7.5196	7.7419	15.2615	49.0802	64.3417
1280416	1	2011	Natural Stand	L 	13	17296	10.7	10.2	18.4974	3.1153	4.7078	3.8831	8.5909	21.6126	30.2035
1280416	1	2011	Natural Stand	L 	13	17297	3.2	3.8	0.8888	0.2078	0.8539	0.3139	1.1677	1.0967	2.2644
1280416	1	2022	Natural Stand	L 	13	17373	12.2	12.6	25.7269	4.1811	5.6676	5.104	10.7715	29.908	40.6795
1280416	1	2022	Natural Stand	L 	13	17374	13.8	12	35.073	5.5122	6.7467	6.5984	13.3451	40.5852	53.9302
1280416	1	2022	Natural Stand	L 	13	17375	12.2	11.7	25.7269	4.1811	5.6676	5.104	10.7715	29.908	40.6795
1280416	1	2022	Natural Stand	L 	13	17376	13.9	11.5	35.7156	5.6022	6.8159	6.6984	13.5143	41.3178	54.8321
1280416	1	2022	Natural Stand	L 	13	17377	12.3	11.2	26.2605	4.2583	5.7334	5.1916	10.9249	30.5188	41.4438
1280416	1	2022	Natural Stand	L 	13	17378	10.2	10.9	16.4001	2.7982	4.3997	3.5145	7.9142	19.1983	27.1125
1280416	1	2022	Natural Stand	L 	13	17379	13.5	10.3	33.1871	5.2471	6.5402	6.303	12.8432	38.4341	51.2773
1280416	1	2022	Natural Stand	L 	13	17380	12.2	10.2	25.7269	4.1811	5.6676	5.104	10.7715	29.908	40.6795
1280416	1	2022	Natural Stand	L 	13	17381	12	10	24.6794	4.0289	5.5366	4.9312	10.4678	28.7084	39.1761
1280416	1	2022	Natural Stand	L 	13	17382	8.4	9.5	10.0648	1.8103	3.3432	2.345	5.6883	11.8751	17.5634
1280416	1	2022	Natural Stand	L 	13	17383	10.8	9.2	18.9352	3.181	4.7701	3.9591	8.7292	22.1161	30.8453
1280416	1	2022	Natural Stand	L 	13	17384	9.1	9	12.3089	2.1663	3.7439	2.7707	6.5147	14.4752	20.9899
1280416	1	2022	Natural Stand	L 	13	17385	9.8	8.2	14.8305	2.5581	4.1577	3.2334	7.3911	17.3885	24.7796
1280416	1	2022	Natural Stand	L 	13	17386	16.2	5.9	52.4911	7.8979	8.464	9.2162	17.6802	60.389	78.0692
1280436	1	2010	Natural Stand	L 	13	17418	11.6	9.7	22.6627	3.7339	5.2774	4.5948	9.8722	26.3966	36.2688
1280436	1	2010	Natural Stand	L 	13	17419	12.5	8.56	27.3475	4.4152	5.8657	5.369	11.2347	31.7627	42.9974
1280436	1	2010	Natural Stand	L 	13	17420	11.3	8.55	21.2175	3.5208	5.0854	4.3507	9.4361	24.7383	34.1744
1280436	1	2010	Natural Stand	L 	13	17421	7.9	8.39	8.6254	1.5775	3.0653	2.0635	5.1288	10.203	15.3318
1280436	1	2010	Natural Stand	L 	13	17422	6.9	7.81	6.1372	1.1645	2.5313	1.5564	4.0877	7.3017	11.3894
1280436	1	2010	Natural Stand	L 	13	17423	5.5	5.96	3.4698	0.7002	1.8368	0.9703	2.807	4.1701	6.9771
1280436	1	2021	Natural Stand	L 	13	17429	14.9	12.5	42.5334	6.5468	7.5196	7.7419	15.2615	49.0802	64.3417
1280436	1	2021	Natural Stand	L 	13	17430	16.1	12.1	51.6801	7.789	8.3902	9.0981	17.4882	59.4691	76.9573
1280436	1	2021	Natural Stand	L 	13	17431	9.2	11.5	12.6519	2.2201	3.8023	2.8345	6.6368	14.872	21.5088
1280436	1	2021	Natural Stand	L 	13	17432	7.1	8.4	6.5944	1.2416	2.6357	1.6519	4.2876	7.836	12.1236
1280451	1	2004	Natural Stand	L 	13	17437	22	16.63	113.3206	15.6896	13.048	17.4389	30.487	129.0101	159.4971
1280451	1	2004	Natural Stand	L 	13	17438	18.1	15	69.375	10.1284	9.9013	11.6124	21.5137	79.5033	101.017
1280451	1	2015	Natural Stand	L 	13	17443	20.4	13.4	93.7228	13.2453	11.7265	14.8999	26.6264	106.9681	133.5945
1280486	1	2004	Natural Stand	L 	13	17444	16.5	17	54.9699	8.2297	8.6865	9.5755	18.262	63.1997	81.4616
1280486	1	2004	Natural Stand	L 	13	17445	16.4	13.85	54.136	8.1183	8.6121	9.4549	18.0671	62.2543	80.3214
1280486	1	2004	Natural Stand	L 	13	17446	13.1	12.32	30.7695	4.9048	6.2678	5.9201	12.1878	35.6743	47.8621
1280486	1	2004	Natural Stand	L 	13	17447	13.7	11.5	34.4373	5.423	6.6776	6.4992	13.1768	39.8604	53.0371
1280486	1	2004	Natural Stand	L 	13	17448	12.1	11.27	25.1999	4.1046	5.602	5.0172	10.6192	29.3045	39.9237
1280486	1	2004	Natural Stand	L 	13	17449	5.1	5.45	2.8698	0.5912	1.6507	0.829	2.4797	3.4609	5.9406
1280486	1	2008	Natural Stand	L 	13	17458	17.4	14.85	62.8243	9.2708	9.3641	10.6961	20.0602	72.0951	92.1553
1280486	1	2008	Natural Stand	L 	13	17459	17	14.22	59.2554	8.7996	9.0611	10.1901	19.2512	68.0551	87.3063
1280486	1	2008	Natural Stand	L 	13	17460	13.4	12.2	32.5723	5.1603	6.4717	6.2061	12.6778	37.7326	50.4105
1280486	1	2008	Natural Stand	L 	13	17461	16.8	11.97	57.518	8.5691	8.9107	9.9418	18.8525	66.0871	84.9397
1280486	1	2008	Natural Stand	L 	13	17462	18.5	11.93	73.2951	10.6373	10.2122	12.1536	22.3657	83.9324	106.2982
1280486	1	2008	Natural Stand	L 	13	17463	13.1	11.88	30.7695	4.9048	6.2678	5.9201	12.1878	35.6743	47.8621
1280486	1	2008	Natural Stand	L 	13	17464	11.2	9.33	20.7485	3.4513	5.0219	4.2708	9.2927	24.1998	33.4925
1280486	1	2008	Natural Stand	L 	13	17465	3.5	3.85	1.1135	0.2541	0.9692	0.3783	1.3475	1.3676	2.7151
1280486	1	2008	Natural Stand	L 	13	17466	3.6	3.73	1.1952	0.2707	1.0086	0.4012	1.4098	1.4659	2.8757
1280486	1	2018	Natural Stand	L 	13	17472	21.5	18	106.9551	14.9011	12.6306	16.6231	29.2538	121.8561	151.1099
1280486	1	2018	Natural Stand	L 	13	17473	20.9	16.5	99.6071	13.9845	12.135	15.671	27.806	113.5916	141.3976
1280486	1	2018	Natural Stand	L 	13	17474	15.9	13.8	50.0809	7.5736	8.2431	8.8641	17.1073	57.6545	74.7618
1280486	1	2018	Natural Stand	L 	13	17475	19.5	13.1	83.6697	11.9704	11.0015	13.5628	24.5643	95.6402	120.2045
1280486	1	2018	Natural Stand	L 	13	17476	9	9.1	11.9716	2.1133	3.6859	2.7076	6.3935	14.0849	20.4784
1280486	1	2018	Natural Stand	L 	13	17477	3.8	3.8	1.3693	0.3056	1.0888	0.449	1.5378	1.6749	3.2127
1280536	1	2005	Natural Stand	L 	13	17481	5.7	4.84	3.7959	0.7587	1.9319	1.0452	2.9772	4.5546	7.5317
1280536	1	2010	Natural Stand	L 	13	17482	6.9	5.54	6.1372	1.1645	2.5313	1.5564	4.0877	7.3017	11.3894
1280536	1	2023	Natural Stand	L 	13	17483	4.5	4.1	2.0948	0.4465	1.3829	0.6387	2.0216	2.5413	4.5629
1280661	1	2004	Natural Stand	L 	13	17484	27.9	21.67	205.9583	26.7323	18.2589	28.6114	46.8703	232.6906	279.561
1280661	1	2004	Natural Stand	L 	13	17485	17.3	18.07	61.9203	9.1518	9.2881	10.5684	19.8565	71.072	90.9285
1280661	1	2004	Natural Stand	L 	13	17486	8.6	9.86	10.6783	1.9084	3.4564	2.4629	5.9193	12.5867	18.506
1280661	1	2013	Natural Stand	L 	13	17488	28.5	22.4	217.2785	28.039	18.8167	29.9086	48.7253	245.3175	294.0429
1280661	1	2013	Natural Stand	L 	13	17489	19.9	20.4	88.053	12.5282	11.3221	14.149	25.471	100.5812	126.0522
1280661	1	2023	Natural Stand	L 	13	17491	21	22.3	100.8099	14.135	12.2172	15.8277	28.0449	114.945	142.9899
1280661	1	2023	Natural Stand	L 	13	17492	11.1	13.6	20.2858	3.3826	4.9586	4.1917	9.1503	23.6684	32.8187
1287361	1	2004	Natural Stand	L 	13	17493	14.3	13.62	38.3568	5.9703	7.0949	7.1064	14.2013	44.327	58.5284
1287361	1	2004	Natural Stand	L 	13	17494	12.8	13.29	29.0281	4.6564	6.0657	5.641	11.7068	33.6846	45.3914
1287361	1	2004	Natural Stand	L 	13	17495	11.6	12.22	22.6627	3.7339	5.2774	4.5948	9.8722	26.3966	36.2688
1287361	1	2004	Natural Stand	L 	13	17496	11.4	11.86	21.6929	3.5911	5.1492	4.4313	9.5805	25.2839	34.8644
1287361	1	2004	Natural Stand	L 	13	17497	7.5	8.14	7.5689	1.404	2.8481	1.8518	4.6999	8.9729	13.6728
1287361	1	2004	Natural Stand	L 	13	17498	5.2	5.09	3.0134	0.6175	1.6967	0.8632	2.5599	3.6308	6.1907
1287361	1	2008	Natural Stand	L 	13	17559	13.4	13.67	32.5723	5.1603	6.4717	6.2061	12.6778	37.7326	50.4105
1287361	1	2008	Natural Stand	L 	13	17560	11.7	11.82	23.1572	3.8065	5.3419	4.6778	10.0196	26.9637	36.9833
1287361	1	2008	Natural Stand	L 	13	17561	11.5	11.74	22.1746	3.6621	5.2132	4.5127	9.7258	25.8367	35.5625
1287361	1	2008	Natural Stand	L 	13	17562	10.3	10.94	16.8074	2.8601	4.4608	3.5867	8.0475	19.6675	27.715
1287361	1	2008	Natural Stand	L 	13	17563	10.3	10.3	16.8074	2.8601	4.4608	3.5867	8.0475	19.6675	27.715
1287361	1	2008	Natural Stand	L 	13	17564	10.2	9.87	16.4001	2.7982	4.3997	3.5145	7.9142	19.1983	27.1125
1287361	1	2008	Natural Stand	L 	13	17565	6.8	8.75	5.916	1.127	2.4796	1.5098	3.9893	7.043	11.0323
1287361	1	2008	Natural Stand	L 	13	17566	8.8	7.53	11.3138	2.0094	3.5706	2.5838	6.1543	13.3232	19.4776
1287361	1	2008	Natural Stand	L 	13	17567	6.4	7.32	5.0795	0.9837	2.2758	1.3306	3.6064	6.0632	9.6696
1287361	1	2008	Natural Stand	L 	13	17568	8.2	6.67	9.473	1.7151	3.2312	2.2302	5.4614	11.188	16.6494
1287361	1	2008	Natural Stand	L 	13	17569	5.3	4.85	3.1612	0.6444	1.743	0.8982	2.6412	3.8056	6.4468
1287361	1	2008	Natural Stand	L 	13	17570	5.1	4.81	2.8698	0.5912	1.6507	0.829	2.4797	3.4609	5.9406
1287361	1	2008	Natural Stand	L 	13	17571	2.9	3.55	0.6939	0.1666	0.7429	0.2556	0.9985	0.8606	1.8591
1287361	1	2008	Natural Stand	L 	13	17572	3.4	3.14	1.0352	0.2381	0.9303	0.3561	1.2864	1.2733	2.5597
1287361	1	2008	Natural Stand	L 	13	17573	2.9	2.01	0.6939	0.1666	0.7429	0.2556	0.9985	0.8606	1.8591
1287361	1	2018	Natural Stand	L 	13	17634	11.7	12.2	23.1572	3.8065	5.3419	4.6778	10.0196	26.9637	36.9833
1287361	1	2018	Natural Stand	L 	13	17635	10.2	10.5	16.4001	2.7982	4.3997	3.5145	7.9142	19.1983	27.1125
1287361	1	2018	Natural Stand	L 	13	17636	10.1	10.3	15.9987	2.7371	4.3388	3.4431	7.7819	18.7358	26.5177
1287361	1	2018	Natural Stand	L 	13	17637	10.1	8.9	15.9987	2.7371	4.3388	3.4431	7.7819	18.7358	26.5177
1287361	1	2018	Natural Stand	L 	13	17638	9.2	8.4	12.6519	2.2201	3.8023	2.8345	6.6368	14.872	21.5088
1287361	1	2018	Natural Stand	L 	13	17639	6.5	7.6	5.2814	1.0185	2.3263	1.3743	3.7006	6.3	10.0005
1287361	1	2018	Natural Stand	L 	13	17640	8.4	7.5	10.0648	1.8103	3.3432	2.345	5.6883	11.8751	17.5634
1287361	1	2018	Natural Stand	L 	13	17641	4.6	5.8	2.2139	0.469	1.4266	0.6686	2.0952	2.6829	4.7781
1287361	1	2018	Natural Stand	L 	13	17642	5.4	5.3	3.3134	0.672	1.7897	0.9339	2.7236	3.9854	6.7089
1287361	1	2018	Natural Stand	L 	13	17643	5.3	5.2	3.1612	0.6444	1.743	0.8982	2.6412	3.8056	6.4468
1287376	1	2006	Natural Stand	L 	13	17734	7.5	5.87	7.5689	1.404	2.8481	1.8518	4.6999	8.9729	13.6728
1287376	1	2006	Natural Stand	L 	13	17735	4.5	4.57	2.0948	0.4465	1.3829	0.6387	2.0216	2.5413	4.5629
1287376	1	2016	Natural Stand	L 	13	17736	11.9	9.4	24.1655	3.954	5.4715	4.8459	10.3174	28.1195	38.4369
1287376	1	2016	Natural Stand	L 	13	17737	8.8	8.6	11.3138	2.0094	3.5706	2.5838	6.1543	13.3232	19.4776
1287376	1	2016	Natural Stand	L 	13	17738	5.2	5	3.0134	0.6175	1.6967	0.8632	2.5599	3.6308	6.1907
1294211	1	2004	Natural Stand	L 	13	17739	7.9	6.42	8.6254	1.5775	3.0653	2.0635	5.1288	10.203	15.3318
1294211	1	2004	Natural Stand	L 	13	17740	6.5	5.39	5.2814	1.0185	2.3263	1.3743	3.7006	6.3	10.0005
1294211	1	2004	Natural Stand	L 	13	17741	5.9	4.76	4.1398	0.8197	2.0285	1.1231	3.1516	4.9595	8.1111
1294211	1	2004	Natural Stand	L 	13	17742	5.1	4.33	2.8698	0.5912	1.6507	0.829	2.4797	3.4609	5.9406
1294211	1	2004	Natural Stand	L 	13	17743	6.1	4.05	4.5018	0.8833	2.1264	1.2039	3.3303	5.3851	8.7154
1294211	1	2015	Natural Stand	L 	13	17795	8.8	8.2	11.3138	2.0094	3.5706	2.5838	6.1543	13.3232	19.4776
1294211	1	2015	Natural Stand	L 	13	17796	8.9	7.9	11.6399	2.061	3.6281	2.6453	6.2734	13.7009	19.9743
1294211	1	2015	Natural Stand	L 	13	17797	9.5	7.8	13.7151	2.3858	3.9788	3.0306	7.0094	16.1009	23.1103
1294211	1	2015	Natural Stand	L 	13	17798	9.1	7.7	12.3089	2.1663	3.7439	2.7707	6.5147	14.4752	20.9899
1294211	1	2015	Natural Stand	L 	13	17799	6.7	6.5	5.6997	1.0902	2.4281	1.4639	3.892	6.7898	10.6818
1294211	1	2015	Natural Stand	L 	13	17800	6.2	6.4	4.6897	0.9161	2.1759	1.2454	3.4213	5.6058	9.0271
1294211	1	2015	Natural Stand	L 	13	17801	7.5	6.3	7.5689	1.404	2.8481	1.8518	4.6999	8.9729	13.6728
1294211	1	2015	Natural Stand	L 	13	17802	8.8	6.3	11.3138	2.0094	3.5706	2.5838	6.1543	13.3232	19.4776
1294211	1	2015	Natural Stand	L 	13	17803	5.1	4.7	2.8698	0.5912	1.6507	0.829	2.4797	3.4609	5.9406
1301131	1	2004	Natural Stand	L 	13	17886	27.4	20.02	196.8021	25.6698	17.7979	27.5533	45.3511	222.4719	267.823
1301131	1	2004	Natural Stand	L 	13	17887	21.5	18.15	106.9551	14.9011	12.6306	16.6231	29.2538	121.8561	151.1099
1301131	1	2004	Natural Stand	L 	13	17888	19.1	15.28	79.4206	11.4267	10.6837	12.9894	23.6732	90.8473	114.5204
1301131	1	2004	Natural Stand	L 	13	17889	12.5	10.6	27.3475	4.4152	5.8657	5.369	11.2347	31.7627	42.9974
1301131	1	2004	Natural Stand	L 	13	17890	5.5	5.25	3.4698	0.7002	1.8368	0.9703	2.807	4.1701	6.9771
1301131	1	2008	Natural Stand	L 	13	17903	20.6	16.84	96.0506	13.5383	11.8894	15.2059	27.0953	109.5889	136.6843
1301131	1	2008	Natural Stand	L 	13	17904	19.8	16.39	86.9445	12.3874	11.2417	14.0012	25.2429	99.332	124.5749
1301131	1	2008	Natural Stand	L 	13	17905	22.1	15.99	114.6203	15.85	13.132	17.6045	30.7365	130.4703	161.2068
1301131	1	2008	Natural Stand	L 	13	17906	18.8	15.74	76.3208	11.0281	10.4472	12.5679	23.0151	87.3489	110.364
1301131	1	2008	Natural Stand	L 	13	17907	20.4	15.31	93.7228	13.2453	11.7265	14.8999	26.6264	106.9681	133.5945
1301131	1	2008	Natural Stand	L 	13	17908	10.4	9.89	17.2208	2.9228	4.5222	3.6597	8.1818	20.1435	28.3254
1301131	1	2008	Natural Stand	L 	13	17909	6.9	6.95	6.1372	1.1645	2.5313	1.5564	4.0877	7.3017	11.3894
1301131	1	2008	Natural Stand	L 	13	17910	3.9	3.95	1.4617	0.3239	1.1295	0.474	1.6035	1.7856	3.3891
1301131	1	2008	Natural Stand	L 	13	17911	4.6	3.63	2.2139	0.469	1.4266	0.6686	2.0952	2.6829	4.7781
1301131	1	2018	Natural Stand	L 	13	17917	24	19	141.0378	19.0707	14.7567	20.9058	35.6625	160.1085	195.7711
1301131	1	2018	Natural Stand	L 	13	17918	22.4	17.8	118.5733	16.3366	13.3848	18.1062	31.491	134.91	166.401
1301131	1	2018	Natural Stand	L 	13	17919	22.4	17.1	118.5733	16.3366	13.3848	18.1062	31.491	134.91	166.401
1301131	1	2018	Natural Stand	L 	13	17920	23.2	16.3	129.5123	17.6744	14.0659	19.4798	33.5457	147.1867	180.7324
1301131	1	2018	Natural Stand	L 	13	17921	25.5	13.9	164.265	21.8484	16.0778	23.721	39.7989	186.1134	225.9123
1301131	1	2018	Natural Stand	L 	13	17922	12.5	12.6	27.3475	4.4152	5.8657	5.369	11.2347	31.7627	42.9974
1301131	1	2018	Natural Stand	L 	13	17923	13.4	11.6	32.5723	5.1603	6.4717	6.2061	12.6778	37.7326	50.4105
1301131	1	2018	Natural Stand	L 	13	17924	10.2	10.3	16.4001	2.7982	4.3997	3.5145	7.9142	19.1983	27.1125
1314831	1	2004	Natural Stand	L 	13	17934	11.9	12.19	24.1655	3.954	5.4715	4.8459	10.3174	28.1195	38.4369
1314831	1	2004	Natural Stand	L 	13	17935	15	11.19	43.2549	6.6458	7.5911	7.8506	15.4416	49.9007	65.3423
1314831	1	2004	Natural Stand	L 	13	17936	10.7	9.55	18.4974	3.1153	4.7078	3.8831	8.5909	21.6126	30.2035
1314831	1	2004	Natural Stand	L 	13	17937	8.5	9.4	10.3688	1.859	3.3997	2.4036	5.8032	12.2278	18.0311
1314831	1	2004	Natural Stand	L 	13	17938	8.5	9.01	10.3688	1.859	3.3997	2.4036	5.8032	12.2278	18.0311
1314831	1	2008	Natural Stand	L 	13	17944	12.3	12.9	26.2605	4.2583	5.7334	5.1916	10.9249	30.5188	41.4438
1314831	1	2008	Natural Stand	L 	13	17945	8.8	10.7	11.3138	2.0094	3.5706	2.5838	6.1543	13.3232	19.4776
1314831	1	2008	Natural Stand	L 	13	17946	3.5	3.83	1.1135	0.2541	0.9692	0.3783	1.3475	1.3676	2.7151
1314831	1	2018	Natural Stand	L 	13	17952	13.9	15.1	35.7156	5.6022	6.8159	6.6984	13.5143	41.3178	54.8321
1314831	1	2018	Natural Stand	L 	13	17953	9.4	12.4	13.355	2.3298	3.9197	2.9645	6.8842	15.6848	22.5689
1314831	1	2018	Natural Stand	L 	13	17954	4.6	3.9	2.2139	0.469	1.4266	0.6686	2.0952	2.6829	4.7781
1314846	1	2004	Natural Stand	L 	13	17964	5.1	7.76	2.8698	0.5912	1.6507	0.829	2.4797	3.4609	5.9406
1314846	1	2004	Natural Stand	L 	13	17965	3.9	4.15	1.4617	0.3239	1.1295	0.474	1.6035	1.7856	3.3891
1314846	1	2004	Natural Stand	L 	13	17966	3.7	4.12	1.2805	0.2878	1.0485	0.4247	1.4732	1.5683	3.0415
1314846	1	2004	Natural Stand	L 	13	17967	4.5	4.09	2.0948	0.4465	1.3829	0.6387	2.0216	2.5413	4.5629
1314846	1	2004	Natural Stand	L 	13	17968	4.5	3.72	2.0948	0.4465	1.3829	0.6387	2.0216	2.5413	4.5629
1314846	1	2004	Natural Stand	L 	13	17969	3.1	3.52	0.8206	0.1935	0.8164	0.2938	1.1101	1.0142	2.1243
1314846	1	2017	Natural Stand	L 	13	17983	5.5	7.5	3.4698	0.7002	1.8368	0.9703	2.807	4.1701	6.9771
1314846	1	2017	Natural Stand	L 	13	17984	7.8	7.4	8.3535	1.5331	3.0106	2.0095	5.02	9.8866	14.9066
1314846	1	2017	Natural Stand	L 	13	17985	6.5	6.8	5.2814	1.0185	2.3263	1.3743	3.7006	6.3	10.0005
1314846	1	2017	Natural Stand	L 	13	17986	7.2	6.6	6.8305	1.2812	2.6883	1.7007	4.3891	8.1117	12.5007
1314846	1	2017	Natural Stand	L 	13	17987	7	6.5	6.3634	1.2027	2.5833	1.6038	4.1871	7.5661	11.7532
1314846	1	2017	Natural Stand	L 	13	17988	5.1	5.8	2.8698	0.5912	1.6507	0.829	2.4797	3.4609	5.9406
1314846	1	2017	Natural Stand	L 	13	17989	5.1	5.4	2.8698	0.5912	1.6507	0.829	2.4797	3.4609	5.9406
1314851	1	2004	Natural Stand	L 	13	18067	13.3	11.95	31.9645	5.0743	6.4035	6.11	12.5135	37.0388	49.5524
1314851	1	2004	Natural Stand	L 	13	18068	11.4	10.91	21.6929	3.5911	5.1492	4.4313	9.5805	25.2839	34.8644
1314851	1	2004	Natural Stand	L 	13	18069	11.3	9.39	21.2175	3.5208	5.0854	4.3507	9.4361	24.7383	34.1744
1314851	1	2004	Natural Stand	L 	13	18070	11	8.95	19.8294	3.3146	4.8955	4.1134	9.0089	23.144	32.1529
1314851	1	2008	Natural Stand	L 	13	18078	14.5	12.4	39.7201	6.1592	7.2357	7.3151	14.5508	45.8793	60.4301
1314851	1	2008	Natural Stand	L 	13	18079	12.4	11.8	26.8007	4.3364	5.7994	5.2799	11.0793	31.1371	42.2164
1314851	1	2008	Natural Stand	L 	13	18080	12.3	10	26.2605	4.2583	5.7334	5.1916	10.9249	30.5188	41.4438
1314851	1	2008	Natural Stand	L 	13	18081	5.7	6.2	3.7959	0.7587	1.9319	1.0452	2.9772	4.5546	7.5317
1314851	1	2008	Natural Stand	L 	13	18082	4.1	4.8	1.6576	0.3623	1.2123	0.526	1.7384	2.02	3.7583
1314851	1	2008	Natural Stand	L 	13	18083	4.3	4.7	1.8685	0.4032	1.2968	0.5809	1.8777	2.2717	4.1494
1314851	1	2008	Natural Stand	L 	13	18084	4	4.3	1.5578	0.3428	1.1707	0.4997	1.6704	1.9006	3.571
1314851	1	2008	Natural Stand	L 	13	18085	2.8	3.4	0.6353	0.154	0.7069	0.2376	0.9445	0.7893	1.7339
1314851	1	2018	Natural Stand	L 	13	18092	15.5	13.7	46.9727	7.153	7.9514	8.4058	16.3572	54.1257	70.4828
1314851	1	2018	Natural Stand	L 	13	18093	5.1	5.7	2.8698	0.5912	1.6507	0.829	2.4797	3.4609	5.9406
1314851	1	2018	Natural Stand	L 	13	18094	6	5.5	4.3185	0.8512	2.0773	1.1631	3.2404	5.1697	8.4101
1314851	1	2018	Natural Stand	L 	13	18095	4.7	4.8	2.3369	0.4922	1.4706	0.6992	2.1699	2.8291	4.999
1314851	1	2018	Natural Stand	L 	13	18096	2.6	3	0.5273	0.1304	0.6366	0.2036	0.8402	0.6577	1.4979
1314851	1	2018	Natural Stand	L 	13	18097	2.8	2.9	0.6353	0.154	0.7069	0.2376	0.9445	0.7893	1.7339
1314851	1	2018	Natural Stand	L 	13	18098	2.6	2.4	0.5273	0.1304	0.6366	0.2036	0.8402	0.6577	1.4979
1314851	1	2018	Natural Stand	L 	13	18099	3.5	2.4	1.1135	0.2541	0.9692	0.3783	1.3475	1.3676	2.7151
1321751	1	2004	Natural Stand	L 	13	18108	11.6	8.25	22.6627	3.7339	5.2774	4.5948	9.8722	26.3966	36.2688
1321751	1	2004	Natural Stand	L 	13	18109	5.9	4.99	4.1398	0.8197	2.0285	1.1231	3.1516	4.9595	8.1111
1321751	1	2004	Natural Stand	L 	13	18110	5.4	4.84	3.3134	0.672	1.7897	0.9339	2.7236	3.9854	6.7089
1321751	1	2016	Natural Stand	L 	13	18136	16	11.5	50.8767	7.6809	8.3166	8.9807	17.2973	58.5576	75.8549
1321751	1	2016	Natural Stand	L 	13	18137	9.1	8	12.3089	2.1663	3.7439	2.7707	6.5147	14.4752	20.9899
1321751	1	2016	Natural Stand	L 	13	18138	8.6	7.6	10.6783	1.9084	3.4564	2.4629	5.9193	12.5867	18.506
1321751	1	2016	Natural Stand	L 	13	18139	7.7	7.3	8.0868	1.4894	2.9561	1.9562	4.9123	9.5762	14.4884
1321751	1	2016	Natural Stand	L 	13	18140	7.7	7.3	8.0868	1.4894	2.9561	1.9562	4.9123	9.5762	14.4884
1321751	1	2016	Natural Stand	L 	13	18141	7.8	7.2	8.3535	1.5331	3.0106	2.0095	5.02	9.8866	14.9066
1321751	1	2016	Natural Stand	L 	13	18142	7.1	6.8	6.5944	1.2416	2.6357	1.6519	4.2876	7.836	12.1236
1321751	1	2016	Natural Stand	L 	13	18143	5.7	5.2	3.7959	0.7587	1.9319	1.0452	2.9772	4.5546	7.5317
1321751	1	2016	Natural Stand	L 	13	18144	3.9	5.2	1.4617	0.3239	1.1295	0.474	1.6035	1.7856	3.3891
1321751	1	2016	Natural Stand	L 	13	18145	4.8	4.8	2.464	0.516	1.5151	0.7306	2.2457	2.98	5.2257
1321751	1	2016	Natural Stand	L 	13	18146	5.5	3.97	3.4698	0.7002	1.8368	0.9703	2.807	4.1701	6.9771
1321751	1	2016	Natural Stand	L 	13	18147	3.3	3.1	0.9603	0.2227	0.8918	0.3346	1.2265	1.183	2.4095
1321751	1	2016	Natural Stand	L 	13	18148	2.6	3.1	0.5273	0.1304	0.6366	0.2036	0.8402	0.6577	1.4979
1321791	1	2006	Natural Stand	L 	13	18238	19.9	13.74	88.053	12.5282	11.3221	14.149	25.471	100.5812	126.0522
1321791	1	2006	Natural Stand	L 	13	18239	14.4	10.79	39.0349	6.0643	7.1652	7.2104	14.3756	45.0992	59.4747
1328616	1	2004	Natural Stand	L 	13	18240	31	25.32	268.439	33.8584	21.1929	35.6364	56.8293	302.2974	359.1267
1328616	1	2004	Natural Stand	L 	13	18241	21.2	22.47	103.2417	14.4388	12.3821	16.1434	28.5255	117.6805	146.206
1328616	1	2004	Natural Stand	L 	13	18242	19.7	19.15	85.8445	12.2476	11.1615	13.8542	25.0157	98.0921	123.1078
1328616	1	2004	Natural Stand	L 	13	18243	12.5	16.9	27.3475	4.4152	5.8657	5.369	11.2347	31.7627	42.9974
1328616	1	2016	Natural Stand	L 	13	18244	35.2	28.7	369.4956	45.0227	25.3649	46.4392	71.8041	414.5183	486.3224
1328616	1	2016	Natural Stand	L 	13	18245	20.5	19.5	94.8824	13.3913	11.8078	15.0525	26.8603	108.2738	135.1341
1328616	1	2016	Natural Stand	L 	13	18246	13.5	17.9	33.1871	5.2471	6.5402	6.303	12.8432	38.4341	51.2773
1349261	1	2004	Natural Stand	L 	13	18248	6.9	5.72	6.1372	1.1645	2.5313	1.5564	4.0877	7.3017	11.3894
1349261	1	2004	Natural Stand	L 	13	18249	7.1	5.31	6.5944	1.2416	2.6357	1.6519	4.2876	7.836	12.1236
1349261	1	2016	Natural Stand	L 	13	18254	13.2	10.5	31.3636	4.9892	6.3356	6.0146	12.3502	36.3527	48.7029
1349261	1	2016	Natural Stand	L 	13	18255	11.7	9.7	23.1572	3.8065	5.3419	4.6778	10.0196	26.9637	36.9833
1349261	1	2016	Natural Stand	L 	13	18256	9.3	9.2	13.0006	2.2746	3.8608	2.8991	6.76	15.2752	22.0351
1349261	1	2016	Natural Stand	L 	13	18257	8	6.1	8.9026	1.6227	3.1203	2.1183	5.2386	10.5253	15.764
1349261	1	2016	Natural Stand	L 	13	18258	5.1	4.7	2.8698	0.5912	1.6507	0.829	2.4797	3.4609	5.9406
1349261	1	2016	Natural Stand	L 	13	18259	4.1	4.63	1.6576	0.3623	1.2123	0.526	1.7384	2.02	3.7583
9999999	1	2005	Natural Stand	L 	13	18262	18	12.84	68.4151	10.0033	9.824	11.4791	21.3031	78.4184	99.7215
9999999	1	2005	Natural Stand	L 	13	18263	17.7	12.77	65.5838	9.6332	9.5933	11.084	20.6772	75.217	95.8943
9999999	1	2005	Natural Stand	L 	13	18264	18.5	12.37	73.2951	10.6373	10.2122	12.1536	22.3657	83.9324	106.2982
9999999	1	2005	Natural Stand	L 	13	18265	17.1	10.56	60.1359	8.9162	9.1366	10.3154	19.452	69.0521	88.504
9999999	1	2005	Natural Stand	L 	13	18266	11.8	8.66	23.6581	3.8799	5.4065	4.7615	10.168	27.538	37.706
9999999	1	2005	Natural Stand	L 	13	18267	5	4.36	2.7303	0.5655	1.6051	0.7955	2.4006	3.2958	5.6964
