BIOMASS CALCULATION RESULTS
==================================================
Generated on: 2025-11-23 08:17:11
Total records: 2522

plot	subplot	year	origin	tree status	speccode	tree number	dbh	height	Total (KG)
-------------------------------------------------------------------------------
1108656	1	2005a	Natural Stand	L 	13a	1a	19.5a	1a7.07	N/A
1108656	1	2005	Natural Stand	L 	13	2	18.3	14s.48	N/A
1108656	1	2005	Natural Stand	L 	13	3	17	13.84	88.0004
1108656	1	2005	Natural Stand	L 	13	4	17.8	13.82	96.3736
1108656	1	2005	Natural Stand	L 	13	5	15.7	13.81	75.1137
1108656	1	2005	Natural Stand	L 	13	6	18.2	13.64	100.1594
1108656	1	2005	Natural Stand	L 	13	7	15.7	13.32	73.7484
1108656	1	2005	Natural Stand	L 	13	8	16	12s.08	N/A
1108656	1	2005	Natural Stand	L 	13	9	10.3	10.77	28.8573
1108656	1	2016	Natural Stand	L 	13	95	2220	18000.3	418266443.5767
1108656	1	2016	Natural Stand	L 	13	96	18.7	16.01	114.6975
1108656	1	2016	Natural Stand	L 	13	97	16.5	15.4	87.9473
1108656	1	2016	Natural Stand	L 	13	98	18	15.2	103.4130
1108656	1	2016	Natural Stand	L 	13	99	19.3	14.5	115.8723
1108656	1	2016	Natural Stand	L 	13	100	16.6	14.2	85.0546
1108656	1	2016	Natural Stand	L 	13	101	16.9	14.1	87.7919
1108656	1	2016	Natural Stand	L 	13	102	17.8	13.8	96.3083
1108656	1	2016	Natural Stand	L 	13	103	16.4	12.6	78.4605
1108656	1	2016	Natural Stand	L 	13	104	17.1	11.6	82.9198
1108656	1	2016	Natural Stand	L 	13	105	11.2	11.2	34.7087
1108656	1	2016	Natural Stand	L 	13	106	6.9	7.72	11.2588
1108656	1	2016	Natural Stand	L 	13	107	6	5.28	7.8907
1108656	1	2016	Natural Stand	L 	13	108	4	4.4	3.2650
1108656	1	2016	Natural Stand	L 	13	109	3.2	3.01	2.1500
1108656	1	2016	Natural Stand	L 	13	110	2.7	2.74	1.5037
1108656	1	2016	Natural Stand	L 	13	111	3.5	2.36	3.0878
1115341	1	2014	Natural Stand	L 	13	187	10.7	8.5	28.6545
1115341	1	2014	Natural Stand	L 	13	188	10.5	7.3	26.9794
1115341	1	2014	Natural Stand	L 	13	189	8.6	7	17.4408
1115341	1	2014	Natural Stand	L 	13	190	8.3	6.4	16.0597
1115341	1	2014	Natural Stand	L 	13	191	5.7	4.6	7.1514
1115341	1	2014	Natural Stand	L 	13	192	5.2	4.4	5.8569
1115341	1	2022	Natural Stand	L 	13	259	9	7.6	19.4474
1115341	1	2022	Natural Stand	L 	13	260	10.5	7.4	26.9967
1115341	1	2022	Natural Stand	L 	13	261	8.6	6.6	17.3697
1115341	1	2022	Natural Stand	L 	13	262	7.8	5	14.4247
1115341	1	2022	Natural Stand	L 	13	263	5.8	4.7	7.4093
1115341	1	2022	Natural Stand	L 	13	264	5.4	4.7	6.3074
1115341	1	2022	Natural Stand	L 	13	265	7	4.5	11.5766
1115341	1	2022	Natural Stand	L 	13	266	4.1	4.1	3.4717
1115541	1	2005	Natural Stand	L 	13	330	10.6	9.66	29.1793
1115541	1	2005	Natural Stand	L 	13	331	8.9	7.67	19.0273
1115541	1	2005	Natural Stand	L 	13	332	8.6	7.49	17.6181
1115541	1	2005	Natural Stand	L 	13	333	9.7	7.4	22.7331
1115541	1	2005	Natural Stand	L 	13	334	9.5	6.76	21.6197
1115541	1	2005	Natural Stand	L 	13	335	9.8	6.4	23.2294
1115541	1	2005	Natural Stand	L 	13	336	6.5	5.09	9.4633
1115541	1	2016	Natural Stand	L 	13	448	11.6	10.9	36.7518
1115541	1	2016	Natural Stand	L 	13	449	9.9	8.8	24.5914
1115541	1	2016	Natural Stand	L 	13	450	10.7	8.72	28.8256
1115541	1	2016	Natural Stand	L 	13	451	9	8.1	19.7230
1115541	1	2016	Natural Stand	L 	13	452	10.7	7.61	28.1826
1115541	1	2016	Natural Stand	L 	13	453	10.7	7.1	28.1139
1115541	1	2016	Natural Stand	L 	13	454	7.8	6.11	14.0097
1115541	1	2016	Natural Stand	L 	13	455	3.7	3.8	2.7939
1115541	1	2016	Natural Stand	L 	13	456	3.4	3.5	2.3503
1115541	1	2016	Natural Stand	L 	13	457	2.6	3.1	1.3196
1115541	1	2016	Natural Stand	L 	13	458	2.7	2.8	1.4897
1122221	1	2010	Natural Stand	L 	13	616	8.5	6.28	16.9269
1122221	1	2010	Natural Stand	L 	13	617	7.5	5.41	12.9596
1122221	1	2010	Natural Stand	L 	13	618	5.7	5.19	7.0529
1122221	1	2010	Natural Stand	L 	13	619	7.6	5.12	13.4993
1122221	1	2010	Natural Stand	L 	13	620	7.3	5.01	12.3658
1122221	1	2010	Natural Stand	L 	13	621	6.1	4.84	8.2632
1122221	1	2010	Natural Stand	L 	13	622	6.5	4.8	9.5646
1122221	1	2010	Natural Stand	L 	13	623	5.8	4.75	7.3958
1122221	1	2010	Natural Stand	L 	13	624	5.4	4.65	6.3169
1122221	1	2010	Natural Stand	L 	13	625	6.4	4.61	9.3209
1122221	1	2010	Natural Stand	L 	13	626	5	4.51	5.3384
1122221	1	2010	Natural Stand	L 	13	627	5.3	4.32	6.1413
1122221	1	2010	Natural Stand	L 	13	628	7.2	4.32	12.5779
1122221	1	2010	Natural Stand	L 	13	629	4.1	4.09	3.4730
1122221	1	2010	Natural Stand	L 	13	630	2.9	3.03	1.7057
1122221	1	2010	Natural Stand	L 	13	631	2.6	2.54	1.4269
1122221	1	2022	Natural Stand	L 	13	661	9.2	7.1	20.1986
1122221	1	2022	Natural Stand	L 	13	662	7.8	5.9	14.0260
1122221	1	2022	Natural Stand	L 	13	663	6	5.6	7.8893
1122221	1	2022	Natural Stand	L 	13	664	7.4	5.4	12.5753
1122221	1	2022	Natural Stand	L 	13	665	8	5.3	15.0734
1122221	1	2022	Natural Stand	L 	13	666	7.9	5.3	14.6439
1122221	1	2022	Natural Stand	L 	13	667	7.1	5.2	11.5172
1122221	1	2022	Natural Stand	L 	13	668	6.4	5.2	9.1159
1122221	1	2022	Natural Stand	L 	13	669	5.5	5	6.5307
1122221	1	2022	Natural Stand	L 	13	670	6.9	5	10.8704
1122221	1	2022	Natural Stand	L 	13	671	6	4.9	7.9453
1122221	1	2022	Natural Stand	L 	13	672	5.4	4.8	6.2915
1122221	1	2022	Natural Stand	L 	13	673	7.6	4.7	13.8406
1122221	1	2022	Natural Stand	L 	13	674	4.6	4.4	4.4452
1122221	1	2022	Natural Stand	L 	13	675	5.5	4.2	6.7387
1122221	1	2022	Natural Stand	L 	13	676	3.8	4.1	2.9318
1122221	1	2022	Natural Stand	L 	13	677	3.1	3.2	1.9526
1122221	1	2022	Natural Stand	L 	13	678	3	2.7	1.9429
1129066	1	2009	Natural Stand	L 	13	705	8.1	6.53	15.2374
1129066	1	2009	Natural Stand	L 	13	706	7.4	6.46	12.5239
1129066	1	2009	Natural Stand	L 	13	707	7	6.44	11.1149
1129066	1	2009	Natural Stand	L 	13	708	6.6	6.01	9.7314
1129066	1	2009	Natural Stand	L 	13	709	4.5	4.53	4.2216
1129066	1	2009	Natural Stand	L 	13	710	5.9	4.35	7.8477
1129066	1	2009	Natural Stand	L 	13	711	3.3	3.23	2.2482
1129066	1	2009	Natural Stand	L 	13	712	2.7	3.15	1.4313
1129066	1	2019	Natural Stand	L 	13	801	9.3	7.6	20.8480
1129066	1	2019	Natural Stand	L 	13	802	10	7.5	24.3106
1129066	1	2019	Natural Stand	L 	13	803	8	7.5	15.1412
1129066	1	2019	Natural Stand	L 	13	804	8	7.3	15.0526
1129066	1	2019	Natural Stand	L 	13	805	6.5	4.6	9.6672
1129066	1	2019	Natural Stand	L 	13	806	4.4	3.9	4.1153
1129066	1	2019	Natural Stand	L 	13	807	3.3	3.8	2.1642
1129066	1	2019	Natural Stand	L 	13	808	5.8	3.6	8.1526
1129066	1	2019	Natural Stand	L 	13	809	5.4	2.7	8.3060
1129141	1	2017	Natural Stand	L 	13	938	11.6	7.9	33.6910
1129141	1	2017	Natural Stand	L 	13	939	9.8	7.5	23.2752
1129141	1	2017	Natural Stand	L 	13	940	9	6.8	19.2040
1129141	1	2017	Natural Stand	L 	13	941	9.4	6.7	21.1213
1129141	1	2017	Natural Stand	L 	13	942	6.4	4.9	9.1937
1129141	1	2017	Natural Stand	L 	13	943	5.4	4.3	6.4175
1129141	1	2017	Natural Stand	L 	13	944	4.9	4.25	5.1543
1129141	1	2017	Natural Stand	L 	13	945	3	2.56	2.0014
1129306	1	2005	Natural Stand	L 	13	997	14	13.29	58.7741
1129306	1	2005	Natural Stand	L 	13	998	14.5	12.69	61.5133
1129306	1	2005	Natural Stand	L 	13	999	13.6	10.09	49.4217
1129306	1	2005	Natural Stand	L 	13	1000	11.7	9.68	35.7398
1129306	1	2005	Natural Stand	L 	13	1001	12.4	9.36	39.9451
1129306	1	2005	Natural Stand	L 	13	1002	10.8	8.13	28.9811
1129306	1	2005	Natural Stand	L 	13	1003	11.8	8.05	35.0221
1129306	1	2005	Natural Stand	L 	13	1004	8.2	7.47	15.9298
1129306	1	2005	Natural Stand	L 	13	1005	8.3	6.43	16.0609
1129306	1	2005	Natural Stand	L 	13	1006	7.5	6.23	12.8613
1129306	1	2005	Natural Stand	L 	13	1007	6.5	4.99	9.4925
1129306	1	2007	Natural Stand	L 	13	1097	14	13.2	58.5606
1129306	1	2007	Natural Stand	L 	13	1098	14.5	12.2	60.3958
1129306	1	2007	Natural Stand	L 	13	1099	13.4	10.4	48.3691
1129306	1	2007	Natural Stand	L 	13	1100	11.7	9.8	35.8828
1129306	1	2007	Natural Stand	L 	13	1101	12.6	9.5	41.4610
1129306	1	2007	Natural Stand	L 	13	1102	11	8.76	30.5777
1129306	1	2007	Natural Stand	L 	13	1103	11.8	8.53	35.2837
1129306	1	2007	Natural Stand	L 	13	1104	8.4	7.7	16.8689
1129306	1	2007	Natural Stand	L 	13	1105	7.7	6.6	13.6691
1129306	1	2007	Natural Stand	L 	13	1106	8.6	6.5	17.3641
1129306	1	2007	Natural Stand	L 	13	1107	6.5	5.1	9.4607
1129306	1	2018	Natural Stand	L 	13	1197	12.4	10.7	41.7048
1129306	1	2018	Natural Stand	L 	13	1198	13.5	10.6	49.4264
1129306	1	2018	Natural Stand	L 	13	1199	9.9	10.2	26.0056
1129306	1	2018	Natural Stand	L 	13	1200	12.1	9.66	38.2855
1129306	1	2018	Natural Stand	L 	13	1201	12.9	9.43	43.4811
1129306	1	2018	Natural Stand	L 	13	1202	10	8.9	25.1927
1129306	1	2018	Natural Stand	L 	13	1203	9.4	8.6	21.9467
1129306	1	2018	Natural Stand	L 	13	1204	9	7.8	19.5479
1129306	1	2018	Natural Stand	L 	13	1205	10.2	7.5	25.3735
1129306	1	2018	Natural Stand	L 	13	1206	7.2	5.9	11.7527
1129306	1	2018	Natural Stand	L 	13	1207	2.8	3.2	1.5479
1135991	1	2008	Natural Stand	V 	13	1308	13.2	7.89	44.7633
1135991	1	2008	Natural Stand	V 	13	1309	10.7	6.78	28.1680
1135991	1	2008	Natural Stand	V 	13	1310	8.7	5.81	17.9546
1135991	1	2008	Natural Stand	V 	13	1311	7.1	5.05	11.5809
1135991	1	2008	Natural Stand	V 	13	1312	5.8	4.34	7.5480
1135991	1	2008	Natural Stand	L 	13	1313	5	4.31	5.3806
1135991	1	2008	Natural Stand	L 	13	1314	3.4	3.11	2.4446
1135991	1	2008	Natural Stand	L 	13	1315	2.6	2.78	1.3684
1135991	1	2008	Natural Stand	L 	13	1316	2.8	2.74	1.6379
1135991	1	2019	Natural Stand	L 	13	1318	14.2	8.8	52.8083
1135991	1	2019	Natural Stand	L 	13	1319	11.5	7.5	32.9772
1135991	1	2019	Natural Stand	L 	13	1320	8.6	7.4	17.5790
1135991	1	2019	Natural Stand	L 	13	1321	10.2	6.7	25.3232
1135991	1	2019	Natural Stand	L 	13	1322	8.3	6.5	16.0654
1135991	1	2019	Natural Stand	L 	13	1323	6.8	5.5	10.3851
1135991	1	2019	Natural Stand	L 	13	1324	5.6	4.7	6.8445
1135991	1	2019	Natural Stand	L 	13	1325	5	4.5	5.3401
1135991	1	2019	Natural Stand	L 	13	1326	4.9	4.4	5.1210
1136156	1	2006	Natural Stand	L 	13	1333	22.8	17.01	174.8567
1136156	1	2006	Natural Stand	L 	13	1334	20.9	15.62	140.8193
1136156	1	2006	Natural Stand	L 	13	1335	21.3	13.9	138.8518
1136156	1	2006	Natural Stand	L 	13	1336	13.4	13.42	54.2495
1136156	1	2006	Natural Stand	L 	13	1337	14.1	13.29	59.5991
1136156	1	2006	Natural Stand	L 	13	1338	17.2	13.13	87.9071
1136156	1	2006	Natural Stand	L 	13	1339	16.5	12.41	78.9383
1136156	1	2006	Natural Stand	L 	13	1340	18.8	12.39	103.0705
1136156	1	2006	Natural Stand	L 	13	1341	17.3	11.29	84.2846
1136156	1	2006	Natural Stand	L 	13	1342	5.1	3.83	5.8289
1136156	1	2017	Natural Stand	L 	13	1400	21.3	17	152.9789
1136156	1	2017	Natural Stand	L 	13	1401	22	14.4	150.4074
1136156	1	2017	Natural Stand	L 	13	1402	13.6	14.2	57.6937
1136156	1	2017	Natural Stand	L 	13	1403	17.5	14.1	94.0713
1136156	1	2017	Natural Stand	L 	13	1404	14.4	14	63.9091
1136156	1	2017	Natural Stand	L 	13	1405	19.8	13	116.6086
1136156	1	2017	Natural Stand	L 	13	1406	18.2	12.6	96.9786
1136156	1	2017	Natural Stand	L 	13	1407	18.5	12.6	100.2875
1136156	1	2017	Natural Stand	L 	13	1408	5.9	5.4	7.6012
1136156	1	2017	Natural Stand	L 	13	1409	7.3	5.3	12.2284
1136156	1	2017	Natural Stand	L 	13	1410	2.7	2.83	1.4832
1136161	1	2005	Natural Stand	L 	13	1468	20.8	16.75	144.8251
1136161	1	2005	Natural Stand	L 	13	1469	17	14.01	88.5352
1136161	1	2005	Natural Stand	L 	13	1470	14.4	11.86	58.8335
1136161	1	2005	Natural Stand	L 	13	1471	12.6	8.13	40.4333
1136161	1	2005	Natural Stand	L 	13	1472	11.2	7.29	31.1007
1136161	1	2005	Natural Stand	L 	13	1473	5.9	5.92	7.6418
1136161	1	2010	Natural Stand	L 	13	1572	20.8	16	141.2366
1136161	1	2010	Natural Stand	L 	13	1573	17	13.2	86.0664
1136161	1	2010	Natural Stand	L 	13	1574	13.7	11.1	51.7891
1136161	1	2010	Natural Stand	L 	13	1575	13.9	9.2	50.7061
1136161	1	2010	Natural Stand	L 	13	1576	13.4	8.6	46.4484
1136161	1	2010	Natural Stand	L 	13	1577	11.7	7.5	34.2575
1136161	1	2010	Natural Stand	L 	13	1578	13.3	6.73	46.3981
1136161	1	2010	Natural Stand	L 	13	1579	6.3	5.1	8.8191
1136161	1	2010	Natural Stand	L 	13	1580	6.3	4.3	9.1806
1136161	1	2010	Natural Stand	L 	13	1581	5	3.9	5.5290
1136161	1	2021	Natural Stand	L 	13	1677	21	16.9	148.3041
1136161	1	2021	Natural Stand	L 	13	1678	14.5	12.9	62.0111
1136161	1	2021	Natural Stand	L 	13	1679	15.9	9.9	68.4622
1136161	1	2021	Natural Stand	L 	13	1680	15	9.4	59.9206
1136161	1	2021	Natural Stand	L 	13	1681	14.7	8.6	56.8889
1136161	1	2021	Natural Stand	L 	13	1682	12.7	7.8	41.0865
1136161	1	2021	Natural Stand	L 	13	1683	6.6	5.9	9.7208
1136161	1	2021	Natural Stand	L 	13	1684	6.1	5.8	8.1915
1136161	1	2021	Natural Stand	L 	13	1685	7.1	5	11.6057
1136161	1	2021	Natural Stand	L 	13	1686	7.2	5	11.9848
1136161	1	2021	Natural Stand	L 	13	1687	2.6	2.48	1.4454
1136166	1	2005	Natural Stand	L 	13	1796	15.4	11.73	67.1111
1136166	1	2005	Natural Stand	L 	13	1797	16.9	11.36	80.4055
1136166	1	2005	Natural Stand	L 	13	1798	14.3	11.32	56.9330
1136166	1	2005	Natural Stand	L 	13	1799	15.7	11.32	68.9430
1136166	1	2005	Natural Stand	L 	13	1800	8.9	6.39	18.7325
1136166	1	2005	Natural Stand	L 	13	1801	5	4.48	5.3437
1136166	1	2017	Natural Stand	L 	13	1924	16.2	13.4	78.7147
1136166	1	2017	Natural Stand	L 	13	1925	15.6	13.1	72.2315
1136166	1	2017	Natural Stand	L 	13	1926	16.3	13	78.5649
1136166	1	2017	Natural Stand	L 	13	1927	18.1	12.7	96.1736
1136166	1	2017	Natural Stand	L 	13	1928	15.9	12.6	73.7128
1136166	1	2017	Natural Stand	L 	13	1929	17	11.8	82.3713
1136166	1	2017	Natural Stand	L 	13	1930	8.6	7.6	17.6696
1136166	1	2017	Natural Stand	L 	13	1931	10.4	7.6	26.4951
1136166	1	2017	Natural Stand	L 	13	1932	6	5.5	7.8859
1136191	1	2005	Natural Stand	L 	13	2049	17.2	15.07	94.1669
1136191	1	2005	Natural Stand	L 	13	2050	17.6	14.74	97.3263
1136191	1	2005	Natural Stand	L 	13	2051	16.4	13.74	81.6548
1136191	1	2005	Natural Stand	L 	13	2052	18.1	13.69	99.2203
1136191	1	2005	Natural Stand	L 	13	2053	20.9	13.45	131.9254
1136191	1	2005	Natural Stand	L 	13	2054	14.9	12.82	65.2498
1136191	1	2005	Natural Stand	L 	13	2055	14.6	12.71	62.4061
1136191	1	2005	Natural Stand	L 	13	2056	14.4	11.7	58.5015
1136191	1	2005	Natural Stand	L 	13	2057	15.7	11.22	68.7438
1136191	1	2005	Natural Stand	L 	13	2058	10.2	11.13	28.7788
1136191	1	2005	Natural Stand	L 	13	2059	13.4	10.85	49.0843
1136191	1	2005	Natural Stand	L 	13	2060	10.3	9.3	27.1529
1136191	1	2005	Natural Stand	L 	13	2061	8.2	7.5	15.9437
1136191	1	2005	Natural Stand	L 	13	2062	5.4	4.83	6.2876
1136191	1	2010	Natural Stand	L 	13	2132	17.4	15.3	97.1376
1136191	1	2010	Natural Stand	L 	13	2133	21	15	139.3882
1136191	1	2010	Natural Stand	L 	13	2134	17.8	14.4	98.3242
1136191	1	2010	Natural Stand	L 	13	2135	20.9	14.2	134.7448
1136191	1	2010	Natural Stand	L 	13	2136	16.5	13.7	82.5245
1136191	1	2010	Natural Stand	L 	13	2137	18.6	13.7	104.8404
1136191	1	2010	Natural Stand	L 	13	2138	15	13.2	67.0783
1136191	1	2010	Natural Stand	L 	13	2139	15.6	13.1	72.2315
1136191	1	2010	Natural Stand	L 	13	2140	15	12.2	64.6493
1136191	1	2010	Natural Stand	L 	13	2141	16.5	12	77.9259
1136191	1	2010	Natural Stand	L 	13	2142	13.9	11.3	53.7063
1136191	1	2010	Natural Stand	L 	13	2143	10.3	11.1	29.2943
1136191	1	2010	Natural Stand	L 	13	2144	8.5	10.2	19.2477
1136191	1	2010	Natural Stand	L 	13	2145	10.6	9.4	28.9006
1136191	1	2010	Natural Stand	L 	13	2146	8.7	8.2	18.4473
1136191	1	2010	Natural Stand	L 	13	2147	7.1	6.3	11.4313
1136191	1	2010	Natural Stand	L 	13	2148	5.5	6.1	6.6196
1136191	1	2010	Natural Stand	L 	13	2149	4.8	5.72	4.9183
1136191	1	2010	Natural Stand	L 	13	2150	5.8	5	7.3470
1136191	1	2010	Natural Stand	L 	13	2151	3.2	3.63	2.0346
1136191	1	2010	Natural Stand	L 	13	2152	3.4	3.27	2.3986
1136191	1	2010	Natural Stand	L 	13	2153	2.7	2.91	1.4674
1136191	1	2010	Natural Stand	L 	13	2154	3.3	2.03	3.0127
1136191	1	2021	Natural Stand	L 	13	2221	18.3	15.6	108.3579
1136191	1	2021	Natural Stand	L 	13	2222	18.1	15.4	105.2956
1136191	1	2021	Natural Stand	L 	13	2223	16.1	14.6	81.3203
1136191	1	2021	Natural Stand	L 	13	2224	18.9	14.6	111.5073
1136191	1	2021	Natural Stand	L 	13	2225	16.8	14.2	87.0854
1136191	1	2021	Natural Stand	L 	13	2226	18	14.1	99.4897
1136191	1	2021	Natural Stand	L 	13	2227	15.6	13.6	73.5875
1136191	1	2021	Natural Stand	L 	13	2228	16.6	12.9	81.2156
1136191	1	2021	Natural Stand	L 	13	2229	15.9	12.3	72.9655
1136191	1	2021	Natural Stand	L 	13	2230	10.6	11.8	32.0081
1136191	1	2021	Natural Stand	L 	13	2231	14.5	11.6	59.1215
1136191	1	2021	Natural Stand	L 	13	2232	9	11	22.4043
1136191	1	2021	Natural Stand	L 	13	2233	9.2	8.91	21.2460
1136191	1	2021	Natural Stand	L 	13	2234	9.7	8.9	23.6638
1136191	1	2021	Natural Stand	L 	13	2235	6.1	7	8.4852
1136191	1	2021	Natural Stand	L 	13	2236	6.5	5.9	9.4048
1136191	1	2021	Natural Stand	L 	13	2237	6.1	5.16	8.1965
1136191	1	2021	Natural Stand	L 	13	2238	3.1	3.87	1.8828
1136191	1	2021	Natural Stand	L 	13	2239	3.9	3.6	3.1912
1142896	1	2008	Natural Stand	L 	13	2310	21.4	18.97	165.0107
1142896	1	2008	Natural Stand	L 	13	2311	17.2	16.44	99.1351
1142896	1	2008	Natural Stand	L 	13	2312	18.8	15.16	112.4772
1142896	1	2008	Natural Stand	L 	13	2313	14.4	14.81	66.0652
1142896	1	2008	Natural Stand	L 	13	2314	14	14.5	61.7800
1142896	1	2008	Natural Stand	L 	13	2315	13.7	11.95	53.4122
1142896	1	2008	Natural Stand	L 	13	2316	5.8	5.16	7.3301
1143061	1	2004	Natural Stand	L 	13	2364	17.6	13.7	93.8386
1143061	1	2004	Natural Stand	L 	13	2365	17.7	13.34	93.7753
1143061	1	2004	Natural Stand	L 	13	2366	16.3	13.17	79.0345
1143061	1	2004	Natural Stand	L 	13	2367	20.2	12.18	119.1045
1143061	1	2004	Natural Stand	L 	13	2368	12.7	10.95	44.1765
1143061	1	2004	Natural Stand	L 	13	2369	5.8	5.97	7.3770
1143061	1	2016	Natural Stand	L 	13	2509	21.1	16.8	149.1842
1143061	1	2016	Natural Stand	L 	13	2510	18.2	15	104.9292
1143061	1	2016	Natural Stand	L 	13	2511	18.5	14.8	107.6105
1143061	1	2016	Natural Stand	L 	13	2512	18.6	14.4	107.2887
1143061	1	2016	Natural Stand	L 	13	2513	16.8	13.8	85.8351
1143061	1	2016	Natural Stand	L 	13	2514	13.1	12.3	49.5436
1143061	1	2016	Natural Stand	L 	13	2515	8.7	9.9	19.8504
1143061	1	2016	Natural Stand	L 	13	2516	5.2	9.6	7.2234
1143061	1	2016	Natural Stand	L 	13	2517	6.6	7	9.9800
1143061	1	2016	Natural Stand	L 	13	2518	3.8	2.28	3.9038
1149706	1	2015	Natural Stand	L 	13	2638	17.5	13.5	92.1484
1149706	1	2015	Natural Stand	L 	13	2639	18.2	13.1	98.4489
1149706	1	2015	Natural Stand	L 	13	2640	16.6	12.6	80.4071
1149706	1	2015	Natural Stand	L 	13	2641	15.9	12.5	73.4602
1149706	1	2015	Natural Stand	L 	13	2642	9.2	9.6	21.8738
1149706	1	2015	Natural Stand	L 	13	2643	10.5	9.5	28.4499
1149706	1	2015	Natural Stand	L 	13	2644	9.3	8.1	21.1184
1149706	1	2015	Natural Stand	L 	13	2645	8.7	7.7	18.1543
1149706	1	2015	Natural Stand	L 	13	2646	5	4	5.4840
1149746	1	2014	Natural Stand	L 	13	2745	32.1	16.8	346.4332
1149746	1	2014	Natural Stand	L 	13	2746	22.8	14.5	162.2177
1149746	1	2014	Natural Stand	L 	13	2747	4.5	4	4.3047
1149746	1	2014	Natural Stand	L 	13	2748	4.1	3.7	3.5512
1149956	1	2005	Natural Stand	L 	13	2750	16.9	14.68	89.6768
1149956	1	2005	Natural Stand	L 	13	2751	15.8	14.66	78.5762
1149956	1	2005	Natural Stand	L 	13	2752	17.5	14.65	95.9300
1149956	1	2005	Natural Stand	L 	13	2753	19.1	14.31	112.7812
1149956	1	2005	Natural Stand	L 	13	2754	11.1	11	33.8050
1149956	1	2005	Natural Stand	L 	13	2755	4.9	4.95	5.0705
1149956	1	2015	Natural Stand	L 	13	2798	18.1	15.9	107.2220
1149956	1	2015	Natural Stand	L 	13	2799	15.8	15.8	82.1695
1149956	1	2015	Natural Stand	L 	13	2800	14.3	14.7	64.8901
1149956	1	2015	Natural Stand	L 	13	2801	12.6	12.5	46.2754
1149956	1	2015	Natural Stand	L 	13	2802	11.2	11.5	35.1664
1149956	1	2015	Natural Stand	L 	13	2803	12.4	11	42.1773
1149956	1	2015	Natural Stand	L 	13	2804	11.5	9.4	34.1811
1149956	1	2015	Natural Stand	L 	13	2805	10.1	8.4	25.3163
1149956	1	2015	Natural Stand	L 	13	2806	5.5	5.5	6.5316
1149956	1	2015	Natural Stand	L 	13	2807	5.6	5.2	6.7839
1149956	1	2015	Natural Stand	L 	13	2808	4.6	4.3	4.4596
1156631	1	2014	Natural Stand	L 	13	2897	18.9	16.1	117.4745
1156631	1	2014	Natural Stand	L 	13	2898	18.5	15.3	109.5107
1156631	1	2014	Natural Stand	L 	13	2899	12.6	15.2	52.0734
1156631	1	2014	Natural Stand	L 	13	2900	21.2	14.8	141.1926
1156631	1	2014	Natural Stand	L 	13	2901	18	13.9	98.8162
1156631	1	2014	Natural Stand	L 	13	2902	6.9	7.3	11.0639
1156631	1	2014	Natural Stand	L 	13	2903	5.2	6.7	6.0436
1156631	1	2014	Natural Stand	L 	13	2904	6.6	6.6	9.8502
1156631	1	2014	Natural Stand	L 	13	2905	7	6.54	11.1378
1156631	1	2014	Natural Stand	L 	13	2906	5.2	5.2	5.7721
1156631	1	2014	Natural Stand	L 	13	2907	2.5	2.5	1.3108
1156821	1	2006	Natural Stand	L 	13	2944	18.9	13.04	106.1199
1156821	1	2006	Natural Stand	L 	13	2945	18.2	12.89	97.8172
1156821	1	2006	Natural Stand	L 	13	2946	19.5	11.93	109.9800
1156821	1	2006	Natural Stand	L 	13	2947	17.7	11.6	89.0895
1156821	1	2006	Natural Stand	L 	13	2948	15.1	11.57	64.1392
1156821	1	2006	Natural Stand	L 	13	2949	12.2	10.34	39.8283
1156821	1	2006	Natural Stand	L 	13	2950	15.6	9.63	65.4320
1156821	1	2006	Natural Stand	L 	13	2951	11.7	9.11	35.1302
1156821	1	2006	Natural Stand	L 	13	2952	9.1	8.6	20.5310
1156821	1	2006	Natural Stand	L 	13	2953	5.2	6.69	6.0407
1156821	1	2006	Natural Stand	L 	13	2954	5.5	6.04	6.6073
1156821	1	2016	Natural Stand	L 	13	3136	20.2	15.4	130.6820
1156821	1	2016	Natural Stand	L 	13	3137	19.8	15.4	125.6124
1156821	1	2016	Natural Stand	L 	13	3138	21.2	14.6	140.3425
1156821	1	2016	Natural Stand	L 	13	3139	19.3	14.5	115.8723
1156821	1	2016	Natural Stand	L 	13	3140	17	14	88.5036
1156821	1	2016	Natural Stand	L 	13	3141	12.7	11.8	45.6583
1156821	1	2016	Natural Stand	L 	13	3142	17.7	11.6	89.0895
1156821	1	2016	Natural Stand	L 	13	3143	11.5	11.6	37.2075
1156821	1	2016	Natural Stand	L 	13	3144	10.7	11.2	31.7170
1156821	1	2016	Natural Stand	L 	13	3145	13.3	11.1	48.7658
1156821	1	2016	Natural Stand	L 	13	3146	13.2	11	47.8548
1156821	1	2016	Natural Stand	L 	13	3147	10.4	10.9	29.5860
1156821	1	2016	Natural Stand	L 	13	3148	10	9.9	26.1903
1156821	1	2016	Natural Stand	L 	13	3149	9.7	9.8	24.5332
1156821	1	2016	Natural Stand	L 	13	3150	10	9.7	25.9726
1156821	1	2016	Natural Stand	L 	13	3151	7.2	9.5	13.4122
1156821	1	2016	Natural Stand	L 	13	3152	5.1	6.5	5.7539
1156821	1	2016	Natural Stand	L 	13	3153	5.8	5.6	7.3315
1156821	1	2016	Natural Stand	L 	13	3154	6	5.3	7.8895
1156821	1	2016	Natural Stand	L 	13	3155	3.5	4.6	2.4518
1156821	1	2016	Natural Stand	L 	13	3156	5.7	4.4	7.2240
1156821	1	2016	Natural Stand	L 	13	3157	3	4	1.7516
1163491	1	2009	Natural Stand	L 	13	3305	15.3	9.92	63.0807
1163491	1	2009	Natural Stand	L 	13	3306	10.5	8.75	27.7369
1163491	1	2009	Natural Stand	L 	13	3307	9.1	8	20.1206
1163491	1	2009	Natural Stand	L 	13	3308	9.1	7.3	19.7867
1163491	1	2009	Natural Stand	L 	13	3309	9	7.04	19.2471
1163491	1	2009	Natural Stand	L 	13	3310	2.5	3.16	1.2026
1163491	1	2019	Natural Stand	L 	13	3440	19.1	12.7	107.3931
1163491	1	2019	Natural Stand	L 	13	3441	12.4	10.5	41.4038
1163491	1	2019	Natural Stand	L 	13	3442	10.8	9.7	30.3564
1163491	1	2019	Natural Stand	L 	13	3443	11.8	9.6	36.2794
1163491	1	2019	Natural Stand	L 	13	3444	11.1	9.2	31.5653
1163491	1	2019	Natural Stand	L 	13	3445	8	5.5	14.9657
1163491	1	2019	Natural Stand	L 	13	3446	4.7	4.7	4.6352
1163491	1	2019	Natural Stand	L 	13	3447	3	3.8	1.7547
1163491	1	2019	Natural Stand	L 	13	3448	4.5	3.6	4.4487
1163491	1	2019	Natural Stand	L 	13	3449	4.4	2.6	5.0903
1163491	1	2019	Natural Stand	L 	13	3450	4.3	2.5	4.9529
1163491	1	2019	Natural Stand	L 	13	3451	4.5	1.4	10.1679
1163491	1	2019	Natural Stand	L 	13	3452	3.2	1.4	4.0628
1163556	1	2008	Natural Stand	L 	13	3582	17.9	12.08	92.3503
1163556	1	2008	Natural Stand	L 	13	3583	15	10.87	61.9280
1163556	1	2008	Natural Stand	L 	13	3584	14.7	10.73	59.1516
1163556	1	2008	Natural Stand	L 	13	3585	10.8	10.6	31.4701
1163556	1	2008	Natural Stand	L 	13	3586	14	10.19	52.6445
1163556	1	2008	Natural Stand	L 	13	3587	10.3	8.62	26.5438
1163556	1	2008	Natural Stand	L 	13	3588	10	7.64	24.3625
1163556	1	2008	Natural Stand	L 	13	3589	2.6	2.48	1.4454
1163556	1	2017	Natural Stand	L 	13	3647	19.2	13.9	112.4773
1163556	1	2017	Natural Stand	L 	13	3648	15.3	11.5	65.7402
1163556	1	2017	Natural Stand	L 	13	3649	15.6	11.4	68.2028
1163556	1	2017	Natural Stand	L 	13	3650	14.7	10.6	58.9349
1163556	1	2017	Natural Stand	L 	13	3651	11	9.2	30.9793
1163556	1	2017	Natural Stand	L 	13	3652	10.2	8.5	25.9174
1163556	1	2017	Natural Stand	L 	13	3653	3	2.8	1.9079
1163661	1	2005	Natural Stand	L 	13	3726	15.7	14.82	78.0986
1163661	1	2005	Natural Stand	L 	13	3727	16.1	14.42	80.7636
1163661	1	2005	Natural Stand	L 	13	3728	17.7	14.12	96.2852
1163661	1	2005	Natural Stand	L 	13	3729	12.7	13.81	49.7272
1163661	1	2005	Natural Stand	L 	13	3730	9.8	9.47	24.7010
1163661	1	2005	Natural Stand	L 	13	3731	5	5.15	5.3008
1163661	1	2009	Natural Stand	L 	13	3938	18.1	15.1	104.1688
1163661	1	2009	Natural Stand	L 	13	3939	16	14.7	80.6480
1163661	1	2009	Natural Stand	L 	13	3940	13.1	14.2	53.6832
1163661	1	2009	Natural Stand	L 	13	3941	16.4	13.9	82.1340
1163661	1	2009	Natural Stand	L 	13	3942	16.5	9.7	73.9432
1163661	1	2009	Natural Stand	L 	13	3943	11.2	9.7	32.6962
1163661	1	2009	Natural Stand	L 	13	3944	10.4	9.4	27.7964
1163661	1	2009	Natural Stand	L 	13	3945	5.3	5.5	6.0324
1163661	1	2009	Natural Stand	L 	13	3946	3.3	4.31	2.1532
1163661	1	2009	Natural Stand	L 	13	3947	3.4	3.86	2.3077
1163661	1	2009	Natural Stand	L 	13	3948	3.8	3.8	2.9670
1163661	1	2009	Natural Stand	L 	13	3949	3.3	3.61	2.1819
1163661	1	2009	Natural Stand	L 	13	3950	2.6	3.41	1.2952
1163661	1	2009	Natural Stand	L 	13	3951	2.6	3.33	1.2998
1163661	1	2009	Natural Stand	L 	13	3952	2.9	2.58	1.8364
1163661	1	2019	Natural Stand	L 	13	4193	18.7	15.9	114.2477
1163661	1	2019	Natural Stand	L 	13	4194	14	15.2	63.6176
1163661	1	2019	Natural Stand	L 	13	4195	17	15.1	92.1453
1163661	1	2019	Natural Stand	L 	13	4196	15.5	13.9	73.4971
1163661	1	2019	Natural Stand	L 	13	4197	16.8	11.6	79.9327
1163661	1	2019	Natural Stand	L 	13	4198	12	11.2	39.8082
1163661	1	2019	Natural Stand	L 	13	4199	12.2	10	39.3665
1163661	1	2019	Natural Stand	L 	13	4200	11.6	8.5	34.0003
1163661	1	2019	Natural Stand	L 	13	4201	8.1	6.9	15.3129
1163661	1	2019	Natural Stand	L 	13	4202	5.8	6.7	7.5551
1163661	1	2019	Natural Stand	L 	13	4203	4.9	6.3	5.2532
1163661	1	2019	Natural Stand	L 	13	4204	5.7	5.5	7.0549
1163661	1	2019	Natural Stand	L 	13	4205	5	5.44	5.3212
1163661	1	2019	Natural Stand	L 	13	4206	5.6	5.4	6.7850
1163661	1	2019	Natural Stand	L 	13	4207	7.2	5.2	11.8892
1163661	1	2019	Natural Stand	L 	13	4208	6.4	5.1	9.1364
1163661	1	2019	Natural Stand	L 	13	4209	5.4	4.9	6.2797
1163661	1	2019	Natural Stand	L 	13	4210	5.6	4.9	6.8081
1163661	1	2019	Natural Stand	L 	13	4211	3.3	4.51	2.1602
1163661	1	2019	Natural Stand	L 	13	4212	5.2	4.5	5.8326
1163661	1	2019	Natural Stand	L 	13	4213	4.4	4.3	4.0376
1163661	1	2019	Natural Stand	L 	13	4214	3.1	4.24	1.8823
1163661	1	2019	Natural Stand	L 	13	4215	3	4.23	1.7550
1163661	1	2019	Natural Stand	L 	13	4216	4.1	4.15	3.4657
1163661	1	2019	Natural Stand	L 	13	4217	3.5	4.02	2.4500
1163661	1	2019	Natural Stand	L 	13	4218	3.9	4.01	3.1150
1163661	1	2019	Natural Stand	L 	13	4219	2.6	3.84	1.2872
1163661	1	2019	Natural Stand	L 	13	4220	3.3	3.68	2.1744
1163661	1	2019	Natural Stand	L 	13	4221	2.5	3.19	1.2003
1163676	1	2016	Natural Stand	L 	13	4399	7.3	9	13.4164
1163676	1	2016	Natural Stand	L 	13	4400	7.7	5.8	13.6438
1163676	1	2016	Natural Stand	L 	13	4401	8	5.6	14.9236
1163676	1	2016	Natural Stand	L 	13	4402	7.2	5.4	11.8215
1163676	1	2016	Natural Stand	L 	13	4403	7.2	5	11.9848
1163676	1	2016	Natural Stand	L 	13	4404	4.9	4.3	5.1421
1163676	1	2016	Natural Stand	L 	13	4405	2.6	2.7	1.3854
1163701	1	2004	Natural Stand	L 	13	4481	16.4	11.76	76.4061
1163701	1	2004	Natural Stand	L 	13	4482	14.9	10.91	61.1475
1163701	1	2004	Natural Stand	L 	13	4483	13.3	9.29	46.2308
1163701	1	2004	Natural Stand	L 	13	4484	13.8	8	49.4133
1163701	1	2004	Natural Stand	L 	13	4485	10.5	7.79	27.1206
1163701	1	2004	Natural Stand	L 	13	4486	5	4.25	5.3967
1163701	1	2008	Natural Stand	L 	13	4590	16.5	12.8	79.9630
1163701	1	2008	Natural Stand	L 	13	4591	15	11.2	62.5377
1163701	1	2008	Natural Stand	L 	13	4592	13.6	10	49.2993
1163701	1	2008	Natural Stand	L 	13	4593	16.7	8.8	75.5582
1163701	1	2008	Natural Stand	L 	13	4594	12.5	8.5	39.9068
1163701	1	2008	Natural Stand	L 	13	4595	14	8.3	51.0223
1163701	1	2008	Natural Stand	L 	13	4596	10.8	8	28.9118
1163701	1	2008	Natural Stand	L 	13	4597	7.8	6.8	14.1000
1163701	1	2008	Natural Stand	L 	13	4598	7.2	6	11.7536
1163701	1	2008	Natural Stand	L 	13	4599	8	5.6	14.9236
1163701	1	2008	Natural Stand	L 	13	4600	5.5	4.8	6.5545
1163701	1	2008	Natural Stand	L 	13	4601	8.4	4.5	17.9009
1163701	1	2008	Natural Stand	L 	13	4602	4.1	3.2	3.7567
1163701	1	2008	Natural Stand	L 	13	4603	2.7	2.7	1.5138
1163701	1	2008	Natural Stand	L 	13	4604	3.6	1.16	6.9745
1163701	1	2018	Natural Stand	L 	13	4703	16.7	14.3	86.3837
1163701	1	2018	Natural Stand	L 	13	4704	15.4	11.8	67.2638
1163701	1	2018	Natural Stand	L 	13	4705	14.3	10.8	55.9899
1163701	1	2018	Natural Stand	L 	13	4706	8.8	9.9	20.3037
1163701	1	2018	Natural Stand	L 	13	4707	8.1	9.8	17.1597
1163701	1	2018	Natural Stand	L 	13	4708	18.3	9.3	92.6750
1163701	1	2018	Natural Stand	L 	13	4709	14.5	8.8	55.2742
1163701	1	2018	Natural Stand	L 	13	4710	11.6	8.4	33.9346
1163701	1	2018	Natural Stand	L 	13	4711	9.1	6.8	19.6732
1163701	1	2018	Natural Stand	L 	13	4712	6.7	6	10.0514
1163701	1	2018	Natural Stand	L 	13	4713	4.8	5.1	4.8519
1170451	1	2005	Natural Stand	L 	13	4841	17.8	16.13	104.6850
1170451	1	2005	Natural Stand	L 	13	4842	15.2	14.16	71.4589
1170451	1	2005	Natural Stand	L 	13	4843	12	9.76	37.7527
1170451	1	2005	Natural Stand	L 	13	4844	10.3	8.86	26.7426
1170451	1	2005	Natural Stand	L 	13	4845	11.7	8.62	34.7131
1170451	1	2005	Natural Stand	L 	13	4846	7.3	6.89	12.2762
1170451	1	2005	Natural Stand	L 	13	4847	7.5	6.35	12.8741
1170451	1	2005	Natural Stand	L 	13	4848	6.9	5.95	10.7096
1170451	1	2013	Natural Stand	L 	13	4871	18.6	15.8	112.6563
1170451	1	2013	Natural Stand	L 	13	4872	16.1	12.9	76.3782
1170451	1	2013	Natural Stand	L 	13	4873	13.8	10.4	51.3994
1170451	1	2013	Natural Stand	L 	13	4874	11.9	9.3	36.5900
1170451	1	2013	Natural Stand	L 	13	4875	13.5	8.6	47.2055
1170451	1	2013	Natural Stand	L 	13	4876	8.5	7.5	17.1935
1170451	1	2013	Natural Stand	L 	13	4877	9.3	6.9	20.6419
1170451	1	2013	Natural Stand	L 	13	4878	8.3	6.3	16.0591
1170451	1	2013	Natural Stand	L 	13	4879	8.3	6.2	16.0640
1170451	1	2013	Natural Stand	L 	13	4880	9	5.1	20.0626
1170451	1	2013	Natural Stand	L 	13	4881	7.7	4.72	14.2532
1170451	1	2013	Natural Stand	L 	13	4882	4.5	2.9	4.9809
1170561	1	2005	Natural Stand	L 	13	4924	9.9	10.03	25.8121
1170561	1	2005	Natural Stand	L 	13	4925	10.9	8.71	29.9571
1170561	1	2005	Natural Stand	L 	13	4926	9	8.55	20.0335
1170561	1	2005	Natural Stand	L 	13	4927	10.8	7.76	28.8071
1170561	1	2016	Natural Stand	L 	13	4928	17	13.8	87.8758
1170561	1	2016	Natural Stand	L 	13	4929	12.5	12.3	45.1737
1170561	1	2016	Natural Stand	L 	13	4930	12.3	12	43.2124
1170561	1	2016	Natural Stand	L 	13	4931	15.7	10.6	67.6223
1170561	1	2016	Natural Stand	L 	13	4932	7	8.43	11.9884
1177421	1	2005	Natural Stand	L 	13	4933	12.4	8.51	39.2280
1177421	1	2005	Natural Stand	L 	13	4934	10.9	8.26	29.6336
1177421	1	2005	Natural Stand	L 	13	4935	11.9	7.97	35.6413
1177421	1	2005	Natural Stand	L 	13	4936	9.7	7.21	22.6808
1177421	1	2005	Natural Stand	L 	13	4937	7.5	6.09	12.8539
1177421	1	2005	Natural Stand	L 	13	4938	6.6	5.97	9.7271
1177421	1	2005	Natural Stand	L 	13	4939	6.5	5.84	9.4001
1177421	1	2005	Natural Stand	L 	13	4940	5	4.23	5.4025
1177421	1	2009	Natural Stand	L 	13	4947	13.2	9.1	45.3185
1177421	1	2009	Natural Stand	L 	13	4948	13.7	9.1	49.0701
1177421	1	2009	Natural Stand	L 	13	4949	12.1	8.9	37.5091
1177421	1	2009	Natural Stand	L 	13	4950	12	8.3	36.4370
1177421	1	2009	Natural Stand	L 	13	4951	7.5	7	13.0339
1177421	1	2009	Natural Stand	L 	13	4952	8.5	6.7	16.9440
1177421	1	2009	Natural Stand	L 	13	4953	8.5	6.6	16.9317
1177421	1	2009	Natural Stand	L 	13	4954	6	5.2	7.8970
1177421	1	2009	Natural Stand	L 	13	4955	4	2	5.0134
1177421	1	2019	Natural Stand	L 	13	4962	14.6	11.8	60.3660
1177421	1	2019	Natural Stand	L 	13	4963	17.5	11.4	86.5689
1177421	1	2019	Natural Stand	L 	13	4964	12.2	10.8	40.5080
1177421	1	2019	Natural Stand	L 	13	4965	16.1	10.8	71.6362
1177421	1	2019	Natural Stand	L 	13	4966	14.8	10.7	59.9381
1177421	1	2019	Natural Stand	L 	13	4967	10.4	10.1	28.5743
1177421	1	2019	Natural Stand	L 	13	4968	10.6	9.7	29.2238
1177421	1	2019	Natural Stand	L 	13	4969	8.8	8.8	19.3239
1177421	1	2019	Natural Stand	L 	13	4970	6.2	6.8	8.7038
1177451	1	2005	Natural Stand	L 	13	4979	19.9	15.23	126.1523
1177451	1	2005	Natural Stand	L 	13	4980	13.2	12.25	50.1924
1177451	1	2005	Natural Stand	L 	13	4981	12.4	12.1	44.0924
1177451	1	2005	Natural Stand	L 	13	4982	6.2	6.6	8.6419
1177451	1	2010	Natural Stand	L 	13	4983	7.7	6.9	13.7462
1177451	1	2021	Natural Stand	L 	13	4984	9.9	7.6	23.8267
1177451	1	2021	Natural Stand	L 	13	4985	4.3	3.7	3.9634
1184081	1	2015	Natural Stand	L 	13	4989	17.4	12.8	89.0249
1184081	1	2015	Natural Stand	L 	13	4990	16.1	12.4	75.0845
1184081	1	2015	Natural Stand	L 	13	4991	14	11.6	55.0706
1184081	1	2015	Natural Stand	L 	13	4992	12	11.2	39.8082
1184081	1	2015	Natural Stand	L 	13	4993	12.3	9.9	39.9040
1184081	1	2015	Natural Stand	L 	13	4994	8.8	9.4	19.8336
1184081	1	2015	Natural Stand	L 	13	4995	5.3	6.5	6.2248
1184081	1	2015	Natural Stand	L 	13	4996	6.6	6.3	9.7776
1184081	1	2015	Natural Stand	L 	13	4997	5.4	6.1	6.3704
1184081	1	2015	Natural Stand	L 	13	4998	5	5.3	5.3089
1184081	1	2015	Natural Stand	L 	13	4999	3	2.8	1.9079
1184106	1	2007	Natural Stand	L 	13	5152	16.3	14.86	84.1327
1184106	1	2007	Natural Stand	L 	13	5153	14.7	14.26	67.2241
1184106	1	2007	Natural Stand	L 	13	5154	15.1	13.17	67.8880
1184106	1	2007	Natural Stand	L 	13	5155	15.1	12.61	66.4883
1184106	1	2007	Natural Stand	L 	13	5156	7.9	7.75	14.8750
1184106	1	2007	Natural Stand	L 	13	5157	5.1	5.79	5.5968
1184106	1	2018	Natural Stand	L 	13	5271	18	17	110.4657
1184106	1	2018	Natural Stand	L 	13	5272	15.3	14.5	73.3536
1184106	1	2018	Natural Stand	L 	13	5273	16.6	13.9	84.1255
1184106	1	2018	Natural Stand	L 	13	5274	16.4	13.6	81.2413
1184106	1	2018	Natural Stand	L 	13	5275	12.5	9.2	40.4611
1184106	1	2018	Natural Stand	L 	13	5276	9	8.6	20.0712
1184106	1	2018	Natural Stand	L 	13	5277	6	6.4	8.0174
1184106	1	2018	Natural Stand	L 	13	5278	4.1	4.5	3.4433
1184106	1	2018	Natural Stand	L 	13	5279	4.6	4.5	4.4343
1184106	1	2018	Natural Stand	L 	13	5280	4.4	4.3	4.0376
1184106	1	2018	Natural Stand	L 	13	5281	3.3	3.4	2.2128
1184141	1	2014	Natural Stand	L 	13	5388	7.8	6.2	14.0097
1184141	1	2014	Natural Stand	L 	13	5389	6.8	5.5	10.3851
1184141	1	2014	Natural Stand	L 	13	5390	8.5	5.5	17.1921
1184141	1	2014	Natural Stand	L 	13	5391	8.7	5.2	18.4059
1184141	1	2014	Natural Stand	L 	13	5392	6.2	4.9	8.5553
1184141	1	2014	Natural Stand	L 	13	5393	5.8	4.6	7.4401
1184141	1	2014	Natural Stand	L 	13	5394	5.2	3.8	6.1202
1184141	1	2014	Natural Stand	L 	13	5395	3.7	2.9	3.0906
1184141	1	2014	Natural Stand	L 	13	5396	2.7	2.5	1.5749
1184141	1	2014	Natural Stand	L 	13	5397	2.6	2.5	1.4390
1184196	1	2010	Natural Stand	L 	13	5439	18.3	17.36	115.5450
1184196	1	2010	Natural Stand	L 	13	5440	16.6	16.84	94.0525
1184196	1	2010	Natural Stand	L 	13	5441	16.1	16.08	86.1295
1184196	1	2010	Natural Stand	L 	13	5442	19.1	15.23	116.3234
1184196	1	2010	Natural Stand	L 	13	5443	11.9	14.96	46.2433
1184196	1	2010	Natural Stand	L 	13	5444	12.7	14.81	51.9598
1184196	1	2010	Natural Stand	L 	13	5445	16.2	14.78	82.8767
1184196	1	2010	Natural Stand	L 	13	5446	14.1	14.4	62.3731
1184196	1	2010	Natural Stand	L 	13	5447	12.3	14.17	47.5191
1184196	1	2010	Natural Stand	L 	13	5448	11.8	14.14	43.8453
1184196	1	2010	Natural Stand	L 	13	5449	15.3	13.31	70.0480
1184196	1	2010	Natural Stand	L 	13	5450	15.3	13.29	69.9952
1184196	1	2010	Natural Stand	L 	13	5451	5.9	5.03	7.6278
1184196	1	2021	Natural Stand	L 	13	5486	17.3	18.9	109.9920
1184196	1	2021	Natural Stand	L 	13	5487	19.1	17.8	127.4270
1184196	1	2021	Natural Stand	L 	13	5488	17.3	17.3	103.5586
1184196	1	2021	Natural Stand	L 	13	5489	21	15.8	142.9904
1184196	1	2021	Natural Stand	L 	13	5490	16.1	15.1	82.9012
1184196	1	2021	Natural Stand	L 	13	5491	12.5	15	50.8425
1184196	1	2021	Natural Stand	L 	13	5492	13.5	14.8	58.3514
1184196	1	2021	Natural Stand	L 	13	5493	12.6	14.6	50.7126
1184196	1	2021	Natural Stand	L 	13	5494	12.5	13.9	48.4248
1184196	1	2021	Natural Stand	L 	13	5495	10.2	7.8	25.4895
1184196	1	2021	Natural Stand	L 	13	5496	6.5	5.6	9.3942
1184291	1	2005	Natural Stand	L 	13	5522	20.6	15.19	134.9453
1184291	1	2005	Natural Stand	L 	13	5523	17.4	13.04	89.7141
1184291	1	2005	Natural Stand	L 	13	5524	16	12.32	73.9466
1184291	1	2005	Natural Stand	L 	13	5525	16.2	11.47	73.8717
1184291	1	2005	Natural Stand	L 	13	5526	11.7	8.27	34.4876
1184291	1	2005	Natural Stand	L 	13	5527	5	4.53	5.3351
1184291	1	2014	Natural Stand	V 	13	5577	21.1	15.9	144.8109
1184291	1	2014	Natural Stand	L 	13	5578	18	14.2	99.8315
1184291	1	2014	Natural Stand	L 	13	5579	16.8	12.9	83.1980
1184291	1	2014	Natural Stand	L 	13	5580	17.6	12.7	90.8321
1184291	1	2014	Natural Stand	L 	13	5581	13.5	10.6	49.4264
1184291	1	2014	Natural Stand	L 	13	5582	5.5	4.89	6.5418
1184291	1	2014	Natural Stand	L 	13	5583	2.6	2.45	1.4552
1184291	1	2014	Natural Stand	L 	13	5584	2.9	2.1	2.1130
1184361	1	2005	Natural Stand	L 	13	5638	8.4	6.72	16.5176
1184361	1	2005	Natural Stand	L 	13	5639	5.7	5.2	7.0525
1184361	1	2015	Natural Stand	L 	13	5658	13	10.7	45.9068
1184361	1	2015	Natural Stand	L 	13	5659	9.2	10.6	22.9244
1184361	1	2015	Natural Stand	L 	13	5660	11.8	9.6	36.2794
1184361	1	2015	Natural Stand	L 	13	5661	13.1	9.1	44.5897
1184361	1	2015	Natural Stand	L 	13	5662	12	9	36.9440
1184361	1	2015	Natural Stand	L 	13	5663	6.6	4.7	9.9568
1184361	1	2015	Natural Stand	L 	13	5664	5.3	3.6	6.5582
1184381	1	2015	Natural Stand	L 	13	5705	3.2	3.8	2.0219
1190971	1	2009	Natural Stand	L 	13	5706	5.3	4.19	6.1899
1190971	1	2009	Natural Stand	L 	13	5707	3.2	3.77	2.0237
1190971	1	2009	Natural Stand	L 	13	5708	2.8	3.35	1.5318
1190971	1	2019	Natural Stand	L 	13	5709	10.1	7.9	25.0073
1190971	1	2019	Natural Stand	L 	13	5710	8.4	7.1	16.6126
1190971	1	2019	Natural Stand	L 	13	5711	4.8	6	4.9697
1191041	1	2008	Natural Stand	L 	13	5712	25.1	18.97	224.4284
1191041	1	2008	Natural Stand	L 	13	5713	23.8	17.81	195.1023
1191041	1	2008	Natural Stand	L 	13	5714	15	16.72	77.2207
1191041	1	2008	Natural Stand	L 	13	5715	23.3	15	171.8905
1191041	1	2008	Natural Stand	L 	13	5716	14.9	14.93	70.8983
1191041	1	2008	Natural Stand	L 	13	5717	23.2	14.87	169.7822
1191041	1	2008	Natural Stand	L 	13	5718	14.9	14.35	69.2608
1191041	1	2008	Natural Stand	L 	13	5719	18.4	14.23	104.4026
1191041	1	2008	Natural Stand	L 	13	5720	15.3	13.5	70.5549
1191041	1	2008	Natural Stand	L 	13	5721	15.5	13.46	72.2769
1191041	1	2008	Natural Stand	L 	13	5722	13.1	12.33	49.6042
1191041	1	2008	Natural Stand	L 	13	5723	14.7	12.19	62.0551
1191041	1	2008	Natural Stand	L 	13	5724	8.1	9.56	16.9524
1191041	1	2008	Natural Stand	L 	13	5725	9.1	8.93	20.7954
1191041	1	2008	Natural Stand	L 	13	5726	7	6.35	11.0970
1191041	1	2008	Natural Stand	L 	13	5727	5.1	6.29	5.6999
1191041	1	2008	Natural Stand	L 	13	5728	5	4.57	5.3290
1191041	1	2019	Natural Stand	L 	13	5879	26.4	20.6	260.2006
1191041	1	2019	Natural Stand	L 	13	5880	24.8	18.8	218.0838
1191041	1	2019	Natural Stand	L 	13	5881	16	17.6	90.3420
1191041	1	2019	Natural Stand	L 	13	5882	24.6	16.5	200.1525
1191041	1	2019	Natural Stand	L 	13	5883	23.3	16.3	178.5372
1191041	1	2019	Natural Stand	L 	13	5884	15.9	16.1	84.1590
1191041	1	2019	Natural Stand	L 	13	5885	18.9	15.8	116.2317
1191041	1	2019	Natural Stand	L 	13	5886	15.8	15.5	81.2029
1191041	1	2019	Natural Stand	L 	13	5887	16.1	15.1	82.9012
1191041	1	2019	Natural Stand	L 	13	5888	15.8	14.1	76.8997
1191041	1	2019	Natural Stand	L 	13	5889	15.2	13.8	70.4603
1191041	1	2019	Natural Stand	L 	13	5890	13.6	13.4	55.7902
1191041	1	2019	Natural Stand	L 	13	5891	8.2	9.8	17.5783
1191041	1	2019	Natural Stand	L 	13	5892	9.3	9.7	22.4516
1191041	1	2019	Natural Stand	L 	13	5893	5.2	5.8	5.8317
1191041	1	2019	Natural Stand	L 	13	5894	5.6	5.1	6.7882
1191041	1	2019	Natural Stand	L 	13	5895	6.8	1.4	31.7351
1191151	1	2005	Natural Stand	L 	13	6037	17.2	11.73	84.2240
1191151	1	2005	Natural Stand	L 	13	6038	15.5	10.33	65.4059
1191151	1	2005	Natural Stand	L 	13	6039	14.4	9.89	55.4331
1191151	1	2005	Natural Stand	L 	13	6040	12.7	8.52	41.3094
1191151	1	2005	Natural Stand	L 	13	6041	10.3	6.7	25.8821
1191151	1	2005	Natural Stand	L 	13	6042	6.4	5.24	9.1091
1191151	1	2010	Natural Stand	L 	13	6049	18.2	14.1	101.7048
1191151	1	2010	Natural Stand	L 	13	6050	15.6	11.6	68.6207
1191151	1	2010	Natural Stand	L 	13	6051	13.7	11.32	52.1884
1191151	1	2010	Natural Stand	L 	13	6052	14.5	10.3	56.8139
1191151	1	2010	Natural Stand	L 	13	6053	13.4	8.8	46.5674
1191151	1	2010	Natural Stand	L 	13	6054	11.1	6.9	30.5499
1191151	1	2010	Natural Stand	L 	13	6055	7.2	5.7	11.7646
1191151	1	2021	Natural Stand	L 	13	6062	12.5	12.3	45.1737
1191151	1	2021	Natural Stand	L 	13	6063	15.7	12	70.4143
1191151	1	2021	Natural Stand	L 	13	6064	15.8	11.92	71.1455
1191151	1	2021	Natural Stand	L 	13	6065	14.4	9.5	54.9854
1191151	1	2021	Natural Stand	L 	13	6066	12	9.1	37.0366
1191151	1	2021	Natural Stand	L 	13	6067	9.8	8.3	23.7002
1191166	1	2005	Natural Stand	L 	13	6072	10.3	9.73	27.6038
1191166	1	2005	Natural Stand	L 	13	6073	8.4	9.13	17.8492
1191166	1	2005	Natural Stand	L 	13	6074	8.5	8.86	18.0592
1191166	1	2005	Natural Stand	L 	13	6075	9.1	8.06	20.1570
1191166	1	2005	Natural Stand	L 	13	6076	5.3	7.26	6.4672
1191166	1	2005	Natural Stand	L 	13	6077	4.3	5.78	3.9247
1191166	1	2014	Natural Stand	L 	13	6080	13.1	11.8	48.5636
1191166	1	2014	Natural Stand	L 	13	6081	10.1	10.9	27.9280
1191166	1	2014	Natural Stand	L 	13	6082	6.6	9.4	11.2605
1191166	1	2014	Natural Stand	L 	13	6083	10.1	8.7	25.5457
1191166	1	2014	Natural Stand	L 	13	6084	4.9	6.1	5.2072
1191171	1	2009	Natural Stand	L 	13	6085	17.5	15.5	98.9564
1191171	1	2009	Natural Stand	L 	13	6086	18.1	14.1	100.5938
1191171	1	2009	Natural Stand	L 	13	6087	18	14	99.1513
1191171	1	2009	Natural Stand	L 	13	6088	17.6	12.8	91.1147
1191171	1	2009	Natural Stand	L 	13	6089	12.3	11.4	42.1566
1191171	1	2009	Natural Stand	L 	13	6090	4	4.39	3.2653
1191171	1	2009	Natural Stand	L 	13	6091	5	3.6	5.7059
1191171	1	2009	Natural Stand	L 	13	6092	3.3	3.24	2.2458
1191171	1	2019	Natural Stand	L 	13	6114	20.6	19.3	155.1974
1191171	1	2019	Natural Stand	L 	13	6115	17.6	18.9	113.6056
1191171	1	2019	Natural Stand	L 	13	6116	18.7	18.4	125.0765
1191171	1	2019	Natural Stand	L 	13	6117	19.9	17.4	135.9278
1191171	1	2019	Natural Stand	L 	13	6118	21.3	17.1	153.4918
1191171	1	2019	Natural Stand	L 	13	6119	20.2	15.8	132.4357
1191171	1	2019	Natural Stand	L 	13	6120	13.4	13.2	53.7527
1191171	1	2019	Natural Stand	L 	13	6121	10.7	11.8	32.5986
1191171	1	2019	Natural Stand	L 	13	6122	5.8	4.2	7.6250
1191171	1	2019	Natural Stand	L 	13	6123	4.1	4	3.4861
1191171	1	2019	Natural Stand	L 	13	6124	3.6	3.5	2.6777
1191171	1	2019	Natural Stand	L 	13	6125	3.7	3	3.0358
1191211	1	2006	Natural Stand	L 	13	6135	16.6	15.88	90.6343
1191211	1	2006	Natural Stand	L 	13	6136	17.6	15.68	100.7267
1191211	1	2006	Natural Stand	L 	13	6137	17	14.41	89.8254
1191211	1	2006	Natural Stand	L 	13	6138	15.7	12.61	71.8859
1191211	1	2006	Natural Stand	L 	13	6139	10.7	9.11	29.1723
1191211	1	2006	Natural Stand	L 	13	6140	5	5.26	5.3062
1191211	1	2008	Natural Stand	L 	13	6256	17	16.4	96.7867
1191211	1	2008	Natural Stand	L 	13	6257	18.1	16.4	109.2034
1191211	1	2008	Natural Stand	L 	13	6258	17.2	15.3	94.9745
1191211	1	2008	Natural Stand	L 	13	6259	14.3	14.7	64.8901
1191211	1	2008	Natural Stand	L 	13	6260	12.4	11.4	42.8428
1191211	1	2008	Natural Stand	L 	13	6261	8.6	9.6	19.1232
1191211	1	2008	Natural Stand	L 	13	6262	11	9.5	31.2909
1191211	1	2008	Natural Stand	L 	13	6263	8	8.6	15.7978
1191211	1	2008	Natural Stand	L 	13	6264	5.7	8.4	7.9798
1191211	1	2008	Natural Stand	L 	13	6265	5.1	5.5	5.5568
1191211	1	2008	Natural Stand	L 	13	6266	2.6	2.9	1.3467
1191211	1	2008	Natural Stand	L 	13	6267	2.9	2.8	1.7613
1191211	1	2008	Natural Stand	L 	13	6268	2.7	1.69	2.1350
1191211	1	2008	Natural Stand	L 	13	6269	3.8	1.42	6.3285
1191211	1	2018	Natural Stand	L 	13	6374	20.1	18	141.5183
1191211	1	2018	Natural Stand	L 	13	6375	18.1	17.3	112.8910
1191211	1	2018	Natural Stand	L 	13	6376	18.1	17.2	112.4743
1191211	1	2018	Natural Stand	L 	13	6377	14.8	15.4	71.3373
1191211	1	2018	Natural Stand	L 	13	6378	15.9	15.3	81.5534
1191211	1	2018	Natural Stand	L 	13	6379	16.4	14.8	84.9466
1191211	1	2018	Natural Stand	L 	13	6380	12.9	11.5	46.5468
1191211	1	2018	Natural Stand	L 	13	6381	11.9	10.5	38.0867
1191211	1	2018	Natural Stand	L 	13	6382	8.3	9.5	17.7373
1191211	1	2018	Natural Stand	L 	13	6383	5.4	5.6	6.2888
1191211	1	2018	Natural Stand	L 	13	6384	2.8	3.17	1.5518
1191211	1	2018	Natural Stand	L 	13	6385	3.2	2.9	2.1858
1191211	1	2018	Natural Stand	L 	13	6386	2.7	2.6	1.5420
1191226	1	2003	Natural Stand	L 	13	6487	22.1	20.49	184.6595
1191226	1	2003	Natural Stand	L 	13	6488	14.5	11.63	59.1825
1191226	1	2015	Natural Stand	L 	13	6490	23.1	23.6	222.0374
1191226	1	2015	Natural Stand	L 	13	6491	14.5	13	62.2517
1197901	1	2006	Natural Stand	L 	13	6492	19.2	15.47	118.5019
1197901	1	2006	Natural Stand	L 	13	6493	10.9	11.06	32.6938
1197901	1	2006	Natural Stand	L 	13	6494	11.2	10.6	33.8430
1197901	1	2006	Natural Stand	L 	13	6495	10.1	7.6	24.8734
1197901	1	2006	Natural Stand	L 	13	6496	10.2	7.12	25.2974
1197901	1	2006	Natural Stand	L 	13	6497	6.5	6.67	9.5598
1197901	1	2006	Natural Stand	L 	13	6498	9.7	6.38	22.7059
1197901	1	2006	Natural Stand	L 	13	6499	5	5.33	5.3112
1197901	1	2006	Natural Stand	L 	13	6500	5.7	4.77	7.1068
1197901	1	2006	Natural Stand	L 	13	6501	6.7	4.12	10.8079
1197901	1	2007	Natural Stand	L 	13	6577	19.2	15.67	119.3263
1197901	1	2007	Natural Stand	L 	13	6578	10.9	11.12	32.7800
1197901	1	2007	Natural Stand	L 	13	6579	11.2	10.65	33.9124
1197901	1	2007	Natural Stand	L 	13	6580	10.1	7.58	24.8660
1197901	1	2007	Natural Stand	L 	13	6581	10.3	7.2	25.8531
1197901	1	2007	Natural Stand	L 	13	6582	6.5	6.73	9.5781
1197901	1	2007	Natural Stand	L 	13	6583	9.7	6.45	22.6852
1197901	1	2007	Natural Stand	L 	13	6584	5	5.37	5.3145
1197901	1	2007	Natural Stand	L 	13	6585	5.8	4.72	7.4037
1197901	1	2007	Natural Stand	L 	13	6586	6.6	4.21	10.3307
1197901	1	2014	Natural Stand	L 	13	6662	19.7	17.1	131.9028
1197901	1	2014	Natural Stand	L 	13	6663	15.7	10.4	67.3065
1197901	1	2014	Natural Stand	L 	13	6664	11.7	9.4	35.4252
1197901	1	2014	Natural Stand	L 	13	6665	12.4	8.6	39.2851
1197901	1	2014	Natural Stand	L 	13	6666	11.2	8.4	31.4880
1197901	1	2014	Natural Stand	L 	13	6667	10.3	7.1	25.8448
1197901	1	2014	Natural Stand	L 	13	6668	8.4	6.8	16.5326
1197901	1	2014	Natural Stand	L 	13	6669	7.8	6.3	14.0142
1197901	1	2014	Natural Stand	L 	13	6670	9	5.9	19.3483
1197901	1	2014	Natural Stand	L 	13	6671	5	3.6	5.7059
1197901	1	2014	Natural Stand	L 	13	6672	2.8	3.2	1.5479
1197951	1	2005	Natural Stand	L 	13	6733	16.4	10.74	74.3645
1197951	1	2005	Natural Stand	L 	13	6734	11.4	8.8	32.9952
1197951	1	2005	Natural Stand	L 	13	6735	11.7	8.73	34.7970
1197951	1	2005	Natural Stand	L 	13	6736	10.5	7.94	27.1900
1197951	1	2005	Natural Stand	L 	13	6737	8.1	6.29	15.2204
1197951	1	2005	Natural Stand	L 	13	6738	6.1	5.47	8.1756
1197951	1	2017	Natural Stand	L 	13	6880	17	11.8	82.3713
1197951	1	2017	Natural Stand	L 	13	6881	12.6	9.22	41.1667
1197951	1	2017	Natural Stand	L 	13	6882	12.3	9.2	39.1097
1197951	1	2017	Natural Stand	L 	13	6883	11.5	8.8	33.6079
1197951	1	2017	Natural Stand	L 	13	6884	9.5	7	21.6372
1197951	1	2017	Natural Stand	L 	13	6885	7.2	6.5	11.8174
1197951	1	2017	Natural Stand	L 	13	6886	6.7	6.3	10.0960
1197951	1	2017	Natural Stand	L 	13	6887	4	6.1	3.4442
1197951	1	2017	Natural Stand	L 	13	6888	5.7	5.9	7.0985
1197951	1	2017	Natural Stand	L 	13	6889	4.5	4.3	4.2454
1197951	1	2017	Natural Stand	L 	13	6890	4.3	4.25	3.8417
1197951	1	2017	Natural Stand	L 	13	6891	4.2	3.72	3.7477
1197951	1	2017	Natural Stand	L 	13	6892	3.5	3.5	2.5107
1197951	1	2017	Natural Stand	L 	13	6893	3.2	3.3	2.0802
1197951	1	2017	Natural Stand	L 	13	6894	3.4	3.1	2.4479
1198036	1	2005	Natural Stand	L 	13	7066	12.9	12.26	47.9833
1198036	1	2005	Natural Stand	L 	13	7067	12.1	12.04	41.9113
1198036	1	2005	Natural Stand	L 	13	7068	12.6	11.33	44.1129
1198036	1	2005	Natural Stand	L 	13	7069	12.7	11.23	44.6447
1198036	1	2005	Natural Stand	L 	13	7070	7	8.17	11.8355
1198036	1	2005	Natural Stand	L 	13	7071	6.5	8.15	10.1943
1198036	1	2009	Natural Stand	L 	13	7132	13.1	12.9	50.7868
1198036	1	2009	Natural Stand	L 	13	7133	12.4	12.3	44.4669
1198036	1	2009	Natural Stand	L 	13	7134	13.2	11.5	48.7413
1198036	1	2009	Natural Stand	L 	13	7135	13.1	11.4	47.8218
1198036	1	2009	Natural Stand	L 	13	7136	13.5	11.3	50.6227
1198036	1	2009	Natural Stand	L 	13	7137	9.7	10.3	25.0851
1198036	1	2009	Natural Stand	L 	13	7138	10.1	10.2	27.0633
1198036	1	2009	Natural Stand	L 	13	7139	6.6	8.1	10.4827
1198036	1	2009	Natural Stand	L 	13	7140	5.9	6.7	7.8260
1198036	1	2019	Natural Stand	L 	13	7198	14.2	14.8	64.2864
1198036	1	2019	Natural Stand	L 	13	7199	11.2	13	37.6521
1198036	1	2019	Natural Stand	L 	13	7200	12.4	13	45.8299
1198036	1	2019	Natural Stand	L 	13	7201	14.3	12.9	60.3319
1198036	1	2019	Natural Stand	L 	13	7202	13.3	12.7	51.8857
1198036	1	2019	Natural Stand	L 	13	7203	14.3	12.5	59.4073
1198036	1	2019	Natural Stand	L 	13	7204	13.2	12	49.6940
1198036	1	2019	Natural Stand	L 	13	7205	10.5	11.6	31.1309
1198036	1	2019	Natural Stand	L 	13	7206	7	8.8	12.2199
1198036	1	2019	Natural Stand	L 	13	7207	6.2	7.3	8.8887
1198036	1	2019	Natural Stand	L 	13	7208	7.2	6.44	11.8050
1198036	1	2019	Natural Stand	L 	13	7209	7.2	6.4	11.7974
1198036	1	2019	Natural Stand	L 	13	7210	6.9	6.3	10.7512
1198036	1	2019	Natural Stand	L 	13	7211	5.3	4.1	6.2295
1198046	1	2005	Natural Stand	L 	13	7268	16.2	12.78	77.0121
1198046	1	2005	Natural Stand	L 	13	7269	11.5	10.1	35.0096
1198046	1	2005	Natural Stand	L 	13	7270	12.1	9.89	38.5660
1198046	1	2005	Natural Stand	L 	13	7271	9	7.22	19.2972
1198046	1	2005	Natural Stand	L 	13	7272	9.1	7.15	19.7402
1198046	1	2005	Natural Stand	L 	13	7273	5	4.37	5.3661
1198046	1	2010	Natural Stand	L 	13	7311	18.1	14.7	102.7036
1198046	1	2010	Natural Stand	L 	13	7312	12.1	11.55	41.0553
1198046	1	2010	Natural Stand	L 	13	7313	14	11.5	54.8750
1198046	1	2010	Natural Stand	L 	13	7314	12.1	11	40.1526
1198046	1	2010	Natural Stand	L 	13	7315	9.7	8.3	23.1975
1198046	1	2010	Natural Stand	L 	13	7316	9.7	7.8	22.8990
1198046	1	2010	Natural Stand	L 	13	7317	5.2	4.3	5.8861
1198046	1	2010	Natural Stand	L 	13	7318	5.3	4.06	6.2488
1198046	1	2010	Natural Stand	L 	13	7319	4.2	3.9	3.7009
1198046	1	2021	Natural Stand	L 	13	7354	21.5	18.2	162.2000
1198046	1	2021	Natural Stand	L 	13	7355	13.3	14.45	55.8646
1198046	1	2021	Natural Stand	L 	13	7356	16.1	14.3	80.3964
1198046	1	2021	Natural Stand	L 	13	7357	12.4	13.2	46.2329
1198046	1	2021	Natural Stand	L 	13	7358	11.9	11.3	39.3103
1198046	1	2021	Natural Stand	L 	13	7359	11.4	9.9	34.1431
1198046	1	2021	Natural Stand	L 	13	7360	8.4	9.1	17.8246
1198046	1	2021	Natural Stand	L 	13	7361	6.7	7.6	10.5489
1198046	1	2021	Natural Stand	L 	13	7362	5.2	4.7	5.7972
1198051	1	2005	Natural Stand	L 	13	7378	24.7	18.79	216.3088
1198051	1	2005	Natural Stand	L 	13	7379	24.2	16.63	194.4539
1198051	1	2005	Natural Stand	L 	13	7380	26.9	16.43	239.1381
1198051	1	2005	Natural Stand	L 	13	7381	19.7	15.68	125.5497
1198051	1	2005	Natural Stand	L 	13	7382	15.7	13.42	74.0221
1198051	1	2005	Natural Stand	L 	13	7383	6.4	5.18	9.1196
1198051	1	2014	Natural Stand	L 	13	7413	26.6	19.5	255.3640
1198051	1	2014	Natural Stand	L 	13	7414	29.1	17.5	288.2980
1198051	1	2014	Natural Stand	L 	13	7415	25.6	17.3	221.8199
1198051	1	2014	Natural Stand	L 	13	7416	22	17	162.9639
1198051	1	2014	Natural Stand	L 	13	7417	17.3	13.4	89.7460
1198051	1	2014	Natural Stand	L 	13	7418	8.9	8.2	19.3345
1198051	1	2014	Natural Stand	L 	13	7419	6.1	5.5	8.1755
1198116	1	2003	Natural Stand	V 	13	7450	26.5	20	257.3624
1198116	1	2003	Natural Stand	L 	13	7451	18.4	16.76	114.2189
1198116	1	2003	Natural Stand	L 	13	7452	20.2	16.55	135.8553
1198116	1	2003	Natural Stand	L 	13	7453	20.4	16.03	136.0757
1198116	1	2003	Natural Stand	L 	13	7454	19.6	15.13	122.0043
1198116	1	2003	Natural Stand	L 	13	7455	13.3	9.84	46.8517
1198116	1	2003	Natural Stand	L 	13	7456	12.4	9.62	40.2343
1198116	1	2003	Natural Stand	L 	13	7457	5.1	5.12	5.5323
1198116	1	2008	Natural Stand	L 	13	7667	26.8	21.3	273.5938
1198116	1	2008	Natural Stand	L 	13	7668	20.6	17.2	144.3228
1198116	1	2008	Natural Stand	L 	13	7669	18.6	16.9	117.2192
1198116	1	2008	Natural Stand	L 	13	7670	20.5	15.5	134.9985
1198116	1	2008	Natural Stand	L 	13	7671	13	10.7	45.9068
1198116	1	2008	Natural Stand	V 	13	7672	13.8	10.3	51.2494
1198116	1	2008	Natural Stand	L 	13	7673	11.1	8.4	30.8934
1198116	1	2008	Natural Stand	L 	13	7674	6.1	7.7	8.7718
1198116	1	2008	Natural Stand	L 	13	7675	6	5.8	7.9055
1198116	1	2008	Natural Stand	L 	13	7676	2.9	3.4	1.6522
1198116	1	2018	Natural Stand	V 	13	7889	27.2	21.3	281.4784
1198116	1	2018	Natural Stand	V 	13	7890	18.8	17.8	123.6281
1198116	1	2018	Natural Stand	V 	13	7891	20.9	17.6	150.4699
1198116	1	2018	Natural Stand	V 	13	7892	22.1	17.3	166.0385
1198116	1	2018	Natural Stand	L 	13	7893	14.7	14.6	68.1556
1198116	1	2018	Natural Stand	L 	13	7894	14.9	13.9	68.0306
1198116	1	2018	Natural Stand	L 	13	7895	14.8	13.9	67.1419
1198116	1	2018	Natural Stand	L 	13	7896	15	12.7	65.8295
1198116	1	2018	Natural Stand	L 	13	7897	14	11.6	55.0706
1198116	1	2018	Natural Stand	L 	13	7898	14.4	11.4	57.9016
1198116	1	2018	Natural Stand	L 	13	7899	7.5	8	13.5030
1198116	1	2018	Natural Stand	L 	13	7900	6.7	7.8	10.6463
1198116	1	2018	Natural Stand	L 	13	7901	5.4	5.7	6.3009
1198116	1	2018	Natural Stand	L 	13	7902	2.8	4	1.5103
1198116	1	2018	Natural Stand	L 	13	7903	2.9	3.6	1.6371
1198116	1	2018	Natural Stand	L 	13	7904	2.9	2.9	1.7346
1198121	1	2003	Natural Stand	L 	13	8123	17.8	16.94	107.8837
1198121	1	2003	Natural Stand	L 	13	8124	18.1	16.65	110.2130
1198121	1	2003	Natural Stand	L 	13	8125	14.8	15.45	71.4830
1198121	1	2013	Natural Stand	L 	13	8135	21	18.8	158.2394
1198121	1	2013	Natural Stand	L 	13	8136	18.9	18.2	126.7096
1198121	1	2013	Natural Stand	L 	13	8137	12.1	16.8	51.7883
1198121	1	2013	Natural Stand	L 	13	8138	15.8	15.7	81.8458
1198121	1	2013	Natural Stand	L 	13	8139	7.8	6.7	14.0751
1198121	1	2013	Natural Stand	L 	13	8140	5.1	4.9	5.5356
1204741	1	2006	Natural Stand	L 	13	8149	21.4	18.8	164.0591
1204741	1	2006	Natural Stand	L 	13	8150	18.7	18.1	123.7190
1204741	1	2006	Natural Stand	L 	13	8151	23.5	17	185.5361
1204741	1	2006	Natural Stand	L 	13	8152	11.8	12.57	40.8393
1204741	1	2006	Natural Stand	L 	13	8153	5.2	4.92	5.7761
1204741	1	2009	Natural Stand	L 	13	8169	21.9	20.03	178.7296
1204741	1	2009	Natural Stand	L 	13	8170	21.8	17.62	163.3956
1204741	1	2009	Natural Stand	L 	13	8171	24.2	17.24	198.0687
1204741	1	2009	Natural Stand	L 	13	8172	23.6	16	181.5193
1204741	1	2009	Natural Stand	L 	13	8173	19.7	15.57	125.0804
1204741	1	2009	Natural Stand	L 	13	8174	16.1	15.1	82.9012
1204741	1	2009	Natural Stand	L 	13	8175	19.1	14.78	114.5555
1204741	1	2009	Natural Stand	L 	13	8176	19.3	13.79	113.2718
1204741	1	2009	Natural Stand	L 	13	8177	19	13.58	109.0276
1204741	1	2009	Natural Stand	L 	13	8178	18.5	12.42	99.7835
1204741	1	2009	Natural Stand	L 	13	8179	11.9	12.21	40.8626
1204741	1	2009	Natural Stand	L 	13	8180	3	3.06	1.8382
1204741	1	2019	Natural Stand	L 	13	8186	23.1	20.7	202.2236
1204741	1	2019	Natural Stand	L 	13	8187	20.8	19.4	158.6210
1204741	1	2019	Natural Stand	L 	13	8188	26.3	18.9	245.3104
1204741	1	2019	Natural Stand	L 	13	8189	23.3	17.8	187.1073
1204741	1	2019	Natural Stand	L 	13	8190	19.8	17.7	136.0459
1204741	1	2019	Natural Stand	L 	13	8191	20.8	17.2	147.0550
1204741	1	2019	Natural Stand	L 	13	8192	25.1	16.5	208.3811
1204741	1	2019	Natural Stand	L 	13	8193	17.3	16.2	99.3422
1204741	1	2019	Natural Stand	L 	13	8194	19.2	14.5	114.6772
1204741	1	2019	Natural Stand	L 	13	8195	20	14.2	123.2715
1204741	1	2019	Natural Stand	L 	13	8196	12.5	13.4	47.3703
1204936	1	2005	Natural Stand	L 	13	8201	10.1	9.36	26.1464
1204936	1	2005	Natural Stand	L 	13	8202	9.3	8.82	21.6441
1204936	1	2005	Natural Stand	L 	13	8203	9	8.32	19.8681
1204936	1	2005	Natural Stand	L 	13	8204	9.5	7.69	21.8550
1204936	1	2005	Natural Stand	L 	13	8205	6.4	6.36	9.1723
1204936	1	2005	Natural Stand	L 	13	8206	7	6.13	11.0644
1204936	1	2005	Natural Stand	L 	13	8207	5	4.9	5.3003
1204936	1	2014	Natural Stand	L 	13	8456	10.7	10.1	30.2559
1204936	1	2014	Natural Stand	L 	13	8457	9.3	9.1	21.8838
1204936	1	2014	Natural Stand	L 	13	8458	10.7	8.8	28.8924
1204936	1	2014	Natural Stand	L 	13	8459	9.2	8.7	21.0747
1204936	1	2014	Natural Stand	L 	13	8460	9.2	8.2	20.7113
1204936	1	2014	Natural Stand	L 	13	8461	7.3	6.6	12.1937
1204936	1	2014	Natural Stand	L 	13	8462	7	6.5	11.1283
1204936	1	2014	Natural Stand	L 	13	8463	5.3	5.3	6.0187
1204936	1	2014	Natural Stand	L 	13	8464	3.6	4.3	2.5973
1204936	1	2014	Natural Stand	L 	13	8465	3	3.8	1.7547
1204936	1	2014	Natural Stand	L 	13	8466	3.1	3.5	1.9078
1204936	1	2014	Natural Stand	L 	13	8467	2.7	3.3	1.4162
1204936	1	2014	Natural Stand	L 	13	8468	3.3	3.3	2.2324
1204936	1	2014	Natural Stand	L 	13	8469	3.5	3.3	2.5570
1204936	1	2014	Natural Stand	L 	13	8470	3	3.2	1.8112
1204936	1	2014	Natural Stand	L 	13	8471	2.7	3.2	1.4257
1204936	1	2014	Natural Stand	L 	13	8472	3	3.1	1.8298
1204936	1	2014	Natural Stand	L 	13	8473	3	3.1	1.8298
1204936	1	2014	Natural Stand	L 	13	8474	3	2.9	1.8778
1204936	1	2014	Natural Stand	L 	13	8475	3.2	2.9	2.1858
1204936	1	2014	Natural Stand	L 	13	8476	2.7	2.7	1.5138
1204936	1	2014	Natural Stand	L 	13	8477	2.8	2.6	1.6814
1204936	1	2014	Natural Stand	L 	13	8478	2.9	2.4	1.9185
1204941	1	2005	Natural Stand	L 	13	8713	5.7	5.67	7.0683
1204941	1	2005	Natural Stand	L 	13	8714	4.9	4.96	5.0704
1204941	1	2009	Natural Stand	L 	13	8715	6.8	6.3	10.4205
1204941	1	2009	Natural Stand	L 	13	8716	5.8	6.1	7.4010
1204941	1	2019	Natural Stand	L 	13	8717	9.8	8.8	24.0821
1204941	1	2019	Natural Stand	L 	13	8718	7.5	8.7	13.9436
1204981	1	2005	Natural Stand	L 	13	8719	22.9	22.21	208.9494
1204981	1	2005	Natural Stand	L 	13	8720	23.9	20.12	211.7611
1204981	1	2005	Natural Stand	L 	13	8721	24.6	18.46	212.4068
1204981	1	2005	Natural Stand	L 	13	8722	22.8	18.42	183.0141
1204981	1	2005	Natural Stand	L 	13	8723	18.2	15.76	107.8271
1204981	1	2005	Natural Stand	L 	13	8724	11.6	12.82	39.9549
1204981	1	2011	Natural Stand	L 	13	8730	24.7	21.5	235.6170
1204981	1	2011	Natural Stand	L 	13	8731	23.5	21.4	213.7140
1204981	1	2011	Natural Stand	L 	13	8732	23.2	20.5	202.5637
1204981	1	2011	Natural Stand	L 	13	8733	25.1	20.1	232.4833
1204981	1	2011	Natural Stand	L 	13	8734	27.7	19.9	279.6412
1204981	1	2011	Natural Stand	L 	13	8735	19.6	16.5	127.8833
1204981	1	2011	Natural Stand	L 	13	8736	12.7	13.9	49.9234
1204981	1	2023	Natural Stand	L 	13	8741	22.7	23.7	215.6171
1204981	1	2023	Natural Stand	L 	13	8742	24.5	22.8	241.7134
1204981	1	2023	Natural Stand	L 	13	8743	25.6	21.5	252.2108
1204981	1	2023	Natural Stand	L 	13	8744	29.2	20.7	317.1634
1204981	1	2023	Natural Stand	L 	13	8745	23.2	18.9	192.2585
1204981	1	2023	Natural Stand	L 	13	8746	21.6	18.1	163.1072
1204981	1	2023	Natural Stand	L 	13	8747	14.1	15.9	66.4037
1204996	1	2006	Natural Stand	L 	13	8748	20.8	15.5	138.9448
1204996	1	2006	Natural Stand	L 	13	8749	12.9	9.42	43.4703
1204996	1	2006	Natural Stand	L 	13	8750	8	7.9	15.3498
1204996	1	2006	Natural Stand	L 	13	8751	7.3	7.2	12.3899
1204996	1	2015	Natural Stand	L 	13	8754	22.9	16.4	173.0271
1204996	1	2015	Natural Stand	L 	13	8755	15.2	11.5	64.8640
1204996	1	2015	Natural Stand	L 	13	8756	9.3	9.9	22.6552
1204996	1	2015	Natural Stand	L 	13	8757	3.9	4.9	3.1041
1205011	1	2005	Natural Stand	L 	13	8758	18.3	14.85	105.5090
1205011	1	2008	Natural Stand	L 	13	8759	19	15.6	116.6159
1205011	1	2018	Natural Stand	L 	13	8761	3.9	4.6	3.0899
1205011	1	2018	Natural Stand	L 	13	8762	3.8	4.3	2.9216
1205011	1	2018	Natural Stand	L 	13	8763	3.4	4	2.2997
1205031	1	2004	Natural Stand	L 	13	8764	25.8	21.61	256.8507
1205031	1	2004	Natural Stand	L 	13	8765	22.2	20	183.2287
1205031	1	2004	Natural Stand	L 	13	8766	24.4	18.58	209.8406
1205031	1	2004	Natural Stand	L 	13	8767	21.4	17.59	157.4675
1205031	1	2004	Natural Stand	L 	13	8768	14	17.07	68.7910
1205031	1	2004	Natural Stand	L 	13	8769	5.2	4.93	5.7755
1205031	1	2011	Natural Stand	L 	13	8809	27	22.5	287.7661
1205031	1	2011	Natural Stand	L 	13	8810	23	20.8	201.2223
1205031	1	2011	Natural Stand	L 	13	8811	25.2	20.1	234.2686
1205031	1	2011	Natural Stand	L 	13	8812	24.3	19.6	215.0087
1205031	1	2011	Natural Stand	L 	13	8813	20.2	17.6	140.8897
1205031	1	2011	Natural Stand	L 	13	8814	19.3	16.4	123.6683
1205031	1	2011	Natural Stand	L 	13	8815	6.2	7.8	9.1091
1205031	1	2022	Natural Stand	L 	13	8854	28.3	23.3	322.2243
1205031	1	2022	Natural Stand	L 	13	8855	24	22.7	231.7959
1205031	1	2022	Natural Stand	L 	13	8856	23.7	22.2	222.8097
1205031	1	2022	Natural Stand	L 	13	8857	20.3	21.1	160.6379
1205031	1	2022	Natural Stand	L 	13	8858	27.2	21	278.9486
1205031	1	2022	Natural Stand	L 	13	8859	19.2	20.8	143.2389
1205031	1	2022	Natural Stand	L 	13	8860	14.5	19.8	81.9580
1205031	1	2022	Natural Stand	L 	13	8861	19.4	19.7	140.4898
1205031	1	2022	Natural Stand	L 	13	8862	21.1	18.6	158.5936
1205031	1	2022	Natural Stand	L 	13	8863	19.4	18.1	132.7015
1205031	1	2022	Natural Stand	L 	13	8864	20.5	17.5	144.4539
1205031	1	2022	Natural Stand	L 	13	8865	22.6	17.3	173.4639
1205031	1	2022	Natural Stand	L 	13	8866	13.3	14.8	56.7112
1205031	1	2022	Natural Stand	L 	13	8867	17.1	13.5	87.9814
1205031	1	2022	Natural Stand	L 	13	8868	19.6	13.1	114.5181
1205031	1	2022	Natural Stand	L 	13	8869	11.9	11.5	39.6383
1205031	1	2022	Natural Stand	L 	13	8870	10	10.4	26.7679
1205031	1	2022	Natural Stand	L 	13	8871	9.1	8.6	20.5310
1205031	1	2022	Natural Stand	L 	13	8872	6.4	8.5	10.0740
1205031	1	2022	Natural Stand	L 	13	8873	2.8	3.9	1.5095
1205031	1	2022	Natural Stand	L 	13	8874	3	3.5	1.7727
1211646	1	2006	Natural Stand	L 	13	8887	27.7	24.56	321.1227
1211646	1	2006	Natural Stand	L 	13	8888	25	22.78	250.9233
1211646	1	2006	Natural Stand	L 	13	8889	24.5	20.76	226.6260
1211646	1	2006	Natural Stand	L 	13	8890	13.4	14.06	55.7377
1211646	1	2006	Natural Stand	L 	13	8891	5.7	5.11	7.0577
1211646	1	2011	Natural Stand	L 	13	8924	28.3	24.9	337.6450
1211646	1	2011	Natural Stand	L 	13	8925	25.3	23.4	261.5833
1211646	1	2011	Natural Stand	L 	13	8926	21.2	21.8	178.4053
1211646	1	2011	Natural Stand	L 	13	8927	25.2	21.5	244.7629
1211646	1	2011	Natural Stand	L 	13	8928	22	21.3	188.0873
1211646	1	2011	Natural Stand	L 	13	8929	25.5	20.7	244.1825
1211646	1	2011	Natural Stand	L 	13	8930	18.5	20.3	131.2830
1211646	1	2011	Natural Stand	L 	13	8931	17.2	18.3	106.3730
1211646	1	2011	Natural Stand	L 	13	8932	10.9	12.4	34.7479
1211646	1	2021	Natural Stand	L 	13	8960	26.7	22.9	285.1567
1211646	1	2021	Natural Stand	L 	13	8961	29.8	22.7	349.4080
1211646	1	2021	Natural Stand	L 	13	8962	22.1	21.5	190.9599
1211646	1	2021	Natural Stand	L 	13	8963	21.5	21	178.3252
1211646	1	2021	Natural Stand	L 	13	8964	27.6	20	278.5001
1211646	1	2021	Natural Stand	L 	13	8965	19.5	18.8	137.3968
1211646	1	2021	Natural Stand	L 	13	8966	10.8	12.1	33.6592
1211701	1	2006	Natural Stand	L 	13	8984	16.2	12.2	75.5365
1211701	1	2006	Natural Stand	L 	13	8985	14.8	11.74	61.9233
1211701	1	2006	Natural Stand	L 	13	8986	14.5	10.55	57.2008
1211701	1	2006	Natural Stand	L 	13	8987	8.6	7.12	17.4758
1211701	1	2006	Natural Stand	L 	13	8988	5.2	4.36	5.8680
1211701	1	2007	Natural Stand	L 	13	9072	16.3	12.15	76.3659
1211701	1	2007	Natural Stand	L 	13	9073	14.7	11.78	61.1626
1211701	1	2007	Natural Stand	L 	13	9074	13.5	10.59	49.4105
1211701	1	2007	Natural Stand	L 	13	9075	14.5	10.45	57.0424
1211701	1	2007	Natural Stand	L 	13	9076	8.7	7.19	17.9363
1211701	1	2007	Natural Stand	L 	13	9077	5.5	4.48	6.6289
1211701	1	2017	Natural Stand	L 	13	9160	16.5	13.5	81.9337
1211701	1	2017	Natural Stand	L 	13	9161	14.1	12.1	56.8960
1211701	1	2017	Natural Stand	L 	13	9162	15	11	62.1624
1211701	1	2017	Natural Stand	L 	13	9163	13.4	10.5	48.5215
1211701	1	2017	Natural Stand	L 	13	9164	11.4	9.83	34.0580
1211701	1	2017	Natural Stand	L 	13	9165	11.6	7.8	33.6610
1211701	1	2017	Natural Stand	L 	13	9166	7	6.1	11.0612
1211701	1	2017	Natural Stand	L 	13	9167	6.9	5.25	10.7804
1211701	1	2017	Natural Stand	L 	13	9168	5.4	3.5	6.9586
1211701	1	2017	Natural Stand	L 	13	9169	4.8	3.46	5.2720
1211701	1	2017	Natural Stand	L 	13	9170	3.3	2.63	2.4802
1211701	1	2017	Natural Stand	L 	13	9171	3.9	2.55	3.8183
1211701	1	2017	Natural Stand	L 	13	9172	3.4	2.51	2.7491
1211796	1	2009	Natural Stand	L 	13	9240	5.3	4	6.2797
1211796	1	2009	Natural Stand	L 	13	9241	3.5	3.8	2.4667
1211796	1	2019	Natural Stand	L 	13	9242	11.8	8.6	35.3327
1211796	1	2019	Natural Stand	L 	13	9243	9	7.34	19.3384
1211796	1	2019	Natural Stand	L 	13	9244	7.5	6.9	13.0005
1211796	1	2019	Natural Stand	L 	13	9245	6	6.3	7.9930
1211796	1	2019	Natural Stand	L 	13	9246	5.7	4.9	7.0822
1211796	1	2019	Natural Stand	L 	13	9247	3	4.6	1.7733
1211801	1	2014	Natural Stand	L 	13	9248	6.5	6.1	9.4290
1211801	1	2014	Natural Stand	L 	13	9249	5.4	4.9	6.2797
1211836	1	2005	Natural Stand	L 	13	9260	15.2	12.83	67.9149
1211836	1	2005	Natural Stand	L 	13	9261	14.6	12.14	61.1002
1211836	1	2005	Natural Stand	L 	13	9262	13.9	11.37	53.8376
1211836	1	2005	Natural Stand	L 	13	9263	13.7	11.25	52.0597
1211836	1	2005	Natural Stand	L 	13	9264	10	9.66	25.9301
1211836	1	2005	Natural Stand	L 	13	9265	5.8	5.36	7.3227
1211836	1	2010	Natural Stand	L 	13	9495	15	13.3	67.3355
1211836	1	2010	Natural Stand	L 	13	9496	14	11.7	55.2691
1211836	1	2010	Natural Stand	L 	13	9497	14.7	11.6	60.7882
1211836	1	2010	Natural Stand	L 	13	9498	15.7	11.6	69.5251
1211836	1	2010	Natural Stand	L 	13	9499	14.4	10.8	56.8001
1211836	1	2010	Natural Stand	L 	13	9500	10.5	10.1	29.1288
1211836	1	2010	Natural Stand	L 	13	9501	7.2	8.1	12.4853
1211836	1	2010	Natural Stand	L 	13	9502	6.2	5.9	8.4942
1211836	1	2010	Natural Stand	L 	13	9503	4.2	5.03	3.6426
1211836	1	2010	Natural Stand	L 	13	9504	5	4.91	5.3000
1211836	1	2010	Natural Stand	L 	13	9505	4.1	3.68	3.5569
1211836	1	2010	Natural Stand	L 	13	9506	3	3.26	1.8016
1211836	1	2021	Natural Stand	L 	13	9735	16.1	13.9	79.1962
1211836	1	2021	Natural Stand	L 	13	9736	16.8	13.4	84.6308
1211836	1	2021	Natural Stand	L 	13	9737	15.4	13.4	71.1973
1211836	1	2021	Natural Stand	L 	13	9738	16.2	13.3	78.4322
1211836	1	2021	Natural Stand	L 	13	9739	14.6	12.9	62.8602
1211836	1	2021	Natural Stand	L 	13	9740	11.8	11.6	39.1468
1211836	1	2021	Natural Stand	L 	13	9741	6.9	6.8	10.8767
1211836	1	2021	Natural Stand	L 	13	9742	5.2	5.5	5.7917
1211836	1	2021	Natural Stand	L 	13	9743	2.9	3.72	1.6318
1211836	1	2021	Natural Stand	L 	13	9744	2.8	3.6	1.5153
1211836	1	2021	Natural Stand	L 	13	9745	2.8	3.32	1.5346
1211886	1	2012	Natural Stand	L 	13	9923	2.8	2.9	1.5985
1211886	1	2022	Natural Stand	L 	13	9924	6.2	6	8.5077
1211886	1	2022	Natural Stand	L 	13	9925	3.5	4.8	2.4643
1211906	1	2004	Natural Stand	L 	13	9926	15.6	9.05	65.0066
1211906	1	2004	Natural Stand	L 	13	9927	8.5	8.84	18.0435
1211906	1	2004	Natural Stand	L 	13	9928	8.7	8.09	18.3769
1211906	1	2007	Natural Stand	L 	13	9940	15.6	9.5	65.3112
1211906	1	2007	Natural Stand	L 	13	9941	7.9	8.1	15.0751
1211906	1	2007	Natural Stand	L 	13	9942	8.8	8	18.7622
1211906	1	2018	Natural Stand	L 	13	9954	10.4	10.6	29.1932
1211906	1	2018	Natural Stand	L 	13	9955	9	9.3	20.6553
1211906	1	2018	Natural Stand	L 	13	9956	8.7	8.8	18.8809
1211906	1	2018	Natural Stand	L 	13	9957	3.7	7.7	3.3045
1211926	1	2004	Natural Stand	L 	13	9985	22.5	16.84	169.4376
1211926	1	2004	Natural Stand	L 	13	9986	19.5	14.57	118.5532
1211926	1	2004	Natural Stand	L 	13	9987	19.9	14.04	121.4312
1211926	1	2004	Natural Stand	L 	13	9988	17.8	13.73	96.0808
1211926	1	2004	Natural Stand	L 	13	9989	12.6	10.36	42.5696
1211926	1	2004	Natural Stand	L 	13	9990	8.8	9.79	20.1971
1211926	1	2011	Natural Stand	L 	13	10020	24	17.5	196.4209
1211926	1	2011	Natural Stand	L 	13	10021	20.9	15	138.0626
1211926	1	2011	Natural Stand	L 	13	10022	20.6	14.8	133.2846
1211926	1	2011	Natural Stand	L 	13	10023	15.5	13.1	71.3139
1211926	1	2011	Natural Stand	L 	13	10024	12.7	12.5	46.9981
1211926	1	2011	Natural Stand	L 	13	10025	14.5	11.8	59.5337
1211926	1	2011	Natural Stand	L 	13	10026	6.2	7	8.7730
1211926	1	2011	Natural Stand	L 	13	10027	5.6	6.3	6.9194
1211926	1	2011	Natural Stand	L 	13	10028	6.6	5.4	9.7310
1211926	1	2011	Natural Stand	L 	13	10029	3.5	3.6	2.4930
1211926	1	2011	Natural Stand	L 	13	10030	3.9	3.5	3.2197
1211926	1	2022	Natural Stand	L 	13	10052	25	18.1	216.7949
1211926	1	2022	Natural Stand	L 	13	10053	19.2	16.2	121.5633
1211926	1	2022	Natural Stand	L 	13	10054	21.2	15.6	144.7665
1211926	1	2022	Natural Stand	L 	13	10055	20.9	15.5	140.2743
1211926	1	2022	Natural Stand	L 	13	10056	15.5	14.1	74.0662
1211926	1	2022	Natural Stand	L 	13	10057	15.1	13.8	69.5546
1211926	1	2022	Natural Stand	L 	13	10058	15.3	13.4	70.2870
1211926	1	2022	Natural Stand	L 	13	10059	16.6	12.83	81.0241
1211926	1	2022	Natural Stand	L 	13	10060	12.8	12.5	47.7270
1211926	1	2022	Natural Stand	L 	13	10061	13.7	12.5	54.5653
1211926	1	2022	Natural Stand	L 	13	10062	12.1	12.4	42.5673
1211926	1	2022	Natural Stand	L 	13	10063	15.1	12.4	65.9859
1211926	1	2022	Natural Stand	L 	13	10064	12.3	10.2	40.3012
1211926	1	2022	Natural Stand	L 	13	10065	9	9.5	20.8394
1211926	1	2022	Natural Stand	L 	13	10066	9.9	8.9	24.6769
1211926	1	2022	Natural Stand	L 	13	10067	6.8	5.5	10.3851
1211926	1	2022	Natural Stand	L 	13	10068	4.7	3.7	4.8753
1211951	1	2004	Natural Stand	L 	13	10083	12.6	13.36	48.0214
1211951	1	2004	Natural Stand	L 	13	10084	11.7	13.08	41.1043
1211951	1	2004	Natural Stand	L 	13	10085	11.5	12.05	37.9512
1211951	1	2004	Natural Stand	L 	13	10086	11.2	11.3	34.8596
1211951	1	2004	Natural Stand	L 	13	10087	5.3	9.66	7.5184
1211951	1	2004	Natural Stand	L 	13	10088	7.7	9.5	15.2965
1211951	1	2015	Natural Stand	L 	13	10112	14.2	14.2	62.7099
1211951	1	2015	Natural Stand	L 	13	10113	9.7	12	27.2216
1211961	1	2004	Natural Stand	L 	13	10118	14.3	16.43	69.7179
1211961	1	2014	Natural Stand	L 	13	10127	27.5	20.6	281.5193
1211961	1	2014	Natural Stand	L 	13	10128	20.6	20	158.9997
1211961	1	2014	Natural Stand	L 	13	10129	19.7	19.5	143.5989
1211961	1	2014	Natural Stand	L 	13	10130	13.7	15.4	61.5625
1211961	1	2014	Natural Stand	L 	13	10131	5.9	5.5	7.6026
1218516	1	2006	Natural Stand	L 	13	10133	16.9	14.41	88.7888
1218516	1	2006	Natural Stand	L 	13	10134	15.4	13.75	72.1522
1218516	1	2006	Natural Stand	L 	13	10135	13.7	12.65	54.8919
1218516	1	2006	Natural Stand	L 	13	10136	14.8	11.88	62.2218
1218516	1	2006	Natural Stand	L 	13	10137	11.5	11.26	36.6684
1218516	1	2006	Natural Stand	L 	13	10138	11.7	10.5	36.8040
1218516	1	2006	Natural Stand	L 	13	10139	11	10.27	32.2077
1218516	1	2006	Natural Stand	L 	13	10140	5	5.09	5.2991
1218516	1	2015	Natural Stand	L 	13	10242	18.3	15.3	107.2006
1218516	1	2015	Natural Stand	L 	13	10243	17.1	13.9	89.2206
1218516	1	2015	Natural Stand	L 	13	10244	15.1	13.8	69.5546
1218516	1	2015	Natural Stand	L 	13	10245	13.3	11.2	48.9414
1218516	1	2015	Natural Stand	L 	13	10246	11.5	10.8	35.9743
1218516	1	2015	Natural Stand	L 	13	10247	11.2	9.8	32.8132
1218516	1	2015	Natural Stand	L 	13	10248	8.4	8.1	17.0981
1218516	1	2015	Natural Stand	L 	13	10249	7.2	7.3	12.0809
1218516	1	2015	Natural Stand	L 	13	10250	6.2	5.5	8.4715
1218546	1	2006	Natural Stand	L 	13	10361	10.6	9.61	29.1243
1218546	1	2006	Natural Stand	L 	13	10362	10.5	9.19	28.1349
1218546	1	2006	Natural Stand	L 	13	10363	11	8.69	30.5206
1218546	1	2006	Natural Stand	L 	13	10364	10.7	8.39	28.5761
1218546	1	2006	Natural Stand	L 	13	10365	6.1	5.88	8.2005
1218546	1	2006	Natural Stand	L 	13	10366	4.7	5.52	4.6769
1218546	1	2014	Natural Stand	L 	13	11040	11.8	9.9	36.6392
1218546	1	2014	Natural Stand	L 	13	11041	12.1	9.8	38.4540
1218546	1	2014	Natural Stand	L 	13	11042	12.4	9.5	40.0972
1218546	1	2014	Natural Stand	L 	13	11043	11.8	9.4	36.0571
1218546	1	2014	Natural Stand	L 	13	11044	8.3	9.1	17.4024
1218546	1	2014	Natural Stand	L 	13	11045	5.7	6.2	7.1561
1218546	1	2014	Natural Stand	L 	13	11046	5	5.9	5.3886
1218546	1	2014	Natural Stand	L 	13	11047	5.1	4.9	5.5356
1218546	1	2014	Natural Stand	L 	13	11048	3.6	4.4	2.5975
1218546	1	2014	Natural Stand	L 	13	11049	3.8	4.2	2.9255
1218546	1	2014	Natural Stand	L 	13	11050	4	3.1	3.5976
1218651	1	2004	Natural Stand	L 	13	11698	44.3	23.57	774.2296
1218651	1	2009	Natural Stand	L 	13	11702	43.8	23.4	754.0737
1218651	1	2009	Natural Stand	L 	13	11703	23.6	21.34	215.0217
1218651	1	2009	Natural Stand	L 	13	11704	22.4	18.37	176.5638
1218651	1	2009	Natural Stand	L 	13	11705	19.7	16.51	129.2010
1218651	1	2009	Natural Stand	L 	13	11706	4.9	5.26	5.0811
1218651	1	2019	Natural Stand	L 	13	11707	45.4	24.9	837.2589
1218651	1	2019	Natural Stand	L 	13	11708	23.9	19.5	207.5816
1218651	1	2019	Natural Stand	L 	13	11709	21.8	18.1	166.0375
1218746	1	2005	Natural Stand	L 	13	11710	10.7	9.17	29.2301
1218746	1	2005	Natural Stand	L 	13	11711	9.6	9.11	23.3519
1218746	1	2005	Natural Stand	L 	13	11712	11.1	8.83	31.2228
1218746	1	2005	Natural Stand	L 	13	11713	8.7	7.94	18.2862
1218746	1	2005	Natural Stand	L 	13	11714	5.1	5.21	5.5349
1218746	1	2005	Natural Stand	L 	13	11715	5.6	5.05	6.7918
1218746	1	2015	Natural Stand	L 	13	11749	9.8	9	24.2551
1218746	1	2015	Natural Stand	L 	13	11750	7.9	7.6	14.7976
1218746	1	2015	Natural Stand	L 	13	11751	9.1	7.5	19.8635
1218746	1	2015	Natural Stand	L 	13	11752	7.1	7	11.6175
1218746	1	2015	Natural Stand	L 	13	11753	7.1	7	11.6175
1218746	1	2015	Natural Stand	L 	13	11754	6.9	6.4	10.7706
1218776	1	2004	Natural Stand	L 	13	11766	14.1	10.37	53.6977
1218776	1	2004	Natural Stand	L 	13	11767	6.9	5.29	10.7696
1218776	1	2013	Natural Stand	L 	13	11795	15.7	12.4	71.3647
1218776	1	2013	Natural Stand	L 	13	11796	10.8	9.9	30.5876
1218801	1	2018	Natural Stand	L 	13	11826	12.5	8	39.6983
1218801	1	2018	Natural Stand	L 	13	11827	9.9	6.72	23.6893
1218801	1	2018	Natural Stand	L 	13	11828	9.7	6.3	22.7345
1218801	1	2018	Natural Stand	L 	13	11829	6.7	5.8	10.0387
1225416	1	2006	Natural Stand	L 	13	11833	23.4	18.3	191.7231
1225416	1	2006	Natural Stand	L 	13	11834	21.4	17.77	158.4264
1225416	1	2006	Natural Stand	L 	13	11835	20.2	17.54	140.5952
1225416	1	2006	Natural Stand	L 	13	11836	23.5	17.21	186.7537
1225416	1	2006	Natural Stand	L 	13	11837	19	16.64	120.9943
1225416	1	2006	Natural Stand	L 	13	11838	13.5	14.77	58.2768
1225416	1	2006	Natural Stand	L 	13	11839	5	6.16	5.4423
1225416	1	2006	Natural Stand	L 	13	11840	18.7	2.89	225.3813
1225416	1	2011	Natural Stand	L 	13	11974	23.6	18.8	198.0738
1225416	1	2011	Natural Stand	L 	13	11975	21.7	18.8	168.4969
1225416	1	2011	Natural Stand	L 	13	11976	20.5	18.5	149.5524
1225416	1	2011	Natural Stand	L 	13	11977	23.7	18.3	196.5327
1225416	1	2011	Natural Stand	L 	13	11978	19.3	18.1	131.3980
1225416	1	2011	Natural Stand	L 	13	11979	18.1	16.1	108.0083
1225416	1	2011	Natural Stand	L 	13	11980	19.2	16	120.7106
1225416	1	2011	Natural Stand	L 	13	11981	20.7	15.9	139.4390
1225416	1	2011	Natural Stand	L 	13	11982	18.1	15.5	105.6762
1225416	1	2011	Natural Stand	L 	13	11983	13.4	15.1	58.2727
1225416	1	2011	Natural Stand	L 	13	11984	16	14.9	81.2735
1225416	1	2011	Natural Stand	L 	13	11985	16.2	12.8	77.0651
1225416	1	2011	Natural Stand	L 	13	11986	12.6	11	43.5585
1225416	1	2011	Natural Stand	L 	13	11987	13.3	10.9	48.4240
1225416	1	2011	Natural Stand	L 	13	11988	5.3	6.1	6.1268
1225416	1	2011	Natural Stand	L 	13	11989	2.9	4.3	1.6359
1225416	1	2011	Natural Stand	L 	13	11990	2.8	3.7	1.5119
1225416	1	2021	Natural Stand	L 	13	12133	25.4	19.6	234.1936
1225416	1	2021	Natural Stand	L 	13	12134	20.3	19.6	152.5188
1225416	1	2021	Natural Stand	L 	13	12135	21.7	19.4	171.9470
1225416	1	2021	Natural Stand	L 	13	12136	24.3	18.5	207.6465
1225416	1	2021	Natural Stand	L 	13	12137	22.5	18.2	177.0964
1225416	1	2021	Natural Stand	L 	13	12138	23.5	17.5	188.4617
1225416	1	2021	Natural Stand	L 	13	12139	19	17.3	123.8984
1225416	1	2021	Natural Stand	L 	13	12140	20.7	17.2	145.6854
1225416	1	2021	Natural Stand	L 	13	12141	18.9	17	121.3271
1225416	1	2021	Natural Stand	L 	13	12142	16.7	15.6	90.7125
1225416	1	2021	Natural Stand	L 	13	12143	13.8	15.5	62.6844
1225416	1	2021	Natural Stand	L 	13	12144	17.3	13.6	90.3600
1225416	1	2021	Natural Stand	L 	13	12145	13.5	12.4	52.7905
1225416	1	2021	Natural Stand	L 	13	12146	6.8	7.1	10.6552
1225436	1	2006	Natural Stand	L 	13	12291	15.9	15.62	82.5836
1225436	1	2006	Natural Stand	L 	13	12292	17	14.93	91.5634
1225436	1	2006	Natural Stand	L 	13	12293	16.2	14.8	82.9402
1225436	1	2006	Natural Stand	L 	13	12294	17.8	14.28	97.9120
1225436	1	2006	Natural Stand	L 	13	12295	15.8	13.95	76.4621
1225436	1	2006	Natural Stand	L 	13	12296	21.7	13.75	143.6641
1225436	1	2006	Natural Stand	L 	13	12297	15.8	13.05	73.9528
1225436	1	2006	Natural Stand	L 	13	12298	10.4	11.47	30.3703
1225436	1	2006	Natural Stand	L 	13	12299	9.7	9.11	23.8503
1225436	1	2006	Natural Stand	L 	13	12300	9	8.91	20.3174
1225436	1	2012	Natural Stand	L 	13	12470	17	17.6	101.3198
1225436	1	2012	Natural Stand	L 	13	12471	16.1	16.2	86.5353
1225436	1	2012	Natural Stand	L 	13	12472	18.5	15.9	111.8789
1225436	1	2012	Natural Stand	L 	13	12473	16.5	15.5	88.2853
1225436	1	2012	Natural Stand	L 	13	12474	16.4	14.7	84.6250
1225436	1	2012	Natural Stand	L 	13	12475	22	14.6	151.2646
1225436	1	2012	Natural Stand	L 	13	12476	16	14.2	79.1201
1225436	1	2012	Natural Stand	L 	13	12477	15.6	13.3	72.7661
1225436	1	2012	Natural Stand	L 	13	12478	13.7	12.6	54.7825
1225436	1	2012	Natural Stand	L 	13	12479	9.3	9.9	22.6552
1225436	1	2012	Natural Stand	L 	13	12480	9.6	7.6	22.3074
1225436	1	2012	Natural Stand	L 	13	12481	3.3	4.9	2.1875
1225436	1	2012	Natural Stand	L 	13	12482	3.3	3.5	2.1965
1225436	1	2012	Natural Stand	L 	13	12483	2.6	2.6	1.4101
1225436	1	2021	Natural Stand	L 	13	12659	15.7	15.3	79.5858
1225436	1	2021	Natural Stand	L 	13	12660	17	14.8	91.1229
1225436	1	2021	Natural Stand	L 	13	12661	19.6	14.6	119.8874
1225436	1	2021	Natural Stand	L 	13	12662	18	14.6	101.2297
1225436	1	2021	Natural Stand	L 	13	12663	16.4	14.4	83.6733
1225436	1	2021	Natural Stand	L 	13	12664	22.4	14.2	155.1881
1225436	1	2021	Natural Stand	L 	13	12665	16.6	14.1	84.7423
1225436	1	2021	Natural Stand	L 	13	12666	17.4	12.6	88.4688
1225436	1	2021	Natural Stand	L 	13	12667	14.2	11.6	56.6713
1225436	1	2021	Natural Stand	L 	13	12668	9.8	9.9	25.1510
1225436	1	2021	Natural Stand	L 	13	12669	10.3	8.1	26.1842
1225436	1	2021	Natural Stand	L 	13	12670	3	2.9	1.8778
1225456	1	2006	Natural Stand	L 	13	12819	20.2	16.53	135.7621
1225456	1	2006	Natural Stand	L 	13	12820	17.9	16.45	107.0843
1225456	1	2006	Natural Stand	L 	13	12821	23.5	16.42	182.2629
1225456	1	2006	Natural Stand	L 	13	12822	18.1	15.82	106.9099
1225456	1	2006	Natural Stand	L 	13	12823	17.3	15.06	95.2042
1225456	1	2006	Natural Stand	L 	13	12824	20.6	14.26	131.0908
1225456	1	2006	Natural Stand	L 	13	12825	15.4	14.13	73.2200
1225456	1	2006	Natural Stand	L 	13	12826	11.4	12.78	38.5645
1225456	1	2006	Natural Stand	L 	13	12827	5	5.23	5.3045
1225456	1	2012	Natural Stand	L 	13	12884	20.3	18	144.2340
1225456	1	2012	Natural Stand	L 	13	12885	24	17.9	198.8868
1225456	1	2012	Natural Stand	L 	13	12886	18.1	17.3	112.8910
1225456	1	2012	Natural Stand	L 	13	12887	18.2	16.5	110.7773
1225456	1	2012	Natural Stand	L 	13	12888	15.6	16	80.8277
1225456	1	2012	Natural Stand	L 	13	12889	15.8	15.8	82.1695
1225456	1	2012	Natural Stand	L 	13	12890	17.6	15.8	101.1751
1225456	1	2012	Natural Stand	L 	13	12891	15.9	15.3	81.5534
1225456	1	2012	Natural Stand	L 	13	12892	21.4	14.4	142.1911
1225456	1	2012	Natural Stand	L 	13	12893	17.6	14	94.8109
1225456	1	2012	Natural Stand	L 	13	12894	18.7	13.9	106.6631
1225456	1	2012	Natural Stand	L 	13	12895	11.7	13.2	41.3288
1225456	1	2012	Natural Stand	L 	13	12896	5.3	5.7	6.0558
1225456	1	2012	Natural Stand	L 	13	12897	6.2	5.7	8.4762
1225456	1	2023	Natural Stand	L 	13	12955	18.5	17.5	118.5807
1225456	1	2023	Natural Stand	L 	13	12956	25.2	17.4	215.6275
1225456	1	2023	Natural Stand	L 	13	12957	16.1	16.4	87.2162
1225456	1	2023	Natural Stand	L 	13	12958	18.4	16.1	111.5078
1225456	1	2023	Natural Stand	L 	13	12959	16.5	16.1	90.3504
1225456	1	2023	Natural Stand	L 	13	12960	13	16	57.1999
1225456	1	2023	Natural Stand	L 	13	12961	18.8	15.9	115.4422
1225456	1	2023	Natural Stand	L 	13	12962	17	15.9	94.9642
1225456	1	2023	Natural Stand	L 	13	12963	16.4	15.7	87.9301
1225456	1	2023	Natural Stand	L 	13	12964	17.2	15.7	96.4059
1225456	1	2023	Natural Stand	L 	13	12965	17.8	15.3	101.5432
1225456	1	2023	Natural Stand	L 	13	12966	16.6	15.2	88.3065
1225456	1	2023	Natural Stand	L 	13	12967	15.2	15.1	74.1805
1225456	1	2023	Natural Stand	L 	13	12968	13.4	14.6	57.0376
1225456	1	2023	Natural Stand	L 	13	12969	15.1	14.5	71.5035
1225456	1	2023	Natural Stand	L 	13	12970	16.5	14.4	84.6767
1225456	1	2023	Natural Stand	L 	13	12971	15.1	14.4	71.2195
1225456	1	2023	Natural Stand	L 	13	12972	23.2	14.3	167.2128
1225456	1	2023	Natural Stand	L 	13	12973	15.8	14	76.6074
1225456	1	2023	Natural Stand	L 	13	12974	12.5	13.9	48.4248
1225456	1	2023	Natural Stand	L 	13	12975	13.6	13.8	56.7296
1225456	1	2023	Natural Stand	L 	13	12976	12.3	13.4	45.9184
1225456	1	2023	Natural Stand	L 	13	12977	13.8	13.1	56.7018
1225456	1	2023	Natural Stand	L 	13	12978	13.9	12.7	56.5975
1225456	1	2023	Natural Stand	L 	13	12979	13.7	12.7	55.0018
1225456	1	2023	Natural Stand	L 	13	12980	11.5	12.1	38.0358
1225456	1	2023	Natural Stand	L 	13	12981	14.3	12	58.3087
1225456	1	2023	Natural Stand	L 	13	12982	15	11.7	63.5480
1225456	1	2023	Natural Stand	L 	13	12983	13.6	11.7	52.1407
1225456	1	2023	Natural Stand	L 	13	12984	14.3	11.5	57.2825
1225456	1	2023	Natural Stand	L 	13	12985	11.8	10.9	38.0309
1225456	1	2023	Natural Stand	L 	13	12986	17.8	10.9	88.7390
1225456	1	2023	Natural Stand	L 	13	12987	12.4	10.9	42.0171
1225456	1	2023	Natural Stand	L 	13	12988	12.1	10.7	39.6900
1225456	1	2023	Natural Stand	L 	13	12989	14.3	10.2	55.0433
1225456	1	2023	Natural Stand	L 	13	12990	11.8	10.1	36.8952
1225456	1	2023	Natural Stand	L 	13	12991	11.4	10	34.2670
1225456	1	2023	Natural Stand	L 	13	12992	13.1	9.7	45.2204
1225456	1	2023	Natural Stand	L 	13	12993	12	9.5	37.4502
1225456	1	2023	Natural Stand	L 	13	12994	12.2	9.4	38.6508
1225456	1	2023	Natural Stand	L 	13	12995	10.3	9.3	27.1529
1225456	1	2023	Natural Stand	L 	13	12996	8.5	9	18.1708
1225456	1	2023	Natural Stand	L 	13	12997	6.1	5.7	8.1830
1225456	1	2023	Natural Stand	L 	13	12998	5.1	4.3	5.6311
1225701	1	2004	Natural Stand	L 	13	13026	23.4	21.09	209.8807
1225701	1	2004	Natural Stand	L 	13	13027	22.5	20.58	191.6168
1225701	1	2004	Natural Stand	L 	13	13028	22	19.77	178.7190
1225701	1	2004	Natural Stand	L 	13	13029	15.3	15.03	74.9143
1225701	1	2004	Natural Stand	L 	13	13030	7.6	11.08	16.2546
1225701	1	2007	Natural Stand	L 	13	13059	22.2	20.6	186.9288
1225701	1	2007	Natural Stand	L 	13	13060	16.2	19.6	99.8773
1225701	1	2007	Natural Stand	L 	13	13061	19.3	19.3	137.1615
1225701	1	2007	Natural Stand	L 	13	13062	18.1	19.1	120.6434
1225701	1	2007	Natural Stand	L 	13	13063	14.1	13.1	59.1466
1225701	1	2016	Natural Stand	L 	13	13070	19.4	18.6	135.0938
1225701	1	2016	Natural Stand	L 	13	13071	22.5	18	175.9361
1225701	1	2016	Natural Stand	L 	13	13072	15.2	17.4	81.3716
1232251	1	2008	Natural Stand	L 	13	13074	24.6	18.13	210.2404
1232251	1	2008	Natural Stand	L 	13	13075	16.9	16.41	95.7339
1232251	1	2008	Natural Stand	L 	13	13076	16	15.69	83.8153
1232251	1	2008	Natural Stand	L 	13	13077	15.4	14.9	75.4716
1232251	1	2008	Natural Stand	L 	13	13078	12.3	14.07	47.3075
1232251	1	2008	Natural Stand	L 	13	13079	11.5	13.99	41.4626
1232251	1	2008	Natural Stand	L 	13	13080	10.2	13.3	31.9476
1232251	1	2008	Natural Stand	L 	13	13081	15.5	13.29	71.8180
1232251	1	2008	Natural Stand	L 	13	13082	12.4	12.68	45.1972
1232251	1	2008	Natural Stand	L 	13	13083	10.7	11.96	32.8419
1232251	1	2008	Natural Stand	L 	13	13084	11	11.89	34.5464
1232251	1	2008	Natural Stand	L 	13	13085	12.1	11.39	40.7860
1232251	1	2008	Natural Stand	L 	13	13086	12	11.24	39.8729
1232251	1	2008	Natural Stand	L 	13	13087	11	9.21	30.9892
1232251	1	2008	Natural Stand	L 	13	13088	13.4	7.58	46.3684
1232251	1	2008	Natural Stand	L 	13	13089	9.2	7.4	20.2914
1232251	1	2008	Natural Stand	L 	13	13090	5.7	6.39	7.2018
1232251	1	2008	Natural Stand	L 	13	13091	5.7	5.66	7.0673
1232251	1	2008	Natural Stand	L 	13	13092	5.1	4.49	5.5850
1232251	1	2008	Natural Stand	L 	13	13093	4.3	2.79	4.5678
1232251	1	2018	Natural Stand	L 	13	13140	18.5	18.3	122.1027
1232251	1	2018	Natural Stand	L 	13	13141	16.8	17.3	97.9394
1232251	1	2018	Natural Stand	L 	13	13142	10.4	14.5	35.1241
1232251	1	2018	Natural Stand	L 	13	13143	13.4	13.5	54.4321
1232251	1	2018	Natural Stand	L 	13	13144	13.7	12.2	53.9273
1232251	1	2018	Natural Stand	L 	13	13145	12.5	12.1	44.7957
1232251	1	2018	Natural Stand	L 	13	13146	7.4	7.2	12.7464
1232251	1	2018	Natural Stand	L 	13	13147	6.3	6	8.8041
1232251	1	2018	Natural Stand	L 	13	13148	7.7	5.1	13.9259
1232251	1	2018	Natural Stand	L 	13	13149	6.2	4.5	8.7183
1232251	1	2018	Natural Stand	L 	13	13150	4.4	3.5	4.2672
1232266	1	2006	Natural Stand	L 	13	13185	19.7	15.9	126.4990
1232266	1	2006	Natural Stand	L 	13	13186	24.1	15.82	188.3396
1232266	1	2006	Natural Stand	L 	13	13187	20.5	14.7	131.5778
1232266	1	2006	Natural Stand	L 	13	13188	21.1	12.56	131.6300
1232266	1	2006	Natural Stand	L 	13	13189	12.8	8.5	42.0047
1232266	1	2006	Natural Stand	L 	13	13190	5.7	5.53	7.0566
1232266	1	2015	Natural Stand	L 	13	13216	24.7	18	211.0705
1232266	1	2015	Natural Stand	L 	13	13217	25.2	16.3	208.8648
1232266	1	2015	Natural Stand	L 	13	13218	18.3	15.4	107.5839
1232266	1	2015	Natural Stand	L 	13	13219	24.1	15	184.1213
1232266	1	2015	Natural Stand	L 	13	13220	13.7	10	50.0595
1232266	1	2015	Natural Stand	L 	13	13221	11.3	8.4	32.0893
1232266	1	2015	Natural Stand	L 	13	13222	5.5	6.2	6.6414
1232266	1	2015	Natural Stand	L 	13	13223	5.3	5.3	6.0187
1232266	1	2015	Natural Stand	L 	13	13224	10.1	2	61.5533
1232266	1	2022	Natural Stand	L 	13	13242	27.1	19.3	263.2368
1232266	1	2022	Natural Stand	L 	13	13243	25.5	16.9	217.5605
1232266	1	2022	Natural Stand	L 	13	13244	25.4	16.8	215.2393
1232266	1	2022	Natural Stand	L 	13	13245	19.1	15.9	119.0664
1232266	1	2022	Natural Stand	L 	13	13246	17.9	14.2	98.7322
1232266	1	2022	Natural Stand	L 	13	13247	17.6	13.4	92.8968
1232266	1	2022	Natural Stand	L 	13	13248	19.7	12.8	114.7774
1232266	1	2022	Natural Stand	L 	13	13249	14.5	12.2	60.3958
1232266	1	2022	Natural Stand	L 	13	13250	13.4	10.4	48.3691
1232266	1	2022	Natural Stand	L 	13	13251	11.7	10.1	36.2604
1232266	1	2022	Natural Stand	L 	13	13252	11.4	10	34.2670
1232266	1	2022	Natural Stand	L 	13	13253	11.6	9.8	35.2562
1232266	1	2022	Natural Stand	L 	13	13254	9.3	8.1	21.1184
1232296	1	2006	Natural Stand	L 	13	13266	10.5	8.27	27.3800
1232296	1	2006	Natural Stand	L 	13	13267	9	7.94	19.6262
1232301	1	2006	Natural Stand	L 	13	13269	24.5	21.21	229.8865
1232301	1	2006	Natural Stand	L 	13	13270	22.8	20.28	194.5627
1232301	1	2006	Natural Stand	L 	13	13271	18.6	19.72	129.8809
1232301	1	2006	Natural Stand	L 	13	13272	16.7	19.49	105.2604
1232301	1	2006	Natural Stand	L 	13	13273	17.6	19.12	114.5368
1232301	1	2006	Natural Stand	L 	13	13274	16.5	19.11	101.4524
1232301	1	2006	Natural Stand	L 	13	13275	19.7	17.85	135.4467
1232301	1	2006	Natural Stand	L 	13	13276	20.4	16.4	137.7878
1232301	1	2006	Natural Stand	L 	13	13277	10.8	12.79	34.7677
1232301	1	2006	Natural Stand	L 	13	13278	11.7	11.94	39.0646
1232301	1	2012	Natural Stand	L 	13	13279	17	21.8	118.4114
1232301	1	2021	Natural Stand	L 	13	13280	17.2	22.2	122.7221
1232301	1	2021	Natural Stand	L 	13	13281	4	4.9	3.2753
1232301	1	2021	Natural Stand	L 	13	13282	5.8	4.3	7.5685
1232301	1	2021	Natural Stand	L 	13	13283	4	4	3.2979
1232301	1	2021	Natural Stand	L 	13	13284	3.8	4	2.9407
1232396	1	2004	Natural Stand	L 	13	13292	14.9	13.35	66.5815
1232396	1	2004	Natural Stand	L 	13	13293	14.5	12.68	61.4899
1232396	1	2004	Natural Stand	L 	13	13294	15	12.68	65.7809
1232396	1	2004	Natural Stand	L 	13	13295	15.2	12.38	66.8183
1232396	1	2004	Natural Stand	L 	13	13296	10.1	11.43	28.6310
1232396	1	2004	Natural Stand	L 	13	13297	5	7.67	5.9040
1232396	1	2013	Natural Stand	L 	13	13496	17.9	15.3	102.6613
1232396	1	2013	Natural Stand	L 	13	13497	16.9	13.7	86.5446
1232396	1	2013	Natural Stand	L 	13	13498	16.4	13.6	81.2413
1232396	1	2013	Natural Stand	L 	13	13499	19.3	13.3	111.6034
1232396	1	2013	Natural Stand	L 	13	13500	12.7	12.3	46.6057
1232396	1	2013	Natural Stand	L 	13	13501	5.2	7.8	6.4280
1232396	1	2013	Natural Stand	L 	13	13502	4.2	4.23	3.6477
1232396	1	2013	Natural Stand	L 	13	13503	4	4	3.2979
1232396	1	2013	Natural Stand	L 	13	13504	4.5	4	4.3047
1232396	1	2023	Natural Stand	L 	13	13619	18.8	16.7	118.7991
1232396	1	2023	Natural Stand	L 	13	13620	17.6	16.3	103.0748
1232396	1	2023	Natural Stand	L 	13	13621	17.8	16.3	105.3462
1232396	1	2023	Natural Stand	L 	13	13622	17	16	95.3253
1232396	1	2023	Natural Stand	L 	13	13623	15.8	15.7	81.8458
1232396	1	2023	Natural Stand	L 	13	13624	16	15.6	83.5204
1232396	1	2023	Natural Stand	L 	13	13625	15	15.5	73.4931
1232396	1	2023	Natural Stand	L 	13	13626	17.3	15.5	96.7696
1232396	1	2023	Natural Stand	L 	13	13627	15.6	15.5	79.2372
1232396	1	2023	Natural Stand	L 	13	13628	15.4	15.4	76.9889
1232396	1	2023	Natural Stand	L 	13	13629	16	15.3	82.5469
1232396	1	2023	Natural Stand	L 	13	13630	16.8	15.3	90.7276
1232396	1	2023	Natural Stand	L 	13	13631	17.1	15	92.8596
1232396	1	2023	Natural Stand	L 	13	13632	15.5	15	76.7254
1232396	1	2023	Natural Stand	L 	13	13633	18.3	14.9	105.6942
1232396	1	2023	Natural Stand	L 	13	13634	15.5	14.8	76.1215
1232396	1	2023	Natural Stand	L 	13	13635	21.3	14.6	141.6821
1232396	1	2023	Natural Stand	L 	13	13636	13.3	14.6	56.2257
1232396	1	2023	Natural Stand	L 	13	13637	12.3	14.4	48.0097
1232396	1	2023	Natural Stand	L 	13	13638	15.7	14.4	76.8318
1232396	1	2023	Natural Stand	L 	13	13639	16.9	14.4	88.7562
1232396	1	2023	Natural Stand	L 	13	13640	17.8	14.3	97.9804
1232396	1	2023	Natural Stand	L 	13	13641	15.2	14.2	71.5715
1232396	1	2023	Natural Stand	L 	13	13642	15.6	14.2	75.2942
1232396	1	2023	Natural Stand	L 	13	13643	13.8	14.2	59.3409
1232396	1	2023	Natural Stand	L 	13	13644	14.2	14.1	62.4524
1232396	1	2023	Natural Stand	L 	13	13645	16.5	13.9	83.1264
1232396	1	2023	Natural Stand	L 	13	13646	14.2	13.8	61.6900
1232396	1	2023	Natural Stand	L 	13	13647	15.7	13.7	74.8021
1232396	1	2023	Natural Stand	L 	13	13648	13.1	13.5	52.0927
1232396	1	2023	Natural Stand	L 	13	13649	16.2	13.5	79.0001
1232396	1	2023	Natural Stand	L 	13	13650	15	13.5	67.8568
1232396	1	2023	Natural Stand	L 	13	13651	13	13.3	50.8878
1232396	1	2023	Natural Stand	L 	13	13652	11.8	13.3	42.2021
1232396	1	2023	Natural Stand	L 	13	13653	13.4	13.2	53.7527
1232396	1	2023	Natural Stand	L 	13	13654	11	13.1	36.5431
1232396	1	2023	Natural Stand	L 	13	13655	14	13	58.0921
1232396	1	2023	Natural Stand	L 	13	13656	14.4	12.4	60.0100
1232396	1	2023	Natural Stand	L 	13	13657	12.1	12.3	42.3829
1232396	1	2023	Natural Stand	L 	13	13658	14.3	12.2	58.7400
1232396	1	2023	Natural Stand	L 	13	13659	10.6	12	32.3092
1232396	1	2023	Natural Stand	L 	13	13660	12	12	41.1626
1232396	1	2023	Natural Stand	L 	13	13661	10.7	11.2	31.7170
1232396	1	2023	Natural Stand	L 	13	13662	9.9	11.1	27.1065
1232396	1	2023	Natural Stand	L 	13	13663	9.8	11	26.4475
1232396	1	2023	Natural Stand	L 	13	13664	9	10.8	22.1799
1232396	1	2023	Natural Stand	L 	13	13665	10	10.8	27.2602
1232396	1	2023	Natural Stand	L 	13	13666	13	9.1	43.8681
1232396	1	2023	Natural Stand	L 	13	13667	10.7	8.8	28.8924
1232396	1	2023	Natural Stand	L 	13	13668	5.2	8	6.5081
1232396	1	2023	Natural Stand	L 	13	13669	4	5	3.2827
1232396	1	2023	Natural Stand	L 	13	13670	4.5	4.9	4.2149
1232396	1	2023	Natural Stand	L 	13	13671	3.5	3.6	2.4930
1232501	1	2004	Natural Stand	L 	13	13725	14.7	14.52	67.9347
1232501	1	2004	Natural Stand	L 	13	13726	15.6	14.01	74.7451
1232501	1	2004	Natural Stand	L 	13	13727	13.4	12.67	52.5910
1232501	1	2004	Natural Stand	L 	13	13728	15.2	12.15	66.2816
1232501	1	2004	Natural Stand	L 	13	13729	9.3	7.59	20.8435
1232501	1	2004	Natural Stand	L 	13	13730	5.2	7.4	6.2762
1232501	1	2011	Natural Stand	L 	13	13754	15.2	15.4	75.0797
1232501	1	2011	Natural Stand	L 	13	13755	16.3	14.4	82.6764
1232501	1	2011	Natural Stand	L 	13	13756	13.7	13	55.6720
1232501	1	2011	Natural Stand	L 	13	13757	10.2	8.9	26.2430
1232501	1	2011	Natural Stand	L 	13	13758	5.7	8.9	8.2285
1232501	1	2011	Natural Stand	L 	13	13759	4.9	6.51	5.3066
1232501	1	2021	Natural Stand	L 	13	13782	6.8	9.1	11.7326
1232511	1	2004	Natural Stand	L 	13	13798	15.4	14.02	72.9077
1232511	1	2004	Natural Stand	L 	13	13799	15.8	12.88	73.5037
1232511	1	2004	Natural Stand	L 	13	13800	18.5	11.95	98.5543
1232511	1	2004	Natural Stand	L 	13	13801	12.3	9.36	39.2732
1232511	1	2004	Natural Stand	L 	13	13802	7.3	5.74	12.1256
1232511	1	2004	Natural Stand	L 	13	13803	6.6	5.45	9.7252
1232511	1	2011	Natural Stand	V 	13	13805	16.9	11	79.6946
1232511	1	2011	Natural Stand	V 	13	13806	10.4	8.7	27.1486
1232511	1	2011	Natural Stand	V 	13	13807	11.8	8.2	35.0891
1232511	1	2011	Natural Stand	L 	13	13808	7.8	5.6	14.0935
1232511	1	2011	Natural Stand	L 	13	13809	6.5	4.6	9.6672
1232511	1	2011	Natural Stand	L 	13	13810	4.7	4	4.7550
1232511	1	2021	Natural Stand	V 	13	13811	16.4	12.42	77.9963
1232511	1	2021	Natural Stand	V 	13	13812	16.4	11.7	76.2710
1232511	1	2021	Natural Stand	L 	13	13813	11.3	8.5	32.1573
1232511	1	2021	Natural Stand	L 	13	13814	9.1	8.3	20.3134
1232511	1	2021	Natural Stand	L 	13	13815	9.2	6.2	20.2114
1232571	1	2004	Natural Stand	L 	13	13817	28.2	22.8	315.3844
1232571	1	2004	Natural Stand	L 	13	13818	23.6	20.35	208.2513
1232571	1	2004	Natural Stand	L 	13	13819	20.1	16.31	133.4420
1232571	1	2004	Natural Stand	L 	13	13820	18.7	13.45	105.1463
1232571	1	2004	Natural Stand	L 	13	13821	17.5	11.07	85.9071
1232571	1	2011	Natural Stand	L 	13	13823	24.2	21.2	224.4953
1232571	1	2011	Natural Stand	L 	13	13824	20.6	16.1	139.0368
1239136	1	2006	Natural Stand	L 	13	13825	4.2	5.83	3.7485
1239136	1	2006	Natural Stand	L 	13	13826	2.6	2.94	1.3404
1239136	1	2011	Natural Stand	L 	13	13828	16.2	18.1	94.2983
1239136	1	2011	Natural Stand	L 	13	13829	5	7	5.6732
1239136	1	2022	Natural Stand	L 	13	13831	6.2	7.6	9.0172
1239226	1	2006	Natural Stand	L 	13	13833	16.2	14.87	83.1631
1239226	1	2006	Natural Stand	L 	13	13834	15.7	14.25	76.3879
1239226	1	2006	Natural Stand	L 	13	13835	14	12.93	57.9300
1239226	1	2006	Natural Stand	L 	13	13836	14.3	12.66	59.7726
1239226	1	2006	Natural Stand	L 	13	13837	11.6	12.29	39.0129
1239226	1	2006	Natural Stand	L 	13	13838	8.2	11.19	18.9099
1239226	1	2006	Natural Stand	L 	13	13839	10.8	10.73	31.6452
1239226	1	2006	Natural Stand	L 	13	13840	13.2	10.63	47.2478
1239226	1	2011	Natural Stand	L 	13	13944	16.9	15.2	91.4347
1239226	1	2011	Natural Stand	L 	13	13945	14.6	14	65.6468
1239226	1	2011	Natural Stand	L 	13	13946	14.7	13.6	65.4743
1239226	1	2011	Natural Stand	L 	13	13947	7.7	12.9	18.4342
1239226	1	2011	Natural Stand	L 	13	13948	9.7	12.3	27.6308
1239226	1	2011	Natural Stand	L 	13	13949	14.4	12.1	59.3461
1239226	1	2011	Natural Stand	L 	13	13950	9	10.8	22.1799
1239226	1	2011	Natural Stand	L 	13	13951	5.9	6.75	7.8417
1239226	1	2011	Natural Stand	L 	13	13952	5.1	6.6	5.7815
1239226	1	2011	Natural Stand	L 	13	13953	4.5	6.3	4.4172
1239226	1	2011	Natural Stand	L 	13	13954	6.2	6.01	8.5092
1239226	1	2011	Natural Stand	L 	13	13955	5.1	5.9	5.6161
1239226	1	2011	Natural Stand	L 	13	13956	4.7	5.73	4.7085
1239226	1	2011	Natural Stand	L 	13	13957	4.8	5.55	4.8930
1239226	1	2011	Natural Stand	L 	13	13958	3.7	4.25	2.7576
1239226	1	2011	Natural Stand	L 	13	13959	2.9	3.8	1.6296
1239226	1	2011	Natural Stand	L 	13	13960	2.7	3.8	1.3958
1239226	1	2011	Natural Stand	L 	13	13961	3.5	3.55	2.5014
1239226	1	2011	Natural Stand	L 	13	13962	5	3.3	5.9609
1239226	1	2023	Natural Stand	L 	13	14060	18.6	16.3	114.6977
1239226	1	2023	Natural Stand	L 	13	14061	13.5	14.6	57.8557
1239226	1	2023	Natural Stand	L 	13	14062	15.7	14	75.6587
1239226	1	2023	Natural Stand	L 	13	14063	15.7	13.5	74.2430
1239226	1	2023	Natural Stand	L 	13	14064	15.6	13.4	73.0374
1239226	1	2023	Natural Stand	L 	13	14065	14.8	13.2	65.3237
1239226	1	2023	Natural Stand	L 	13	14066	8.8	12.95	23.7426
1239226	1	2023	Natural Stand	L 	13	14067	14.5	12.8	61.7727
1239226	1	2023	Natural Stand	L 	13	14068	12.8	12.8	48.3345
1239226	1	2023	Natural Stand	L 	13	14069	10.1	12.7	30.4469
1239226	1	2023	Natural Stand	L 	13	14070	14.6	12.7	62.3824
1239226	1	2023	Natural Stand	L 	13	14071	11.9	12.3	41.0239
1239226	1	2023	Natural Stand	L 	13	14072	12.4	12.2	44.2787
1239226	1	2023	Natural Stand	L 	13	14073	12.9	11.9	47.2869
1239226	1	2023	Natural Stand	L 	13	14074	11.2	11.9	35.7994
1239226	1	2023	Natural Stand	L 	13	14075	10.1	11.8	29.1426
1239226	1	2023	Natural Stand	L 	13	14076	15.3	11.7	66.1615
1239226	1	2023	Natural Stand	L 	13	14077	9.7	11.7	26.8208
1239226	1	2023	Natural Stand	L 	13	14078	16.4	11.7	76.2710
1239226	1	2023	Natural Stand	L 	13	14079	13.8	11.6	53.4959
1239226	1	2023	Natural Stand	L 	13	14080	13.8	11.6	53.4959
1239226	1	2023	Natural Stand	L 	13	14081	9.6	11.6	26.1596
1239226	1	2023	Natural Stand	L 	13	14082	9.3	11.5	24.4814
1239226	1	2023	Natural Stand	L 	13	14083	12.2	11.4	41.4765
1239226	1	2023	Natural Stand	L 	13	14084	10.5	11.3	30.7019
1239226	1	2023	Natural Stand	L 	13	14085	11.3	11	35.0258
1239226	1	2023	Natural Stand	L 	13	14086	10.4	10.8	29.4534
1239226	1	2023	Natural Stand	L 	13	14087	10.4	10.7	29.3225
1239226	1	2023	Natural Stand	L 	13	14088	12.4	10.7	41.7048
1239226	1	2023	Natural Stand	L 	13	14089	13.7	10.4	50.6317
1239226	1	2023	Natural Stand	L 	13	14090	12	10.3	38.4549
1239226	1	2023	Natural Stand	L 	13	14091	9.4	10.3	23.5735
1239226	1	2023	Natural Stand	L 	13	14092	10.1	10.2	27.0633
1239226	1	2023	Natural Stand	L 	13	14093	5.9	10.2	9.5366
1239226	1	2023	Natural Stand	L 	13	14094	11.3	10.1	33.7840
1239226	1	2023	Natural Stand	L 	13	14095	11.4	10	34.2670
1239226	1	2023	Natural Stand	L 	13	14096	10.1	9.9	26.7189
1239226	1	2023	Natural Stand	L 	13	14097	10	9.6	25.8669
1239226	1	2023	Natural Stand	L 	13	14098	8.8	9.2	19.6566
1239226	1	2023	Natural Stand	L 	13	14099	9.3	8.8	21.6276
1239226	1	2023	Natural Stand	L 	13	14100	9	8.7	20.1482
1239226	1	2023	Natural Stand	L 	13	14101	7.8	8.4	14.8775
1239226	1	2023	Natural Stand	L 	13	14102	6.5	7.5	9.8743
1239226	1	2023	Natural Stand	L 	13	14103	5.3	6.5	6.2248
1239226	1	2023	Natural Stand	L 	13	14104	4.7	5.2	4.6434
1239226	1	2023	Natural Stand	L 	13	14105	3.7	3.85	2.7872
1239226	1	2023	Natural Stand	L 	13	14106	5.6	3.1	8.1981
1239241	1	2006	Natural Stand	L 	13	14160	23.3	19.24	196.0151
1239241	1	2006	Natural Stand	L 	13	14161	21.3	16.17	148.8380
1239241	1	2006	Natural Stand	L 	13	14162	25.3	14.89	202.8396
1239241	1	2006	Natural Stand	L 	13	14163	3.2	2.56	2.3401
1239241	1	2017	Natural Stand	L 	13	14166	25.8	16.5	220.2189
1239241	1	2017	Natural Stand	L 	13	14167	23.9	14.9	180.5341
1239241	1	2017	Natural Stand	L 	13	14168	17.2	11.53	83.7755
1239241	1	2017	Natural Stand	L 	13	14169	10.3	9.6	27.4627
1239241	1	2017	Natural Stand	L 	13	14170	4.4	3.62	4.2122
1239241	1	2017	Natural Stand	L 	13	14171	3.7	2.63	3.2802
1239276	1	2005	Natural Stand	L 	13	14176	26.9	18.34	252.2236
1239276	1	2005	Natural Stand	L 	13	14177	20	15.8	129.8669
1239276	1	2005	Natural Stand	L 	13	14178	19.9	15.37	126.7421
1239276	1	2005	Natural Stand	L 	13	14179	18	15.28	103.7112
1239276	1	2005	Natural Stand	L 	13	14180	16.2	12.83	77.1449
1239276	1	2005	Natural Stand	L 	13	14181	11.2	10.21	33.3212
1239276	1	2009	Natural Stand	L 	13	14184	27.2	18.54	259.3066
1239276	1	2009	Natural Stand	L 	13	14185	20.5	16.48	139.4904
1239276	1	2009	Natural Stand	L 	13	14186	20.7	15.92	139.5313
1239276	1	2009	Natural Stand	L 	13	14187	18.1	15.11	104.2060
1239276	1	2009	Natural Stand	L 	13	14188	16.4	14.31	83.3917
1239276	1	2019	Natural Stand	L 	13	14189	27.6	18.3	265.0691
1239276	1	2019	Natural Stand	L 	13	14190	20.2	17.3	139.4249
1239276	1	2019	Natural Stand	L 	13	14191	22.5	16.9	169.7632
1239276	1	2019	Natural Stand	L 	13	14192	16.7	14.5	87.0252
1239306	1	2004	Natural Stand	L 	13	14193	24.8	16.44	203.0694
1239306	1	2004	Natural Stand	L 	13	14194	14.6	11.07	58.9224
1239306	1	2004	Natural Stand	L 	13	14195	12.6	10.47	42.7307
1239306	1	2004	Natural Stand	L 	13	14196	11.9	8.69	36.0399
1239306	1	2004	Natural Stand	L 	13	14197	5.7	5.75	7.0773
1239306	1	2007	Natural Stand	L 	13	14213	24.8	17.47	209.3460
1239306	1	2007	Natural Stand	L 	13	14214	17.3	11.72	85.2189
1239306	1	2007	Natural Stand	L 	13	14215	16.1	11.49	72.9757
1239306	1	2007	Natural Stand	L 	13	14216	13.5	11.17	50.3884
1239306	1	2007	Natural Stand	L 	13	14217	12.5	9.44	40.7096
1239306	1	2007	Natural Stand	L 	13	14218	5.8	6.33	7.4521
1239306	1	2018	Natural Stand	L 	13	14233	26.2	19.6	248.7022
1239306	1	2018	Natural Stand	L 	13	14234	20.1	16.33	133.5334
1239306	1	2018	Natural Stand	L 	13	14235	20.4	15.32	132.9107
1239306	1	2018	Natural Stand	L 	13	14236	15.6	14.5	76.1765
1239306	1	2018	Natural Stand	L 	13	14237	14.6	12.9	62.8602
1239306	1	2018	Natural Stand	L 	13	14238	16.4	11.9	76.7277
1239306	1	2018	Natural Stand	L 	13	14239	6.2	7.1	8.8100
1239331	1	2005	Natural Stand	L 	13	14253	23.5	19.62	201.7361
1239331	1	2005	Natural Stand	L 	13	14254	18.4	18.11	120.0141
1239331	1	2005	Natural Stand	L 	13	14255	11.7	11.37	38.1202
1239331	1	2005	Natural Stand	L 	13	14256	12.8	10.41	44.0384
1239331	1	2005	Natural Stand	L 	13	14257	10.4	10.11	28.5862
1239331	1	2005	Natural Stand	L 	13	14258	5.8	7.2	7.7278
1239331	1	2005	Natural Stand	L 	13	14259	4.2	4.17	3.6547
1239331	1	2014	Natural Stand	L 	13	14281	25.5	22.5	258.2248
1239331	1	2014	Natural Stand	L 	13	14282	21.5	20.3	174.1677
1239331	1	2014	Natural Stand	L 	13	14283	15.5	14.6	75.5247
1239331	1	2014	Natural Stand	L 	13	14284	18	13.9	98.8162
1239331	1	2014	Natural Stand	L 	13	14285	14.6	13.3	63.8441
1239331	1	2014	Natural Stand	L 	13	14286	17	13.1	85.7766
1239331	1	2014	Natural Stand	L 	13	14287	7.1	8.8	12.5676
1239331	1	2014	Natural Stand	L 	13	14288	8.8	8.7	19.2457
1239331	1	2014	Natural Stand	L 	13	14289	4.9	5.4	5.0932
1239331	1	2014	Natural Stand	L 	13	14290	4.5	5.05	4.2214
1239331	1	2014	Natural Stand	L 	13	14291	3	3.71	1.7583
1239331	1	2014	Natural Stand	L 	13	14292	2.6	3.11	1.3185
1239351	1	2003	Natural Stand	L 	13	14318	17.5	11.8	87.4624
1239351	1	2003	Natural Stand	L 	13	14319	15.1	10.73	62.5427
1239351	1	2003	Natural Stand	L 	13	14320	15.9	10.47	69.2383
1239351	1	2003	Natural Stand	L 	13	14321	13.4	9.11	46.8061
1239351	1	2003	Natural Stand	L 	13	14322	10.9	7.67	29.3578
1239351	1	2003	Natural Stand	L 	13	14323	6.8	4.83	10.5937
1239351	1	2014	Natural Stand	V 	13	14342	21.3	16	148.0173
1239351	1	2014	Natural Stand	V 	13	14343	20.1	14.6	126.0835
1239351	1	2014	Natural Stand	V 	13	14344	20.5	14.2	129.5733
1239351	1	2014	Natural Stand	L 	13	14345	13.4	12.3	51.8124
1239351	1	2014	Natural Stand	L 	13	14346	17.6	11.9	88.7404
1239351	1	2014	Natural Stand	L 	13	14347	16.3	11	73.8786
1239351	1	2014	Natural Stand	L 	13	14348	12.5	10.3	41.7959
1239351	1	2014	Natural Stand	L 	13	14349	13.2	9.2	45.4095
1239351	1	2014	Natural Stand	L 	13	14350	11.9	8.8	36.1263
1239351	1	2014	Natural Stand	L 	13	14351	5.3	5.1	6.0158
1239396	1	2005	Natural Stand	L 	13	14375	11	7.3	29.8860
1239401	1	2005	Natural Stand	L 	13	14376	17.3	13.41	89.7763
1239416	1	2004	Natural Stand	L 	13	14377	26.7	18.55	250.0712
1239416	1	2004	Natural Stand	L 	13	14378	22.5	18.4	178.2673
1239416	1	2004	Natural Stand	L 	13	14379	28.1	16.03	258.7706
1239416	1	2004	Natural Stand	L 	13	14380	28.4	15.8	263.0578
1239416	1	2004	Natural Stand	L 	13	14381	5	4.67	5.3164
1239416	1	2011	Natural Stand	L 	13	14414	23	20.1	196.6601
1239416	1	2011	Natural Stand	L 	13	14415	29.3	19.5	308.5771
1239416	1	2011	Natural Stand	L 	13	14416	27.7	19.2	273.9687
1239416	1	2011	Natural Stand	L 	13	14417	29.4	19.2	308.0683
1239416	1	2011	Natural Stand	L 	13	14418	5.1	5.4	5.5471
1239416	1	2011	Natural Stand	L 	13	14419	3.3	2.49	2.5685
1239416	1	2021	Natural Stand	L 	13	14451	30.3	20.8	341.8155
1239416	1	2021	Natural Stand	L 	13	14452	29.9	20.6	331.1953
1239416	1	2021	Natural Stand	L 	13	14453	23.5	19.3	199.6546
1239416	1	2021	Natural Stand	L 	13	14454	20.2	18.2	143.8763
1239416	1	2021	Natural Stand	L 	13	14455	13.5	15.5	60.1221
1239416	1	2021	Natural Stand	L 	13	14456	15.8	15	79.6243
1239416	1	2021	Natural Stand	L 	13	14457	19	14.9	113.8308
1239416	1	2021	Natural Stand	L 	13	14458	12.2	12.7	43.8258
1239416	1	2021	Natural Stand	L 	13	14459	5.1	5.6	5.5687
1246036	1	2006	Natural Stand	L 	13	14475	23.6	16.87	186.3496
1246036	1	2006	Natural Stand	L 	13	14476	19	16.03	118.3942
1246036	1	2006	Natural Stand	L 	13	14477	18.9	15.33	114.3315
1246036	1	2006	Natural Stand	L 	13	14478	16	15.1	81.9065
1246036	1	2006	Natural Stand	L 	13	14479	14.3	12.54	59.4980
1246036	1	2006	Natural Stand	L 	13	14480	5	4.73	5.3105
1246036	1	2015	Natural Stand	L 	13	14634	25.7	18	228.2075
1246036	1	2015	Natural Stand	L 	13	14635	20.3	17.6	142.2377
1246036	1	2015	Natural Stand	L 	13	14636	20.4	17.1	141.1304
1246036	1	2015	Natural Stand	L 	13	14637	18	15.5	104.5396
1246036	1	2015	Natural Stand	L 	13	14638	11.5	9.6	34.4019
1246036	1	2015	Natural Stand	L 	13	14639	5	7.4	5.8070
1246096	1	2014	Natural Stand	L 	13	14740	3.2	3.2	2.1007
1246191	1	2010	Natural Stand	L 	13	14771	3.3	3.45	2.2042
1246191	1	2022	Natural Stand	L 	13	14772	8.6	8.6	18.2916
1246191	1	2022	Natural Stand	L 	13	14773	6.2	5.7	8.4762
1246216	1	2017	Natural Stand	L 	13	14776	12.8	11.8	46.3753
1246216	1	2017	Natural Stand	L 	13	14777	8.8	8.4	19.0239
1246216	1	2017	Natural Stand	L 	13	14778	5.2	5.4	5.7827
1246281	1	2004	Natural Stand	L 	13	14793	22	17.39	165.0632
1246281	1	2004	Natural Stand	L 	13	14794	3.3	3.03	2.3044
1246281	1	2004	Natural Stand	L 	13	14795	2.9	2.65	1.8098
1246281	1	2012	Natural Stand	L 	13	14796	23.5	18.6	195.1911
1246281	1	2012	Natural Stand	L 	13	14797	5	4.5	5.3401
1246281	1	2012	Natural Stand	L 	13	14798	4.5	4.1	4.2809
1246281	1	2023	Natural Stand	L 	13	14799	25.3	19.2	229.5467
1246281	1	2023	Natural Stand	L 	13	14800	7.6	13.3	18.3893
1246286	1	2005	Natural Stand	L 	13	14802	21.1	16.8	149.1842
1246286	1	2005	Natural Stand	L 	13	14803	5.4	5.74	6.3064
1253001	1	2003	Natural Stand	L 	13	14806	4.9	4.76	5.0767
1253001	1	2017	Natural Stand	L 	13	14811	13.1	11.8	48.5636
1253001	1	2017	Natural Stand	L 	13	14812	9	8.2	19.7873
1253016	1	2004	Natural Stand	L 	13	14818	11.2	9.9	32.9330
1253016	1	2009	Natural Stand	L 	13	14819	13.7	11.32	52.1884
1253016	1	2009	Natural Stand	L 	13	14820	4	5.29	3.3121
1253016	1	2009	Natural Stand	L 	13	14821	3	3.78	1.7554
1253016	1	2019	Natural Stand	L 	13	14825	18.8	14.9	111.4719
1253016	1	2019	Natural Stand	L 	13	14826	5.8	7.1	7.6905
1253036	1	2004	Natural Stand	L 	13	14831	24.2	21.45	226.2917
1253036	1	2004	Natural Stand	L 	13	14832	20.3	18.58	147.1853
1253036	1	2004	Natural Stand	L 	13	14833	21.3	18.47	160.7754
1253036	1	2004	Natural Stand	L 	13	14834	20.2	17.17	138.7964
1253036	1	2004	Natural Stand	L 	13	14835	12.6	15.61	53.0217
1253036	1	2004	Natural Stand	L 	13	14836	10.7	12.14	33.1195
1253036	1	2009	Natural Stand	L 	13	14892	24.2	19.75	214.3318
1253036	1	2009	Natural Stand	L 	13	14893	20.3	19.56	152.3065
1253036	1	2009	Natural Stand	L 	13	14894	20.8	19.14	157.2050
1253036	1	2009	Natural Stand	L 	13	14895	21.6	18.28	164.1004
1253036	1	2009	Natural Stand	L 	13	14896	20.6	17.43	145.4681
1253036	1	2009	Natural Stand	L 	13	14897	12.6	13.57	48.4640
1253036	1	2009	Natural Stand	L 	13	14898	14.8	13.13	65.1477
1253036	1	2009	Natural Stand	L 	13	14899	6.1	8.44	9.1349
1253036	1	2009	Natural Stand	L 	13	14900	7	7.47	11.4726
1253036	1	2009	Natural Stand	L 	13	14901	5.5	5.78	6.5627
1253036	1	2009	Natural Stand	L 	13	14902	2.8	4.55	1.5336
1253036	1	2009	Natural Stand	L 	13	14903	4.4	3.75	4.1621
1253036	1	2019	Natural Stand	L 	13	14965	25.1	23	254.5481
1253036	1	2019	Natural Stand	L 	13	14966	20.5	21.6	166.4252
1253036	1	2019	Natural Stand	L 	13	14967	21.4	21.3	178.5577
1253036	1	2019	Natural Stand	L 	13	14968	22.1	21.1	188.4463
1253036	1	2019	Natural Stand	L 	13	14969	21.5	21	178.3252
1253036	1	2019	Natural Stand	L 	13	14970	22.7	20.1	191.7999
1253036	1	2019	Natural Stand	L 	13	14971	20.7	19.4	157.1750
1253036	1	2019	Natural Stand	L 	13	14972	21.6	18.7	166.4465
1253036	1	2019	Natural Stand	L 	13	14973	15.1	18.4	83.6343
1253036	1	2019	Natural Stand	L 	13	14974	18.8	18.1	124.9820
1253036	1	2019	Natural Stand	L 	13	14975	20.7	16.9	144.2020
1253036	1	2019	Natural Stand	L 	13	14976	16.2	15.2	84.2268
1253036	1	2019	Natural Stand	L 	13	14977	9	10.4	21.7441
1253036	1	2019	Natural Stand	L 	13	14978	5.8	6.1	7.4010
1253036	1	2019	Natural Stand	L 	13	14979	2.9	4.6	1.6528
1253036	1	2019	Natural Stand	L 	13	14980	4.6	3.75	4.6143
1253041	1	2004	Natural Stand	L 	13	15034	23.7	16.83	187.6857
1253041	1	2004	Natural Stand	L 	13	15035	21.4	15.53	147.1681
1253041	1	2004	Natural Stand	L 	13	15036	14.2	10.45	54.6155
1253041	1	2004	Natural Stand	L 	13	15037	7.1	5.48	11.4374
1253041	1	2013	Natural Stand	L 	13	15041	24.2	17.9	202.1463
1253041	1	2013	Natural Stand	L 	13	15042	18.8	11.8	101.5535
1253041	1	2013	Natural Stand	L 	13	15043	13.5	8	47.0531
1253041	1	2013	Natural Stand	L 	13	15044	5.1	5.3	5.5396
1253041	1	2013	Natural Stand	L 	13	15045	5.8	5.1	7.3352
1253041	1	2013	Natural Stand	L 	13	15046	3	3.9	1.7524
1253041	1	2022	Natural Stand	L 	13	15050	24.9	18.7	219.1167
1253041	1	2022	Natural Stand	L 	13	15051	22.9	13.9	161.1407
1253041	1	2022	Natural Stand	L 	13	15052	16.2	10.8	72.5729
1253041	1	2022	Natural Stand	L 	13	15053	9.4	6.3	21.1815
1253061	1	2005	Natural Stand	L 	13	15060	23.9	17.22	193.1315
1253061	1	2005	Natural Stand	L 	13	15061	17.3	10.56	82.9736
1253061	1	2005	Natural Stand	L 	13	15062	10	6.92	24.2101
1253061	1	2005	Natural Stand	L 	13	15063	8.7	6.05	17.8674
1253061	1	2013	Natural Stand	L 	13	15064	25.5	18.3	226.7627
1253061	1	2013	Natural Stand	L 	13	15065	20.2	12.5	119.9904
1253061	1	2013	Natural Stand	L 	13	15066	12.3	9.2	39.1097
1253061	1	2013	Natural Stand	L 	13	15067	11.4	7.1	32.3753
1253061	1	2013	Natural Stand	L 	13	15068	7.1	5.3	11.4832
1253126	1	2005	Natural Stand	L 	13	15069	18	16.35	107.8426
1253126	1	2005	Natural Stand	L 	13	15070	17.3	15.31	96.0884
1253126	1	2005	Natural Stand	L 	13	15071	11.2	11.66	35.4167
1253126	1	2005	Natural Stand	L 	13	15072	13.5	9.75	48.2261
1253126	1	2005	Natural Stand	L 	13	15073	11.9	9.34	36.6317
1253126	1	2005	Natural Stand	L 	13	15074	10.6	8.5	28.0940
1253126	1	2005	Natural Stand	L 	13	15075	14	8.36	51.0321
1253126	1	2005	Natural Stand	L 	13	15076	10.2	8.11	25.6542
1253126	1	2005	Natural Stand	L 	13	15077	6.6	6.04	9.7349
1253126	1	2005	Natural Stand	L 	13	15078	5.7	4.43	7.2116
1253126	1	2005	Natural Stand	L 	13	15079	5.2	3.97	6.0220
1253126	1	2012	Natural Stand	L 	13	15122	18.2	17	112.8326
1253126	1	2012	Natural Stand	L 	13	15123	17.5	16	100.8120
1253126	1	2012	Natural Stand	L 	13	15124	14.8	11.2	60.8377
1253126	1	2012	Natural Stand	L 	13	15125	12.5	9.8	41.1296
1253126	1	2012	Natural Stand	L 	13	15126	15.5	9.5	64.4090
1253126	1	2012	Natural Stand	L 	13	15127	11.5	9.2	33.9744
1253126	1	2012	Natural Stand	L 	13	15128	6.4	5.1	9.1364
1253126	1	2012	Natural Stand	L 	13	15129	2.9	3.3	1.6630
1253126	1	2012	Natural Stand	L 	13	15130	2.5	2.8	1.2460
1253126	1	2023	Natural Stand	L 	13	15201	14.9	12.3	64.0142
1253126	1	2023	Natural Stand	L 	13	15202	16	12.2	73.6544
1253126	1	2023	Natural Stand	L 	13	15203	13.2	11.56	48.8523
1253126	1	2023	Natural Stand	L 	13	15204	14.6	11.5	59.7494
1253126	1	2023	Natural Stand	L 	13	15205	14.6	11.2	59.1649
1253126	1	2023	Natural Stand	L 	13	15206	13.8	11	52.3841
1253126	1	2023	Natural Stand	L 	13	15207	12.1	10.6	39.5409
1253126	1	2023	Natural Stand	L 	13	15208	11.4	10.1	34.3937
1253126	1	2023	Natural Stand	L 	13	15209	14.3	9.9	54.6363
1253126	1	2023	Natural Stand	L 	13	15210	11.3	9.5	33.0710
1253126	1	2023	Natural Stand	L 	13	15211	11.3	9.4	32.9629
1253126	1	2023	Natural Stand	L 	13	15212	12.8	9.4	42.7430
1253126	1	2023	Natural Stand	L 	13	15213	10.5	9.2	28.1446
1253126	1	2023	Natural Stand	L 	13	15214	10.9	8.94	30.1541
1253126	1	2023	Natural Stand	L 	13	15215	12.3	8.9	38.8358
1253126	1	2023	Natural Stand	L 	13	15216	10	8.9	25.1927
1253126	1	2023	Natural Stand	L 	13	15217	10.8	8.8	29.4589
1253126	1	2023	Natural Stand	L 	13	15218	9.1	8.8	20.6883
1253126	1	2023	Natural Stand	L 	13	15219	9.8	8.7	23.9997
1253126	1	2023	Natural Stand	L 	13	15220	10.4	8.6	27.0689
1253126	1	2023	Natural Stand	L 	13	15221	9.2	8.5	20.9214
1253126	1	2023	Natural Stand	L 	13	15222	10	8.4	24.7946
1253126	1	2023	Natural Stand	L 	13	15223	9.8	8	23.5109
1253126	1	2023	Natural Stand	L 	13	15224	10.5	7.76	27.1081
1253126	1	2023	Natural Stand	L 	13	15225	9.7	7.5	22.7677
1253126	1	2023	Natural Stand	L 	13	15226	7.2	6.7	11.8669
1253126	1	2023	Natural Stand	L 	13	15227	6.1	6	8.2174
1253126	1	2023	Natural Stand	L 	13	15228	5	5.2	5.3029
1253126	1	2023	Natural Stand	L 	13	15229	3.8	5.1	2.9561
1253126	1	2023	Natural Stand	L 	13	15230	5	5	5.2984
1253126	1	2023	Natural Stand	L 	13	15231	5.4	5	6.2716
1253126	1	2023	Natural Stand	L 	13	15232	4.8	5	4.8487
1253126	1	2023	Natural Stand	L 	13	15233	5.5	4.7	6.5726
1253126	1	2023	Natural Stand	L 	13	15234	3.2	4.1	2.0134
1253126	1	2023	Natural Stand	L 	13	15235	4	4	3.2979
1253126	1	2023	Natural Stand	L 	13	15236	2.9	2.8	1.7613
1253126	1	2023	Natural Stand	L 	13	15237	2.5	2.5	1.3108
1253156	1	2004	Natural Stand	L 	13	15300	28.9	18.92	295.4806
1253156	1	2004	Natural Stand	L 	13	15301	24.7	15.28	195.0383
1253156	1	2004	Natural Stand	L 	13	15302	22.4	14.37	155.9054
1253156	1	2004	Natural Stand	L 	13	15303	15.9	13.7	76.6933
1253156	1	2004	Natural Stand	L 	13	15304	16.3	11.83	75.6111
1253156	1	2004	Natural Stand	L 	13	15305	5	5.25	5.3056
1253156	1	2011	Natural Stand	L 	13	15367	26.9	18	249.7572
1253156	1	2011	Natural Stand	L 	13	15368	17.7	16.2	103.8205
1253156	1	2011	Natural Stand	L 	13	15369	18.1	15.9	107.2220
1253156	1	2011	Natural Stand	L 	13	15370	24.7	15.7	197.2645
1253156	1	2011	Natural Stand	L 	13	15371	18	13.6	97.8319
1253156	1	2011	Natural Stand	L 	13	15372	7	8.1	11.7959
1253156	1	2011	Natural Stand	L 	13	15373	5.5	5.8	6.5656
1253156	1	2022	Natural Stand	L 	13	15432	29	21.3	318.4420
1253156	1	2022	Natural Stand	L 	13	15433	19	19.2	132.6855
1253156	1	2022	Natural Stand	L 	13	15434	20.3	18.9	148.8400
1253156	1	2022	Natural Stand	L 	13	15435	26.4	17.2	235.1769
1253156	1	2022	Natural Stand	L 	13	15436	16	16.3	85.8470
1253156	1	2022	Natural Stand	L 	13	15437	15.8	16.25	83.6444
1253156	1	2022	Natural Stand	L 	13	15438	13.9	15.9	64.6299
1253156	1	2022	Natural Stand	L 	13	15439	17.5	15.7	99.6925
1253156	1	2022	Natural Stand	L 	13	15440	18	15.4	104.1616
1253156	1	2022	Natural Stand	L 	13	15441	14.2	15.3	65.6381
1253156	1	2022	Natural Stand	L 	13	15442	18.7	15.3	111.8479
1253156	1	2022	Natural Stand	L 	13	15443	15.9	14.4	78.7541
1253156	1	2022	Natural Stand	L 	13	15444	16.8	14.3	87.4046
1253156	1	2022	Natural Stand	L 	13	15445	14.3	14.2	63.5677
1253156	1	2022	Natural Stand	L 	13	15446	14.7	14.2	67.0617
1253156	1	2022	Natural Stand	L 	13	15447	14.1	14.1	61.6032
1253156	1	2022	Natural Stand	L 	13	15448	14.4	14	63.9091
1253156	1	2022	Natural Stand	L 	13	15449	11.2	13.4	38.3600
1253156	1	2022	Natural Stand	L 	13	15450	12.4	13.3	46.4365
1253156	1	2022	Natural Stand	L 	13	15451	14.7	13.1	64.2069
1253156	1	2022	Natural Stand	L 	13	15452	10.4	13	32.6707
1253156	1	2022	Natural Stand	L 	13	15453	11.7	12.9	40.7707
1253156	1	2022	Natural Stand	L 	13	15454	9.8	12.8	28.8875
1253156	1	2022	Natural Stand	L 	13	15455	11.4	12.7	38.4236
1253156	1	2022	Natural Stand	L 	13	15456	12.7	12.2	46.4123
1253156	1	2022	Natural Stand	L 	13	15457	11.4	12	37.2258
1253156	1	2022	Natural Stand	L 	13	15458	11.4	11.9	37.0603
1253156	1	2022	Natural Stand	L 	13	15459	14.5	11.84	59.6177
1253156	1	2022	Natural Stand	L 	13	15460	11.4	11.8	36.8964
1253156	1	2022	Natural Stand	L 	13	15461	9.3	10.3	23.0811
1253156	1	2022	Natural Stand	L 	13	15462	11.2	10.1	33.1806
1253156	1	2022	Natural Stand	L 	13	15463	8	10.1	17.0106
1253156	1	2022	Natural Stand	L 	13	15464	7.4	7.4	12.8320
1253156	1	2022	Natural Stand	L 	13	15465	6.7	7.19	10.3690
1253156	1	2022	Natural Stand	L 	13	15466	5.5	6.2	6.6414
1253156	1	2022	Natural Stand	L 	13	15467	3.3	4	2.1543
1259806	1	2004	Natural Stand	L 	13	15489	23.2	18.73	191.1987
1259806	1	2004	Natural Stand	L 	13	15490	20.8	18.72	154.9427
1259806	1	2004	Natural Stand	L 	13	15491	22	18.71	172.4767
1259806	1	2004	Natural Stand	L 	13	15492	23.8	18.32	198.2763
1259806	1	2004	Natural Stand	L 	13	15493	13.6	14.45	58.3076
1259806	1	2004	Natural Stand	L 	13	15494	10.6	12.24	32.6768
1259806	1	2004	Natural Stand	L 	13	15495	5.3	6.33	6.1803
1259806	1	2007	Natural Stand	L 	13	15616	23.4	19.65	200.2874
1259806	1	2007	Natural Stand	L 	13	15617	20.9	19.4	160.0740
1259806	1	2007	Natural Stand	L 	13	15618	24.3	18.99	210.8833
1259806	1	2007	Natural Stand	L 	13	15619	21.5	18.96	166.4327
1259806	1	2007	Natural Stand	L 	13	15620	13.5	14.1	56.6385
1259806	1	2007	Natural Stand	L 	13	15621	5.4	7.03	6.6324
1259806	1	2015	Natural Stand	L 	13	15727	21.4	20.8	175.5801
1259806	1	2015	Natural Stand	L 	13	15728	24.4	20.4	222.3023
1259806	1	2015	Natural Stand	L 	13	15729	23.2	19.9	198.6339
1259806	1	2015	Natural Stand	L 	13	15730	20.9	19.7	161.7333
1259806	1	2015	Natural Stand	L 	13	15731	14.2	15.8	67.0202
1259806	1	2015	Natural Stand	L 	13	15732	12.1	15.3	48.4560
1259806	1	2015	Natural Stand	L 	13	15733	13.5	14.6	57.8557
1259806	1	2015	Natural Stand	L 	13	15734	10.6	12.6	33.2401
1259806	1	2015	Natural Stand	L 	13	15735	5.4	7.2	6.6919
1259806	1	2015	Natural Stand	L 	13	15736	5.4	4.9	6.2797
1259821	1	2006	Natural Stand	L 	13	15819	11.2	11.07	34.5152
1259821	1	2006	Natural Stand	L 	13	15820	9.7	9.04	23.7869
1259821	1	2006	Natural Stand	L 	13	15821	8.8	8.82	19.3398
1259821	1	2012	Natural Stand	L 	13	15923	12.5	12.9	46.3489
1259821	1	2012	Natural Stand	L 	13	15924	10.9	10.5	31.9206
1259821	1	2012	Natural Stand	L 	13	15925	10.7	10.4	30.6314
1259821	1	2012	Natural Stand	L 	13	15926	11	10.1	31.9923
1259821	1	2012	Natural Stand	L 	13	15927	7.7	7.9	14.1905
1259821	1	2012	Natural Stand	L 	13	15928	5	6.6	5.5536
1259821	1	2012	Natural Stand	L 	13	15929	3.5	4.2	2.4442
1259846	1	2006	Natural Stand	L 	13	16034	30.3	22.13	354.9256
1259846	1	2006	Natural Stand	L 	13	16035	21.5	18.54	164.0782
1259846	1	2006	Natural Stand	L 	13	16036	15.3	18.05	84.5388
1259846	1	2006	Natural Stand	L 	13	16037	15.7	17.91	88.2446
1259846	1	2006	Natural Stand	L 	13	16038	19.5	17.51	131.2247
1259846	1	2006	Natural Stand	L 	13	16039	19.5	17.18	129.6952
1259846	1	2006	Natural Stand	L 	13	16040	18.2	17.08	113.1657
1259846	1	2006	Natural Stand	L 	13	16041	12.7	13.26	48.5506
1259846	1	2014	Natural Stand	L 	13	16051	31.6	21	373.1126
1259846	1	2014	Natural Stand	L 	13	16052	23.9	19.6	208.2495
1259846	1	2014	Natural Stand	L 	13	16053	22	17.9	167.8744
1259846	1	2014	Natural Stand	L 	13	16054	21.3	17.6	156.0965
1259846	1	2014	Natural Stand	L 	13	16055	15.3	13.4	70.2870
1259846	1	2014	Natural Stand	L 	13	16056	10.3	9.3	27.1529
1259846	1	2023	Natural Stand	L 	13	16062	26	21.1	256.5934
1259846	1	2023	Natural Stand	L 	13	16063	23.6	20.3	207.9145
1259846	1	2023	Natural Stand	L 	13	16064	22.1	17.6	167.6853
1259846	1	2023	Natural Stand	L 	13	16065	17.1	14.8	92.1753
1259846	1	2023	Natural Stand	L 	13	16066	18	13.7	98.1564
1259846	1	2023	Natural Stand	L 	13	16067	13.9	11.9	54.8807
1259846	1	2023	Natural Stand	L 	13	16068	11.9	9.9	37.2792
1259846	1	2023	Natural Stand	L 	13	16069	5.6	5.1	6.7882
1259911	1	2004	Natural Stand	L 	13	16074	23	21.64	206.8107
1259911	1	2004	Natural Stand	L 	13	16075	21.6	19.77	172.5864
1259911	1	2004	Natural Stand	L 	13	16076	22.2	17.45	168.3342
1259911	1	2004	Natural Stand	L 	13	16077	24	17.4	195.8135
1259911	1	2004	Natural Stand	L 	13	16078	18.9	16.43	118.8665
1259911	1	2004	Natural Stand	L 	13	16079	14.2	13.32	60.5032
1259911	1	2004	Natural Stand	L 	13	16080	10.3	12.94	31.9807
1259911	1	2004	Natural Stand	L 	13	16081	17.2	12.83	87.0471
1259911	1	2004	Natural Stand	L 	13	16082	10.6	10.12	29.7136
1259911	1	2004	Natural Stand	L 	13	16083	5.7	4.89	7.0838
1259911	1	2009	Natural Stand	L 	13	16126	22.9	23.13	215.2245
1259911	1	2009	Natural Stand	L 	13	16127	21.4	21.74	181.2052
1259911	1	2009	Natural Stand	L 	13	16128	18.2	20.75	129.4061
1259911	1	2009	Natural Stand	L 	13	16129	25.1	19.82	230.4537
1259911	1	2009	Natural Stand	L 	13	16130	26	18.67	238.2096
1259911	1	2009	Natural Stand	L 	13	16131	21.7	18.66	167.7026
1259911	1	2009	Natural Stand	L 	13	16132	16.6	17.45	96.2927
1259911	1	2009	Natural Stand	L 	13	16133	17	15.47	93.4332
1259911	1	2009	Natural Stand	L 	13	16134	15.4	14.7	74.8763
1259911	1	2009	Natural Stand	L 	13	16135	14.2	13.76	61.5895
1259911	1	2009	Natural Stand	L 	13	16136	5.7	6.08	7.1308
1259911	1	2019	Natural Stand	L 	13	16184	22.8	24.1	220.1547
1259911	1	2019	Natural Stand	L 	13	16185	21.6	23.3	194.0942
1259911	1	2019	Natural Stand	L 	13	16186	21.7	22.5	190.7211
1259911	1	2019	Natural Stand	L 	13	16187	25.3	21.1	243.5523
1259911	1	2019	Natural Stand	L 	13	16188	22.9	19.73	192.6749
1259911	1	2019	Natural Stand	L 	13	16189	16.7	17.8	98.7130
1259911	1	2019	Natural Stand	L 	13	16190	21.5	17.3	157.3617
1259911	1	2019	Natural Stand	L 	13	16191	18.5	17	116.4330
1259911	1	2019	Natural Stand	L 	13	16192	17.6	16.2	102.6910
1259911	1	2019	Natural Stand	L 	13	16193	15.8	14.9	79.3138
1259911	1	2019	Natural Stand	L 	13	16194	15.2	13.93	70.8178
1259911	1	2019	Natural Stand	L 	13	16195	15.5	12.9	70.7938
1259911	1	2019	Natural Stand	L 	13	16196	14.7	12.3	62.3033
1259911	1	2019	Natural Stand	L 	13	16197	11.5	10.7	35.8293
1259911	1	2019	Natural Stand	L 	13	16198	9.6	8.5	22.8448
1259911	1	2019	Natural Stand	L 	13	16199	7.3	6.77	12.2391
1259916	1	2005	Natural Stand	L 	13	16249	19.7	16.02	127.0227
1259916	1	2005	Natural Stand	L 	13	16250	16.8	13.28	84.2793
1259916	1	2005	Natural Stand	L 	13	16251	9.1	9.05	20.8975
1259916	1	2005	Natural Stand	L 	13	16252	5.2	3.99	6.0119
1259916	1	2013	Natural Stand	L 	13	16262	20.8	16.2	142.1768
1259916	1	2013	Natural Stand	L 	13	16263	18.7	14	107.0112
1259916	1	2013	Natural Stand	L 	13	16264	15.9	13.4	75.8465
1259916	1	2013	Natural Stand	L 	13	16265	15.3	11.3	65.3352
1259916	1	2013	Natural Stand	L 	13	16266	10.4	10.2	28.6942
1259916	1	2013	Natural Stand	L 	13	16267	5.4	4.7	6.3074
1259926	1	2005	Natural Stand	L 	13	16286	8.2	7.74	16.0637
1259926	1	2013	Natural Stand	L 	13	16290	7.5	6.1	12.8542
1259926	1	2013	Natural Stand	L 	13	16291	5.3	4.2	6.1858
1259951	1	2005	Natural Stand	L 	13	16299	13.1	12.6	50.1568
1259951	1	2005	Natural Stand	L 	13	16300	14.2	11.46	56.3952
1259951	1	2005	Natural Stand	L 	13	16301	16.1	10.35	70.9109
1259951	1	2005	Natural Stand	L 	13	16302	13.1	9.61	45.1142
1259951	1	2005	Natural Stand	L 	13	16303	5.4	7.04	6.6358
1259951	1	2005	Natural Stand	L 	13	16304	8.3	6.99	16.1594
1259951	1	2010	Natural Stand	L 	13	16314	13.9	12.84	56.9132
1259951	1	2010	Natural Stand	L 	13	16315	15.1	11.58	64.1600
1259951	1	2010	Natural Stand	L 	13	16316	17.5	10.99	85.7578
1259951	1	2010	Natural Stand	L 	13	16317	13.9	9.53	51.0301
1259951	1	2010	Natural Stand	L 	13	16318	5.4	7.5	6.8037
1259951	1	2010	Natural Stand	L 	13	16319	9.4	7.36	21.2340
1259951	1	2010	Natural Stand	L 	13	16320	5.5	5.21	6.5215
1259951	1	2022	Natural Stand	L 	13	16331	16.2	15.5	85.2112
1259951	1	2022	Natural Stand	L 	13	16332	20.6	12.7	125.6017
1259951	1	2022	Natural Stand	L 	13	16333	16.5	12.5	79.1697
1259951	1	2022	Natural Stand	L 	13	16334	12.9	9.01	43.0745
1259951	1	2022	Natural Stand	L 	13	16335	9.5	8.8	22.5911
1259951	1	2022	Natural Stand	L 	13	16336	9.7	8.4	23.2677
1259951	1	2022	Natural Stand	L 	13	16337	10.1	8.21	25.1873
1259951	1	2022	Natural Stand	L 	13	16338	10	8.2	24.6586
1259951	1	2022	Natural Stand	L 	13	16339	6.9	5.8	10.7058
1259951	1	2022	Natural Stand	L 	13	16340	3.7	3.8	2.7939
1259951	1	2022	Natural Stand	L 	13	16341	3.6	3.5	2.6777
1259951	1	2022	Natural Stand	L 	13	16342	2.9	2.8	1.7613
1259951	1	2022	Natural Stand	L 	13	16343	3	2.7	1.9429
1259951	1	2022	Natural Stand	L 	13	16344	2.7	2.6	1.5420
1259961	1	2005	Natural Stand	L 	13	16362	20.2	15.55	131.3335
1259961	1	2005	Natural Stand	L 	13	16363	16	15	81.5891
1259961	1	2005	Natural Stand	L 	13	16364	22.6	14.83	160.8016
1259961	1	2005	Natural Stand	L 	13	16365	19.9	14.54	123.3471
1259961	1	2005	Natural Stand	L 	13	16366	17.5	14.24	94.5362
1259961	1	2005	Natural Stand	L 	13	16367	12.4	10.58	41.5228
1259961	1	2010	Natural Stand	L 	13	16368	16.7	14.9	88.3364
1259961	1	2010	Natural Stand	L 	13	16369	23.4	14.79	172.3999
1259961	1	2010	Natural Stand	L 	13	16370	21	14.4	136.8608
1259961	1	2010	Natural Stand	L 	13	16371	20.5	14.39	130.3218
1259961	1	2010	Natural Stand	L 	13	16372	18.1	13.62	98.9918
1259961	1	2022	Natural Stand	L 	13	16373	21.8	16.9	159.5509
1259961	1	2022	Natural Stand	L 	13	16374	24.3	16.42	194.8461
1259961	1	2022	Natural Stand	L 	13	16375	17.4	16.1	100.0758
1259961	1	2022	Natural Stand	L 	13	16376	21.5	15.6	148.8691
1259961	1	2022	Natural Stand	L 	13	16377	19.1	15.13	115.9251
1260036	1	2004	Natural Stand	L 	13	16379	13.7	15.14	60.8874
1260036	1	2004	Natural Stand	L 	13	16380	14	12.95	57.9762
1260036	1	2004	Natural Stand	L 	13	16381	9	10.57	21.9271
1260036	1	2004	Natural Stand	L 	13	16382	11.9	9.88	37.2542
1260036	1	2004	Natural Stand	L 	13	16383	4.6	6.68	4.7148
1260036	1	2013	Natural Stand	L 	13	16446	16.4	17.3	93.5613
1260036	1	2013	Natural Stand	L 	13	16447	16.7	14.7	87.6763
1260036	1	2013	Natural Stand	L 	13	16448	11.2	13.6	38.7198
1260036	1	2013	Natural Stand	L 	13	16449	14.7	13.4	64.9609
1260036	1	2013	Natural Stand	L 	13	16450	10.1	11.6	28.8641
1260036	1	2013	Natural Stand	L 	13	16451	5.3	6.8	6.3128
1260036	1	2013	Natural Stand	L 	13	16452	5	5.9	5.3886
1260036	1	2013	Natural Stand	L 	13	16453	4.8	5.9	4.9501
1260036	1	2013	Natural Stand	L 	13	16454	3.4	4.2	2.2952
1266896	1	2004	Natural Stand	L 	13	16502	14.2	12.43	58.4277
1266896	1	2004	Natural Stand	L 	13	16503	5.3	6.45	6.2113
1266896	1	2012	Natural Stand	L 	13	16504	16.6	14.8	86.9791
1266896	1	2012	Natural Stand	L 	13	16505	6.4	6.4	9.1817
1266896	1	2023	Natural Stand	L 	13	16506	18.9	16.5	119.1649
1266916	1	2004	Natural Stand	L 	13	16507	10.7	11.51	32.1661
1266916	1	2004	Natural Stand	L 	13	16508	11.7	9.6	35.6471
1266916	1	2004	Natural Stand	L 	13	16509	8.9	9.52	20.3977
1266916	1	2004	Natural Stand	L 	13	16510	9.1	9.46	21.2676
1266916	1	2008	Natural Stand	L 	13	16511	11.3	12.7	37.7750
1266916	1	2008	Natural Stand	L 	13	16512	9.2	10.2	22.4871
1266916	1	2008	Natural Stand	L 	13	16513	8.8	10	20.4019
1266916	1	2008	Natural Stand	L 	13	16514	12	9.9	37.9257
1266916	1	2018	Natural Stand	L 	13	16515	11.9	14.4	45.0843
1266916	1	2018	Natural Stand	L 	13	16516	13.2	12.8	51.3342
1266916	1	2018	Natural Stand	L 	13	16517	9.1	10.1	21.9027
1273531	1	2006	Natural Stand	L 	13	16518	17.8	14.44	98.4626
1273531	1	2006	Natural Stand	L 	13	16519	16.3	14.22	82.1193
1273531	1	2006	Natural Stand	L 	13	16520	14.4	13.47	62.5585
1273531	1	2006	Natural Stand	V 	13	16521	17.3	13.31	89.4742
1273531	1	2006	Natural Stand	L 	13	16522	14.9	13.09	65.9197
1273531	1	2006	Natural Stand	L 	13	16523	11.2	11.89	35.7833
1273531	1	2006	Natural Stand	L 	13	16524	4.9	6.44	5.2882
1273531	1	2011	Natural Stand	L 	13	16729	17.4	15.6	98.2240
1273531	1	2011	Natural Stand	V 	13	16730	17.4	15	96.0713
1273531	1	2011	Natural Stand	L 	13	16731	15.2	14.8	73.2954
1273531	1	2011	Natural Stand	V 	13	16732	18.5	14.7	107.2392
1273531	1	2011	Natural Stand	L 	13	16733	15.1	14.3	70.9372
1273531	1	2011	Natural Stand	L 	13	16734	16	14.1	78.8211
1273531	1	2011	Natural Stand	L 	13	16735	14.8	14	67.4097
1273531	1	2011	Natural Stand	L 	13	16736	9.1	13.5	26.0162
1273531	1	2011	Natural Stand	L 	13	16737	11.4	13.3	39.4981
1273531	1	2011	Natural Stand	L 	13	16738	5	8.07	6.0562
1273531	1	2011	Natural Stand	L 	13	16739	5.5	7.3	6.9799
1273531	1	2011	Natural Stand	L 	13	16740	5.2	6.6	6.0146
1273531	1	2011	Natural Stand	L 	13	16741	3.4	4.72	2.3132
1273531	1	2011	Natural Stand	L 	13	16742	3.7	4.09	2.7648
1273531	1	2011	Natural Stand	L 	13	16743	3.2	4	2.0145
1273531	1	2011	Natural Stand	L 	13	16744	2.9	3.99	1.6282
1273531	1	2011	Natural Stand	L 	13	16745	3.8	3.01	3.2303
1273591	1	2006	Natural Stand	L 	13	16935	20.1	17.14	137.3256
1273591	1	2006	Natural Stand	L 	13	16936	15	13.97	69.1161
1273591	1	2006	Natural Stand	L 	13	16937	14.5	13.15	62.6170
1273591	1	2011	Natural Stand	L 	13	16944	20.9	17.7	150.9855
1273591	1	2011	Natural Stand	L 	13	16945	16.7	15.5	90.3671
1273591	1	2011	Natural Stand	L 	13	16946	16.4	14.8	84.9466
1273591	1	2011	Natural Stand	L 	13	16947	16.3	13.3	79.3997
1273591	1	2011	Natural Stand	L 	13	16948	12.9	12.1	47.6705
1273591	1	2011	Natural Stand	L 	13	16949	6.5	7.7	9.9669
1273591	1	2022	Natural Stand	L 	13	16956	23.2	19.7	197.3406
1273591	1	2022	Natural Stand	L 	13	16957	19.8	17.1	133.2005
1273591	1	2022	Natural Stand	L 	13	16958	19.1	17.1	124.2593
1273591	1	2022	Natural Stand	L 	13	16959	14.4	13.7	63.1382
1273591	1	2022	Natural Stand	L 	13	16960	9.3	11.9	24.9811
1273591	1	2022	Natural Stand	L 	13	16961	7.8	9.7	15.8533
1273641	1	2004	Natural Stand	L 	13	16965	17	14.69	90.7532
1273641	1	2004	Natural Stand	L 	13	16966	18	14.32	100.2458
1273641	1	2004	Natural Stand	L 	13	16967	15.5	12.63	70.1100
1273641	1	2004	Natural Stand	L 	13	16968	15.3	10.95	64.6689
1273641	1	2004	Natural Stand	L 	13	16969	5.3	9.15	7.2707
1273641	1	2004	Natural Stand	L 	13	16970	11.5	5.09	36.3024
1273641	1	2010	Natural Stand	L 	13	17001	18	14.79	101.9104
1273641	1	2010	Natural Stand	L 	13	17002	17.2	13.96	90.4510
1273641	1	2010	Natural Stand	L 	13	17003	15.9	13.06	74.9163
1273641	1	2010	Natural Stand	L 	13	17004	15.4	11.75	67.1545
1273641	1	2010	Natural Stand	L 	13	17005	13.9	10.8	52.8170
1273641	1	2010	Natural Stand	L 	13	17006	16.1	10.72	71.4980
1273641	1	2010	Natural Stand	L 	13	17007	10.2	8.66	26.0413
1273641	1	2010	Natural Stand	L 	13	17008	7.4	6.76	12.5944
1273641	1	2010	Natural Stand	L 	13	17009	5.2	4.88	5.7786
1273641	1	2021	Natural Stand	L 	13	17042	18.2	15.5	106.8196
1273641	1	2021	Natural Stand	L 	13	17043	17.6	14.3	95.8116
1273641	1	2021	Natural Stand	L 	13	17044	14.7	12.2	62.0775
1273641	1	2021	Natural Stand	L 	13	17045	17.4	11.3	85.3292
1273641	1	2021	Natural Stand	L 	13	17046	12.3	9.7	39.6570
1273641	1	2021	Natural Stand	L 	13	17047	10.9	8.2	29.5973
1273641	1	2021	Natural Stand	L 	13	17048	9	8.1	19.7230
1273641	1	2021	Natural Stand	L 	13	17049	7.1	6.3	11.4313
1273641	1	2021	Natural Stand	L 	13	17050	2.6	2.7	1.3854
1273676	1	2005	Natural Stand	L 	13	17083	23.6	18.85	198.3928
1273676	1	2005	Natural Stand	L 	13	17084	26.9	18.2	251.2017
1273676	1	2005	Natural Stand	L 	13	17085	20.4	14.11	127.9513
1273676	1	2005	Natural Stand	L 	13	17086	24.8	11.65	183.7034
1273676	1	2005	Natural Stand	L 	13	17087	13	11.62	47.4917
1273676	1	2005	Natural Stand	L 	13	17088	5.8	5.74	7.3445
1273676	1	2013	Natural Stand	L 	13	17107	23.6	19.1	199.9978
1273676	1	2013	Natural Stand	L 	13	17108	27.5	18.8	266.9772
1273676	1	2013	Natural Stand	L 	13	17109	20.9	15.1	138.4970
1273676	1	2013	Natural Stand	L 	13	17110	20.1	14.3	124.9026
1273676	1	2013	Natural Stand	L 	13	17111	14.8	11.96	62.3954
1273676	1	2013	Natural Stand	L 	13	17112	25.1	11.87	188.9606
1273676	1	2013	Natural Stand	L 	13	17113	11.5	11.5	37.0468
1273676	1	2013	Natural Stand	L 	13	17114	7.4	5.9	12.4830
1273676	1	2013	Natural Stand	L 	13	17115	6	5.4	7.8859
1273676	1	2022	Natural Stand	L 	13	17132	19.2	18	129.6348
1273676	1	2022	Natural Stand	L 	13	17133	28.1	18	272.4014
1273676	1	2022	Natural Stand	L 	13	17134	21	15.3	140.7100
1273676	1	2022	Natural Stand	L 	13	17135	17.4	14.8	95.3723
1273676	1	2022	Natural Stand	L 	13	17136	20.4	14.4	129.0835
1273676	1	2022	Natural Stand	L 	13	17137	14	13.9	60.2595
1273676	1	2022	Natural Stand	L 	13	17138	17.7	13.4	93.9608
1273676	1	2022	Natural Stand	L 	13	17139	26	12	204.3997
1273676	1	2022	Natural Stand	L 	13	17140	12.4	11.9	43.7253
1273676	1	2022	Natural Stand	L 	13	17141	10.3	11.3	29.5669
1273676	1	2022	Natural Stand	L 	13	17142	11.9	9.8	37.1555
1273676	1	2022	Natural Stand	L 	13	17143	12.7	9.2	41.8401
1273676	1	2022	Natural Stand	L 	13	17144	10	9.1	25.3726
1273676	1	2022	Natural Stand	L 	13	17145	9.4	7.8	21.4241
1273676	1	2022	Natural Stand	L 	13	17146	8.2	6.8	15.6957
1273676	1	2022	Natural Stand	L 	13	17147	3.9	6.2	3.2932
1273676	1	2022	Natural Stand	L 	13	17148	6.4	5.7	9.0817
1273751	1	2005	Natural Stand	L 	13	17151	33.2	24.13	447.2376
1273751	1	2005	Natural Stand	L 	13	17152	26.2	21.01	259.6670
1273751	1	2005	Natural Stand	L 	13	17153	26.2	16.41	226.5957
1273751	1	2005	Natural Stand	L 	13	17154	22.5	15.67	163.3584
1273751	1	2005	Natural Stand	L 	13	17155	18.1	14.3	101.2846
1273751	1	2005	Natural Stand	L 	13	17156	5	3.77	5.5974
1273751	1	2011	Natural Stand	L 	13	17162	33.5	23.8	450.9724
1273751	1	2011	Natural Stand	L 	13	17163	26.6	16.9	236.7709
1273751	1	2011	Natural Stand	L 	13	17164	24.2	15.6	188.7436
1273751	1	2011	Natural Stand	L 	13	17165	20.1	15	127.7143
1273751	1	2011	Natural Stand	L 	13	17166	10.2	7.8	25.4895
1273751	1	2011	Natural Stand	L 	13	17167	6	5.2	7.8970
1273751	1	2022	Natural Stand	V 	13	17178	16.8	19.6	106.8793
1273751	1	2022	Natural Stand	V 	13	17179	27.3	18.8	263.1683
1273751	1	2022	Natural Stand	V 	13	17180	22.9	17	176.3130
1273751	1	2022	Natural Stand	V 	13	17181	26.6	16.9	236.7709
1273751	1	2022	Natural Stand	L 	13	17182	13.2	10.2	46.6026
1273751	1	2022	Natural Stand	L 	13	17183	12.8	9.3	42.6390
1273751	1	2022	Natural Stand	L 	13	17184	10.2	8.2	25.7097
1273751	1	2022	Natural Stand	L 	13	17185	8.3	6.4	16.0597
1273751	1	2022	Natural Stand	L 	13	17186	4.9	6.1	5.2072
1273751	1	2022	Natural Stand	L 	13	17187	4.7	4.4	4.6639
1273781	1	2003	Natural Stand	L 	13	17194	12.7	11.98	45.9935
1273781	1	2003	Natural Stand	L 	13	17195	9	6.67	19.1932
1273781	1	2011	Natural Stand	L 	13	17200	14.1	13.9	61.0979
1273781	1	2011	Natural Stand	L 	13	17201	8.8	7.6	18.5458
1273781	1	2011	Natural Stand	L 	13	17202	6.1	7.5	8.6835
1273781	1	2022	Natural Stand	L 	13	17208	16	15.6	83.5204
1273781	1	2022	Natural Stand	L 	13	17209	15.3	13.7	71.0976
1273781	1	2022	Natural Stand	L 	13	17210	15	12.4	65.1126
1273781	1	2022	Natural Stand	L 	13	17211	11.4	10.6	35.0659
1273781	1	2022	Natural Stand	L 	13	17212	6.8	6.2	10.4034
1280416	1	2006	Natural Stand	L 	13	17216	13.6	11.06	50.9530
1280416	1	2006	Natural Stand	L 	13	17217	9.4	8.85	22.1478
1280416	1	2011	Natural Stand	L 	13	17295	14.9	12.2	63.7855
1280416	1	2011	Natural Stand	L 	13	17296	10.7	10.2	30.3790
1280416	1	2011	Natural Stand	L 	13	17297	3.2	3.8	2.0219
1280416	1	2022	Natural Stand	L 	13	17373	12.2	12.6	43.6349
1280416	1	2022	Natural Stand	L 	13	17374	13.8	12	54.2970
1280416	1	2022	Natural Stand	L 	13	17375	12.2	11.7	41.9909
1280416	1	2022	Natural Stand	L 	13	17376	13.9	11.5	54.0857
1280416	1	2022	Natural Stand	L 	13	17377	12.3	11.2	41.8216
1280416	1	2022	Natural Stand	L 	13	17378	10.2	10.9	28.4748
1280416	1	2022	Natural Stand	L 	13	17379	13.5	10.3	48.9676
1280416	1	2022	Natural Stand	L 	13	17380	12.2	10.2	39.6337
1280416	1	2022	Natural Stand	L 	13	17381	12	10	38.0532
1280416	1	2022	Natural Stand	L 	13	17382	8.4	9.5	18.1635
1280416	1	2022	Natural Stand	L 	13	17383	10.8	9.2	29.8264
1280416	1	2022	Natural Stand	L 	13	17384	9.1	9	20.8546
1280416	1	2022	Natural Stand	L 	13	17385	9.8	8.2	23.6335
1280416	1	2022	Natural Stand	L 	13	17386	16.2	5.9	78.6529
1280436	1	2010	Natural Stand	L 	13	17418	11.6	9.7	35.1371
1280436	1	2010	Natural Stand	L 	13	17419	12.5	8.56	39.9432
1280436	1	2010	Natural Stand	L 	13	17420	11.3	8.55	32.1932
1280436	1	2010	Natural Stand	L 	13	17421	7.9	8.39	15.2594
1280436	1	2010	Natural Stand	L 	13	17422	6.9	7.81	11.3044
1280436	1	2010	Natural Stand	L 	13	17423	5.5	5.96	6.5921
1280436	1	2021	Natural Stand	L 	13	17429	14.9	12.5	64.4804
1280436	1	2021	Natural Stand	L 	13	17430	16.1	12.1	74.3516
1280436	1	2021	Natural Stand	L 	13	17431	9.2	11.5	23.9761
1280436	1	2021	Natural Stand	L 	13	17432	7.1	8.4	12.3144
1280451	1	2004	Natural Stand	L 	13	17437	22	16.63	161.0162
1280451	1	2004	Natural Stand	L 	13	17438	18.1	15	103.7984
1280451	1	2015	Natural Stand	L 	13	17443	20.4	13.4	125.3546
1280486	1	2004	Natural Stand	L 	13	17444	16.5	17	93.5536
1280486	1	2004	Natural Stand	L 	13	17445	16.4	13.85	81.9835
1280486	1	2004	Natural Stand	L 	13	17446	13.1	12.32	49.5840
1280486	1	2004	Natural Stand	L 	13	17447	13.7	11.5	52.5264
1280486	1	2004	Natural Stand	L 	13	17448	12.1	11.27	40.5875
1280486	1	2004	Natural Stand	L 	13	17449	5.1	5.45	5.5517
1280486	1	2008	Natural Stand	L 	13	17458	17.4	14.85	95.5461
1280486	1	2008	Natural Stand	L 	13	17459	17	14.22	89.2072
1280486	1	2008	Natural Stand	L 	13	17460	13.4	12.2	51.6070
1280486	1	2008	Natural Stand	L 	13	17461	16.8	11.97	80.7850
1280486	1	2008	Natural Stand	L 	13	17462	18.5	11.93	98.5049
1280486	1	2008	Natural Stand	L 	13	17463	13.1	11.88	48.7166
1280486	1	2008	Natural Stand	L 	13	17464	11.2	9.33	32.2900
1280486	1	2008	Natural Stand	L 	13	17465	3.5	3.85	2.4619
1280486	1	2008	Natural Stand	L 	13	17466	3.6	3.73	2.6364
1280486	1	2018	Natural Stand	L 	13	17472	21.5	18	161.1075
1280486	1	2018	Natural Stand	L 	13	17473	20.9	16.5	144.9659
1280486	1	2018	Natural Stand	L 	13	17474	15.9	13.8	76.9806
1280486	1	2018	Natural Stand	L 	13	17475	19.5	13.1	113.3234
1280486	1	2018	Natural Stand	L 	13	17476	9	9.1	20.4783
1280486	1	2018	Natural Stand	L 	13	17477	3.8	3.8	2.9670
1280536	1	2005	Natural Stand	L 	13	17481	5.7	4.84	7.0926
1280536	1	2010	Natural Stand	L 	13	17482	6.9	5.54	10.7223
1280536	1	2023	Natural Stand	L 	13	17483	4.5	4.1	4.2809
1280661	1	2004	Natural Stand	L 	13	17484	27.9	21.67	298.8303
1280661	1	2004	Natural Stand	L 	13	17485	17.3	18.07	106.6155
1280661	1	2004	Natural Stand	L 	13	17486	8.6	9.86	19.3648
1280661	1	2013	Natural Stand	L 	13	17488	28.5	22.4	318.0445
1280661	1	2013	Natural Stand	L 	13	17489	19.9	20.4	151.0521
1280661	1	2023	Natural Stand	L 	13	17491	21	22.3	178.2246
1280661	1	2023	Natural Stand	L 	13	17492	11.1	13.6	38.0635
1287361	1	2004	Natural Stand	L 	13	17493	14.3	13.62	62.0845
1287361	1	2004	Natural Stand	L 	13	17494	12.8	13.29	49.3584
1287361	1	2004	Natural Stand	L 	13	17495	11.6	12.22	38.8913
1287361	1	2004	Natural Stand	L 	13	17496	11.4	11.86	36.9946
1287361	1	2004	Natural Stand	L 	13	17497	7.5	8.14	13.5849
1287361	1	2004	Natural Stand	L 	13	17498	5.2	5.09	5.7709
1287361	1	2008	Natural Stand	L 	13	17559	13.4	13.67	54.8235
1287361	1	2008	Natural Stand	L 	13	17560	11.7	11.82	38.8611
1287361	1	2008	Natural Stand	L 	13	17561	11.5	11.74	37.4354
1287361	1	2008	Natural Stand	L 	13	17562	10.3	10.94	29.0804
1287361	1	2008	Natural Stand	L 	13	17563	10.3	10.3	28.2654
1287361	1	2008	Natural Stand	L 	13	17564	10.2	9.87	27.2197
1287361	1	2008	Natural Stand	L 	13	17565	6.8	8.75	11.5095
1287361	1	2008	Natural Stand	L 	13	17566	8.8	7.53	18.5132
1287361	1	2008	Natural Stand	L 	13	17567	6.4	7.32	9.4908
1287361	1	2008	Natural Stand	L 	13	17568	8.2	6.67	15.6695
1287361	1	2008	Natural Stand	L 	13	17569	5.3	4.85	6.0298
1287361	1	2008	Natural Stand	L 	13	17570	5.1	4.81	5.5413
1287361	1	2008	Natural Stand	L 	13	17571	2.9	3.55	1.6401
1287361	1	2008	Natural Stand	L 	13	17572	3.4	3.14	2.4351
1287361	1	2008	Natural Stand	L 	13	17573	2.9	2.01	2.1900
1287361	1	2018	Natural Stand	L 	13	17634	11.7	12.2	39.5134
1287361	1	2018	Natural Stand	L 	13	17635	10.2	10.5	27.9654
1287361	1	2018	Natural Stand	L 	13	17636	10.1	10.3	27.1818
1287361	1	2018	Natural Stand	L 	13	17637	10.1	8.9	25.7147
1287361	1	2018	Natural Stand	L 	13	17638	9.2	8.4	20.8486
1287361	1	2018	Natural Stand	L 	13	17639	6.5	7.6	9.9199
1287361	1	2018	Natural Stand	L 	13	17640	8.4	7.5	16.7707
1287361	1	2018	Natural Stand	L 	13	17641	4.6	5.8	4.5145
1287361	1	2018	Natural Stand	L 	13	17642	5.4	5.3	6.2673
1287361	1	2018	Natural Stand	L 	13	17643	5.3	5.2	6.0158
1287376	1	2006	Natural Stand	L 	13	17734	7.5	5.87	12.8607
1287376	1	2006	Natural Stand	L 	13	17735	4.5	4.57	4.2192
1287376	1	2016	Natural Stand	L 	13	17736	11.9	9.4	36.6955
1287376	1	2016	Natural Stand	L 	13	17737	8.8	8.6	19.1695
1287376	1	2016	Natural Stand	L 	13	17738	5.2	5	5.7725
1294211	1	2004	Natural Stand	L 	13	17739	7.9	6.42	14.4191
1294211	1	2004	Natural Stand	L 	13	17740	6.5	5.39	9.4079
1294211	1	2004	Natural Stand	L 	13	17741	5.9	4.76	7.6845
1294211	1	2004	Natural Stand	L 	13	17742	5.1	4.33	5.6227
1294211	1	2004	Natural Stand	L 	13	17743	6.1	4.05	8.7036
1294211	1	2015	Natural Stand	L 	13	17795	8.8	8.2	18.8879
1294211	1	2015	Natural Stand	L 	13	17796	8.9	7.9	19.1502
1294211	1	2015	Natural Stand	L 	13	17797	9.5	7.8	21.9092
1294211	1	2015	Natural Stand	L 	13	17798	9.1	7.7	19.9558
1294211	1	2015	Natural Stand	L 	13	17799	6.7	6.5	10.1406
1294211	1	2015	Natural Stand	L 	13	17800	6.2	6.4	8.5879
1294211	1	2015	Natural Stand	L 	13	17801	7.5	6.3	12.8681
1294211	1	2015	Natural Stand	L 	13	17802	8.8	6.3	18.2785
1294211	1	2015	Natural Stand	L 	13	17803	5.1	4.7	5.5520
1301131	1	2004	Natural Stand	L 	13	17886	27.4	20.02	274.7528
1301131	1	2004	Natural Stand	L 	13	17887	21.5	18.15	161.9260
1301131	1	2004	Natural Stand	L 	13	17888	19.1	15.28	116.5237
1301131	1	2004	Natural Stand	L 	13	17889	12.5	10.6	42.2362
1301131	1	2004	Natural Stand	L 	13	17890	5.5	5.25	6.5214
1301131	1	2008	Natural Stand	L 	13	17903	20.6	16.84	142.5565
1301131	1	2008	Natural Stand	L 	13	17904	19.8	16.39	129.9382
1301131	1	2008	Natural Stand	L 	13	17905	22.1	15.99	159.1859
1301131	1	2008	Natural Stand	L 	13	17906	18.8	15.74	114.7889
1301131	1	2008	Natural Stand	L 	13	17907	20.4	15.31	132.8674
1301131	1	2008	Natural Stand	L 	13	17908	10.4	9.89	28.3291
1301131	1	2008	Natural Stand	L 	13	17909	6.9	6.95	10.9271
1301131	1	2008	Natural Stand	L 	13	17910	3.9	3.95	3.1225
1301131	1	2008	Natural Stand	L 	13	17911	4.6	3.63	4.6692
1301131	1	2018	Natural Stand	L 	13	17917	24	19	205.9370
1301131	1	2018	Natural Stand	L 	13	17918	22.4	17.8	173.2788
1301131	1	2018	Natural Stand	L 	13	17919	22.4	17.1	169.3711
1301131	1	2018	Natural Stand	L 	13	17920	23.2	16.3	177.0152
1301131	1	2018	Natural Stand	L 	13	17921	25.5	13.9	201.6187
1301131	1	2018	Natural Stand	L 	13	17922	12.5	12.6	45.7539
1301131	1	2018	Natural Stand	L 	13	17923	13.4	11.6	50.4243
1301131	1	2018	Natural Stand	L 	13	17924	10.2	10.3	27.7207
1314831	1	2004	Natural Stand	L 	13	17934	11.9	12.19	40.8269
1314831	1	2004	Natural Stand	L 	13	17935	15	11.19	62.5186
1314831	1	2004	Natural Stand	L 	13	17936	10.7	9.55	29.6214
1314831	1	2004	Natural Stand	L 	13	17937	8.5	9.4	18.5074
1314831	1	2004	Natural Stand	L 	13	17938	8.5	9.01	18.1789
1314831	1	2008	Natural Stand	L 	13	17944	12.3	12.9	44.9183
1314831	1	2008	Natural Stand	L 	13	17945	8.8	10.7	21.1240
1314831	1	2008	Natural Stand	L 	13	17946	3.5	3.83	2.4638
1314831	1	2018	Natural Stand	L 	13	17952	13.9	15.1	62.4894
1314831	1	2018	Natural Stand	L 	13	17953	9.4	12.4	26.1522
1314831	1	2018	Natural Stand	L 	13	17954	4.6	3.9	4.5576
1314846	1	2004	Natural Stand	L 	13	17964	5.1	7.76	6.1724
1314846	1	2004	Natural Stand	L 	13	17965	3.9	4.15	3.1013
1314846	1	2004	Natural Stand	L 	13	17966	3.7	4.12	2.7630
1314846	1	2004	Natural Stand	L 	13	17967	4.5	4.09	4.2831
1314846	1	2004	Natural Stand	L 	13	17968	4.5	3.72	4.3963
1314846	1	2004	Natural Stand	L 	13	17969	3.1	3.52	1.9057
1314846	1	2017	Natural Stand	L 	13	17983	5.5	7.5	7.0567
1314846	1	2017	Natural Stand	L 	13	17984	7.8	7.4	14.3170
1314846	1	2017	Natural Stand	L 	13	17985	6.5	6.8	9.6004
1314846	1	2017	Natural Stand	L 	13	17986	7.2	6.6	11.8406
1314846	1	2017	Natural Stand	L 	13	17987	7	6.5	11.1283
1314846	1	2017	Natural Stand	L 	13	17988	5.1	5.8	5.5985
1314846	1	2017	Natural Stand	L 	13	17989	5.1	5.4	5.5471
1314851	1	2004	Natural Stand	L 	13	18067	13.3	11.95	50.3466
1314851	1	2004	Natural Stand	L 	13	18068	11.4	10.91	35.5120
1314851	1	2004	Natural Stand	L 	13	18069	11.3	9.39	32.9523
1314851	1	2004	Natural Stand	L 	13	18070	11	8.95	30.7425
1314851	1	2008	Natural Stand	L 	13	18078	14.5	12.4	60.8442
1314851	1	2008	Natural Stand	L 	13	18079	12.4	11.8	43.5447
1314851	1	2008	Natural Stand	L 	13	18080	12.3	10	40.0329
1314851	1	2008	Natural Stand	L 	13	18081	5.7	6.2	7.1561
1314851	1	2008	Natural Stand	L 	13	18082	4.1	4.8	3.4469
1314851	1	2008	Natural Stand	L 	13	18083	4.3	4.7	3.8172
1314851	1	2008	Natural Stand	L 	13	18084	4	4.3	3.2693
1314851	1	2008	Natural Stand	L 	13	18085	2.8	3.4	1.5275
1314851	1	2018	Natural Stand	L 	13	18092	15.5	13.7	72.9369
1314851	1	2018	Natural Stand	L 	13	18093	5.1	5.7	5.5826
1314851	1	2018	Natural Stand	L 	13	18094	6	5.5	7.8859
1314851	1	2018	Natural Stand	L 	13	18095	4.7	4.8	4.6318
1314851	1	2018	Natural Stand	L 	13	18096	2.6	3	1.3319
1314851	1	2018	Natural Stand	L 	13	18097	2.8	2.9	1.5985
1314851	1	2018	Natural Stand	L 	13	18098	2.6	2.4	1.4727
1314851	1	2018	Natural Stand	L 	13	18099	3.5	2.4	3.0491
1321751	1	2004	Natural Stand	L 	13	18108	11.6	8.25	33.8462
1321751	1	2004	Natural Stand	L 	13	18109	5.9	4.99	7.6340
1321751	1	2004	Natural Stand	L 	13	18110	5.4	4.84	6.2863
1321751	1	2016	Natural Stand	L 	13	18136	16	11.5	72.0655
1321751	1	2016	Natural Stand	L 	13	18137	9.1	8	20.1206
1321751	1	2016	Natural Stand	L 	13	18138	8.6	7.6	17.6696
1321751	1	2016	Natural Stand	L 	13	18139	7.7	7.3	13.8932
1321751	1	2016	Natural Stand	L 	13	18140	7.7	7.3	13.8932
1321751	1	2016	Natural Stand	L 	13	18141	7.8	7.2	14.2328
1321751	1	2016	Natural Stand	L 	13	18142	7.1	6.8	11.5503
1321751	1	2016	Natural Stand	L 	13	18143	5.7	5.2	7.0525
1321751	1	2016	Natural Stand	L 	13	18144	3.9	5.2	3.1317
1321751	1	2016	Natural Stand	L 	13	18145	4.8	4.8	4.8501
1321751	1	2016	Natural Stand	L 	13	18146	5.5	3.97	6.8677
1321751	1	2016	Natural Stand	L 	13	18147	3.3	3.1	2.2828
1321751	1	2016	Natural Stand	L 	13	18148	2.6	3.1	1.3196
1321791	1	2006	Natural Stand	L 	13	18238	19.9	13.74	120.3349
1321791	1	2006	Natural Stand	L 	13	18239	14.4	10.79	56.7830
1328616	1	2004	Natural Stand	L 	13	18240	31	25.32	405.6656
1328616	1	2004	Natural Stand	L 	13	18241	21.2	22.47	182.4277
1328616	1	2004	Natural Stand	L 	13	18242	19.7	19.15	141.8339
1328616	1	2004	Natural Stand	L 	13	18243	12.5	16.9	55.2604
1328616	1	2016	Natural Stand	L 	13	18244	35.2	28.7	563.9083
1328616	1	2016	Natural Stand	L 	13	18245	20.5	19.5	154.8400
1328616	1	2016	Natural Stand	L 	13	18246	13.5	17.9	66.5246
1349261	1	2004	Natural Stand	L 	13	18248	6.9	5.72	10.7076
1349261	1	2004	Natural Stand	L 	13	18249	7.1	5.31	11.4801
1349261	1	2016	Natural Stand	L 	13	18254	13.2	10.5	47.0456
1349261	1	2016	Natural Stand	L 	13	18255	11.7	9.7	35.7633
1349261	1	2016	Natural Stand	L 	13	18256	9.3	9.2	21.9736
1349261	1	2016	Natural Stand	L 	13	18257	8	6.1	14.8147
1349261	1	2016	Natural Stand	L 	13	18258	5.1	4.7	5.5520
1349261	1	2016	Natural Stand	L 	13	18259	4.1	4.63	3.4426
9999999	1	2005	Natural Stand	L 	13	18262	18	12.84	95.4946
9999999	1	2005	Natural Stand	L 	13	18263	17.7	12.77	92.0845
9999999	1	2005	Natural Stand	L 	13	18264	18.5	12.37	99.6466
9999999	1	2005	Natural Stand	L 	13	18265	17.1	10.56	80.9415
9999999	1	2005	Natural Stand	L 	13	18266	11.8	8.66	35.3767
9999999	1	2005	Natural Stand	L 	13	18267	5	4.36	5.3684

File: output_20251123_081710.txt
