BIOMASS CALCULATION RESULTS
Generated on: 2026-03-30 22:28:53
Total records: 10251

plot	year	species	tree_number	dbh	height	Wood (KG)	Bark (KG)	Branch (KG)	Foliage (KG)	Stem (KG)	Crown (KG)	Total (KG)
1246201PIP	2007	20	54	3.9	4.0	1.2	0.2	0.2	0.8	1.4	1.0	2.4
1246201PIP	2007	38	55	11.4	15.4	34.2	6.0	4.4	1.8	40.2	6.3	46.5
1246201PIP	2007	20	58	4.2	4.3	1.4	0.2	0.3	0.9	1.7	1.2	2.9
1246201PIP	2007	20	59	6.7	6.5	4.9	0.8	0.8	1.8	5.7	2.7	8.4
1246201PIP	2007	13	60	3.7	3.9	1.2	0.3	0.4	0.9	1.5	1.3	2.8
1246201PIP	2007	20	61	3.7	3.9	1.1	0.2	0.2	0.7	1.2	0.9	2.2
1246201PIP	2007	38	62	16.6	17.7	81.8	13.9	12.9	3.7	95.8	16.6	112.3
1246201PIP	2007	38	63	13.0	16.3	46.6	8.1	6.4	2.3	54.8	8.7	63.5
1246201PIP	2007	20	64	2.7	3.0	0.5	0.1	0.1	0.4	0.6	0.5	1.1
1246201PIP	2007	20	66	4.5	4.6	1.7	0.3	0.3	1.0	2.0	1.3	3.3
1246201PIP	2007	20	68	4.8	4.8	2.0	0.4	0.4	1.1	2.4	1.5	3.9
1246201PIP	2007	20	69	8.0	7.5	7.6	1.3	1.3	2.5	8.9	3.7	12.7
1246201PIP	2007	38	71	9.7	14.3	23.2	4.2	2.9	1.4	27.4	4.2	31.6
1246201PIP	2007	20	72	7.9	7.4	7.4	1.3	1.2	2.4	8.6	3.6	12.3
1246201PIP	2007	20	73	4.6	4.7	1.8	0.3	0.3	1.0	2.2	1.4	3.5
1246201PIP	2007	38	29	26.2	19.3	223.4	36.4	50.5	9.7	259.8	60.1	319.9
1246201PIP	2007	20	28	2.5	2.8	0.4	0.1	0.1	0.4	0.5	0.5	0.9
1246201PIP	2007	38	27	18.8	18.2	107.9	18.2	18.6	4.8	126.1	23.4	149.5
1246201PIP	2007	20	26	5.0	5.0	2.3	0.4	0.4	1.2	2.7	1.6	4.3
1246201PIP	2007	20	24	4.8	4.8	2.0	0.4	0.4	1.1	2.4	1.5	3.9
1246201PIP	2007	38	23	16.5	17.6	80.5	13.7	12.7	3.7	94.2	16.4	110.6
1246201PIP	2007	20	22	14.0	11.4	30.6	5.4	5.2	6.3	36.0	11.5	47.5
1246201PIP	2007	38	20	10.9	15.1	30.7	5.5	3.9	1.7	36.2	5.6	41.8
1246201PIP	2007	20	18	3.1	3.3	0.7	0.1	0.1	0.6	0.8	0.7	1.5
1246201PIP	2007	20	17	3.9	4.0	1.2	0.2	0.2	0.8	1.4	1.0	2.4
1246201PIP	2007	38	16	16.9	17.7	84.9	14.4	13.6	3.9	99.4	17.5	116.8
1246201PIP	2007	38	15	10.8	15.1	30.1	5.4	3.8	1.6	35.5	5.5	41.0
1246201PIP	2007	20	13	4.5	4.6	1.7	0.3	0.3	1.0	2.0	1.3	3.3
1246201PIP	2007	20	11	8.0	7.5	7.6	1.3	1.3	2.5	8.9	3.7	12.7
1246201PIP	2007	38	10	15.4	17.3	69.0	11.8	10.3	3.2	80.8	13.6	94.4
1246201PIP	2007	20	9	6.4	6.2	4.3	0.7	0.7	1.7	5.0	2.5	7.5
1246201PIP	2007	20	8	4.5	4.6	1.7	0.3	0.3	1.0	2.0	1.3	3.3
1246201PIP	2007	38	53	9.5	14.2	22.1	4.0	2.7	1.3	26.1	4.0	30.1
1246201PIP	2007	20	52	3.2	3.4	0.7	0.1	0.1	0.6	0.8	0.7	1.6
1246201PIP	2007	20	51	4.0	4.1	1.3	0.2	0.2	0.8	1.5	1.1	2.6
1246201PIP	2007	38	50	16.8	17.7	83.9	14.3	13.4	3.8	98.2	17.2	115.3
1246201PIP	2007	20	49	2.9	3.2	0.6	0.1	0.1	0.5	0.7	0.6	1.3
1246201PIP	2007	13	47	5.1	5.1	2.7	0.6	0.8	1.5	3.3	2.2	5.5
1246201PIP	2007	12	45	11.7	10.2	21.0	3.6	4.4	5.3	24.6	9.7	34.4
1246201PIP	2007	38	44	14.8	17.0	62.8	10.8	9.3	3.0	73.6	12.3	85.8
1246201PIP	2007	38	40	13.5	16.5	50.8	8.8	7.1	2.5	59.7	9.6	69.3
1246201PIP	2007	38	39	11.3	15.4	33.5	5.9	4.3	1.8	39.5	6.1	45.6
1246201PIP	2007	20	38	3.9	4.0	1.2	0.2	0.2	0.8	1.4	1.0	2.4
1246201PIP	2007	20	37	2.5	2.8	0.4	0.1	0.1	0.4	0.5	0.5	0.9
1246201PIP	2007	38	35	11.2	15.3	32.8	5.8	4.2	1.8	38.6	6.0	44.6
1246201PIP	2007	20	34	10.6	9.4	15.5	2.7	2.5	3.9	18.2	6.4	24.6
1246201PIP	2007	20	33	4.7	4.7	1.9	0.3	0.4	1.1	2.2	1.4	3.7
1246201PIP	2007	20	32	2.7	3.0	0.5	0.1	0.1	0.4	0.6	0.5	1.1
1246201PIP	2007	20	31	6.0	5.9	3.7	0.6	0.6	1.6	4.3	2.2	6.5
1246201PIP	2007	20	30	6.1	6.0	3.8	0.7	0.6	1.6	4.5	2.2	6.7
1246201PIP	2007	20	7	6.0	5.9	3.7	0.6	0.6	1.6	4.3	2.2	6.5
1246201PIP	2007	38	6	14.1	16.8	56.3	9.8	8.0	2.7	66.1	10.7	76.8
1246201PIP	2007	20	5	3.6	3.8	1.0	0.2	0.2	0.7	1.1	0.9	2.0
1246201PIP	2007	20	4	3.1	3.3	0.7	0.1	0.1	0.6	0.8	0.7	1.5
1246201PIP	2007	20	3	8.7	8.1	9.5	1.6	1.5	2.8	11.2	4.3	15.5
1246201PIP	2007	38	2	15.4	17.3	69.0	11.8	10.3	3.2	80.8	13.6	94.4
1246201PIP	2007	38	1	17.4	17.9	90.9	15.4	14.8	4.1	106.3	18.9	125.2
1246201PIP	2007	20	74	4.3	4.4	1.5	0.3	0.3	0.9	1.8	1.2	3.0
1246201PIP	2007	20	75	4.9	4.9	2.1	0.4	0.4	1.2	2.5	1.5	4.1
1246201PIP	2007	20	80	4.0	4.1	1.3	0.2	0.2	0.8	1.5	1.1	2.6
1246201PIP	2007	20	81	3.5	3.7	0.9	0.2	0.2	0.7	1.1	0.8	1.9
1246201PIP	2007	38	83	10.9	15.1	30.7	5.5	3.9	1.7	36.2	5.6	41.8
1246201PIP	2007	12	84	7.5	7.0	6.6	1.3	1.7	2.8	7.9	4.6	12.5
1246201PIP	2007	38	86	18.7	18.2	106.7	18.0	18.3	4.7	124.7	23.0	147.7
1246201PIP	2007	20	87	6.2	6.0	3.9	0.7	0.7	1.7	4.6	2.3	7.0
1246201PIP	2007	38	89	13.7	16.6	52.6	9.1	7.4	2.6	61.8	10.0	71.7
1246201PIP	2007	20	90	6.4	6.2	4.3	0.7	0.7	1.7	5.0	2.5	7.5
1246201PIP	2007	20	91	7.3	7.0	6.1	1.0	1.0	2.1	7.1	3.1	10.2
1246201PIP	2007	20	92	3.8	4.0	1.1	0.2	0.2	0.8	1.3	1.0	2.3
1246201PIP	2007	20	93	6.3	6.1	4.1	0.7	0.7	1.7	4.8	2.4	7.2
1246201PIP	2007	38	79	14.8	17.0	62.8	10.8	9.3	3.0	73.6	12.3	85.8
1246201PIP	2007	20	95	5.0	5.0	2.3	0.4	0.4	1.2	2.7	1.6	4.3
1246201PIP	2007	20	96	9.6	8.7	12.1	2.1	2.0	3.3	14.2	5.3	19.5
1246201PIP	2007	38	98	17.3	17.9	89.8	15.2	14.5	4.0	105.1	18.5	123.6
1246201PIP	2007	20	99	10.3	9.2	14.5	2.5	2.3	3.7	17.0	6.0	23.0
1246201PIP	2007	20	101	4.1	4.2	1.4	0.2	0.3	0.9	1.6	1.1	2.7
1246201PIP	2007	20	102	5.2	5.2	2.5	0.4	0.4	1.3	3.0	1.7	4.7
1246201PIP	2007	20	103	7.2	6.9	5.8	1.0	1.0	2.1	6.9	3.0	9.9
1246201PIP	2007	20	104	2.5	2.8	0.4	0.1	0.1	0.4	0.5	0.5	0.9
1246201PIP	2007	20	105	3.4	3.6	0.8	0.1	0.2	0.6	1.0	0.8	1.8
1246201PIP	2007	20	107	5.1	5.1	2.4	0.4	0.4	1.2	2.8	1.6	4.4
1246201PIP	2007	38	108	13.1	16.3	47.4	8.3	6.5	2.4	55.6	8.9	64.5
1246201PIP	2007	20	109	2.7	3.0	0.5	0.1	0.1	0.4	0.6	0.5	1.1
1246201PIP	2007	20	110	9.2	8.4	10.9	1.9	1.8	3.1	12.8	4.9	17.6
1246201PIP	2007	38	111	13.3	16.4	49.1	8.6	6.8	2.4	57.6	9.3	66.9
1246201PIP	2007	38	113	12.0	15.8	38.7	6.8	5.1	2.0	45.5	7.1	52.6
1246201PIP	2007	20	114	12.7	10.7	24.2	4.3	4.0	5.3	28.5	9.3	37.8
1246201PIP	2007	20	115	6.5	6.3	4.5	0.8	0.8	1.8	5.3	2.5	7.8
1246201PIP	2007	20	116	15.6	12.2	39.6	7.1	7.0	7.7	46.6	14.6	61.3
1246201PIP	2007	20	118	10.1	9.1	13.8	2.4	2.2	3.6	16.2	5.8	22.0
1246201PIP	2007	20	119	9.9	8.9	13.1	2.3	2.1	3.5	15.3	5.6	21.0
1246201PIP	2007	38	120	19.7	18.4	119.8	20.1	21.3	5.3	139.9	26.6	166.5
1246201PIP	2007	38	121	15.5	17.3	69.9	12.0	10.6	3.3	81.9	13.8	95.7
1246201PIP	2007	20	124	6.8	6.5	5.0	0.9	0.9	1.9	5.9	2.8	8.6
1246201PIP	2007	38	125	18.1	18.1	99.4	16.8	16.6	4.4	116.2	21.0	137.2
1246201PIP	2007	38	126	19.7	18.4	119.8	20.1	21.3	5.3	139.9	26.6	166.5
1246201PIP	2007	13	127	3.7	3.9	1.2	0.3	0.4	0.9	1.5	1.3	2.8
1246206PIP	2007	13	1	3.4	3.5	0.9	0.2	0.3	0.9	1.1	1.2	2.4
1246206PIP	2007	13	2	2.7	3.0	0.5	0.1	0.2	0.6	0.7	0.8	1.5
1246206PIP	2007	13	3	3.5	3.6	1.0	0.2	0.4	0.9	1.2	1.3	2.5
1246206PIP	2007	13	4	3.5	3.6	1.0	0.2	0.4	0.9	1.2	1.3	2.5
1246206PIP	2007	12	5	5.8	4.7	2.8	0.7	1.2	2.4	3.5	3.6	7.1
1246206PIP	2007	13	6	4.3	4.2	1.7	0.4	0.6	1.2	2.1	1.8	3.8
1246206PIP	2007	13	7	4.3	4.2	1.7	0.4	0.6	1.2	2.1	1.8	3.8
1246206PIP	2007	13	8	5.6	5.3	3.4	0.7	1.0	1.8	4.1	2.7	6.8
1246206PIP	2007	13	9	4.5	4.4	1.9	0.4	0.6	1.3	2.3	1.9	4.2
1246206PIP	2007	13	10	2.8	3.1	0.6	0.1	0.2	0.6	0.7	0.8	1.6
1246206PIP	2007	13	11	5.7	5.3	3.5	0.7	1.0	1.8	4.2	2.9	7.0
1246206PIP	2007	13	12	2.6	2.9	0.5	0.1	0.2	0.6	0.6	0.7	1.3
1246206PIP	2007	13	13	3.7	3.8	1.2	0.3	0.4	1.0	1.4	1.4	2.8
1246206PIP	2007	13	14	2.8	3.1	0.6	0.1	0.2	0.6	0.7	0.8	1.6
1246206PIP	2007	13	15	2.5	2.9	0.4	0.1	0.2	0.5	0.6	0.7	1.2
1246206PIP	2007	13	16	5.2	5.0	2.8	0.6	0.8	1.6	3.4	2.4	5.8
1246206PIP	2007	13	17	3.0	3.2	0.7	0.2	0.3	0.7	0.8	1.0	1.8
1246206PIP	2007	13	18	4.0	4.0	1.4	0.3	0.5	1.1	1.7	1.6	3.3
1246206PIP	2007	13	19	3.8	3.9	1.3	0.3	0.4	1.0	1.5	1.4	3.0
1246206PIP	2007	13	20	6.4	5.9	4.7	0.9	1.3	2.1	5.7	3.4	9.1
1246206PIP	2007	13	21	2.7	3.0	0.5	0.1	0.2	0.6	0.7	0.8	1.5
1246206PIP	2007	13	22	5.5	5.2	3.2	0.7	0.9	1.7	3.9	2.7	6.5
1246206PIP	2007	3	24	2.8	3.9	0.6	0.2	0.1	0.2	0.8	0.3	1.1
1246206PIP	2007	13	25	2.8	3.1	0.6	0.1	0.2	0.6	0.7	0.8	1.6
1246206PIP	2007	25	26	2.9	3.2	0.6	0.1	0.2	0.5	0.8	0.7	1.5
1246206PIP	2007	25	27	3.0	3.3	0.7	0.2	0.3	0.5	0.8	0.7	1.6
1246206PIP	2007	13	28	4.7	4.6	2.1	0.5	0.7	1.4	2.6	2.0	4.6
1246206PIP	2007	25	29	4.0	3.9	1.3	0.3	0.5	0.8	1.6	1.3	2.9
1246206PIP	2007	25	30	3.2	3.4	0.8	0.2	0.3	0.5	1.0	0.8	1.8
1246206PIP	2007	25	31	5.0	4.5	2.3	0.4	0.9	1.1	2.7	2.0	4.7
1246206PIP	2007	25	32	3.5	3.6	1.0	0.2	0.4	0.6	1.2	1.0	2.2
1246206PIP	2007	25	33	6.7	5.4	4.6	0.8	1.9	1.7	5.4	3.5	8.9
1246206PIP	2007	13	34	3.6	3.7	1.1	0.3	0.4	0.9	1.3	1.3	2.6
1246206PIP	2007	13	35	7.3	6.6	6.7	1.3	1.7	2.6	7.9	4.3	12.2
1246206PIP	2007	25	37	2.8	3.2	0.6	0.1	0.2	0.4	0.7	0.6	1.4
1246206PIP	2007	25	38	3.9	3.8	1.2	0.3	0.5	0.7	1.5	1.2	2.7
1246206PIP	2007	25	39	3.2	3.4	0.8	0.2	0.3	0.5	1.0	0.8	1.8
1246206PIP	2007	13	40	3.4	3.5	0.9	0.2	0.3	0.9	1.1	1.2	2.4
1246206PIP	2007	13	41	6.2	5.7	4.3	0.9	1.2	2.1	5.2	3.3	8.5
1246206PIP	2007	13	42	5.6	5.3	3.4	0.7	1.0	1.8	4.1	2.7	6.8
1246206PIP	2007	13	43	3.7	3.8	1.2	0.3	0.4	1.0	1.4	1.4	2.8
1246206PIP	2007	13	44	3.1	3.3	0.7	0.2	0.3	0.7	0.9	1.0	1.9
1246206PIP	2007	13	45	3.3	3.5	0.9	0.2	0.3	0.8	1.1	1.1	2.2
1246206PIP	2007	13	48	4.8	4.6	2.2	0.5	0.7	1.4	2.7	2.2	4.9
1246206PIP	2007	13	49	2.7	3.0	0.5	0.1	0.2	0.6	0.7	0.8	1.5
1246206PIP	2007	13	51	4.9	4.7	2.4	0.5	0.7	1.5	2.9	2.2	5.1
1246206PIP	2007	13	52	3.5	3.6	1.0	0.2	0.4	0.9	1.2	1.3	2.5
1246206PIP	2007	13	53	4.0	4.0	1.4	0.3	0.5	1.1	1.7	1.6	3.3
1246206PIP	2007	13	54	4.0	4.0	1.4	0.3	0.5	1.1	1.7	1.6	3.3
1246206PIP	2007	13	55	5.7	5.3	3.5	0.7	1.0	1.8	4.2	2.9	7.0
1246206PIP	2007	25	56	6.9	5.5	4.9	0.9	2.0	1.8	5.8	3.7	9.5
1246206PIP	2007	13	57	2.6	2.9	0.5	0.1	0.2	0.6	0.6	0.7	1.3
1246206PIP	2007	13	58	2.7	3.0	0.5	0.1	0.2	0.6	0.7	0.8	1.5
1246206PIP	2007	13	59	5.4	5.1	3.0	0.6	0.9	1.7	3.7	2.6	6.3
1246206PIP	2007	13	60	4.2	4.2	1.6	0.4	0.5	1.2	2.0	1.7	3.7
1246206PIP	2007	13	61	4.6	4.5	2.0	0.4	0.6	1.3	2.5	2.0	4.4
1246206PIP	2007	13	62	3.3	3.5	0.9	0.2	0.3	0.8	1.1	1.1	2.2
1246206PIP	2007	13	63	3.2	3.4	0.8	0.2	0.3	0.8	1.0	1.1	2.1
1246206PIP	2007	13	64	3.3	3.5	0.9	0.2	0.3	0.8	1.1	1.1	2.2
1246206PIP	2007	13	65	3.1	3.3	0.7	0.2	0.3	0.7	0.9	1.0	1.9
1246206PIP	2007	13	66	3.3	3.5	0.9	0.2	0.3	0.8	1.1	1.1	2.2
1246206PIP	2007	25	67	4.4	4.1	1.7	0.3	0.7	0.9	2.0	1.6	3.6
1246206PIP	2007	25	68	3.0	3.3	0.7	0.2	0.3	0.5	0.8	0.7	1.6
1246206PIP	2007	25	69	4.8	4.4	2.1	0.4	0.8	1.0	2.5	1.8	4.3
1246206PIP	2007	13	70	4.4	4.3	1.8	0.4	0.6	1.3	2.2	1.9	4.0
1246206PIP	2007	13	71	2.7	3.0	0.5	0.1	0.2	0.6	0.7	0.8	1.5
1246206PIP	2007	13	72	3.6	3.7	1.1	0.3	0.4	0.9	1.3	1.3	2.6
1246206PIP	2007	13	73	3.3	3.5	0.9	0.2	0.3	0.8	1.1	1.1	2.2
1246206PIP	2007	13	74	4.8	4.6	2.2	0.5	0.7	1.4	2.7	2.2	4.9
1246206PIP	2007	13	75	4.5	4.4	1.9	0.4	0.6	1.3	2.3	1.9	4.2
1239301PIP	2007	74	202	3.4	4.2	0.7	0.2	0.2	0.2	0.9	0.4	1.3
1239301PIP	2007	74	203	2.7	3.7	0.4	0.1	0.1	0.1	0.5	0.2	0.8
1239301PIP	2007	74	204	2.5	3.5	0.3	0.1	0.1	0.1	0.4	0.2	0.6
1239301PIP	2007	74	205	3.1	4.0	0.6	0.2	0.2	0.2	0.7	0.3	1.0
1239301PIP	2007	74	206	2.7	3.7	0.4	0.1	0.1	0.1	0.5	0.2	0.8
1239301PIP	2007	74	207	2.7	3.7	0.4	0.1	0.1	0.1	0.5	0.2	0.8
1239301PIP	2007	74	210	2.6	3.6	0.4	0.1	0.1	0.1	0.5	0.2	0.7
1239301PIP	2007	74	211	2.7	3.7	0.4	0.1	0.1	0.1	0.5	0.2	0.8
1239301PIP	2007	74	212	2.7	3.7	0.4	0.1	0.1	0.1	0.5	0.2	0.8
1239301PIP	2007	74	214	3.5	4.2	0.7	0.2	0.2	0.2	1.0	0.4	1.4
1239301PIP	2007	74	215	2.7	3.7	0.4	0.1	0.1	0.1	0.5	0.2	0.8
1239301PIP	2007	74	216	2.8	3.8	0.4	0.1	0.1	0.1	0.6	0.3	0.8
1239301PIP	2007	74	217	3.2	4.0	0.6	0.2	0.2	0.2	0.8	0.4	1.1
1239301PIP	2007	74	218	2.5	3.5	0.3	0.1	0.1	0.1	0.4	0.2	0.6
1239301PIP	2007	74	219	2.8	3.8	0.4	0.1	0.1	0.1	0.6	0.3	0.8
1239301PIP	2007	74	220	2.6	3.6	0.4	0.1	0.1	0.1	0.5	0.2	0.7
1198101PIP	2007	13	1	12.8	12.0	32.5	5.0	4.5	4.8	37.5	9.3	46.8
1198101PIP	2007	13	2	12.9	12.1	33.2	5.1	4.5	4.9	38.3	9.4	47.7
1198101PIP	2007	13	3	8.6	8.6	11.6	2.0	2.0	2.7	13.6	4.7	18.3
1198101PIP	2007	13	4	18.0	15.5	76.2	10.7	9.4	8.2	86.9	17.6	104.5
1198101PIP	2007	13	5	11.2	10.8	23.1	3.7	3.4	4.0	26.8	7.3	34.1
1198101PIP	2007	13	6	14.6	13.3	45.3	6.7	5.9	5.9	52.0	11.8	63.8
1198101PIP	2007	13	7	11.8	11.2	26.3	4.1	3.8	4.3	30.4	8.1	38.5
1198101PIP	2007	13	8	16.2	14.4	58.9	8.5	7.4	6.9	67.4	14.3	81.7
1198101PIP	2007	13	9	16.6	14.6	62.3	8.9	7.9	7.2	71.2	15.1	86.3
1198101PIP	2007	13	11	7.2	7.4	7.3	1.3	1.4	2.1	8.6	3.5	12.1
1198101PIP	2007	13	13	5.5	5.9	3.6	0.7	0.8	1.5	4.3	2.2	6.6
1198101PIP	2007	13	14	16.7	14.7	63.4	9.1	8.0	7.3	72.5	15.2	87.7
1198101PIP	2007	13	15	11.2	10.8	23.1	3.7	3.4	4.0	26.8	7.3	34.1
1198101PIP	2007	13	16	10.8	10.5	21.1	3.4	3.1	3.7	24.5	6.9	31.3
1198101PIP	2007	13	17	12.5	11.8	30.6	4.7	4.2	4.6	35.4	8.9	44.2
1198101PIP	2007	13	19	10.0	9.8	17.2	2.8	2.7	3.4	20.0	6.0	26.1
1198101PIP	2007	13	20	4.2	4.7	1.8	0.4	0.5	1.0	2.2	1.4	3.6
1198101PIP	2007	13	21	9.8	9.6	16.3	2.7	2.6	3.3	19.0	5.9	24.8
1198101PIP	2007	13	22	3.9	4.4	1.5	0.3	0.4	0.9	1.8	1.3	3.1
1198101PIP	2007	13	23	15.8	14.1	55.2	8.0	7.1	6.7	63.2	13.7	76.9
1198101PIP	2007	13	24	8.3	8.4	10.6	1.9	1.8	2.6	12.5	4.4	16.9
1198101PIP	2007	13	25	4.6	5.0	2.2	0.5	0.6	1.1	2.7	1.7	4.4
1198101PIP	2007	13	26	17.1	14.9	67.0	9.5	8.4	7.6	76.5	16.0	92.5
1198101PIP	2007	13	27	6.9	7.1	6.5	1.2	1.3	2.0	7.7	3.3	11.0
1198101PIP	2007	13	29	10.5	10.2	19.5	3.2	3.0	3.6	22.7	6.6	29.2
1198101PIP	2007	13	30	17.7	15.3	73.1	10.3	9.1	8.0	83.4	17.1	100.4
1198101PIP	2007	13	31	6.5	6.8	5.6	1.1	1.1	1.8	6.7	2.9	9.6
1198101PIP	2007	13	32	8.6	8.6	11.6	2.0	2.0	2.7	13.6	4.7	18.3
1198101PIP	2007	13	33	12.7	11.9	31.7	4.9	4.4	4.8	36.6	9.2	45.8
1198101PIP	2007	13	34	10.2	10.0	18.2	3.0	2.8	3.5	21.1	6.2	27.4
1198101PIP	2007	13	35	14.0	12.9	40.8	6.1	5.4	5.5	47.0	10.9	57.9
1198101PIP	2007	13	36	11.9	11.3	26.9	4.2	3.8	4.3	31.1	8.2	39.3
1198101PIP	2007	13	37	2.5	3.1	0.5	0.1	0.2	0.5	0.6	0.6	1.2
1198101PIP	2007	13	38	13.6	12.6	37.9	5.7	5.1	5.3	43.6	10.4	54.0
1198101PIP	2007	13	39	5.5	5.9	3.6	0.7	0.8	1.5	4.3	2.2	6.6
1198101PIP	2007	20	40	3.4	3.7	0.9	0.1	0.2	0.6	1.0	0.8	1.8
1198101PIP	2007	13	41	13.6	12.6	37.9	5.7	5.1	5.3	43.6	10.4	54.0
1198101PIP	2007	13	42	14.1	12.9	41.3	6.2	5.5	5.6	47.5	11.1	58.7
1198101PIP	2007	13	43	12.9	12.1	33.2	5.1	4.5	4.9	38.3	9.4	47.7
1198101PIP	2007	13	44	5.9	6.2	4.3	0.8	0.9	1.6	5.2	2.5	7.7
1198101PIP	2007	13	46	5.6	6.0	3.8	0.8	0.8	1.5	4.6	2.3	6.9
1198101PIP	2007	13	47	11.9	11.3	26.9	4.2	3.8	4.3	31.1	8.2	39.3
1198101PIP	2007	13	48	2.8	3.4	0.6	0.2	0.2	0.5	0.8	0.7	1.5
1198101PIP	2007	13	49	2.8	3.4	0.6	0.2	0.2	0.5	0.8	0.7	1.5
1198101PIP	2007	13	50	2.5	3.1	0.5	0.1	0.2	0.5	0.6	0.6	1.2
1198101PIP	2007	13	51	14.0	12.9	40.8	6.1	5.4	5.5	47.0	10.9	57.9
1198101PIP	2007	13	52	4.6	5.0	2.2	0.5	0.6	1.1	2.7	1.7	4.4
1198101PIP	2007	13	53	3.1	3.7	0.8	0.2	0.2	0.6	1.0	0.9	1.9
1198101PIP	2007	13	54	12.9	12.1	33.2	5.1	4.5	4.9	38.3	9.4	47.7
1198101PIP	2007	13	55	10.8	10.5	21.1	3.4	3.1	3.7	24.5	6.9	31.3
1198101PIP	2007	13	56	12.5	11.8	30.6	4.7	4.2	4.6	35.4	8.9	44.2
1198101PIP	2007	13	57	7.6	7.8	8.5	1.5	1.5	2.3	10.0	3.8	13.8
1198101PIP	2007	13	58	6.2	6.5	4.9	0.9	1.0	1.7	5.9	2.7	8.6
1198101PIP	2007	13	59	13.5	12.5	37.1	5.6	5.0	5.2	42.7	10.3	53.0
1198101PIP	2007	13	60	11.7	11.2	25.9	4.1	3.7	4.2	30.0	7.9	37.9
1198101PIP	2007	13	61	12.8	12.0	32.5	5.0	4.5	4.8	37.5	9.3	46.8
1198101PIP	2007	13	62	7.5	7.7	8.2	1.5	1.5	2.2	9.6	3.7	13.3
1198101PIP	2007	13	63	9.3	9.2	14.2	2.4	2.3	3.1	16.6	5.4	22.0
1198101PIP	2007	13	64	8.6	8.6	11.6	2.0	2.0	2.7	13.6	4.7	18.3
1198101PIP	2007	13	65	12.3	11.6	29.3	4.6	4.1	4.6	33.8	8.7	42.5
1198101PIP	2007	13	66	8.0	8.1	9.6	1.7	1.7	2.5	11.3	4.2	15.5
1198101PIP	2007	13	67	6.3	6.6	5.1	1.0	1.0	1.8	6.1	2.8	8.9
1198101PIP	2007	13	68	7.8	7.9	9.0	1.6	1.6	2.4	10.6	4.0	14.6
1198101PIP	2007	13	69	7.6	7.8	8.5	1.5	1.5	2.3	10.0	3.8	13.8
1198101PIP	2007	13	70	13.1	12.2	34.4	5.3	4.7	5.0	39.6	9.7	49.3
1198101PIP	2007	13	71	11.0	10.6	22.0	3.5	3.3	3.9	25.5	7.1	32.6
1198101PIP	2007	13	73	9.0	9.0	13.1	2.2	2.1	2.9	15.4	5.0	20.4
1198101PIP	2007	13	75	6.7	7.0	6.1	1.1	1.2	1.9	7.2	3.1	10.3
1198101PIP	2007	13	77	2.7	3.3	0.6	0.1	0.2	0.5	0.7	0.7	1.4
1198101PIP	2007	13	78	6.2	6.5	4.9	0.9	1.0	1.7	5.9	2.7	8.6
1198101PIP	2007	13	79	4.2	4.7	1.8	0.4	0.5	1.0	2.2	1.4	3.6
1198101PIP	2007	13	80	13.8	12.7	39.2	5.9	5.3	5.4	45.1	10.7	55.8
1198101PIP	2007	13	81	7.8	7.9	9.0	1.6	1.6	2.4	10.6	4.0	14.6
1198101PIP	2007	13	82	5.7	6.0	3.9	0.8	0.9	1.6	4.7	2.4	7.1
1198101PIP	2007	13	83	8.6	8.6	11.6	2.0	2.0	2.7	13.6	4.7	18.3
1198101PIP	2007	13	84	9.6	9.5	15.5	2.6	2.4	3.2	18.1	5.6	23.7
1198101PIP	2007	13	85	5.0	5.4	2.8	0.6	0.7	1.3	3.4	1.9	5.3
1198101PIP	2007	13	86	10.1	9.9	17.7	2.9	2.7	3.4	20.6	6.1	26.7
1198101PIP	2007	13	87	11.4	10.9	24.1	3.8	3.5	4.1	27.9	7.6	35.5
1198101PIP	2007	13	88	8.2	8.3	10.3	1.8	1.8	2.5	12.1	4.3	16.4
1198101PIP	2007	13	89	5.6	6.0	3.8	0.8	0.8	1.5	4.6	2.3	6.9
1198101PIP	2007	13	90	10.7	10.4	20.5	3.3	3.1	3.7	23.9	6.8	30.6
1198101PIP	2007	13	92	10.5	10.2	19.5	3.2	3.0	3.6	22.7	6.6	29.2
1198101PIP	2007	13	93	8.3	8.4	10.6	1.9	1.8	2.6	12.5	4.4	16.9
1198101PIP	2007	13	94	3.3	3.9	1.0	0.2	0.3	0.7	1.2	1.0	2.2
1198101PIP	2007	13	95	14.4	13.1	43.6	6.5	5.8	5.8	50.1	11.6	61.6
1198101PIP	2007	13	96	11.2	10.8	23.1	3.7	3.4	4.0	26.8	7.3	34.1
1198101PIP	2007	13	97	10.3	10.0	18.5	3.0	2.9	3.5	21.5	6.4	27.9
1198101PIP	2007	13	98	8.3	8.4	10.6	1.9	1.8	2.6	12.5	4.4	16.9
1198101PIP	2007	13	99	10.0	9.8	17.2	2.8	2.7	3.4	20.0	6.0	26.1
1198101PIP	2007	13	100	18.8	15.9	84.4	11.7	10.5	8.8	96.1	19.3	115.4
1198101PIP	2007	13	101	9.8	9.6	16.3	2.7	2.6	3.3	19.0	5.9	24.8
1198101PIP	2007	13	102	2.9	3.5	0.7	0.2	0.2	0.6	0.9	0.8	1.6
1198101PIP	2007	13	103	14.2	13.0	42.2	6.3	5.6	5.7	48.5	11.2	59.7
1198101PIP	2007	13	104	12.0	11.4	27.5	4.3	3.9	4.4	31.9	8.3	40.1
1198101PIP	2007	13	105	3.0	3.6	0.8	0.2	0.2	0.6	0.9	0.8	1.8
1198101PIP	2007	13	106	11.9	11.3	26.9	4.2	3.8	4.3	31.1	8.2	39.3
1198101PIP	2007	13	107	13.9	12.8	40.0	6.0	5.3	5.5	46.0	10.8	56.8
1198101PIP	2007	13	108	7.2	7.4	7.3	1.3	1.4	2.1	8.6	3.5	12.1
1198101PIP	2007	13	109	15.7	14.0	54.2	7.9	7.0	6.6	62.1	13.6	75.7
1198101PIP	2007	13	110	2.6	3.2	0.5	0.1	0.2	0.5	0.7	0.7	1.3
1198101PIP	2007	13	113	7.5	7.7	8.2	1.5	1.5	2.2	9.6	3.7	13.3
1198101PIP	2007	13	114	12.8	12.0	32.5	5.0	4.5	4.8	37.5	9.3	46.8
1198101PIP	2007	13	116	5.7	6.0	3.9	0.8	0.9	1.6	4.7	2.4	7.1
1198101PIP	2007	13	117	3.2	3.8	0.9	0.2	0.3	0.7	1.1	0.9	2.0
1198101PIP	2007	13	118	15.0	13.6	48.6	7.2	6.3	6.1	55.7	12.4	68.1
1198101PIP	2007	13	119	6.0	6.3	4.5	0.9	0.9	1.7	5.4	2.6	8.0
1198101PIP	2007	13	120	13.5	12.5	37.1	5.6	5.0	5.2	42.7	10.3	53.0
1198101PIP	2007	13	121	3.3	3.9	1.0	0.2	0.3	0.7	1.2	1.0	2.2
1198101PIP	2007	13	122	14.3	13.1	43.0	6.4	5.7	5.7	49.5	11.4	60.8
1198101PIP	2007	13	123	14.5	13.2	44.4	6.6	5.9	5.8	51.0	11.7	62.7
1198101PIP	2007	13	124	2.7	3.3	0.6	0.1	0.2	0.5	0.7	0.7	1.4
1198101PIP	2007	13	125	4.4	4.9	2.0	0.4	0.5	1.1	2.5	1.5	4.0
1198101PIP	2007	13	126	4.8	5.2	2.5	0.5	0.6	1.2	3.0	1.8	4.9
1198101PIP	2007	13	127	14.7	13.4	46.2	6.8	6.0	5.9	53.0	11.9	65.0
1198101PIP	2007	13	128	3.7	4.2	1.3	0.3	0.3	0.8	1.6	1.2	2.8
1198101PIP	2007	13	129	10.6	10.3	20.0	3.3	3.0	3.7	23.3	6.7	29.9
1198106PIP	2007	13	301	4.5	4.6	2.0	0.4	0.6	1.2	2.4	1.8	4.2
1198106PIP	2007	20	302	4.0	4.1	1.3	0.2	0.2	0.8	1.5	1.1	2.6
1198106PIP	2007	20	303	4.5	4.6	1.7	0.3	0.3	1.0	2.0	1.3	3.3
1198106PIP	2007	13	305	19.8	15.3	88.9	12.5	13.1	10.6	101.5	23.7	125.2
1198106PIP	2007	74	307	4.6	8.2	2.5	0.6	0.3	0.3	3.1	0.6	3.8
1198106PIP	2007	20	308	4.1	4.2	1.4	0.2	0.3	0.9	1.6	1.1	2.7
1198106PIP	2007	20	309	7.1	6.7	5.6	1.0	1.0	2.1	6.5	3.0	9.5
1198106PIP	2007	20	310	11.5	9.6	18.4	3.3	3.3	4.7	21.6	7.9	29.5
1198106PIP	2007	20	313	5.7	5.6	3.2	0.5	0.6	1.5	3.7	2.0	5.7
1198106PIP	2007	74	314	4.6	8.2	2.5	0.6	0.3	0.3	3.1	0.6	3.8
1198106PIP	2007	20	315	8.9	8.0	9.8	1.7	1.7	3.0	11.5	4.7	16.2
1198106PIP	2007	20	316	4.6	4.6	1.8	0.3	0.3	1.1	2.1	1.4	3.5
1198106PIP	2007	20	317	3.7	3.9	1.1	0.2	0.2	0.7	1.2	0.9	2.2
1198106PIP	2007	20	318	6.4	6.1	4.2	0.7	0.8	1.8	5.0	2.5	7.5
1198106PIP	2007	20	319	3.9	4.0	1.2	0.2	0.2	0.8	1.4	1.0	2.4
1198106PIP	2007	20	321	2.5	2.9	0.4	0.1	0.1	0.4	0.5	0.5	0.9
1198106PIP	2007	20	322	9.1	8.1	10.3	1.8	1.8	3.1	12.1	4.9	17.0
1198106PIP	2007	20	323	5.9	5.7	3.4	0.6	0.6	1.6	4.0	2.2	6.2
1198106PIP	2007	13	325	4.3	4.5	1.8	0.4	0.5	1.1	2.2	1.6	3.8
1198106PIP	2007	20	327	3.5	3.7	0.9	0.2	0.2	0.7	1.1	0.8	1.9
1198106PIP	2007	20	329	4.6	4.6	1.8	0.3	0.3	1.1	2.1	1.4	3.5
1198106PIP	2007	20	332	4.2	4.3	1.4	0.2	0.3	0.9	1.7	1.2	2.9
1198106PIP	2007	20	333	2.7	3.0	0.5	0.1	0.1	0.4	0.6	0.5	1.1
1198106PIP	2007	20	336	4.5	4.6	1.7	0.3	0.3	1.0	2.0	1.3	3.3
1198106PIP	2007	13	337	3.9	4.1	1.4	0.3	0.4	1.0	1.7	1.4	3.1
1198106PIP	2007	13	338	6.4	6.2	5.0	1.0	1.2	2.0	5.9	3.2	9.1
1198106PIP	2007	13	345	7.5	7.1	7.5	1.4	1.7	2.5	8.9	4.2	13.1
1198106PIP	2007	13	347	4.2	4.4	1.7	0.4	0.5	1.1	2.1	1.6	3.6
1198106PIP	2007	13	349	5.7	5.6	3.7	0.7	0.9	1.7	4.4	2.7	7.1
1198106PIP	2007	13	350	6.7	6.5	5.6	1.1	1.3	2.1	6.7	3.4	10.1
1198106PIP	2007	13	351	3.2	3.5	0.8	0.2	0.3	0.7	1.0	1.0	2.0
1198106PIP	2007	13	352	4.8	4.9	2.4	0.5	0.7	1.3	2.9	2.0	4.8
1198106PIP	2007	13	353	6.1	6.0	4.4	0.9	1.1	1.9	5.3	2.9	8.2
1198106PIP	2007	13	355	5.0	5.1	2.7	0.6	0.7	1.4	3.2	2.1	5.3
1198106PIP	2007	20	356	8.9	8.0	9.8	1.7	1.7	3.0	11.5	4.7	16.2
1198106PIP	2007	20	357	4.7	4.7	1.9	0.3	0.4	1.1	2.2	1.4	3.7
1198106PIP	2007	20	358	10.5	9.0	14.7	2.6	2.6	4.0	17.3	6.6	23.9
1198106PIP	2007	20	359	7.1	6.7	5.6	1.0	1.0	2.1	6.5	3.0	9.5
1198106PIP	2007	20	360	11.1	9.4	16.9	3.0	3.0	4.4	19.9	7.3	27.2
1198106PIP	2007	3	361	8.1	9.5	11.2	1.5	1.2	1.4	12.8	2.6	15.4
1198106PIP	2007	13	362	7.4	7.1	7.3	1.4	1.6	2.4	8.7	4.0	12.7
1198106PIP	2007	13	363	6.8	6.6	5.9	1.1	1.3	2.1	7.0	3.5	10.5
1198106PIP	2007	13	364	8.2	7.7	9.5	1.7	2.0	2.8	11.3	4.8	16.0
1198106PIP	2007	13	365	6.5	6.3	5.2	1.0	1.2	2.0	6.2	3.3	9.5
1198106PIP	2007	13	366	5.7	5.6	3.7	0.7	0.9	1.7	4.4	2.7	7.1
1198106PIP	2007	13	367	3.2	3.5	0.8	0.2	0.3	0.7	1.0	1.0	2.0
1198106PIP	2007	20	368	5.8	5.6	3.3	0.6	0.6	1.5	3.9	2.1	6.0
1198106PIP	2007	74	369	2.7	5.7	0.6	0.2	0.1	0.1	0.8	0.2	1.0
1198106PIP	2007	74	370	2.7	5.7	0.6	0.2	0.1	0.1	0.8	0.2	1.0
1198106PIP	2007	74	371	4.8	8.4	2.8	0.7	0.4	0.3	3.5	0.7	4.2
1198106PIP	2007	74	372	4.1	7.6	1.9	0.5	0.2	0.3	2.3	0.5	2.8
1198106PIP	2007	74	373	3.7	7.1	1.4	0.4	0.2	0.2	1.8	0.4	2.2
1198106PIP	2007	38	374	8.5	9.9	13.7	2.5	2.7	1.5	16.3	4.2	20.4
1198106PIP	2007	38	375	4.0	6.6	2.2	0.4	0.4	0.4	2.6	0.8	3.4
1198106PIP	2007	38	376	7.5	9.4	10.2	1.9	1.9	1.2	12.1	3.1	15.2
1198106PIP	2007	38	377	4.0	6.6	2.2	0.4	0.4	0.4	2.6	0.8	3.4
1198106PIP	2007	38	378	5.4	7.9	4.6	0.9	0.8	0.7	5.5	1.5	6.9
1198106PIP	2007	20	380	5.7	5.6	3.2	0.5	0.6	1.5	3.7	2.0	5.7
1198106PIP	2007	38	381	6.8	8.9	8.0	1.5	1.4	1.0	9.6	2.5	12.0
1198106PIP	2007	38	382	4.2	6.8	2.5	0.5	0.4	0.5	3.0	0.9	3.8
1198106PIP	2007	13	383	3.6	3.9	1.1	0.3	0.4	0.9	1.4	1.2	2.6
1198106PIP	2007	13	384	5.5	5.5	3.4	0.7	0.9	1.6	4.1	2.5	6.5
1198106PIP	2007	13	385	9.7	8.9	14.8	2.5	2.8	3.6	17.3	6.3	23.7
1198106PIP	2007	20	386	6.6	6.3	4.6	0.8	0.8	1.8	5.4	2.6	8.1
1198106PIP	2007	20	387	3.9	4.0	1.2	0.2	0.2	0.8	1.4	1.0	2.4
1198106PIP	2007	13	388	7.2	6.9	6.8	1.3	1.5	2.3	8.1	3.9	11.9
1198106PIP	2007	13	389	7.9	7.5	8.7	1.6	1.8	2.7	10.3	4.5	14.7
1198106PIP	2007	13	390	11.1	9.9	20.9	3.4	3.7	4.4	24.3	8.1	32.3
1198106PIP	2007	74	391	4.2	7.7	2.0	0.5	0.3	0.3	2.5	0.5	3.0
1198106PIP	2007	20	392	8.9	8.0	9.8	1.7	1.7	3.0	11.5	4.7	16.2
1198106PIP	2007	13	393	6.3	6.1	4.8	0.9	1.2	2.0	5.7	3.1	8.8
1198106PIP	2007	13	394	3.8	4.0	1.3	0.3	0.4	1.0	1.6	1.4	2.9
1198106PIP	2007	13	395	8.6	8.0	10.8	1.9	2.2	3.0	12.7	5.2	17.9
1198106PIP	2007	13	396	6.9	6.6	6.0	1.1	1.4	2.2	7.2	3.6	10.8
1198106PIP	2007	13	397	6.4	6.2	5.0	1.0	1.2	2.0	5.9	3.2	9.1
1198106PIP	2007	13	398	2.6	3.1	0.5	0.1	0.2	0.5	0.6	0.7	1.3
1198106PIP	2007	13	399	2.5	3.0	0.5	0.1	0.2	0.5	0.6	0.6	1.2
1198106PIP	2007	13	400	7.1	6.8	6.5	1.2	1.5	2.3	7.8	3.8	11.6
1198106PIP	2007	13	401	5.9	5.8	4.0	0.8	1.0	1.8	4.8	2.8	7.6
1198106PIP	2007	13	402	6.1	6.0	4.4	0.9	1.1	1.9	5.3	2.9	8.2
1198106PIP	2007	20	403	2.8	3.1	0.5	0.1	0.1	0.5	0.6	0.6	1.2
1198106PIP	2007	20	404	4.7	4.7	1.9	0.3	0.4	1.1	2.2	1.4	3.7
1198106PIP	2007	20	405	6.4	6.1	4.2	0.7	0.8	1.8	5.0	2.5	7.5
1198106PIP	2007	20	406	4.0	4.1	1.3	0.2	0.2	0.8	1.5	1.1	2.6
1198106PIP	2007	20	407	6.5	6.2	4.4	0.8	0.8	1.8	5.2	2.6	7.8
1198106PIP	2007	20	408	6.7	6.4	4.8	0.8	0.8	1.9	5.6	2.7	8.3
1198106PIP	2007	20	409	6.5	6.2	4.4	0.8	0.8	1.8	5.2	2.6	7.8
1198106PIP	2007	13	410	6.6	6.4	5.4	1.0	1.3	2.1	6.5	3.3	9.8
1198106PIP	2007	20	411	3.3	3.5	0.8	0.1	0.2	0.6	0.9	0.8	1.7
1198106PIP	2007	20	412	3.7	3.9	1.1	0.2	0.2	0.7	1.2	0.9	2.2
1198106PIP	2007	13	413	8.9	8.3	11.9	2.1	2.3	3.1	13.9	5.5	19.4
1198106PIP	2007	13	414	7.8	7.4	8.4	1.5	1.8	2.6	9.9	4.4	14.3
1198106PIP	2007	20	415	2.8	3.1	0.5	0.1	0.1	0.5	0.6	0.6	1.2
1198106PIP	2007	20	416	5.1	5.1	2.4	0.4	0.4	1.2	2.8	1.6	4.4
1198106PIP	2007	13	417	6.8	6.6	5.9	1.1	1.3	2.1	7.0	3.5	10.5
1198106PIP	2007	20	418	5.7	5.6	3.2	0.5	0.6	1.5	3.7	2.0	5.7
1198106PIP	2007	20	419	2.7	3.0	0.5	0.1	0.1	0.4	0.6	0.5	1.1
1198106PIP	2007	20	420	7.0	6.6	5.3	0.9	0.9	2.0	6.3	3.0	9.2
1198106PIP	2007	20	421	7.5	7.0	6.4	1.1	1.1	2.3	7.5	3.4	10.8
1198106PIP	2007	20	422	2.8	3.1	0.5	0.1	0.1	0.5	0.6	0.6	1.2
1198106PIP	2007	20	423	6.0	5.8	3.6	0.6	0.6	1.6	4.2	2.2	6.5
1198106PIP	2007	20	424	5.3	5.2	2.6	0.5	0.5	1.3	3.1	1.8	4.9
1198106PIP	2007	20	425	8.5	7.7	8.7	1.5	1.5	2.8	10.2	4.3	14.5
1198106PIP	2007	20	426	7.3	6.8	5.9	1.0	1.0	2.2	7.0	3.2	10.2
1198106PIP	2007	20	427	5.6	5.5	3.0	0.5	0.5	1.4	3.6	2.0	5.5
1198106PIP	2007	20	428	10.3	8.9	14.1	2.5	2.4	3.8	16.5	6.3	22.8
1198106PIP	2007	20	429	6.0	5.8	3.6	0.6	0.6	1.6	4.2	2.2	6.5
1198106PIP	2007	38	430	3.9	6.5	2.0	0.4	0.3	0.4	2.5	0.7	3.2
1198106PIP	2007	38	431	3.2	5.7	1.2	0.3	0.2	0.3	1.5	0.5	2.0
1198106PIP	2007	38	432	3.4	5.9	1.4	0.3	0.2	0.3	1.7	0.6	2.3
1198106PIP	2007	20	433	4.6	4.6	1.8	0.3	0.3	1.1	2.1	1.4	3.5
1198106PIP	2007	13	434	7.6	7.2	7.8	1.4	1.7	2.5	9.2	4.2	13.5
1198106PIP	2007	13	435	7.5	7.1	7.5	1.4	1.7	2.5	8.9	4.2	13.1
1198106PIP	2007	13	436	10.1	9.2	16.4	2.8	3.0	3.8	19.2	6.8	26.0
1198106PIP	2007	13	437	9.2	8.5	12.9	2.2	2.5	3.3	15.1	5.8	20.9
1198106PIP	2007	20	438	5.3	5.2	2.6	0.5	0.5	1.3	3.1	1.8	4.9
1198106PIP	2007	38	439	6.0	8.3	5.9	1.1	1.0	0.8	7.0	1.9	8.9
1198106PIP	2007	13	440	4.2	4.4	1.7	0.4	0.5	1.1	2.1	1.6	3.6
1198106PIP	2007	74	441	4.2	7.7	2.0	0.5	0.3	0.3	2.5	0.5	3.0
1198106PIP	2007	20	442	5.4	5.3	2.7	0.5	0.5	1.3	3.2	1.8	5.1
1198106PIP	2007	74	443	4.1	7.6	1.9	0.5	0.2	0.3	2.3	0.5	2.8
1198106PIP	2007	74	444	5.5	9.1	4.0	0.9	0.5	0.4	4.9	0.9	5.9
1198106PIP	2007	74	446	3.8	7.2	1.5	0.4	0.2	0.2	1.9	0.4	2.3
1198106PIP	2007	20	447	9.0	8.0	10.0	1.8	1.7	3.1	11.8	4.8	16.6
1198106PIP	2007	20	448	5.2	5.1	2.5	0.4	0.5	1.3	2.9	1.7	4.6
1198106PIP	2007	74	449	2.8	5.9	0.7	0.2	0.1	0.1	0.9	0.2	1.1
1198106PIP	2007	20	450	4.6	4.6	1.8	0.3	0.3	1.1	2.1	1.4	3.5
1198106PIP	2007	20	451	3.5	3.7	0.9	0.2	0.2	0.7	1.1	0.8	1.9
1198106PIP	2007	20	452	6.3	6.0	4.1	0.7	0.7	1.7	4.8	2.5	7.2
1198106PIP	2007	20	453	5.8	5.6	3.3	0.6	0.6	1.5	3.9	2.1	6.0
1198106PIP	2007	20	454	9.3	8.2	10.9	1.9	1.9	3.3	12.8	5.2	17.9
1198106PIP	2007	20	455	7.0	6.6	5.3	0.9	0.9	2.0	6.3	3.0	9.2
1198106PIP	2007	20	456	5.9	5.7	3.4	0.6	0.6	1.6	4.0	2.2	6.2
1198106PIP	2007	20	457	7.9	7.3	7.3	1.3	1.2	2.5	8.5	3.7	12.2
1198106PIP	2007	20	458	6.6	6.3	4.6	0.8	0.8	1.8	5.4	2.6	8.1
1198106PIP	2007	13	459	2.6	3.1	0.5	0.1	0.2	0.5	0.6	0.7	1.3
1198106PIP	2007	13	460	3.5	3.8	1.1	0.2	0.3	0.8	1.3	1.2	2.5
1198106PIP	2007	13	461	3.4	3.7	1.0	0.2	0.3	0.8	1.2	1.1	2.3
1198106PIP	2007	20	462	4.0	4.1	1.3	0.2	0.2	0.8	1.5	1.1	2.6
1198106PIP	2007	74	463	4.1	7.6	1.9	0.5	0.2	0.3	2.3	0.5	2.8
1198106PIP	2007	20	464	7.6	7.0	6.5	1.1	1.1	2.3	7.7	3.5	11.2
1232406PIP	2007	74	1	13.0	15.9	38.2	8.2	4.5	1.7	46.4	6.2	52.6
1232406PIP	2007	13	2	23.9	17.2	139.0	18.8	20.5	14.7	157.8	35.2	193.0
1232406PIP	2007	38	3	17.7	16.1	87.6	14.9	17.2	4.8	102.4	22.0	124.4
1232406PIP	2007	74	4	9.3	13.5	16.8	3.7	1.9	1.0	20.5	2.9	23.3
1232406PIP	2007	13	5	12.0	10.7	25.8	4.1	4.3	4.8	30.0	9.1	39.0
1232406PIP	2007	13	6	11.4	10.2	22.5	3.7	3.9	4.5	26.2	8.3	34.5
1232406PIP	2007	13	7	10.7	9.7	19.2	3.2	3.4	4.1	22.3	7.4	29.8
1232406PIP	2007	13	8	14.5	12.3	41.4	6.3	6.5	6.4	47.7	12.9	60.6
1232406PIP	2007	74	10	5.8	10.1	4.9	1.1	0.6	0.5	6.1	1.0	7.1
1232406PIP	2007	13	11	13.3	11.6	33.5	5.2	5.3	5.6	38.8	10.9	49.7
1232406PIP	2007	13	12	9.0	8.4	12.2	2.1	2.4	3.2	14.4	5.5	19.9
1232406PIP	2007	13	13	19.9	15.4	90.3	12.7	13.2	10.7	103.0	23.9	126.9
1232406PIP	2007	74	14	14.5	16.6	49.4	10.6	6.0	2.0	60.0	8.0	68.0
1232406PIP	2007	74	16	7.0	11.4	8.1	1.8	0.9	0.6	9.9	1.5	11.4
1232406PIP	2007	13	17	9.8	9.0	15.2	2.6	2.8	3.6	17.8	6.4	24.3
1232406PIP	2007	74	18	11.8	15.2	30.2	6.5	3.5	1.5	36.7	4.9	41.6
1232406PIP	2007	74	19	12.5	15.6	34.7	7.5	4.0	1.6	42.2	5.6	47.8
1232406PIP	2007	13	21	4.8	4.9	2.4	0.5	0.7	1.3	2.9	2.0	4.8
1232406PIP	2007	38	22	8.8	12.0	16.8	3.1	2.5	1.3	19.9	3.8	23.7
1232406PIP	2007	13	23	17.2	14.0	63.6	9.3	9.4	8.4	72.8	17.8	90.6
1232406PIP	2007	13	24	11.2	10.1	21.6	3.5	3.7	4.3	25.1	8.0	33.2
1232406PIP	2007	13	25	13.9	12.0	37.5	5.8	5.8	6.0	43.3	11.8	55.1
1232406PIP	2007	13	26	11.6	10.4	23.7	3.8	4.0	4.6	27.5	8.5	36.0
1232406PIP	2007	13	27	16.6	13.6	58.0	8.5	8.7	7.9	66.6	16.7	83.2
1232406PIP	2007	13	28	10.6	9.6	18.6	3.1	3.3	4.0	21.8	7.4	29.1
1232406PIP	2007	13	30	21.3	16.1	106.3	14.7	15.4	12.0	121.1	27.4	148.5
1232406PIP	2007	74	31	14.7	16.7	51.1	10.9	6.2	2.1	62.0	8.3	70.3
1232406PIP	2007	74	33	18.9	18.2	91.1	19.5	12.3	3.1	110.6	15.4	126.0
1232406PIP	2007	3	35	20.3	18.1	118.3	9.8	10.8	7.1	128.0	17.8	145.9
1232406PIP	2007	13	36	9.6	8.9	14.5	2.5	2.7	3.5	17.0	6.1	23.2
1232406PIP	2007	13	37	9.8	9.0	15.2	2.6	2.8	3.6	17.8	6.4	24.3
1232406PIP	2007	74	38	14.5	16.6	49.4	10.6	6.0	2.0	60.0	8.0	68.0
1232406PIP	2007	74	39	9.0	13.2	15.4	3.4	1.7	0.9	18.8	2.7	21.4
1232406PIP	2007	74	40	15.9	17.2	61.4	13.1	7.7	2.4	74.5	10.0	84.5
1232406PIP	2007	13	41	20.0	15.5	91.7	12.9	13.3	10.7	104.5	24.0	128.6
1232406PIP	2007	13	42	10.4	9.5	17.8	3.0	3.2	3.9	20.8	7.1	27.9
1232406PIP	2007	74	43	19.2	18.3	94.4	20.2	12.8	3.2	114.7	16.0	130.7
1232406PIP	2007	13	44	6.8	6.6	5.9	1.1	1.3	2.1	7.0	3.5	10.5
1232406PIP	2007	74	45	13.9	16.4	45.0	9.6	5.3	1.9	54.6	7.2	61.8
1232406PIP	2007	13	46	10.2	9.3	16.9	2.8	3.1	3.8	19.7	6.9	26.6
1232406PIP	2007	74	47	17.2	17.7	73.7	15.8	9.5	2.7	89.4	12.2	101.6
1232406PIP	2007	13	49	6.4	6.3	5.1	1.0	1.2	2.0	6.0	3.1	9.2
1232406PIP	2007	13	51	12.1	10.7	26.2	4.2	4.4	4.9	30.4	9.3	39.7
1232406PIP	2007	13	52	13.5	11.7	34.7	5.4	5.5	5.7	40.1	11.2	51.4
1232406PIP	2007	13	53	8.9	8.3	11.9	2.1	2.3	3.1	13.9	5.5	19.4
1232406PIP	2007	38	54	7.3	10.7	10.6	2.0	1.5	1.0	12.5	2.5	15.0
1232406PIP	2007	13	55	10.9	9.9	20.2	3.3	3.5	4.2	23.5	7.6	31.2
1232406PIP	2007	74	56	9.8	13.9	19.2	4.2	2.1	1.1	23.3	3.2	26.5
1232406PIP	2007	13	58	17.2	14.0	63.6	9.3	9.4	8.4	72.8	17.8	90.6
1232406PIP	2007	13	59	20.1	15.5	92.5	13.0	13.5	10.9	105.5	24.4	129.8
1232406PIP	2007	38	60	9.2	12.3	18.8	3.4	2.8	1.4	22.2	4.2	26.4
1232406PIP	2007	74	61	17.6	17.8	77.5	16.6	10.1	2.8	94.1	12.9	107.0
1232406PIP	2007	13	62	13.2	11.5	32.8	5.1	5.2	5.5	38.0	10.8	48.7
1232406PIP	2007	20	63	7.2	7.4	6.2	1.1	0.9	1.9	7.3	2.8	10.1
1232406PIP	2007	74	64	12.2	15.5	32.9	7.1	3.8	1.5	39.9	5.3	45.3
1232406PIP	2007	13	65	15.8	13.1	51.2	7.6	7.8	7.4	58.9	15.2	74.1
1232406PIP	2007	38	66	8.6	11.8	15.9	2.9	2.3	1.3	18.8	3.6	22.4
1232406PIP	2007	13	67	9.4	8.7	13.7	2.4	2.6	3.4	16.1	6.0	22.0
1232406PIP	2007	74	69	11.5	15.0	28.3	6.1	3.2	1.4	34.4	4.6	39.1
1232406PIP	2007	74	70	16.8	17.5	69.5	14.9	8.9	2.6	84.4	11.5	95.9
1232406PIP	2007	74	73	8.4	12.7	12.9	2.8	1.4	0.8	15.8	2.3	18.0
1232406PIP	2007	13	75	10.5	9.6	18.3	3.1	3.2	3.9	21.4	7.2	28.6
1232406PIP	2007	13	76	5.8	5.8	3.9	0.8	1.0	1.7	4.7	2.7	7.4
1232406PIP	2007	74	77	7.0	11.4	8.1	1.8	0.9	0.6	9.9	1.5	11.4
1232406PIP	2007	74	78	10.5	14.4	22.7	4.9	2.5	1.2	27.7	3.8	31.4
1232406PIP	2007	20	80	2.7	3.1	0.5	0.1	0.1	0.4	0.6	0.5	1.1
1232406PIP	2007	20	81	2.6	3.0	0.4	0.1	0.1	0.4	0.5	0.5	1.0
1232406PIP	2007	12	82	11.1	9.7	18.2	3.2	4.0	5.0	21.4	8.9	30.4
1232406PIP	2007	13	83	19.2	15.1	83.1	11.8	12.1	10.0	94.9	22.1	117.0
1232406PIP	2007	12	84	12.4	10.6	24.2	4.1	5.0	5.9	28.3	10.9	39.2
1232406PIP	2007	13	85	9.9	9.1	15.7	2.7	2.9	3.6	18.3	6.5	24.9
1232406PIP	2007	74	86	7.9	12.3	11.1	2.5	1.2	0.8	13.5	2.0	15.5
1232406PIP	2007	74	87	7.8	12.2	10.7	2.4	1.2	0.8	13.1	1.9	15.0
1232406PIP	2007	74	88	10.3	14.2	21.6	4.7	2.4	1.2	26.3	3.6	29.9
1232406PIP	2007	74	90	13.4	16.1	41.1	8.8	4.8	1.8	49.9	6.6	56.5
1232406PIP	2007	13	92	12.1	10.7	26.2	4.2	4.4	4.9	30.4	9.3	39.7
1232406PIP	2007	13	93	16.0	13.3	53.2	7.9	8.0	7.5	61.1	15.4	76.5
1232406PIP	2007	13	94	13.1	11.4	32.1	5.0	5.2	5.5	37.1	10.7	47.8
1294301PIP	2007	2	1	9.2	5.9	5.7	1.8	2.8	3.6	7.6	6.3	13.9
1294301PIP	2007	2	3	7.9	5.5	4.0	1.4	1.8	2.6	5.4	4.4	9.8
1294301PIP	2007	2	4	5.7	4.6	1.8	0.8	0.7	1.4	2.6	2.1	4.7
1294301PIP	2007	2	6	5.3	4.4	1.5	0.7	0.6	1.2	2.2	1.8	4.0
1294301PIP	2007	2	9	8.6	5.8	5.0	1.6	2.2	3.1	6.6	5.3	11.9
1294301PIP	2007	2	10	4.9	4.2	1.2	0.6	0.5	1.1	1.8	1.5	3.3
1294301PIP	2007	2	11	7.2	5.3	3.2	1.2	1.4	2.2	4.4	3.5	8.0
1294301PIP	2007	2	12	9.6	6.0	6.3	2.0	3.1	3.9	8.3	7.0	15.3
1294301PIP	2007	2	13	6.7	5.1	2.7	1.1	1.1	1.9	3.8	3.0	6.8
1294301PIP	2007	2	14	11.4	6.4	9.3	2.6	5.2	5.6	12.0	10.7	22.7
1294301PIP	2007	2	15	8.5	5.7	4.8	1.6	2.2	3.1	6.4	5.3	11.6
1294301PIP	2007	3	16	10.1	6.3	9.8	1.7	3.6	2.0	11.5	5.6	17.1
1294301PIP	2007	2	17	7.1	5.2	3.1	1.2	1.3	2.1	4.2	3.5	7.7
1294301PIP	2007	3	18	6.0	5.1	3.1	0.7	0.9	0.8	3.8	1.7	5.5
1294301PIP	2007	2	21	8.2	5.6	4.4	1.5	2.0	2.8	5.9	4.8	10.7
1294301PIP	2007	3	22	3.2	3.8	0.7	0.2	0.2	0.3	0.9	0.4	1.4
1294301PIP	2007	3	23	8.3	5.9	6.5	1.2	2.1	1.4	7.7	3.5	11.2
1294301PIP	2007	2	24	9.0	5.9	5.5	1.8	2.6	3.4	7.3	6.0	13.2
1294301PIP	2007	2	25	8.0	5.6	4.2	1.5	1.8	2.7	5.6	4.5	10.1
1294301PIP	2007	3	27	8.6	5.9	6.9	1.3	2.3	1.5	8.1	3.9	12.0
1294301PIP	2007	3	28	8.6	5.9	6.9	1.3	2.3	1.5	8.1	3.9	12.0
1294301PIP	2007	3	29	6.0	5.1	3.1	0.7	0.9	0.8	3.8	1.7	5.5
1294301PIP	2007	2	30	5.8	4.7	1.9	0.8	0.8	1.4	2.7	2.2	4.9
1294301PIP	2007	3	31	7.7	5.7	5.5	1.0	1.7	1.2	6.5	3.0	9.5
1294301PIP	2007	3	33	8.9	6.0	7.4	1.4	2.6	1.6	8.8	4.2	13.0
1294301PIP	2007	2	34	7.3	5.3	3.3	1.2	1.4	2.3	4.5	3.7	8.2
1294301PIP	2007	3	35	4.7	4.6	1.8	0.4	0.5	0.5	2.2	1.0	3.2
1294301PIP	2007	3	36	4.1	4.3	1.3	0.3	0.3	0.4	1.6	0.7	2.4
1294301PIP	2007	3	37	5.5	4.9	2.6	0.6	0.7	0.7	3.1	1.4	4.5
1294301PIP	2007	3	39	7.8	5.7	5.6	1.1	1.8	1.3	6.6	3.1	9.7
1294301PIP	2007	3	40	10.3	6.3	10.1	1.8	3.8	2.1	11.9	5.9	17.8
1294301PIP	2007	2	41	7.4	5.3	3.4	1.3	1.5	2.3	4.6	3.8	8.5
1294301PIP	2007	2	42	8.3	5.7	4.6	1.5	2.0	2.9	6.1	4.9	11.0
1294301PIP	2007	2	43	4.7	4.1	1.1	0.6	0.4	1.0	1.6	1.4	3.0
1294301PIP	2007	2	44	4.0	3.7	0.7	0.4	0.3	0.7	1.1	1.0	2.1
1294301PIP	2007	2	45	2.6	2.8	0.2	0.2	0.1	0.3	0.4	0.4	0.8
1294301PIP	2007	2	46	6.2	4.9	2.2	0.9	0.9	1.6	3.1	2.5	5.7
1294301PIP	2007	2	47	5.2	4.4	1.4	0.7	0.6	1.2	2.1	1.7	3.8
1294301PIP	2007	2	48	8.0	5.6	4.2	1.5	1.8	2.7	5.6	4.5	10.1
1294301PIP	2007	2	49	4.1	3.8	0.8	0.4	0.3	0.7	1.2	1.0	2.2
1294301PIP	2007	2	50	6.6	5.0	2.5	1.0	1.1	1.9	3.6	2.9	6.5
1294301PIP	2007	2	51	8.4	5.7	4.7	1.6	2.1	3.0	6.2	5.1	11.3
1294301PIP	2007	2	52	5.0	4.3	1.3	0.6	0.5	1.1	1.9	1.6	3.5
1294301PIP	2007	2	53	3.3	3.3	0.4	0.3	0.2	0.5	0.7	0.7	1.4
1294301PIP	2007	3	54	7.8	5.7	5.6	1.1	1.8	1.3	6.6	3.1	9.7
1294301PIP	2007	3	56	9.6	6.2	8.8	1.6	3.1	1.9	10.4	5.0	15.3
1294301PIP	2007	2	58	7.5	5.4	3.5	1.3	1.5	2.4	4.8	3.9	8.7
1294301PIP	2007	2	59	10.0	6.1	6.9	2.1	3.5	4.3	9.1	7.8	16.8
1294301PIP	2007	2	60	8.5	5.7	4.8	1.6	2.2	3.1	6.4	5.3	11.6
1294301PIP	2007	3	61	7.0	5.5	4.4	0.9	1.3	1.1	5.3	2.4	7.7
1294301PIP	2007	3	62	8.0	5.8	5.9	1.1	1.9	1.3	7.1	3.2	10.3
1294301PIP	2007	3	63	4.0	4.2	1.2	0.3	0.3	0.4	1.5	0.7	2.2
1294301PIP	2007	3	64	5.6	5.0	2.7	0.6	0.7	0.7	3.3	1.4	4.7
1294301PIP	2007	2	65	6.4	4.9	2.4	1.0	1.0	1.8	3.3	2.8	6.1
1294301PIP	2007	2	66	6.0	4.8	2.0	0.9	0.8	1.5	2.9	2.4	5.3
1294301PIP	2007	2	67	7.4	5.3	3.4	1.3	1.5	2.3	4.6	3.8	8.5
1294301PIP	2007	2	68	6.3	4.9	2.3	0.9	1.0	1.7	3.2	2.6	5.9
1294301PIP	2007	2	69	8.5	5.7	4.8	1.6	2.2	3.1	6.4	5.3	11.6
1294301PIP	2007	3	70	7.4	5.6	5.0	1.0	1.6	1.2	6.0	2.7	8.7
1294301PIP	2007	2	72	8.8	5.8	5.2	1.7	2.4	3.3	6.9	5.7	12.6
1294301PIP	2007	2	73	8.9	5.8	5.3	1.7	2.5	3.4	7.0	5.9	12.9
1294301PIP	2007	2	74	9.2	5.9	5.7	1.8	2.8	3.6	7.6	6.3	13.9
1294301PIP	2007	2	75	8.9	5.8	5.3	1.7	2.5	3.4	7.0	5.9	12.9
1294301PIP	2007	3	76	9.2	6.1	8.0	1.4	2.8	1.7	9.5	4.5	14.0
1294301PIP	2007	3	77	7.7	5.7	5.5	1.0	1.7	1.2	6.5	3.0	9.5
1294301PIP	2007	2	78	9.9	6.1	6.8	2.1	3.4	4.2	8.9	7.5	16.4
1294301PIP	2007	2	79	8.7	5.8	5.1	1.7	2.3	3.2	6.7	5.5	12.3
1294301PIP	2007	2	81	9.0	5.9	5.5	1.8	2.6	3.4	7.3	6.0	13.2
1294301PIP	2007	2	82	8.7	5.8	5.1	1.7	2.3	3.2	6.7	5.5	12.3
1294301PIP	2007	3	84	9.0	6.0	7.6	1.4	2.6	1.7	8.9	4.3	13.2
1294301PIP	2007	3	86	8.6	5.9	6.9	1.3	2.3	1.5	8.1	3.9	12.0
1294301PIP	2007	2	87	9.4	6.0	6.1	1.9	2.9	3.7	8.0	6.6	14.6
1294301PIP	2007	2	89	9.2	5.9	5.7	1.8	2.8	3.6	7.6	6.3	13.9
1294301PIP	2007	2	90	10.4	6.2	7.6	2.3	3.9	4.6	9.9	8.5	18.4
1294301PIP	2007	2	91	8.7	5.8	5.1	1.7	2.3	3.2	6.7	5.5	12.3
1294301PIP	2007	2	92	7.5	5.4	3.5	1.3	1.5	2.4	4.8	3.9	8.7
1294301PIP	2007	2	93	7.9	5.5	4.0	1.4	1.8	2.6	5.4	4.4	9.8
1294301PIP	2007	3	95	8.8	6.0	7.3	1.3	2.5	1.6	8.6	4.1	12.7
1294301PIP	2007	3	96	7.1	5.5	4.6	0.9	1.4	1.1	5.4	2.5	7.9
1294301PIP	2007	2	97	10.0	6.1	6.9	2.1	3.5	4.3	9.1	7.8	16.8
1294301PIP	2007	3	98	7.4	5.6	5.0	1.0	1.6	1.2	6.0	2.7	8.7
1294301PIP	2007	3	99	4.6	4.5	1.7	0.4	0.4	0.5	2.1	0.9	3.0
1294301PIP	2007	3	101	5.5	4.9	2.6	0.6	0.7	0.7	3.1	1.4	4.5
1253101PIP	2007	38	3	8.0	9.8	12.0	2.2	2.2	1.3	14.2	3.5	17.8
1253101PIP	2007	20	4	3.7	3.7	1.0	0.2	0.2	0.8	1.2	1.0	2.2
1253101PIP	2007	12	5	8.6	7.3	8.7	1.7	2.5	3.7	10.5	6.2	16.7
1253101PIP	2007	38	6	7.7	9.6	11.0	2.0	2.0	1.3	13.0	3.2	16.2
1253101PIP	2007	32	7	10.8	10.5	23.2	4.1	7.0	2.0	27.3	8.9	36.2
1253101PIP	2007	32	8	18.9	13.7	88.3	13.2	26.9	4.6	101.4	31.4	132.9
1253101PIP	2007	32	9	4.3	5.9	2.3	0.6	0.8	0.5	2.9	1.3	4.2
1253101PIP	2007	32	10	7.4	8.4	9.1	1.9	2.8	1.1	10.9	3.9	14.9
1253101PIP	2007	20	11	17.2	11.8	46.0	8.5	10.2	10.2	54.5	20.4	74.9
1253101PIP	2007	20	12	12.1	9.6	20.2	3.6	3.9	5.3	23.8	9.2	33.0
1253101PIP	2007	20	13	2.5	2.7	0.4	0.1	0.1	0.4	0.4	0.5	0.9
1253101PIP	2007	32	14	6.7	7.9	7.1	1.5	2.2	1.0	8.6	3.2	11.8
1253101PIP	2007	20	15	4.1	4.0	1.3	0.2	0.3	0.9	1.5	1.2	2.7
1253101PIP	2007	20	16	2.6	2.8	0.4	0.1	0.1	0.4	0.5	0.5	1.0
1253101PIP	2007	20	17	6.1	5.6	3.6	0.6	0.7	1.7	4.2	2.4	6.7
1253101PIP	2007	32	18	7.1	8.2	8.2	1.7	2.5	1.1	9.9	3.6	13.5
1253101PIP	2007	32	19	4.4	6.0	2.5	0.6	0.8	0.5	3.1	1.3	4.4
1253101PIP	2007	32	20	3.5	5.1	1.4	0.4	0.5	0.4	1.8	0.8	2.6
1253101PIP	2007	32	21	3.0	4.7	0.9	0.3	0.3	0.3	1.2	0.6	1.8
1253101PIP	2007	20	22	17.7	12.0	49.2	9.1	11.1	10.8	58.3	21.8	80.1
1253101PIP	2007	20	23	4.9	4.6	2.0	0.4	0.4	1.2	2.4	1.7	4.1
1253101PIP	2007	20	24	11.6	9.3	18.2	3.3	3.5	4.9	21.4	8.4	29.9
1253101PIP	2007	20	25	9.3	7.9	10.5	1.9	2.0	3.4	12.4	5.4	17.8
1253101PIP	2007	20	26	2.8	3.0	0.5	0.1	0.1	0.5	0.6	0.6	1.2
1253101PIP	2007	12	27	4.2	4.0	1.3	0.3	0.6	1.3	1.7	1.9	3.6
1253101PIP	2007	20	28	15.2	11.0	34.5	6.3	7.3	8.1	40.8	15.4	56.1
1253101PIP	2007	32	29	8.7	9.2	13.5	2.6	4.1	1.4	16.1	5.6	21.7
1253101PIP	2007	38	31	14.0	12.3	44.8	7.8	10.5	3.8	52.6	14.3	66.9
1253101PIP	2007	38	32	4.2	6.7	2.4	0.5	0.4	0.5	2.9	0.9	3.8
1253101PIP	2007	20	33	10.7	8.8	14.9	2.7	2.8	4.3	17.6	7.1	24.7
1253101PIP	2007	20	34	4.3	4.2	1.5	0.3	0.3	1.0	1.7	1.3	3.0
1253101PIP	2007	20	35	5.5	5.1	2.7	0.5	0.6	1.5	3.2	2.0	5.3
1253101PIP	2007	20	36	14.9	10.9	33.0	6.0	6.9	7.8	39.0	14.6	53.6
1253101PIP	2007	12	38	3.9	3.8	1.1	0.3	0.5	1.2	1.4	1.6	3.1
1253101PIP	2007	32	40	4.6	6.2	2.8	0.7	0.9	0.6	3.4	1.4	4.9
1253101PIP	2007	38	41	9.3	10.5	17.2	3.1	3.3	1.7	20.4	5.1	25.4
1253101PIP	2007	38	42	4.6	7.1	3.1	0.6	0.5	0.5	3.7	1.1	4.7
1253101PIP	2007	38	43	3.0	5.3	1.0	0.2	0.2	0.3	1.2	0.5	1.7
1253101PIP	2007	38	44	3.5	5.9	1.5	0.3	0.3	0.3	1.8	0.6	2.4
1253101PIP	2007	32	46	6.9	8.0	7.6	1.6	2.4	1.0	9.2	3.4	12.6
1253101PIP	2007	20	47	2.7	2.9	0.5	0.1	0.1	0.5	0.5	0.6	1.1
1253101PIP	2007	20	48	4.4	4.2	1.5	0.3	0.3	1.0	1.8	1.4	3.2
1253101PIP	2007	20	49	16.0	11.3	38.8	7.1	8.4	8.9	45.9	17.3	63.2
1253101PIP	2007	20	50	9.9	8.3	12.3	2.2	2.3	3.8	14.5	6.1	20.6
1253101PIP	2007	20	51	2.5	2.7	0.4	0.1	0.1	0.4	0.4	0.5	0.9
1253101PIP	2007	20	53	13.1	10.1	24.4	4.4	4.8	6.1	28.8	10.9	39.7
1253101PIP	2007	20	54	4.3	4.2	1.5	0.3	0.3	1.0	1.7	1.3	3.0
1253101PIP	2007	20	57	4.0	3.9	1.2	0.2	0.3	0.9	1.4	1.2	2.6
1253101PIP	2007	20	58	5.1	4.8	2.3	0.4	0.5	1.3	2.7	1.8	4.4
1253101PIP	2007	12	59	3.1	3.2	0.6	0.2	0.3	0.8	0.8	1.1	1.9
1253101PIP	2007	38	62	3.0	5.3	1.0	0.2	0.2	0.3	1.2	0.5	1.7
1253101PIP	2007	20	63	3.8	3.8	1.1	0.2	0.2	0.8	1.3	1.0	2.3
1253101PIP	2007	20	64	3.5	3.5	0.9	0.2	0.2	0.7	1.0	0.9	1.9
1253101PIP	2007	38	65	3.6	6.0	1.6	0.3	0.3	0.4	2.0	0.6	2.6
1253101PIP	2007	20	66	6.1	5.6	3.6	0.6	0.7	1.7	4.2	2.4	6.7
1253101PIP	2007	38	71	9.0	10.4	16.0	2.9	3.0	1.6	18.9	4.7	23.6
1253101PIP	2007	20	72	2.9	3.0	0.5	0.1	0.1	0.5	0.6	0.6	1.3
1253101PIP	2007	20	77	6.7	6.1	4.6	0.8	0.9	2.0	5.4	2.9	8.3
1253101PIP	2007	38	79	4.8	7.3	3.4	0.7	0.6	0.6	4.1	1.1	5.2
1253101PIP	2007	20	80	6.6	6.0	4.4	0.8	0.9	1.9	5.2	2.8	8.0
1253101PIP	2007	20	81	7.7	6.8	6.5	1.2	1.2	2.5	7.7	3.7	11.4
1253101PIP	2007	20	83	22.1	13.2	80.2	15.3	21.3	16.9	95.6	38.3	133.8
1204806PIP	2007	25	3	5.8	5.1	3.4	0.6	1.3	1.3	4.0	2.6	6.6
1204806PIP	2007	13	4	5.0	4.5	2.3	0.5	0.8	1.6	2.8	2.5	5.3
1204806PIP	2007	25	5	2.8	3.2	0.6	0.1	0.2	0.4	0.7	0.6	1.4
1204806PIP	2007	13	6	4.9	4.5	2.3	0.5	0.8	1.6	2.8	2.4	5.1
1204806PIP	2007	13	7	7.7	6.5	7.2	1.4	2.0	3.0	8.6	5.1	13.7
1204806PIP	2007	13	8	4.8	4.4	2.1	0.5	0.8	1.5	2.6	2.3	4.9
1204806PIP	2007	13	9	4.0	3.8	1.3	0.3	0.5	1.2	1.6	1.7	3.3
1204806PIP	2007	13	10	4.2	4.0	1.5	0.3	0.6	1.2	1.9	1.8	3.7
1204806PIP	2007	13	11	8.0	6.7	7.9	1.5	2.2	3.2	9.4	5.4	14.9
1204806PIP	2007	13	12	7.4	6.3	6.5	1.3	1.9	2.8	7.8	4.7	12.5
1204806PIP	2007	25	13	7.3	5.9	5.8	1.0	2.2	1.9	6.8	4.1	10.9
1204806PIP	2007	25	14	7.5	6.0	6.2	1.1	2.3	1.9	7.3	4.3	11.6
1204806PIP	2007	13	15	8.0	6.7	7.9	1.5	2.2	3.2	9.4	5.4	14.9
1204806PIP	2007	13	16	6.7	5.8	5.0	1.0	1.5	2.5	6.0	4.0	10.0
1204806PIP	2007	13	17	4.0	3.8	1.3	0.3	0.5	1.2	1.6	1.7	3.3
1204806PIP	2007	13	18	3.5	3.5	1.0	0.2	0.4	0.9	1.2	1.3	2.5
1204806PIP	2007	13	19	7.9	6.6	7.7	1.5	2.2	3.2	9.1	5.3	14.4
1204806PIP	2007	25	20	4.9	4.6	2.3	0.4	0.8	1.0	2.7	1.8	4.5
1204806PIP	2007	13	21	6.5	5.6	4.6	0.9	1.5	2.4	5.5	3.9	9.4
1204806PIP	2007	25	22	9.5	6.9	10.9	1.7	4.2	2.8	12.6	7.0	19.6
1204806PIP	2007	25	23	7.7	6.1	6.6	1.1	2.5	2.0	7.8	4.5	12.3
1204806PIP	2007	25	24	4.4	4.3	1.7	0.4	0.6	0.8	2.1	1.5	3.6
1204806PIP	2007	13	25	5.3	4.8	2.8	0.6	0.9	1.8	3.4	2.7	6.0
1204806PIP	2007	13	26	8.7	7.2	9.9	1.8	2.6	3.6	11.7	6.2	17.9
1204806PIP	2007	13	27	6.0	5.3	3.8	0.8	1.2	2.1	4.6	3.3	7.9
1204806PIP	2007	25	28	2.9	3.3	0.6	0.1	0.2	0.4	0.8	0.7	1.5
1204806PIP	2007	25	29	7.8	6.1	6.8	1.1	2.6	2.1	7.9	4.7	12.6
1204806PIP	2007	13	30	8.9	7.3	10.4	1.9	2.8	3.7	12.3	6.5	18.9
1204806PIP	2007	13	31	8.4	7.0	9.0	1.7	2.4	3.4	10.7	5.9	16.6
1204806PIP	2007	25	32	4.1	4.1	1.5	0.3	0.5	0.8	1.8	1.3	3.1
1204806PIP	2007	13	33	3.9	3.7	1.2	0.3	0.5	1.1	1.5	1.6	3.2
1204806PIP	2007	25	34	3.3	3.6	0.9	0.2	0.3	0.5	1.1	0.9	1.9
1204806PIP	2007	25	35	4.6	4.4	1.9	0.4	0.7	0.9	2.3	1.6	3.9
1204806PIP	2007	13	36	4.9	4.5	2.3	0.5	0.8	1.6	2.8	2.4	5.1
1204806PIP	2007	13	37	4.0	3.8	1.3	0.3	0.5	1.2	1.6	1.7	3.3
1204806PIP	2007	13	38	9.4	7.6	12.0	2.2	3.1	4.1	14.1	7.2	21.3
1204806PIP	2007	13	39	6.3	5.5	4.3	0.9	1.3	2.3	5.2	3.6	8.8
1204806PIP	2007	13	40	7.5	6.3	6.7	1.3	2.0	2.9	8.0	4.9	12.9
1204806PIP	2007	13	41	7.4	6.3	6.5	1.3	1.9	2.8	7.8	4.7	12.5
1204806PIP	2007	13	42	5.0	4.5	2.3	0.5	0.8	1.6	2.8	2.5	5.3
1204806PIP	2007	13	43	4.4	4.1	1.7	0.4	0.6	1.3	2.1	2.0	4.1
1204806PIP	2007	13	44	5.0	4.5	2.3	0.5	0.8	1.6	2.8	2.5	5.3
1204806PIP	2007	13	45	6.4	5.6	4.5	0.9	1.4	2.3	5.4	3.7	9.1
1204806PIP	2007	13	46	3.6	3.5	1.0	0.2	0.4	1.0	1.3	1.4	2.7
1204806PIP	2007	13	47	6.5	5.6	4.6	0.9	1.5	2.4	5.5	3.9	9.4
1204806PIP	2007	13	48	4.6	4.2	1.9	0.4	0.7	1.5	2.3	2.2	4.5
1204806PIP	2007	25	49	6.7	5.6	4.8	0.8	1.8	1.6	5.6	3.4	9.0
1204806PIP	2007	13	50	6.1	5.3	3.9	0.8	1.3	2.2	4.7	3.5	8.2
1204806PIP	2007	13	51	3.1	3.2	0.7	0.2	0.3	0.8	0.9	1.1	2.0
1204806PIP	2007	13	52	9.6	7.8	12.7	2.3	3.2	4.2	15.0	7.4	22.4
1204806PIP	2007	13	53	3.8	3.7	1.2	0.3	0.5	1.1	1.5	1.5	3.0
1204806PIP	2007	13	54	8.8	7.2	10.1	1.9	2.7	3.7	11.9	6.4	18.4
1204806PIP	2007	13	55	4.7	4.3	2.0	0.4	0.7	1.5	2.5	2.2	4.7
1204806PIP	2007	13	56	3.6	3.5	1.0	0.2	0.4	1.0	1.3	1.4	2.7
1204806PIP	2007	13	57	4.8	4.4	2.1	0.5	0.8	1.5	2.6	2.3	4.9
1204806PIP	2007	13	58	9.7	7.8	13.0	2.3	3.3	4.3	15.3	7.6	22.9
1204806PIP	2007	13	59	8.1	6.7	8.1	1.5	2.3	3.3	9.7	5.6	15.3
1204806PIP	2007	13	60	6.8	5.8	5.2	1.0	1.6	2.6	6.2	4.2	10.4
1204806PIP	2007	13	61	4.5	4.2	1.8	0.4	0.7	1.4	2.2	2.0	4.3
1204806PIP	2007	13	62	6.2	5.4	4.1	0.8	1.3	2.2	4.9	3.5	8.5
1204806PIP	2007	25	63	4.4	4.3	1.7	0.4	0.6	0.8	2.1	1.5	3.6
1204806PIP	2007	13	65	2.9	3.0	0.6	0.2	0.3	0.7	0.8	1.0	1.7
1204806PIP	2007	13	66	8.6	7.1	9.6	1.8	2.6	3.6	11.3	6.1	17.5
1204806PIP	2007	13	67	4.0	3.8	1.3	0.3	0.5	1.2	1.6	1.7	3.3
1204806PIP	2007	25	68	3.9	4.0	1.3	0.3	0.5	0.7	1.6	1.2	2.8
1204806PIP	2007	13	69	3.5	3.5	1.0	0.2	0.4	0.9	1.2	1.3	2.5
1204806PIP	2007	13	70	4.8	4.4	2.1	0.5	0.8	1.5	2.6	2.3	4.9
1204806PIP	2007	13	71	4.5	4.2	1.8	0.4	0.7	1.4	2.2	2.0	4.3
1204806PIP	2007	13	73	9.8	7.9	13.4	2.4	3.4	4.3	15.8	7.7	23.5
1204806PIP	2007	13	75	2.5	2.7	0.4	0.1	0.2	0.6	0.5	0.7	1.3
1204806PIP	2007	13	76	6.6	5.7	4.8	1.0	1.5	2.4	5.8	3.9	9.7
1204806PIP	2007	13	77	4.8	4.4	2.1	0.5	0.8	1.5	2.6	2.3	4.9
1204806PIP	2007	13	78	2.6	2.8	0.5	0.1	0.2	0.6	0.6	0.8	1.4
1204806PIP	2007	13	79	5.8	5.1	3.4	0.7	1.1	2.0	4.2	3.2	7.3
1204806PIP	2007	13	80	4.3	4.0	1.6	0.4	0.6	1.3	2.0	1.9	3.9
1204806PIP	2007	13	81	9.2	7.5	11.4	2.1	3.0	3.9	13.4	6.9	20.3
1204806PIP	2007	13	82	7.2	6.1	6.0	1.2	1.8	2.8	7.2	4.6	11.8
1204806PIP	2007	13	83	2.5	2.7	0.4	0.1	0.2	0.6	0.5	0.7	1.3
1204806PIP	2007	13	84	3.0	3.1	0.7	0.2	0.3	0.7	0.8	1.0	1.8
1204806PIP	2007	13	85	4.0	3.8	1.3	0.3	0.5	1.2	1.6	1.7	3.3
1204806PIP	2007	13	86	5.9	5.2	3.6	0.7	1.2	2.1	4.4	3.2	7.6
1204806PIP	2007	13	87	6.7	5.8	5.0	1.0	1.5	2.5	6.0	4.0	10.0
1204806PIP	2007	13	88	7.7	6.5	7.2	1.4	2.0	3.0	8.6	5.1	13.7
1204806PIP	2007	25	89	3.0	3.4	0.7	0.2	0.3	0.5	0.9	0.7	1.6
1204806PIP	2007	13	90	7.4	6.3	6.5	1.3	1.9	2.8	7.8	4.7	12.5
1204806PIP	2007	13	91	3.2	3.2	0.8	0.2	0.3	0.8	0.9	1.2	2.1
1204806PIP	2007	25	92	5.7	5.0	3.2	0.6	1.2	1.3	3.8	2.5	6.3
1204806PIP	2007	13	93	6.8	5.8	5.2	1.0	1.6	2.6	6.2	4.2	10.4
1204806PIP	2007	13	94	5.9	5.2	3.6	0.7	1.2	2.1	4.4	3.2	7.6
1204806PIP	2007	13	95	4.1	3.9	1.4	0.3	0.5	1.2	1.8	1.7	3.5
1204806PIP	2007	13	96	6.9	5.9	5.4	1.1	1.6	2.6	6.5	4.2	10.7
1204806PIP	2007	25	97	3.5	3.7	1.0	0.2	0.4	0.6	1.2	1.0	2.2
1204806PIP	2007	13	98	5.5	4.9	3.0	0.6	1.0	1.9	3.6	2.9	6.5
1204806PIP	2007	13	99	5.0	4.5	2.3	0.5	0.8	1.6	2.8	2.5	5.3
1204806PIP	2007	13	100	3.1	3.2	0.7	0.2	0.3	0.8	0.9	1.1	2.0
1204806PIP	2007	25	101	7.7	6.1	6.6	1.1	2.5	2.0	7.8	4.5	12.3
1204806PIP	2007	25	102	7.7	6.1	6.6	1.1	2.5	2.0	7.8	4.5	12.3
1204806PIP	2007	13	103	5.7	5.0	3.3	0.7	1.1	2.0	4.0	3.1	7.1
1204806PIP	2007	13	105	9.0	7.4	10.8	2.0	2.8	3.8	12.8	6.6	19.4
1204806PIP	2007	13	107	2.5	2.7	0.4	0.1	0.2	0.6	0.5	0.7	1.3
1204806PIP	2007	13	108	7.6	6.4	6.9	1.3	2.0	3.0	8.3	5.0	13.3
1204806PIP	2007	13	109	3.9	3.7	1.2	0.3	0.5	1.1	1.5	1.6	3.2
1204806PIP	2007	13	110	4.5	4.2	1.8	0.4	0.7	1.4	2.2	2.0	4.3
1204806PIP	2007	13	111	5.5	4.9	3.0	0.6	1.0	1.9	3.6	2.9	6.5
1197906PIP	2007	13	1	4.8	5.2	2.5	0.5	0.6	1.2	3.0	1.8	4.9
1197906PIP	2007	13	2	6.3	6.5	5.1	1.0	1.1	1.8	6.0	2.9	8.9
1197906PIP	2007	13	3	5.3	5.6	3.2	0.7	0.7	1.4	3.9	2.2	6.0
1197906PIP	2007	13	4	3.0	3.6	0.8	0.2	0.2	0.6	0.9	0.8	1.8
1197906PIP	2007	13	5	2.7	3.3	0.6	0.1	0.2	0.5	0.7	0.7	1.4
1197906PIP	2007	38	6	6.5	8.3	7.0	1.3	1.3	1.0	8.3	2.3	10.6
1197906PIP	2007	13	7	14.3	12.9	42.4	6.4	5.8	5.8	48.7	11.6	60.3
1197906PIP	2007	13	8	11.8	11.1	26.0	4.1	3.8	4.4	30.1	8.2	38.3
1197906PIP	2007	13	10	5.7	6.0	3.9	0.8	0.9	1.6	4.7	2.4	7.1
1197906PIP	2007	13	11	18.0	15.3	75.2	10.6	9.6	8.3	85.9	17.9	103.8
1197906PIP	2007	13	13	11.1	10.6	22.3	3.6	3.4	4.0	25.9	7.3	33.2
1197906PIP	2007	13	14	9.5	9.3	14.9	2.5	2.4	3.2	17.4	5.6	23.0
1197906PIP	2007	13	16	12.0	11.3	27.3	4.3	3.9	4.4	31.6	8.4	40.0
1197906PIP	2007	13	18	6.2	6.4	4.9	0.9	1.0	1.8	5.8	2.8	8.6
1197906PIP	2007	13	19	13.8	12.6	38.9	5.9	5.3	5.5	44.8	10.8	55.6
1197906PIP	2007	13	20	15.3	13.6	50.3	7.4	6.7	6.4	57.7	13.1	70.8
1197906PIP	2007	13	22	9.3	9.1	14.1	2.4	2.3	3.1	16.4	5.4	21.9
1197906PIP	2007	13	23	13.3	12.2	35.3	5.4	4.9	5.2	40.7	10.2	50.8
1197906PIP	2007	13	24	3.4	3.9	1.0	0.2	0.3	0.7	1.3	1.0	2.3
1197906PIP	2007	13	26	8.4	8.4	10.9	1.9	1.9	2.7	12.8	4.5	17.3
1197906PIP	2007	13	28	11.8	11.1	26.0	4.1	3.8	4.4	30.1	8.2	38.3
1197906PIP	2007	13	29	14.2	12.9	41.9	6.3	5.7	5.7	48.1	11.4	59.5
1197906PIP	2007	13	31	8.3	8.3	10.5	1.8	1.8	2.6	12.3	4.5	16.8
1197906PIP	2007	13	32	14.9	13.4	47.3	7.0	6.3	6.1	54.3	12.4	66.7
1197906PIP	2007	13	33	8.0	8.0	9.5	1.7	1.7	2.5	11.2	4.2	15.4
1197906PIP	2007	13	34	10.4	10.0	18.8	3.1	2.9	3.6	21.9	6.6	28.5
1197906PIP	2007	13	36	10.1	9.8	17.5	2.9	2.8	3.5	20.4	6.2	26.6
1197906PIP	2007	13	37	10.4	10.0	18.8	3.1	2.9	3.6	21.9	6.6	28.5
1197906PIP	2007	13	38	4.7	5.1	2.4	0.5	0.6	1.2	2.9	1.8	4.6
1197906PIP	2007	13	39	6.4	6.6	5.3	1.0	1.1	1.8	6.3	2.9	9.2
1197906PIP	2007	13	40	7.1	7.2	6.9	1.3	1.4	2.1	8.2	3.5	11.7
1197906PIP	2007	13	41	6.1	6.4	4.7	0.9	1.0	1.7	5.6	2.7	8.3
1197906PIP	2007	13	42	10.0	9.7	17.0	2.8	2.7	3.4	19.8	6.1	26.0
1197906PIP	2007	13	43	12.6	11.7	30.8	4.8	4.4	4.8	35.6	9.2	44.8
1197906PIP	2007	13	44	16.0	14.1	56.4	8.2	7.3	6.9	64.6	14.2	78.8
1197906PIP	2007	13	45	4.8	5.2	2.5	0.5	0.6	1.2	3.0	1.8	4.9
1197906PIP	2007	13	46	8.8	8.7	12.2	2.1	2.1	2.9	14.3	4.9	19.2
1197906PIP	2007	13	47	5.9	6.2	4.3	0.8	0.9	1.6	5.2	2.5	7.7
1197906PIP	2007	13	49	2.5	3.1	0.5	0.1	0.2	0.5	0.6	0.6	1.2
1197906PIP	2007	13	50	7.5	7.6	8.0	1.5	1.5	2.3	9.5	3.8	13.3
1197906PIP	2007	13	51	14.1	12.8	41.0	6.2	5.6	5.7	47.2	11.3	58.4
1197906PIP	2007	13	52	3.9	4.4	1.5	0.3	0.4	0.9	1.8	1.3	3.1
1197906PIP	2007	13	53	13.0	12.0	33.3	5.1	4.7	5.0	38.5	9.7	48.2
1197906PIP	2007	13	54	15.1	13.5	48.8	7.2	6.5	6.3	56.0	12.8	68.7
1197906PIP	2007	13	56	11.5	10.9	24.4	3.9	3.6	4.2	28.3	7.8	36.1
1197906PIP	2007	13	57	11.4	10.8	23.8	3.8	3.6	4.1	27.6	7.7	35.4
1197906PIP	2007	13	58	7.9	7.9	9.2	1.6	1.7	2.5	10.8	4.2	15.0
1197906PIP	2007	13	59	16.7	14.5	62.5	9.0	8.1	7.4	71.5	15.5	87.0
1197906PIP	2007	13	60	2.9	3.5	0.7	0.2	0.2	0.6	0.9	0.8	1.6
1197906PIP	2007	13	61	3.0	3.6	0.8	0.2	0.2	0.6	0.9	0.8	1.8
1197906PIP	2007	13	62	7.0	7.2	6.8	1.2	1.3	2.1	8.0	3.4	11.4
1197906PIP	2007	13	63	2.9	3.5	0.7	0.2	0.2	0.6	0.9	0.8	1.6
1197906PIP	2007	13	64	3.1	3.6	0.8	0.2	0.2	0.7	1.0	0.9	1.9
1211706PIP	2007	13	1	3.6	3.7	1.1	0.3	0.4	0.9	1.3	1.3	2.6
1211706PIP	2007	13	2	2.7	3.0	0.5	0.1	0.2	0.6	0.7	0.8	1.5
1211706PIP	2007	13	3	3.2	3.4	0.8	0.2	0.3	0.8	1.0	1.1	2.1
1211706PIP	2007	13	4	8.5	7.4	9.8	1.8	2.3	3.3	11.5	5.6	17.1
1211706PIP	2007	13	6	8.5	7.4	9.8	1.8	2.3	3.3	11.5	5.6	17.1
1211706PIP	2007	13	7	3.9	3.9	1.3	0.3	0.5	1.1	1.6	1.5	3.1
1211706PIP	2007	13	8	2.7	3.0	0.5	0.1	0.2	0.6	0.7	0.8	1.5
1211706PIP	2007	13	9	5.8	5.4	3.6	0.7	1.1	1.9	4.4	2.9	7.3
1211706PIP	2007	13	10	3.5	3.6	1.0	0.2	0.4	0.9	1.2	1.3	2.5
1211706PIP	2007	13	11	4.3	4.2	1.7	0.4	0.6	1.2	2.1	1.8	3.8
1211706PIP	2007	13	12	3.7	3.8	1.2	0.3	0.4	1.0	1.4	1.4	2.8
1211706PIP	2007	13	13	3.3	3.4	0.9	0.2	0.3	0.8	1.1	1.2	2.2
1211706PIP	2007	13	14	4.5	4.4	1.9	0.4	0.6	1.3	2.3	1.9	4.2
1211706PIP	2007	13	15	6.2	5.7	4.3	0.9	1.2	2.1	5.2	3.3	8.5
1211706PIP	2007	13	16	3.5	3.6	1.0	0.2	0.4	0.9	1.2	1.3	2.5
1211706PIP	2007	13	17	5.8	5.4	3.6	0.7	1.1	1.9	4.4	2.9	7.3
1211706PIP	2007	13	18	5.4	5.1	3.0	0.6	0.9	1.7	3.7	2.6	6.3
1211706PIP	2007	13	19	4.9	4.7	2.4	0.5	0.7	1.5	2.9	2.2	5.1
1211706PIP	2007	13	20	2.6	2.9	0.5	0.1	0.2	0.6	0.6	0.7	1.3
1211706PIP	2007	13	21	6.3	5.8	4.5	0.9	1.2	2.1	5.4	3.4	8.8
1211706PIP	2007	13	22	4.2	4.1	1.6	0.4	0.5	1.2	1.9	1.7	3.7
1211706PIP	2007	13	23	5.2	4.9	2.7	0.6	0.9	1.6	3.3	2.5	5.8
1211706PIP	2007	13	24	2.7	3.0	0.5	0.1	0.2	0.6	0.7	0.8	1.5
1211706PIP	2007	13	25	5.5	5.2	3.2	0.7	0.9	1.7	3.9	2.7	6.5
1211706PIP	2007	13	27	2.7	3.0	0.5	0.1	0.2	0.6	0.7	0.8	1.5
1211706PIP	2007	13	28	7.9	7.0	8.1	1.5	2.0	2.9	9.6	4.9	14.5
1211706PIP	2007	25	29	5.9	4.9	3.3	0.6	1.4	1.4	3.9	2.8	6.7
1211706PIP	2007	25	30	3.7	3.7	1.1	0.2	0.4	0.7	1.3	1.1	2.5
1211706PIP	2007	13	31	6.2	5.7	4.3	0.9	1.2	2.1	5.2	3.3	8.5
1211706PIP	2007	25	32	4.7	4.3	1.9	0.4	0.8	1.0	2.3	1.8	4.1
1211706PIP	2007	13	33	3.6	3.7	1.1	0.3	0.4	0.9	1.3	1.3	2.6
1211706PIP	2007	13	34	4.9	4.7	2.4	0.5	0.7	1.5	2.9	2.2	5.1
1211706PIP	2007	13	35	5.7	5.3	3.5	0.7	1.0	1.8	4.2	2.9	7.0
1211706PIP	2007	25	36	3.7	3.7	1.1	0.2	0.4	0.7	1.3	1.1	2.5
1211706PIP	2007	13	37	6.0	5.5	3.9	0.8	1.1	2.0	4.7	3.1	7.9
1211706PIP	2007	13	38	4.5	4.4	1.9	0.4	0.6	1.3	2.3	1.9	4.2
1211706PIP	2007	25	39	2.5	2.9	0.4	0.1	0.2	0.4	0.5	0.5	1.1
1211706PIP	2007	13	40	5.8	5.4	3.6	0.7	1.1	1.9	4.4	2.9	7.3
1211706PIP	2007	25	41	3.5	3.6	1.0	0.2	0.4	0.6	1.2	1.0	2.2
1211706PIP	2007	13	42	3.0	3.2	0.7	0.2	0.3	0.7	0.8	1.0	1.8
1211706PIP	2007	13	43	3.2	3.4	0.8	0.2	0.3	0.8	1.0	1.1	2.1
1211706PIP	2007	13	44	3.7	3.8	1.2	0.3	0.4	1.0	1.4	1.4	2.8
1211706PIP	2007	13	45	3.8	3.8	1.2	0.3	0.4	1.0	1.5	1.5	3.0
1211706PIP	2007	13	46	3.7	3.8	1.2	0.3	0.4	1.0	1.4	1.4	2.8
1211706PIP	2007	13	47	2.8	3.1	0.6	0.1	0.2	0.6	0.7	0.8	1.6
1211706PIP	2007	13	48	4.7	4.5	2.1	0.5	0.7	1.4	2.6	2.1	4.7
1211706PIP	2007	25	49	3.2	3.4	0.8	0.2	0.3	0.5	1.0	0.8	1.8
1211706PIP	2007	13	50	3.6	3.7	1.1	0.3	0.4	0.9	1.3	1.3	2.6
1211706PIP	2007	25	51	4.4	4.1	1.7	0.3	0.7	0.9	2.0	1.6	3.6
1211706PIP	2007	25	52	2.8	3.1	0.6	0.1	0.2	0.4	0.7	0.7	1.4
1211706PIP	2007	13	53	4.0	4.0	1.4	0.3	0.5	1.1	1.7	1.6	3.3
1211706PIP	2007	25	54	3.5	3.6	1.0	0.2	0.4	0.6	1.2	1.0	2.2
1211706PIP	2007	13	55	4.3	4.2	1.7	0.4	0.6	1.2	2.1	1.8	3.8
1211706PIP	2007	13	56	3.5	3.6	1.0	0.2	0.4	0.9	1.2	1.3	2.5
1211706PIP	2007	25	57	3.4	3.5	0.9	0.2	0.4	0.6	1.1	1.0	2.0
1211706PIP	2007	25	58	3.3	3.5	0.9	0.2	0.3	0.5	1.0	0.9	1.9
1211706PIP	2007	13	59	2.9	3.1	0.6	0.2	0.2	0.7	0.8	0.9	1.7
1211706PIP	2007	13	60	3.9	3.9	1.3	0.3	0.5	1.1	1.6	1.5	3.1
1211706PIP	2007	13	61	3.3	3.4	0.9	0.2	0.3	0.8	1.1	1.2	2.2
1211706PIP	2007	13	62	3.1	3.3	0.7	0.2	0.3	0.7	0.9	1.0	1.9
1211706PIP	2007	25	63	3.0	3.3	0.7	0.2	0.3	0.5	0.8	0.7	1.6
1211706PIP	2007	13	64	3.5	3.6	1.0	0.2	0.4	0.9	1.2	1.3	2.5
1211706PIP	2007	13	65	6.5	5.9	4.9	1.0	1.4	2.2	5.8	3.6	9.4
1211706PIP	2007	13	67	4.1	4.1	1.5	0.3	0.5	1.1	1.8	1.6	3.5
1211706PIP	2007	13	68	3.0	3.2	0.7	0.2	0.3	0.7	0.8	1.0	1.8
1211706PIP	2007	13	69	6.1	5.6	4.1	0.8	1.2	2.0	5.0	3.2	8.2
1211706PIP	2007	13	70	5.2	4.9	2.7	0.6	0.9	1.6	3.3	2.5	5.8
1211706PIP	2007	25	71	3.2	3.4	0.8	0.2	0.3	0.5	1.0	0.8	1.8
1246001PIP	2007	13	2	3.3	4.1	1.0	0.2	0.2	0.6	1.3	0.9	2.2
1246001PIP	2007	13	3	16.4	15.9	66.4	9.3	6.7	6.2	75.7	12.9	88.6
1246001PIP	2007	13	4	13.0	13.3	37.0	5.5	4.1	4.4	42.5	8.4	50.9
1246001PIP	2007	13	5	14.7	14.6	50.3	7.2	5.3	5.3	57.6	10.6	68.2
1246001PIP	2007	13	7	11.0	11.6	24.1	3.8	2.9	3.4	27.8	6.3	34.1
1246001PIP	2007	13	12	10.8	11.4	22.9	3.6	2.8	3.3	26.5	6.1	32.6
1246001PIP	2007	13	13	8.8	9.6	13.5	2.2	1.8	2.5	15.7	4.3	20.0
1246001PIP	2007	13	15	6.7	7.6	6.6	1.2	1.0	1.7	7.8	2.7	10.5
1246001PIP	2007	13	16	8.5	9.3	12.3	2.1	1.7	2.4	14.3	4.1	18.4
1246001PIP	2007	74	17	14.5	18.1	54.2	11.2	5.7	2.0	65.4	7.7	73.1
1246001PIP	2007	13	19	14.5	14.5	48.8	7.0	5.1	5.1	55.8	10.3	66.1
1246001PIP	2007	13	22	17.1	16.4	73.7	10.2	7.4	6.6	83.9	14.0	97.9
1246001PIP	2007	13	23	9.2	10.0	15.2	2.5	2.0	2.6	17.7	4.6	22.3
1246001PIP	2007	13	24	2.5	3.3	0.5	0.1	0.1	0.4	0.6	0.6	1.2
1246001PIP	2007	13	25	5.0	5.8	3.0	0.6	0.6	1.2	3.6	1.8	5.4
1246001PIP	2007	13	27	5.8	6.7	4.5	0.9	0.8	1.4	5.4	2.2	7.6
1246001PIP	2007	13	28	22.0	19.4	135.7	17.6	13.2	10.1	153.3	23.3	176.5
1246001PIP	2007	13	29	14.7	14.6	50.3	7.2	5.3	5.3	57.6	10.6	68.2
1246001PIP	2007	13	30	12.0	12.5	30.2	4.6	3.4	3.9	34.8	7.3	42.1
1246001PIP	2007	13	31	2.8	3.6	0.7	0.2	0.2	0.5	0.8	0.7	1.5
1246001PIP	2007	13	32	2.7	3.5	0.6	0.1	0.2	0.5	0.8	0.6	1.4
1246001PIP	2007	13	33	15.3	15.1	55.8	7.9	5.8	5.6	63.8	11.3	75.1
1246001PIP	2007	13	35	16.7	16.1	69.4	9.6	7.0	6.4	79.1	13.4	92.5
1246001PIP	2007	13	37	4.9	5.7	2.9	0.6	0.6	1.1	3.4	1.7	5.1
1246001PIP	2007	13	38	6.5	7.4	6.1	1.1	1.0	1.6	7.2	2.6	9.8
1246001PIP	2007	13	40	11.8	12.3	28.8	4.4	3.3	3.8	33.3	7.1	40.4
1246001PIP	2007	13	41	15.7	15.4	59.6	8.4	6.1	5.8	68.0	11.9	79.9
1246001PIP	2007	13	43	2.6	3.4	0.6	0.1	0.1	0.4	0.7	0.6	1.3
1246001PIP	2007	13	44	15.9	15.5	61.3	8.6	6.3	5.9	70.0	12.2	82.2
1246001PIP	2007	13	45	14.4	14.4	47.9	6.9	5.1	5.1	54.8	10.2	65.0
1246001PIP	2007	13	46	23.5	20.2	158.6	20.3	15.4	11.3	178.8	26.7	205.6
1246001PIP	2007	13	47	6.0	6.9	4.9	0.9	0.8	1.5	5.9	2.3	8.2
1246001PIP	2007	13	48	2.6	3.4	0.6	0.1	0.1	0.4	0.7	0.6	1.3
1246001PIP	2007	13	49	12.4	12.8	32.7	4.9	3.7	4.1	37.7	7.8	45.4
1246001PIP	2007	13	50	18.4	17.2	87.9	11.9	8.7	7.5	99.8	16.2	116.1
1246001PIP	2007	13	52	14.3	14.3	47.0	6.8	5.0	5.1	53.8	10.0	63.8
1246001PIP	2007	13	53	9.0	9.8	14.3	2.4	1.9	2.6	16.7	4.5	21.1
1246001PIP	2007	13	54	7.8	8.6	9.8	1.7	1.4	2.1	11.5	3.6	15.0
1246001PIP	2007	13	55	10.3	11.0	20.3	3.2	2.5	3.1	23.6	5.6	29.2
1246001PIP	2007	13	56	14.3	14.3	47.0	6.8	5.0	5.1	53.8	10.0	63.8
1246001PIP	2007	13	57	2.9	3.7	0.7	0.2	0.2	0.5	0.9	0.7	1.6
1246001PIP	2007	13	59	4.5	5.3	2.3	0.5	0.5	1.0	2.8	1.5	4.2
1246001PIP	2007	13	61	2.5	3.3	0.5	0.1	0.1	0.4	0.6	0.6	1.2
1246001PIP	2007	13	62	10.0	10.7	18.8	3.0	2.4	3.0	21.8	5.3	27.1
1246001PIP	2007	13	63	2.7	3.5	0.6	0.1	0.2	0.5	0.8	0.6	1.4
1246001PIP	2007	13	64	3.2	4.0	1.0	0.2	0.2	0.6	1.2	0.8	2.0
1246001PIP	2007	38	65	3.8	7.2	2.1	0.4	0.3	0.3	2.5	0.6	3.1
1246001PIP	2007	38	66	3.3	6.5	1.4	0.3	0.2	0.3	1.7	0.5	2.2
1246001PIP	2007	38	67	5.0	8.7	4.2	0.8	0.6	0.5	5.0	1.1	6.1
1246001PIP	2007	13	68	8.9	9.7	13.9	2.3	1.9	2.5	16.2	4.4	20.6
1246001PIP	2007	13	70	6.8	7.7	6.9	1.2	1.1	1.7	8.1	2.8	10.9
1246001PIP	2007	13	71	6.9	7.8	7.1	1.3	1.1	1.8	8.4	2.9	11.3
1246001PIP	2007	13	72	13.8	13.9	42.9	6.3	4.6	4.8	49.2	9.4	58.6
1246001PIP	2007	13	73	21.2	18.9	123.8	16.2	12.1	9.5	140.1	21.6	161.7
1246001PIP	2007	13	74	10.8	11.4	22.9	3.6	2.8	3.3	26.5	6.1	32.6
1246001PIP	2007	13	76	3.4	4.2	1.1	0.2	0.3	0.7	1.4	0.9	2.3
1246001PIP	2007	13	77	18.7	17.4	91.5	12.4	9.1	7.7	103.8	16.8	120.6
1246001PIP	2007	13	78	17.5	16.6	77.7	10.7	7.8	6.9	88.4	14.7	103.1
1246001PIP	2007	13	79	17.8	16.8	81.0	11.1	8.1	7.1	92.1	15.2	107.3
1246001PIP	2007	13	80	7.2	8.1	8.0	1.4	1.2	1.9	9.4	3.1	12.5
1246001PIP	2007	13	81	13.9	14.0	43.8	6.4	4.7	4.8	50.1	9.5	59.7
1246001PIP	2007	13	82	7.8	8.6	9.8	1.7	1.4	2.1	11.5	3.6	15.0
1246001PIP	2007	13	85	16.3	15.8	65.3	9.1	6.6	6.2	74.4	12.8	87.2
1246001PIP	2007	13	86	8.6	9.4	12.7	2.1	1.7	2.4	14.8	4.2	18.9
1246001PIP	2007	13	87	5.4	6.3	3.8	0.7	0.7	1.3	4.5	1.9	6.4
1246001PIP	2007	13	90	5.0	5.8	3.0	0.6	0.6	1.2	3.6	1.8	5.4
1246001PIP	2007	13	91	8.0	8.8	10.4	1.8	1.5	2.2	12.2	3.7	15.9
1246001PIP	2007	13	92	8.0	8.8	10.4	1.8	1.5	2.2	12.2	3.7	15.9
1246001PIP	2007	13	93	7.7	8.5	9.4	1.6	1.4	2.1	11.1	3.5	14.6
1246001PIP	2007	13	95	21.0	18.8	121.2	15.9	11.8	9.3	137.1	21.2	158.2
1246001PIP	2007	13	96	12.2	12.6	31.3	4.7	3.6	4.0	36.1	7.6	43.6
1246001PIP	2007	13	97	4.2	5.0	1.9	0.4	0.4	0.9	2.3	1.3	3.6
1246001PIP	2007	13	98	2.8	3.6	0.7	0.2	0.2	0.5	0.8	0.7	1.5
1246001PIP	2007	13	99	3.9	4.7	1.6	0.3	0.4	0.8	1.9	1.2	3.1
1246001PIP	2007	13	100	12.8	13.1	35.4	5.3	3.9	4.3	40.7	8.2	49.0
1246001PIP	2007	13	101	7.8	8.6	9.8	1.7	1.4	2.1	11.5	3.6	15.0
1246001PIP	2007	13	102	15.3	15.1	55.8	7.9	5.8	5.6	63.8	11.3	75.1
1246001PIP	2007	13	103	14.7	14.6	50.3	7.2	5.3	5.3	57.6	10.6	68.2
1246001PIP	2007	13	104	14.4	14.4	47.9	6.9	5.1	5.1	54.8	10.2	65.0
1246001PIP	2007	13	105	9.9	10.6	18.3	2.9	2.3	3.0	21.2	5.3	26.5
1246001PIP	2007	13	106	4.5	5.3	2.3	0.5	0.5	1.0	2.8	1.5	4.2
1246001PIP	2007	13	108	3.9	4.7	1.6	0.3	0.4	0.8	1.9	1.2	3.1
1246001PIP	2007	13	109	17.3	16.5	75.7	10.4	7.6	6.8	86.1	14.4	100.5
1246001PIP	2007	13	110	8.0	8.8	10.4	1.8	1.5	2.2	12.2	3.7	15.9
1246001PIP	2007	13	111	11.0	11.6	24.1	3.8	2.9	3.4	27.8	6.3	34.1
1246001PIP	2007	13	112	19.4	17.9	100.4	13.4	9.8	8.1	113.8	17.9	131.8
1246001PIP	2007	13	113	3.9	4.7	1.6	0.3	0.4	0.8	1.9	1.2	3.1
1246001PIP	2007	3	114	14.4	17.6	64.0	5.5	3.9	3.8	69.5	7.7	77.2
1246001PIP	2007	13	115	8.4	9.2	11.9	2.0	1.7	2.3	13.9	4.0	17.9
1246001PIP	2007	13	116	9.3	10.1	15.6	2.6	2.0	2.7	18.2	4.7	22.9
1246001PIP	2007	13	117	15.3	15.1	55.8	7.9	5.8	5.6	63.8	11.3	75.1
1246001PIP	2007	13	118	12.7	13.0	34.7	5.2	3.9	4.2	39.9	8.1	48.0
1246001PIP	2007	13	120	9.8	10.5	17.8	2.9	2.3	2.9	20.7	5.2	25.8
1246001PIP	2007	13	121	7.7	8.5	9.4	1.6	1.4	2.1	11.1	3.5	14.6
1246001PIP	2007	13	122	7.8	8.6	9.8	1.7	1.4	2.1	11.5	3.6	15.0
1246001PIP	2007	13	123	12.1	12.5	30.6	4.7	3.5	4.0	35.3	7.5	42.8
1246001PIP	2007	13	124	14.6	14.6	49.7	7.2	5.2	5.2	56.9	10.4	67.3
1246001PIP	2007	13	125	11.2	11.8	25.3	3.9	3.0	3.5	29.2	6.5	35.6
1246001PIP	2007	38	126	15.1	15.4	61.1	10.5	10.8	3.5	71.7	14.3	86.0
1246001PIP	2007	13	128	9.4	10.2	16.1	2.6	2.1	2.7	18.7	4.8	23.5
1246001PIP	2007	13	129	8.2	9.0	11.1	1.9	1.6	2.3	13.1	3.9	16.9
1246001PIP	2007	13	130	13.1	13.4	37.7	5.6	4.1	4.4	43.3	8.5	51.9
1246001PIP	2007	13	131	8.0	8.8	10.4	1.8	1.5	2.2	12.2	3.7	15.9
1246001PIP	2007	13	132	14.3	14.3	47.0	6.8	5.0	5.1	53.8	10.0	63.8
1252906PIP	2007	13	2	5.2	4.5	2.5	0.5	1.0	1.8	3.1	2.8	5.8
1252906PIP	2007	13	4	2.9	3.0	0.6	0.2	0.3	0.7	0.8	1.0	1.7
1252906PIP	2007	13	5	4.0	3.7	1.3	0.3	0.5	1.2	1.6	1.8	3.4
1252906PIP	2007	13	6	3.4	3.3	0.9	0.2	0.4	0.9	1.1	1.3	2.4
1252906PIP	2007	3	7	25.0	21.2	204.7	15.0	17.4	10.3	219.7	27.7	247.3
1252906PIP	2007	3	9	24.7	21.1	199.4	14.6	16.9	10.0	214.0	26.9	240.9
1252906PIP	2007	3	11	23.3	20.8	177.5	13.2	14.3	9.0	190.7	23.3	214.0
1252906PIP	2007	13	12	5.0	4.4	2.3	0.5	0.9	1.7	2.8	2.6	5.4
1252906PIP	2007	3	13	23.6	20.9	182.4	13.5	14.8	9.3	196.0	24.1	220.0
1252906PIP	2007	3	14	27.5	21.6	246.1	17.6	22.9	12.2	263.7	35.0	298.8
1252906PIP	2007	13	16	3.1	3.1	0.7	0.2	0.3	0.8	0.9	1.1	2.0
1252906PIP	2007	13	17	3.7	3.5	1.1	0.3	0.5	1.1	1.3	1.5	2.9
1252906PIP	2007	3	19	23.6	20.9	182.4	13.5	14.8	9.3	196.0	24.1	220.0
1252906PIP	2007	3	20	27.4	21.5	243.2	17.5	22.7	12.1	260.6	34.8	295.5
1252906PIP	2007	3	24	26.4	21.4	227.0	16.4	20.4	11.3	243.5	31.7	275.2
1252906PIP	2007	13	25	4.8	4.3	2.1	0.5	0.8	1.6	2.5	2.4	4.9
1252906PIP	2007	38	26	4.9	8.2	3.9	0.7	0.6	0.5	4.6	1.1	5.7
1252906PIP	2007	13	27	5.9	5.0	3.5	0.7	1.2	2.2	4.2	3.4	7.6
1252906PIP	2007	13	28	4.4	4.0	1.7	0.4	0.7	1.4	2.0	2.0	4.1
1252906PIP	2007	3	29	26.4	21.4	227.0	16.4	20.4	11.3	243.5	31.7	275.2
1252906PIP	2007	3	30	28.2	21.7	258.2	18.4	24.6	12.7	276.6	37.3	313.9
1252906PIP	2007	3	32	24.6	21.1	198.0	14.5	16.6	10.0	212.6	26.6	239.2
1252906PIP	2007	13	33	5.4	4.7	2.8	0.6	1.0	1.9	3.4	2.9	6.3
1252906PIP	2007	13	34	15.7	10.8	41.8	6.7	10.1	9.4	48.4	19.5	68.0
1252906PIP	2007	13	36	5.9	5.0	3.5	0.7	1.2	2.2	4.2	3.4	7.6
1252906PIP	2007	13	39	23.9	14.1	113.9	16.5	27.1	19.3	130.4	46.5	176.9
1252906PIP	2007	3	40	23.9	20.9	186.4	13.8	15.4	9.5	200.2	24.9	225.0
1252906PIP	2007	13	41	3.6	3.4	1.0	0.2	0.4	1.0	1.2	1.5	2.7
1252901PIP	2007	3	1	18.3	18.2	100.0	8.3	7.8	5.9	108.3	13.7	121.9
1252901PIP	2007	3	2	18.3	18.2	100.0	8.3	7.8	5.9	108.3	13.7	121.9
1252901PIP	2007	3	3	21.1	18.9	133.2	10.7	11.6	7.6	143.9	19.2	163.1
1252901PIP	2007	3	4	19.5	18.5	113.6	9.3	9.3	6.6	122.8	15.9	138.7
1252901PIP	2007	3	6	20.3	18.7	123.2	10.0	10.4	7.1	133.1	17.5	150.6
1252901PIP	2007	3	7	12.5	15.9	44.4	4.2	2.8	3.0	48.5	5.7	54.3
1252901PIP	2007	3	8	25.3	19.6	189.4	14.6	19.5	10.5	204.0	30.0	233.9
1252901PIP	2007	3	9	18.2	18.2	99.0	8.2	7.7	5.8	107.3	13.5	120.7
1252901PIP	2007	3	10	23.3	19.3	161.7	12.6	15.4	9.0	174.3	24.4	198.8
1252901PIP	2007	3	11	20.3	18.7	123.2	10.0	10.4	7.1	133.1	17.5	150.6
1252901PIP	2007	3	13	14.0	16.7	57.1	5.1	3.7	3.6	62.3	7.4	69.6
1252901PIP	2007	3	15	14.0	16.7	57.1	5.1	3.7	3.6	62.3	7.4	69.6
1252901PIP	2007	3	16	14.9	17.1	65.4	5.8	4.4	4.1	71.1	8.5	79.6
1252901PIP	2007	13	18	2.8	3.5	0.7	0.2	0.2	0.5	0.8	0.7	1.5
1252901PIP	2007	3	19	15.4	17.3	70.1	6.1	4.8	4.3	76.2	9.1	85.4
1252901PIP	2007	13	20	4.5	5.2	2.2	0.5	0.5	1.0	2.7	1.5	4.2
1252901PIP	2007	3	21	19.0	18.4	108.0	8.9	8.6	6.3	116.8	14.9	131.7
1252901PIP	2007	3	22	11.6	15.4	37.6	3.6	2.3	2.6	41.2	4.9	46.1
1252901PIP	2007	13	23	8.1	8.6	10.4	1.8	1.6	2.3	12.2	4.0	16.2
1252901PIP	2007	13	24	12.1	12.0	29.4	4.5	3.7	4.2	33.9	7.9	41.8
1252901PIP	2007	13	25	10.6	10.8	21.0	3.4	2.8	3.4	24.3	6.2	30.6
1252901PIP	2007	3	26	13.2	16.3	50.2	4.6	3.2	3.3	54.8	6.5	61.3
1252901PIP	2007	3	28	15.4	17.3	70.1	6.1	4.8	4.3	76.2	9.1	85.4
1252901PIP	2007	13	29	6.2	6.8	5.2	1.0	0.9	1.6	6.1	2.6	8.7
1252901PIP	2007	13	30	2.9	3.6	0.7	0.2	0.2	0.5	0.9	0.7	1.6
1252901PIP	2007	13	31	13.5	13.1	38.9	5.8	4.7	4.9	44.7	9.6	54.3
1252901PIP	2007	13	32	5.8	6.4	4.3	0.8	0.8	1.5	5.2	2.3	7.5
1252901PIP	2007	13	33	6.8	7.4	6.6	1.2	1.1	1.8	7.8	3.0	10.8
1252901PIP	2007	13	34	11.7	11.7	27.0	4.2	3.5	4.0	31.2	7.4	38.7
1252901PIP	2007	13	35	6.1	6.7	4.9	0.9	0.9	1.6	5.9	2.5	8.4
1252901PIP	2007	13	36	4.5	5.2	2.2	0.5	0.5	1.0	2.7	1.5	4.2
1252901PIP	2007	13	37	4.4	5.1	2.1	0.4	0.5	1.0	2.6	1.5	4.0
1252901PIP	2007	3	38	17.1	17.9	87.3	7.4	6.4	5.2	94.7	11.6	106.3
1252901PIP	2007	13	39	4.4	5.1	2.1	0.4	0.5	1.0	2.6	1.5	4.0
1252901PIP	2007	13	40	4.4	5.1	2.1	0.4	0.5	1.0	2.6	1.5	4.0
1252901PIP	2007	3	41	19.0	18.4	108.0	8.9	8.6	6.3	116.8	14.9	131.7
1252901PIP	2007	3	42	13.6	16.5	53.6	4.9	3.5	3.5	58.5	6.9	65.4
1252901PIP	2007	13	43	5.6	6.2	3.9	0.8	0.8	1.4	4.7	2.2	6.9
1252901PIP	2007	13	44	6.1	6.7	4.9	0.9	0.9	1.6	5.9	2.5	8.4
1252901PIP	2007	13	45	3.3	4.0	1.0	0.2	0.3	0.7	1.2	0.9	2.2
1252901PIP	2007	13	46	3.6	4.3	1.3	0.3	0.3	0.8	1.5	1.1	2.6
1252901PIP	2007	13	47	11.3	11.4	24.8	3.9	3.2	3.8	28.7	7.0	35.6
1252901PIP	2007	13	49	12.9	12.7	34.8	5.3	4.2	4.6	40.1	8.8	48.9
1252901PIP	2007	13	50	11.0	11.1	23.0	3.6	3.0	3.6	26.7	6.7	33.3
1252901PIP	2007	13	51	7.0	7.6	7.1	1.3	1.2	1.9	8.4	3.1	11.5
1252901PIP	2007	3	52	19.6	18.6	115.3	9.4	9.4	6.6	124.7	16.0	140.7
1252901PIP	2007	3	53	10.1	14.5	27.6	2.8	1.6	2.0	30.4	3.6	34.0
1252901PIP	2007	3	54	15.1	17.1	66.9	5.9	4.6	4.2	72.7	8.8	81.5
1252901PIP	2007	13	56	11.2	11.3	24.2	3.8	3.2	3.7	28.0	6.9	34.9
1252901PIP	2007	13	58	4.4	5.1	2.1	0.4	0.5	1.0	2.6	1.5	4.0
1252901PIP	2007	13	59	8.0	8.5	10.1	1.8	1.6	2.3	11.8	3.9	15.7
1252901PIP	2007	3	61	11.0	15.1	33.5	3.3	2.0	2.4	36.8	4.3	41.2
1252901PIP	2007	13	62	14.4	13.8	45.9	6.7	5.4	5.4	52.6	10.8	63.4
1252901PIP	2007	13	64	10.0	10.3	18.1	2.9	2.5	3.2	21.0	5.6	26.6
1252901PIP	2007	13	65	7.7	8.2	9.1	1.6	1.5	2.2	10.7	3.7	14.4
1252901PIP	2007	3	66	11.9	15.6	39.9	3.8	2.4	2.7	43.7	5.2	48.8
1252901PIP	2007	13	67	4.6	5.3	2.4	0.5	0.5	1.1	2.9	1.6	4.4
1252901PIP	2007	13	68	3.8	4.5	1.4	0.3	0.3	0.8	1.8	1.2	2.9
1252901PIP	2007	13	69	2.6	3.3	0.5	0.1	0.2	0.5	0.7	0.6	1.3
1252901PIP	2007	3	70	12.4	15.9	43.8	4.1	2.7	2.9	47.9	5.6	53.5
1252901PIP	2007	13	71	16.1	15.0	60.7	8.6	6.9	6.4	69.3	13.3	82.6
1252901PIP	2007	13	72	5.7	6.3	4.1	0.8	0.8	1.5	4.9	2.3	7.2
1252901PIP	2007	3	74	21.2	18.9	134.3	10.7	11.8	7.6	145.0	19.4	164.4
1252901PIP	2007	3	75	15.5	17.3	70.9	6.2	4.9	4.4	77.1	9.3	86.4
1252901PIP	2007	13	77	3.7	4.4	1.3	0.3	0.3	0.8	1.6	1.1	2.8
1252901PIP	2007	3	78	15.2	17.2	68.1	6.0	4.7	4.2	74.1	8.9	82.9
1252901PIP	2007	13	79	17.9	16.2	78.9	10.9	8.7	7.6	89.8	16.3	106.1
1252901PIP	2007	3	80	14.2	16.8	59.0	5.3	3.9	3.7	64.2	7.6	71.8
1252901PIP	2007	3	81	16.6	17.7	81.9	7.0	5.9	4.9	88.9	10.9	99.7
1252901PIP	2007	13	82	5.9	6.5	4.5	0.9	0.9	1.5	5.4	2.4	7.8
1252901PIP	2007	13	83	7.4	7.9	8.2	1.5	1.4	2.1	9.6	3.4	13.1
1252901PIP	2007	3	85	18.5	18.3	102.5	8.5	8.0	6.0	111.0	14.0	125.0
1252901PIP	2007	3	86	16.6	17.7	81.9	7.0	5.9	4.9	88.9	10.9	99.7
1252901PIP	2007	3	87	13.5	16.4	52.5	4.8	3.4	3.4	57.3	6.8	64.1
1252901PIP	2007	3	88	13.8	16.6	55.3	5.0	3.6	3.5	60.3	7.1	67.5
1252901PIP	2007	13	89	9.9	10.2	17.6	2.9	2.4	3.1	20.5	5.6	26.0
1252901PIP	2007	3	90	13.9	16.6	56.0	5.1	3.7	3.6	61.1	7.3	68.4
1252901PIP	2007	3	91	14.5	16.9	61.5	5.5	4.1	3.9	67.0	8.0	75.0
1252901PIP	2007	13	92	7.4	7.9	8.2	1.5	1.4	2.1	9.6	3.4	13.1
1252901PIP	2007	3	93	15.4	17.3	70.1	6.1	4.8	4.3	76.2	9.1	85.4
1252901PIP	2007	13	94	8.4	8.9	11.5	2.0	1.7	2.5	13.5	4.2	17.7
1252901PIP	2007	3	95	14.4	16.8	60.4	5.4	4.0	3.8	65.8	7.9	73.6
1252901PIP	2007	13	96	16.9	15.5	68.2	9.6	7.7	7.0	77.8	14.6	92.5
1252901PIP	2007	3	97	17.0	17.8	85.9	7.3	6.4	5.1	93.1	11.5	104.6
1252901PIP	2007	3	98	12.6	16.0	45.3	4.2	2.8	3.0	49.6	5.8	55.4
1252901PIP	2007	13	99	14.5	13.9	46.8	6.8	5.4	5.4	53.6	10.9	64.5
1252901PIP	2007	3	100	11.7	15.5	38.5	3.7	2.3	2.6	42.1	5.0	47.1
1252901PIP	2007	3	101	16.5	17.7	81.1	6.9	5.8	4.9	88.0	10.7	98.7
1246006PIP	2007	3	1	7.0	9.0	8.2	1.2	0.8	1.1	9.4	1.9	11.3
1246006PIP	2007	3	2	3.6	6.4	1.7	0.3	0.2	0.3	2.1	0.5	2.5
1246006PIP	2007	3	3	4.8	7.5	3.5	0.6	0.3	0.5	4.0	0.8	4.9
1246006PIP	2007	38	4	3.1	6.1	1.2	0.2	0.2	0.3	1.5	0.4	1.9
1246006PIP	2007	38	5	2.7	5.5	0.9	0.2	0.1	0.2	1.0	0.3	1.4
1246006PIP	2007	3	6	4.1	6.9	2.4	0.4	0.2	0.4	2.8	0.6	3.4
1246006PIP	2007	3	7	4.2	7.0	2.5	0.4	0.2	0.4	3.0	0.6	3.6
1246006PIP	2007	38	8	4.4	7.5	2.9	0.6	0.4	0.5	3.5	0.9	4.4
1246006PIP	2007	3	9	5.4	7.9	4.5	0.7	0.4	0.7	5.2	1.1	6.3
1246006PIP	2007	38	10	5.2	8.2	4.4	0.8	0.7	0.6	5.2	1.3	6.5
1246006PIP	2007	3	11	4.5	7.2	2.9	0.5	0.3	0.5	3.5	0.7	4.2
1246006PIP	2007	3	12	5.2	7.8	4.2	0.7	0.4	0.6	4.8	1.0	5.8
1246006PIP	2007	3	13	3.1	5.9	1.2	0.2	0.1	0.2	1.5	0.3	1.8
1246006PIP	2007	3	14	6.0	8.4	5.8	0.9	0.5	0.8	6.7	1.3	8.0
1246006PIP	2007	38	15	4.1	7.2	2.4	0.5	0.4	0.4	2.9	0.8	3.7
1246006PIP	2007	3	16	2.8	5.5	0.9	0.2	0.1	0.2	1.1	0.3	1.4
1246006PIP	2007	3	17	3.2	6.0	1.3	0.3	0.1	0.3	1.6	0.4	2.0
1246006PIP	2007	3	18	3.6	6.4	1.7	0.3	0.2	0.3	2.1	0.5	2.5
1246006PIP	2007	3	19	2.5	5.2	0.7	0.2	0.1	0.2	0.9	0.2	1.1
1246006PIP	2007	3	20	3.8	6.6	2.0	0.4	0.2	0.4	2.4	0.5	2.9
1246006PIP	2007	3	21	3.1	5.9	1.2	0.2	0.1	0.2	1.5	0.3	1.8
1246006PIP	2007	3	22	4.2	7.0	2.5	0.4	0.2	0.4	3.0	0.6	3.6
1246006PIP	2007	3	23	4.3	7.0	2.6	0.5	0.2	0.4	3.1	0.7	3.8
1246006PIP	2007	38	24	2.7	5.5	0.9	0.2	0.1	0.2	1.0	0.3	1.4
1246006PIP	2007	3	25	3.6	6.4	1.7	0.3	0.2	0.3	2.1	0.5	2.5
1246006PIP	2007	3	27	4.5	7.2	2.9	0.5	0.3	0.5	3.5	0.7	4.2
1246006PIP	2007	3	28	3.0	5.8	1.1	0.2	0.1	0.2	1.4	0.3	1.7
1246006PIP	2007	38	29	3.5	6.5	1.6	0.3	0.2	0.3	2.0	0.5	2.5
1246006PIP	2007	38	30	3.2	6.2	1.3	0.3	0.2	0.3	1.6	0.5	2.0
1246006PIP	2007	3	31	3.3	6.1	1.4	0.3	0.1	0.3	1.7	0.4	2.1
1246006PIP	2007	3	32	4.5	7.2	2.9	0.5	0.3	0.5	3.5	0.7	4.2
1246006PIP	2007	3	33	4.1	6.9	2.4	0.4	0.2	0.4	2.8	0.6	3.4
1246006PIP	2007	3	34	8.8	9.8	13.4	1.8	1.5	1.6	15.2	3.1	18.3
1246006PIP	2007	3	35	7.4	9.2	9.3	1.3	1.0	1.2	10.6	2.1	12.7
1246006PIP	2007	3	36	6.5	8.7	6.9	1.0	0.7	0.9	8.0	1.6	9.6
1246006PIP	2007	3	37	2.5	5.2	0.7	0.2	0.1	0.2	0.9	0.2	1.1
1246006PIP	2007	3	39	6.0	8.4	5.8	0.9	0.5	0.8	6.7	1.3	8.0
1246006PIP	2007	38	40	2.9	5.8	1.0	0.2	0.1	0.2	1.2	0.4	1.6
1246006PIP	2007	38	42	3.7	6.8	1.9	0.4	0.3	0.3	2.3	0.6	2.9
1246006PIP	2007	38	43	3.9	7.0	2.2	0.4	0.3	0.4	2.6	0.7	3.3
1246006PIP	2007	38	44	2.8	5.7	0.9	0.2	0.1	0.2	1.1	0.3	1.5
1246006PIP	2007	3	45	5.7	8.1	5.1	0.8	0.5	0.7	5.9	1.2	7.1
1246006PIP	2007	3	46	6.3	8.5	6.4	1.0	0.6	0.9	7.4	1.5	8.9
1246006PIP	2007	3	47	5.5	8.0	4.7	0.7	0.4	0.7	5.5	1.1	6.6
1246006PIP	2007	3	48	3.8	6.6	2.0	0.4	0.2	0.4	2.4	0.5	2.9
1246006PIP	2007	3	49	4.1	6.9	2.4	0.4	0.2	0.4	2.8	0.6	3.4
1246006PIP	2007	38	50	7.2	9.6	9.5	1.8	1.6	1.1	11.3	2.7	14.0
1246006PIP	2007	3	51	2.7	5.4	0.9	0.2	0.1	0.2	1.1	0.3	1.3
1246006PIP	2007	3	52	7.8	9.4	10.4	1.4	1.1	1.3	11.8	2.4	14.2
1246006PIP	2007	3	53	3.1	5.9	1.2	0.2	0.1	0.2	1.5	0.3	1.8
1246006PIP	2007	38	54	4.0	7.1	2.3	0.5	0.3	0.4	2.8	0.7	3.5
1246006PIP	2007	38	55	5.0	8.0	4.0	0.8	0.6	0.6	4.7	1.2	5.9
1246006PIP	2007	3	56	6.4	8.6	6.7	1.0	0.7	0.9	7.7	1.6	9.2
1246006PIP	2007	3	57	2.7	5.4	0.9	0.2	0.1	0.2	1.1	0.3	1.3
1246006PIP	2007	3	58	4.5	7.2	2.9	0.5	0.3	0.5	3.5	0.7	4.2
1246006PIP	2007	3	59	3.0	5.8	1.1	0.2	0.1	0.2	1.4	0.3	1.7
1246006PIP	2007	3	61	4.2	7.0	2.5	0.4	0.2	0.4	3.0	0.6	3.6
1246006PIP	2007	3	62	4.1	6.9	2.4	0.4	0.2	0.4	2.8	0.6	3.4
1246006PIP	2007	3	63	3.3	6.1	1.4	0.3	0.1	0.3	1.7	0.4	2.1
1246006PIP	2007	3	64	6.1	8.4	6.0	0.9	0.6	0.8	6.9	1.4	8.3
1246006PIP	2007	3	65	3.0	5.8	1.1	0.2	0.1	0.2	1.4	0.3	1.7
1246006PIP	2007	3	66	6.2	8.5	6.2	0.9	0.6	0.8	7.2	1.4	8.6
1246006PIP	2007	3	67	3.0	5.8	1.1	0.2	0.1	0.2	1.4	0.3	1.7
1246006PIP	2007	3	68	4.5	7.2	2.9	0.5	0.3	0.5	3.5	0.7	4.2
1246006PIP	2007	3	69	6.0	8.4	5.8	0.9	0.5	0.8	6.7	1.3	8.0
1246006PIP	2007	38	70	3.0	5.9	1.1	0.2	0.2	0.2	1.3	0.4	1.7
1246006PIP	2007	3	71	3.1	5.9	1.2	0.2	0.1	0.2	1.5	0.3	1.8
1246006PIP	2007	3	72	4.4	7.1	2.8	0.5	0.3	0.5	3.3	0.7	4.0
1246006PIP	2007	3	73	4.5	7.2	2.9	0.5	0.3	0.5	3.5	0.7	4.2
1246006PIP	2007	3	74	3.9	6.7	2.1	0.4	0.2	0.4	2.5	0.6	3.1
1246006PIP	2007	3	75	5.4	7.9	4.5	0.7	0.4	0.7	5.2	1.1	6.3
1246006PIP	2007	3	76	5.0	7.6	3.8	0.6	0.3	0.6	4.4	0.9	5.3
1246006PIP	2007	3	77	3.2	6.0	1.3	0.3	0.1	0.3	1.6	0.4	2.0
1246006PIP	2007	3	78	5.9	8.3	5.6	0.9	0.5	0.8	6.4	1.3	7.7
1246006PIP	2007	3	79	4.4	7.1	2.8	0.5	0.3	0.5	3.3	0.7	4.0
1246006PIP	2007	3	80	4.2	7.0	2.5	0.4	0.2	0.4	3.0	0.6	3.6
1246006PIP	2007	3	81	4.1	6.9	2.4	0.4	0.2	0.4	2.8	0.6	3.4
1246006PIP	2007	3	82	6.4	8.6	6.7	1.0	0.7	0.9	7.7	1.6	9.2
1246006PIP	2007	3	83	7.5	9.2	9.5	1.3	1.0	1.2	10.8	2.2	13.0
1246006PIP	2007	3	84	2.9	5.6	1.0	0.2	0.1	0.2	1.2	0.3	1.5
1246006PIP	2007	3	85	2.9	5.6	1.0	0.2	0.1	0.2	1.2	0.3	1.5
1246006PIP	2007	3	86	5.7	8.1	5.1	0.8	0.5	0.7	5.9	1.2	7.1
1246006PIP	2007	3	87	3.1	5.9	1.2	0.2	0.1	0.2	1.5	0.3	1.8
1246006PIP	2007	3	88	5.1	7.7	4.0	0.6	0.4	0.6	4.6	1.0	5.6
1246006PIP	2007	3	89	2.7	5.4	0.9	0.2	0.1	0.2	1.1	0.3	1.3
1246006PIP	2007	3	90	4.3	7.0	2.6	0.5	0.2	0.4	3.1	0.7	3.8
1246006PIP	2007	38	91	2.8	5.7	0.9	0.2	0.1	0.2	1.1	0.3	1.5
1246006PIP	2007	38	92	2.7	5.5	0.9	0.2	0.1	0.2	1.0	0.3	1.4
1246006PIP	2007	3	93	3.2	6.0	1.3	0.3	0.1	0.3	1.6	0.4	2.0
1246006PIP	2007	38	94	3.4	6.4	1.5	0.3	0.2	0.3	1.8	0.5	2.4
1246006PIP	2007	38	95	4.1	7.2	2.4	0.5	0.4	0.4	2.9	0.8	3.7
1246006PIP	2007	74	96	6.0	9.2	4.8	1.1	0.7	0.5	5.9	1.1	7.1
1246006PIP	2007	38	97	5.0	8.0	4.0	0.8	0.6	0.6	4.7	1.2	5.9
1246006PIP	2007	3	98	3.9	6.7	2.1	0.4	0.2	0.4	2.5	0.6	3.1
1246006PIP	2007	3	99	4.3	7.0	2.6	0.5	0.2	0.4	3.1	0.7	3.8
1246006PIP	2007	3	100	6.0	8.4	5.8	0.9	0.5	0.8	6.7	1.3	8.0
1246006PIP	2007	3	101	2.5	5.2	0.7	0.2	0.1	0.2	0.9	0.2	1.1
1246006PIP	2007	3	102	2.6	5.3	0.8	0.2	0.1	0.2	1.0	0.2	1.2
1246006PIP	2007	3	103	6.1	8.4	6.0	0.9	0.6	0.8	6.9	1.4	8.3
1246006PIP	2007	3	104	4.2	7.0	2.5	0.4	0.2	0.4	3.0	0.6	3.6
1246006PIP	2007	3	105	4.6	7.3	3.1	0.5	0.3	0.5	3.6	0.8	4.4
1246006PIP	2007	3	106	4.9	7.5	3.6	0.6	0.3	0.6	4.2	0.9	5.1
1246006PIP	2007	3	107	5.0	7.6	3.8	0.6	0.3	0.6	4.4	0.9	5.3
1246006PIP	2007	3	108	3.0	5.8	1.1	0.2	0.1	0.2	1.4	0.3	1.7
1246006PIP	2007	3	109	6.0	8.4	5.8	0.9	0.5	0.8	6.7	1.3	8.0
1246006PIP	2007	3	110	5.5	8.0	4.7	0.7	0.4	0.7	5.5	1.1	6.6
1246006PIP	2007	3	111	3.1	5.9	1.2	0.2	0.1	0.2	1.5	0.3	1.8
1246006PIP	2007	3	112	3.3	6.1	1.4	0.3	0.1	0.3	1.7	0.4	2.1
1246006PIP	2007	3	113	3.2	6.0	1.3	0.3	0.1	0.3	1.6	0.4	2.0
1246006PIP	2007	3	114	2.7	5.4	0.9	0.2	0.1	0.2	1.1	0.3	1.3
1246006PIP	2007	3	115	7.4	9.2	9.3	1.3	1.0	1.2	10.6	2.1	12.7
1246006PIP	2007	3	116	2.6	5.3	0.8	0.2	0.1	0.2	1.0	0.2	1.2
1246006PIP	2007	3	117	2.8	5.5	0.9	0.2	0.1	0.2	1.1	0.3	1.4
1246006PIP	2007	38	118	2.9	5.8	1.0	0.2	0.1	0.2	1.2	0.4	1.6
1246006PIP	2007	3	119	3.7	6.5	1.9	0.3	0.2	0.3	2.2	0.5	2.7
1246006PIP	2007	3	120	3.0	5.8	1.1	0.2	0.1	0.2	1.4	0.3	1.7
1246006PIP	2007	3	121	2.5	5.2	0.7	0.2	0.1	0.2	0.9	0.2	1.1
1246006PIP	2007	3	122	5.7	8.1	5.1	0.8	0.5	0.7	5.9	1.2	7.1
1246006PIP	2007	3	123	5.2	7.8	4.2	0.7	0.4	0.6	4.8	1.0	5.8
1246006PIP	2007	3	124	3.2	6.0	1.3	0.3	0.1	0.3	1.6	0.4	2.0
1246006PIP	2007	3	125	4.8	7.5	3.5	0.6	0.3	0.5	4.0	0.8	4.9
1246006PIP	2007	3	126	3.3	6.1	1.4	0.3	0.1	0.3	1.7	0.4	2.1
1246006PIP	2007	3	127	3.4	6.2	1.5	0.3	0.1	0.3	1.8	0.4	2.2
1246006PIP	2007	3	128	4.5	7.2	2.9	0.5	0.3	0.5	3.5	0.7	4.2
1246006PIP	2007	3	129	2.5	5.2	0.7	0.2	0.1	0.2	0.9	0.2	1.1
1246006PIP	2007	3	130	3.1	5.9	1.2	0.2	0.1	0.2	1.5	0.3	1.8
1246006PIP	2007	3	131	3.3	6.1	1.4	0.3	0.1	0.3	1.7	0.4	2.1
1246006PIP	2007	3	132	2.6	5.3	0.8	0.2	0.1	0.2	1.0	0.2	1.2
1246006PIP	2007	3	133	2.8	5.5	0.9	0.2	0.1	0.2	1.1	0.3	1.4
1246006PIP	2007	38	134	4.6	7.7	3.2	0.6	0.5	0.5	3.9	1.0	4.8
1246006PIP	2007	3	135	4.6	7.3	3.1	0.5	0.3	0.5	3.6	0.8	4.4
1246006PIP	2007	3	136	5.9	8.3	5.6	0.9	0.5	0.8	6.4	1.3	7.7
1246006PIP	2007	3	137	5.0	7.6	3.8	0.6	0.3	0.6	4.4	0.9	5.3
1246006PIP	2007	3	138	2.6	5.3	0.8	0.2	0.1	0.2	1.0	0.2	1.2
1246006PIP	2007	3	139	3.2	6.0	1.3	0.3	0.1	0.3	1.6	0.4	2.0
1246006PIP	2007	38	140	5.9	8.8	5.9	1.1	0.9	0.7	7.1	1.7	8.8
1246006PIP	2007	3	141	4.0	6.8	2.3	0.4	0.2	0.4	2.7	0.6	3.2
1246006PIP	2007	3	142	4.2	7.0	2.5	0.4	0.2	0.4	3.0	0.6	3.6
1246006PIP	2007	3	143	2.9	5.6	1.0	0.2	0.1	0.2	1.2	0.3	1.5
1246006PIP	2007	3	144	3.3	6.1	1.4	0.3	0.1	0.3	1.7	0.4	2.1
1246006PIP	2007	3	145	5.2	7.8	4.2	0.7	0.4	0.6	4.8	1.0	5.8
1246006PIP	2007	3	146	6.5	8.7	6.9	1.0	0.7	0.9	8.0	1.6	9.6
1246006PIP	2007	3	147	4.8	7.5	3.5	0.6	0.3	0.5	4.0	0.8	4.9
1246006PIP	2007	3	148	3.5	6.3	1.6	0.3	0.1	0.3	1.9	0.4	2.4
1246006PIP	2007	3	149	3.5	6.3	1.6	0.3	0.1	0.3	1.9	0.4	2.4
1246006PIP	2007	38	150	3.4	6.4	1.5	0.3	0.2	0.3	1.8	0.5	2.4
1246006PIP	2007	3	151	4.1	6.9	2.4	0.4	0.2	0.4	2.8	0.6	3.4
1246006PIP	2007	3	152	4.2	7.0	2.5	0.4	0.2	0.4	3.0	0.6	3.6
1246006PIP	2007	3	153	4.9	7.5	3.6	0.6	0.3	0.6	4.2	0.9	5.1
1246006PIP	2007	3	154	7.8	9.4	10.4	1.4	1.1	1.3	11.8	2.4	14.2
1246006PIP	2007	3	155	2.9	5.6	1.0	0.2	0.1	0.2	1.2	0.3	1.5
1246006PIP	2007	38	156	3.1	6.1	1.2	0.2	0.2	0.3	1.5	0.4	1.9
1246006PIP	2007	3	157	3.8	6.6	2.0	0.4	0.2	0.4	2.4	0.5	2.9
1246006PIP	2007	38	158	3.9	7.0	2.2	0.4	0.3	0.4	2.6	0.7	3.3
1246006PIP	2007	38	159	3.4	6.4	1.5	0.3	0.2	0.3	1.8	0.5	2.4
1246006PIP	2007	38	160	3.0	5.9	1.1	0.2	0.2	0.2	1.3	0.4	1.7
1246006PIP	2007	38	161	3.9	7.0	2.2	0.4	0.3	0.4	2.6	0.7	3.3
1246006PIP	2007	38	162	3.1	6.1	1.2	0.2	0.2	0.3	1.5	0.4	1.9
1246006PIP	2007	38	163	3.3	6.3	1.4	0.3	0.2	0.3	1.7	0.5	2.2
1246006PIP	2007	38	164	4.0	7.1	2.3	0.5	0.3	0.4	2.8	0.7	3.5
1246006PIP	2007	38	165	7.1	9.6	9.3	1.7	1.5	1.0	11.0	2.6	13.6
1246006PIP	2007	38	166	3.1	6.1	1.2	0.2	0.2	0.3	1.5	0.4	1.9
1246006PIP	2007	38	167	3.0	5.9	1.1	0.2	0.2	0.2	1.3	0.4	1.7
1246006PIP	2007	38	168	3.1	6.1	1.2	0.2	0.2	0.3	1.5	0.4	1.9
1246006PIP	2007	38	169	4.5	7.6	3.1	0.6	0.5	0.5	3.7	0.9	4.6
1246006PIP	2007	3	170	6.5	8.7	6.9	1.0	0.7	0.9	8.0	1.6	9.6
1246006PIP	2007	3	171	3.9	6.7	2.1	0.4	0.2	0.4	2.5	0.6	3.1
1246006PIP	2007	38	172	4.3	7.4	2.7	0.5	0.4	0.4	3.3	0.8	4.1
1246006PIP	2007	38	173	8.0	10.0	12.2	2.3	2.2	1.3	14.4	3.5	17.9
1246006PIP	2007	38	174	6.1	8.9	6.4	1.2	1.0	0.8	7.6	1.8	9.5
1246006PIP	2007	3	175	4.1	6.9	2.4	0.4	0.2	0.4	2.8	0.6	3.4
1246006PIP	2007	3	176	3.4	6.2	1.5	0.3	0.1	0.3	1.8	0.4	2.2
1246006PIP	2007	3	177	3.1	5.9	1.2	0.2	0.1	0.2	1.5	0.3	1.8
1246006PIP	2007	3	178	2.8	5.5	0.9	0.2	0.1	0.2	1.1	0.3	1.4
1246006PIP	2007	3	179	5.6	8.1	4.9	0.8	0.5	0.7	5.7	1.2	6.9
1246006PIP	2007	3	180	4.6	7.3	3.1	0.5	0.3	0.5	3.6	0.8	4.4
1246006PIP	2007	3	181	5.4	7.9	4.5	0.7	0.4	0.7	5.2	1.1	6.3
1246006PIP	2007	3	182	4.0	6.8	2.3	0.4	0.2	0.4	2.7	0.6	3.2
1246006PIP	2007	3	183	2.5	5.2	0.7	0.2	0.1	0.2	0.9	0.2	1.1
1246006PIP	2007	3	184	7.8	9.4	10.4	1.4	1.1	1.3	11.8	2.4	14.2
1246006PIP	2007	3	185	5.2	7.8	4.2	0.7	0.4	0.6	4.8	1.0	5.8
1246006PIP	2007	3	186	5.8	8.2	5.3	0.8	0.5	0.8	6.1	1.3	7.4
1246006PIP	2007	3	187	2.8	5.5	0.9	0.2	0.1	0.2	1.1	0.3	1.4
1246006PIP	2007	3	188	5.4	7.9	4.5	0.7	0.4	0.7	5.2	1.1	6.3
1246006PIP	2007	3	189	2.5	5.2	0.7	0.2	0.1	0.2	0.9	0.2	1.1
1246006PIP	2007	3	190	8.6	9.7	12.8	1.7	1.4	1.5	14.5	3.0	17.4
1246006PIP	2007	3	191	3.1	5.9	1.2	0.2	0.1	0.2	1.5	0.3	1.8
1246006PIP	2007	3	192	4.7	7.4	3.3	0.6	0.3	0.5	3.8	0.8	4.6
1246006PIP	2007	3	193	5.3	7.9	4.4	0.7	0.4	0.6	5.1	1.0	6.1
1246006PIP	2007	38	194	3.8	6.9	2.0	0.4	0.3	0.4	2.4	0.6	3.1
1246006PIP	2007	38	195	3.2	6.2	1.3	0.3	0.2	0.3	1.6	0.5	2.0
1246006PIP	2007	38	196	4.8	7.9	3.6	0.7	0.5	0.5	4.3	1.1	5.4
1246006PIP	2007	38	197	3.3	6.3	1.4	0.3	0.2	0.3	1.7	0.5	2.2
1246006PIP	2007	38	199	6.7	9.3	8.0	1.5	1.3	0.9	9.5	2.3	11.8
1246006PIP	2007	38	200	3.5	6.5	1.6	0.3	0.2	0.3	2.0	0.5	2.5
1246006PIP	2007	38	201	5.3	8.3	4.6	0.9	0.7	0.6	5.5	1.3	6.8
1246006PIP	2007	38	202	8.3	10.2	13.3	2.5	2.4	1.4	15.8	3.8	19.6
1246006PIP	2007	38	203	9.2	10.6	16.9	3.1	3.2	1.7	20.0	4.9	24.9
1246006PIP	2007	38	204	3.2	6.2	1.3	0.3	0.2	0.3	1.6	0.5	2.0
1246006PIP	2007	38	205	6.1	8.9	6.4	1.2	1.0	0.8	7.6	1.8	9.5
1246006PIP	2007	3	206	5.1	7.7	4.0	0.6	0.4	0.6	4.6	1.0	5.6
1246006PIP	2007	3	207	4.9	7.5	3.6	0.6	0.3	0.6	4.2	0.9	5.1
1246006PIP	2007	3	208	5.9	8.3	5.6	0.9	0.5	0.8	6.4	1.3	7.7
1246006PIP	2007	38	209	4.8	7.9	3.6	0.7	0.5	0.5	4.3	1.1	5.4
1246006PIP	2007	38	210	2.9	5.8	1.0	0.2	0.1	0.2	1.2	0.4	1.6
1246006PIP	2007	38	211	4.4	7.5	2.9	0.6	0.4	0.5	3.5	0.9	4.4
1246006PIP	2007	38	212	3.9	7.0	2.2	0.4	0.3	0.4	2.6	0.7	3.3
1246006PIP	2007	38	213	4.5	7.6	3.1	0.6	0.5	0.5	3.7	0.9	4.6
1246006PIP	2007	38	214	3.5	6.5	1.6	0.3	0.2	0.3	2.0	0.5	2.5
1246006PIP	2007	38	215	4.7	7.8	3.4	0.7	0.5	0.5	4.1	1.0	5.1
1246006PIP	2007	38	216	3.0	5.9	1.1	0.2	0.2	0.2	1.3	0.4	1.7
1246006PIP	2007	38	217	4.0	7.1	2.3	0.5	0.3	0.4	2.8	0.7	3.5
1246006PIP	2007	38	218	11.1	11.2	26.0	4.6	5.5	2.4	30.6	8.0	38.6
1246006PIP	2007	38	219	5.7	8.6	5.4	1.0	0.9	0.7	6.5	1.6	8.1
1246006PIP	2007	38	221	6.3	9.0	6.9	1.3	1.1	0.8	8.2	2.0	10.2
1246006PIP	2007	38	222	8.5	10.3	14.1	2.6	2.6	1.5	16.7	4.0	20.7
1246006PIP	2007	3	223	4.4	7.1	2.8	0.5	0.3	0.5	3.3	0.7	4.0
1246006PIP	2007	3	224	6.5	8.7	6.9	1.0	0.7	0.9	8.0	1.6	9.6
1246006PIP	2007	3	225	3.0	5.8	1.1	0.2	0.1	0.2	1.4	0.3	1.7
1246006PIP	2007	3	226	3.4	6.2	1.5	0.3	0.1	0.3	1.8	0.4	2.2
1246006PIP	2007	3	227	5.2	7.8	4.2	0.7	0.4	0.6	4.8	1.0	5.8
1246006PIP	2007	3	228	3.1	5.9	1.2	0.2	0.1	0.2	1.5	0.3	1.8
1246006PIP	2007	3	229	2.8	5.5	0.9	0.2	0.1	0.2	1.1	0.3	1.4
1246006PIP	2007	3	230	4.4	7.1	2.8	0.5	0.3	0.5	3.3	0.7	4.0
1246006PIP	2007	3	231	5.4	7.9	4.5	0.7	0.4	0.7	5.2	1.1	6.3
1246006PIP	2007	3	232	4.9	7.5	3.6	0.6	0.3	0.6	4.2	0.9	5.1
1246006PIP	2007	38	233	3.6	6.6	1.8	0.4	0.3	0.3	2.1	0.6	2.7
1246006PIP	2007	3	234	5.5	8.0	4.7	0.7	0.4	0.7	5.5	1.1	6.6
1246006PIP	2007	3	235	4.3	7.0	2.6	0.5	0.2	0.4	3.1	0.7	3.8
1246006PIP	2007	3	236	3.3	6.1	1.4	0.3	0.1	0.3	1.7	0.4	2.1
1246006PIP	2007	38	237	3.9	7.0	2.2	0.4	0.3	0.4	2.6	0.7	3.3
1246006PIP	2007	3	238	2.7	5.4	0.9	0.2	0.1	0.2	1.1	0.3	1.3
1246006PIP	2007	38	239	2.8	5.7	0.9	0.2	0.1	0.2	1.1	0.3	1.5
1246006PIP	2007	38	240	3.5	6.5	1.6	0.3	0.2	0.3	2.0	0.5	2.5
1246006PIP	2007	38	241	2.7	5.5	0.9	0.2	0.1	0.2	1.0	0.3	1.4
1246006PIP	2007	3	242	5.0	7.6	3.8	0.6	0.3	0.6	4.4	0.9	5.3
1246006PIP	2007	3	243	4.5	7.2	2.9	0.5	0.3	0.5	3.5	0.7	4.2
1246006PIP	2007	38	244	3.8	6.9	2.0	0.4	0.3	0.4	2.4	0.6	3.1
1246006PIP	2007	38	245	3.8	6.9	2.0	0.4	0.3	0.4	2.4	0.6	3.1
1246006PIP	2007	3	246	2.6	5.3	0.8	0.2	0.1	0.2	1.0	0.2	1.2
1246006PIP	2007	3	247	8.5	9.7	12.5	1.7	1.4	1.5	14.2	2.9	17.1
1246006PIP	2007	3	248	3.2	6.0	1.3	0.3	0.1	0.3	1.6	0.4	2.0
1246006PIP	2007	3	249	6.0	8.4	5.8	0.9	0.5	0.8	6.7	1.3	8.0
1246006PIP	2007	3	250	3.8	6.6	2.0	0.4	0.2	0.4	2.4	0.5	2.9
1246006PIP	2007	3	251	4.7	7.4	3.3	0.6	0.3	0.5	3.8	0.8	4.6
1246006PIP	2007	3	252	5.0	7.6	3.8	0.6	0.3	0.6	4.4	0.9	5.3
1246006PIP	2007	3	253	3.2	6.0	1.3	0.3	0.1	0.3	1.6	0.4	2.0
1246006PIP	2007	3	254	2.7	5.4	0.9	0.2	0.1	0.2	1.1	0.3	1.3
1246006PIP	2007	3	255	3.2	6.0	1.3	0.3	0.1	0.3	1.6	0.4	2.0
1246006PIP	2007	3	256	4.8	7.5	3.5	0.6	0.3	0.5	4.0	0.8	4.9
1246006PIP	2007	3	257	3.8	6.6	2.0	0.4	0.2	0.4	2.4	0.5	2.9
1246006PIP	2007	3	258	3.0	5.8	1.1	0.2	0.1	0.2	1.4	0.3	1.7
1246006PIP	2007	38	259	4.7	7.8	3.4	0.7	0.5	0.5	4.1	1.0	5.1
1246006PIP	2007	38	260	3.0	5.9	1.1	0.2	0.2	0.2	1.3	0.4	1.7
1246006PIP	2007	3	261	3.1	5.9	1.2	0.2	0.1	0.2	1.5	0.3	1.8
1246006PIP	2007	3	262	6.7	8.8	7.4	1.1	0.7	1.0	8.5	1.7	10.2
1246006PIP	2007	3	263	4.2	7.0	2.5	0.4	0.2	0.4	3.0	0.6	3.6
1246006PIP	2007	38	264	3.3	6.3	1.4	0.3	0.2	0.3	1.7	0.5	2.2
1246006PIP	2007	38	265	6.4	9.1	7.2	1.4	1.2	0.9	8.6	2.0	10.6
1246006PIP	2007	3	266	4.4	7.1	2.8	0.5	0.3	0.5	3.3	0.7	4.0
1246006PIP	2007	3	267	4.0	6.8	2.3	0.4	0.2	0.4	2.7	0.6	3.2
1246006PIP	2007	3	268	3.5	6.3	1.6	0.3	0.1	0.3	1.9	0.4	2.4
1246006PIP	2007	3	269	2.8	5.5	0.9	0.2	0.1	0.2	1.1	0.3	1.4
1246006PIP	2007	3	270	2.7	5.4	0.9	0.2	0.1	0.2	1.1	0.3	1.3
1246006PIP	2007	3	271	4.2	7.0	2.5	0.4	0.2	0.4	3.0	0.6	3.6
1246006PIP	2007	3	272	2.5	5.2	0.7	0.2	0.1	0.2	0.9	0.2	1.1
1246006PIP	2007	3	273	5.1	7.7	4.0	0.6	0.4	0.6	4.6	1.0	5.6
1246006PIP	2007	3	274	2.9	5.6	1.0	0.2	0.1	0.2	1.2	0.3	1.5
1246006PIP	2007	3	275	6.9	8.9	7.9	1.1	0.8	1.0	9.0	1.8	10.9
1246006PIP	2007	3	276	3.1	5.9	1.2	0.2	0.1	0.2	1.5	0.3	1.8
1246006PIP	2007	3	277	2.5	5.2	0.7	0.2	0.1	0.2	0.9	0.2	1.1
1246006PIP	2007	3	278	4.9	7.5	3.6	0.6	0.3	0.6	4.2	0.9	5.1
1246006PIP	2007	3	279	4.4	7.1	2.8	0.5	0.3	0.5	3.3	0.7	4.0
1246006PIP	2007	3	280	3.0	5.8	1.1	0.2	0.1	0.2	1.4	0.3	1.7
1246006PIP	2007	3	281	2.8	5.5	0.9	0.2	0.1	0.2	1.1	0.3	1.4
1246006PIP	2007	3	282	4.4	7.1	2.8	0.5	0.3	0.5	3.3	0.7	4.0
1246006PIP	2007	3	283	3.1	5.9	1.2	0.2	0.1	0.2	1.5	0.3	1.8
1246006PIP	2007	3	284	4.5	7.2	2.9	0.5	0.3	0.5	3.5	0.7	4.2
1246006PIP	2007	38	285	3.5	6.5	1.6	0.3	0.2	0.3	2.0	0.5	2.5
1246006PIP	2007	38	286	2.7	5.5	0.9	0.2	0.1	0.2	1.0	0.3	1.4
1246006PIP	2007	38	287	3.9	7.0	2.2	0.4	0.3	0.4	2.6	0.7	3.3
1246006PIP	2007	3	288	5.0	7.6	3.8	0.6	0.3	0.6	4.4	0.9	5.3
1246006PIP	2007	3	289	4.4	7.1	2.8	0.5	0.3	0.5	3.3	0.7	4.0
1246006PIP	2007	3	290	3.7	6.5	1.9	0.3	0.2	0.3	2.2	0.5	2.7
1246006PIP	2007	3	291	4.4	7.1	2.8	0.5	0.3	0.5	3.3	0.7	4.0
1246006PIP	2007	3	292	2.8	5.5	0.9	0.2	0.1	0.2	1.1	0.3	1.4
1246006PIP	2007	3	293	7.5	9.2	9.5	1.3	1.0	1.2	10.8	2.2	13.0
1246006PIP	2007	3	294	5.4	7.9	4.5	0.7	0.4	0.7	5.2	1.1	6.3
1246006PIP	2007	38	295	3.1	6.1	1.2	0.2	0.2	0.3	1.5	0.4	1.9
1246006PIP	2007	3	296	2.8	5.5	0.9	0.2	0.1	0.2	1.1	0.3	1.4
1246006PIP	2007	3	297	2.6	5.3	0.8	0.2	0.1	0.2	1.0	0.2	1.2
1246006PIP	2007	3	298	3.3	6.1	1.4	0.3	0.1	0.3	1.7	0.4	2.1
1246006PIP	2007	3	299	4.0	6.8	2.3	0.4	0.2	0.4	2.7	0.6	3.2
1246006PIP	2007	3	300	2.8	5.5	0.9	0.2	0.1	0.2	1.1	0.3	1.4
1246006PIP	2007	38	301	4.5	7.6	3.1	0.6	0.5	0.5	3.7	0.9	4.6
1246006PIP	2007	38	302	2.8	5.7	0.9	0.2	0.1	0.2	1.1	0.3	1.5
1246006PIP	2007	3	303	2.9	5.6	1.0	0.2	0.1	0.2	1.2	0.3	1.5
1246006PIP	2007	38	304	2.7	5.5	0.9	0.2	0.1	0.2	1.0	0.3	1.4
1246006PIP	2007	3	305	4.3	7.0	2.6	0.5	0.2	0.4	3.1	0.7	3.8
1246006PIP	2007	3	306	2.9	5.6	1.0	0.2	0.1	0.2	1.2	0.3	1.5
1246006PIP	2007	3	307	3.2	6.0	1.3	0.3	0.1	0.3	1.6	0.4	2.0
1246006PIP	2007	3	308	3.0	5.8	1.1	0.2	0.1	0.2	1.4	0.3	1.7
1246006PIP	2007	38	309	6.6	9.2	7.7	1.5	1.3	0.9	9.2	2.2	11.4
1246006PIP	2007	3	310	2.6	5.3	0.8	0.2	0.1	0.2	1.0	0.2	1.2
1246006PIP	2007	3	311	4.6	7.3	3.1	0.5	0.3	0.5	3.6	0.8	4.4
1246006PIP	2007	38	312	3.8	6.9	2.0	0.4	0.3	0.4	2.4	0.6	3.1
1246006PIP	2007	38	313	4.2	7.3	2.6	0.5	0.4	0.4	3.1	0.8	3.9
1246006PIP	2007	38	314	3.1	6.1	1.2	0.2	0.2	0.3	1.5	0.4	1.9
1246006PIP	2007	3	315	4.3	7.0	2.6	0.5	0.2	0.4	3.1	0.7	3.8
1246006PIP	2007	3	316	4.3	7.0	2.6	0.5	0.2	0.4	3.1	0.7	3.8
1246006PIP	2007	3	317	4.2	7.0	2.5	0.4	0.2	0.4	3.0	0.6	3.6
1246006PIP	2007	38	318	4.7	7.8	3.4	0.7	0.5	0.5	4.1	1.0	5.1
1246006PIP	2007	38	319	4.4	7.5	2.9	0.6	0.4	0.5	3.5	0.9	4.4
1246006PIP	2007	38	320	2.6	5.4	0.8	0.2	0.1	0.2	0.9	0.3	1.2
1246006PIP	2007	38	321	3.5	6.5	1.6	0.3	0.2	0.3	2.0	0.5	2.5
1246006PIP	2007	38	322	2.8	5.7	0.9	0.2	0.1	0.2	1.1	0.3	1.5
1246006PIP	2007	3	323	4.0	6.8	2.3	0.4	0.2	0.4	2.7	0.6	3.2
1246006PIP	2007	3	325	2.6	5.3	0.8	0.2	0.1	0.2	1.0	0.2	1.2
1246006PIP	2007	3	326	2.5	5.2	0.7	0.2	0.1	0.2	0.9	0.2	1.1
1246006PIP	2007	3	327	2.5	5.2	0.7	0.2	0.1	0.2	0.9	0.2	1.1
1246006PIP	2007	3	328	6.0	8.4	5.8	0.9	0.5	0.8	6.7	1.3	8.0
1246006PIP	2007	3	329	3.1	5.9	1.2	0.2	0.1	0.2	1.5	0.3	1.8
1246006PIP	2007	3	330	3.4	6.2	1.5	0.3	0.1	0.3	1.8	0.4	2.2
1246006PIP	2007	3	331	2.5	5.2	0.7	0.2	0.1	0.2	0.9	0.2	1.1
1246006PIP	2007	3	332	3.1	5.9	1.2	0.2	0.1	0.2	1.5	0.3	1.8
1246006PIP	2007	38	333	3.7	6.8	1.9	0.4	0.3	0.3	2.3	0.6	2.9
1246006PIP	2007	3	334	5.1	7.7	4.0	0.6	0.4	0.6	4.6	1.0	5.6
1246006PIP	2007	3	335	2.5	5.2	0.7	0.2	0.1	0.2	0.9	0.2	1.1
1246006PIP	2007	3	336	3.3	6.1	1.4	0.3	0.1	0.3	1.7	0.4	2.1
1246006PIP	2007	3	337	3.6	6.4	1.7	0.3	0.2	0.3	2.1	0.5	2.5
1246006PIP	2007	38	338	3.7	6.8	1.9	0.4	0.3	0.3	2.3	0.6	2.9
1246006PIP	2007	3	339	3.2	6.0	1.3	0.3	0.1	0.3	1.6	0.4	2.0
1246006PIP	2007	3	340	4.1	6.9	2.4	0.4	0.2	0.4	2.8	0.6	3.4
1246006PIP	2007	3	341	3.9	6.7	2.1	0.4	0.2	0.4	2.5	0.6	3.1
1246006PIP	2007	3	342	4.5	7.2	2.9	0.5	0.3	0.5	3.5	0.7	4.2
1246006PIP	2007	3	343	3.8	6.6	2.0	0.4	0.2	0.4	2.4	0.5	2.9
1246006PIP	2007	3	344	4.2	7.0	2.5	0.4	0.2	0.4	3.0	0.6	3.6
1246006PIP	2007	3	345	4.5	7.2	2.9	0.5	0.3	0.5	3.5	0.7	4.2
1246006PIP	2007	3	346	3.6	6.4	1.7	0.3	0.2	0.3	2.1	0.5	2.5
1246006PIP	2007	3	347	5.1	7.7	4.0	0.6	0.4	0.6	4.6	1.0	5.6
1246006PIP	2007	3	348	5.3	7.9	4.4	0.7	0.4	0.6	5.1	1.0	6.1
1246006PIP	2007	3	349	7.4	9.2	9.3	1.3	1.0	1.2	10.6	2.1	12.7
1246006PIP	2007	3	350	4.6	7.3	3.1	0.5	0.3	0.5	3.6	0.8	4.4
1246006PIP	2007	38	351	2.8	5.7	0.9	0.2	0.1	0.2	1.1	0.3	1.5
1246006PIP	2007	38	352	2.8	5.7	0.9	0.2	0.1	0.2	1.1	0.3	1.5
1246006PIP	2007	3	353	3.2	6.0	1.3	0.3	0.1	0.3	1.6	0.4	2.0
1246006PIP	2007	38	354	6.1	8.9	6.4	1.2	1.0	0.8	7.6	1.8	9.5
1246006PIP	2007	38	355	3.9	7.0	2.2	0.4	0.3	0.4	2.6	0.7	3.3
1246006PIP	2007	3	356	2.8	5.5	0.9	0.2	0.1	0.2	1.1	0.3	1.4
1246006PIP	2007	3	357	3.6	6.4	1.7	0.3	0.2	0.3	2.1	0.5	2.5
1246006PIP	2007	3	358	4.6	7.3	3.1	0.5	0.3	0.5	3.6	0.8	4.4
1246006PIP	2007	3	359	3.8	6.6	2.0	0.4	0.2	0.4	2.4	0.5	2.9
1246006PIP	2007	3	360	4.4	7.1	2.8	0.5	0.3	0.5	3.3	0.7	4.0
1246006PIP	2007	3	361	3.1	5.9	1.2	0.2	0.1	0.2	1.5	0.3	1.8
1246006PIP	2007	38	362	4.0	7.1	2.3	0.5	0.3	0.4	2.8	0.7	3.5
1246006PIP	2007	38	363	4.8	7.9	3.6	0.7	0.5	0.5	4.3	1.1	5.4
1246006PIP	2007	38	364	2.7	5.5	0.9	0.2	0.1	0.2	1.0	0.3	1.4
1246006PIP	2007	38	365	2.6	5.4	0.8	0.2	0.1	0.2	0.9	0.3	1.2
1246006PIP	2007	3	366	2.9	5.6	1.0	0.2	0.1	0.2	1.2	0.3	1.5
1246006PIP	2007	3	367	5.0	7.6	3.8	0.6	0.3	0.6	4.4	0.9	5.3
1246006PIP	2007	3	368	4.6	7.3	3.1	0.5	0.3	0.5	3.6	0.8	4.4
1246006PIP	2007	3	369	4.5	7.2	2.9	0.5	0.3	0.5	3.5	0.7	4.2
1246006PIP	2007	3	370	2.7	5.4	0.9	0.2	0.1	0.2	1.1	0.3	1.3
1246006PIP	2007	3	371	2.5	5.2	0.7	0.2	0.1	0.2	0.9	0.2	1.1
1246006PIP	2007	3	372	4.0	6.8	2.3	0.4	0.2	0.4	2.7	0.6	3.2
1246006PIP	2007	3	373	6.0	8.4	5.8	0.9	0.5	0.8	6.7	1.3	8.0
1246006PIP	2007	3	374	5.1	7.7	4.0	0.6	0.4	0.6	4.6	1.0	5.6
1246006PIP	2007	38	375	3.8	6.9	2.0	0.4	0.3	0.4	2.4	0.6	3.1
1246006PIP	2007	38	376	2.9	5.8	1.0	0.2	0.1	0.2	1.2	0.4	1.6
1246006PIP	2007	3	377	4.3	7.0	2.6	0.5	0.2	0.4	3.1	0.7	3.8
1246006PIP	2007	3	378	3.8	6.6	2.0	0.4	0.2	0.4	2.4	0.5	2.9
1246006PIP	2007	38	379	3.2	6.2	1.3	0.3	0.2	0.3	1.6	0.5	2.0
1246006PIP	2007	38	380	3.5	6.5	1.6	0.3	0.2	0.3	2.0	0.5	2.5
1246006PIP	2007	3	381	4.6	7.3	3.1	0.5	0.3	0.5	3.6	0.8	4.4
1246006PIP	2007	38	382	3.3	6.3	1.4	0.3	0.2	0.3	1.7	0.5	2.2
1246006PIP	2007	38	383	4.0	7.1	2.3	0.5	0.3	0.4	2.8	0.7	3.5
1246006PIP	2007	38	384	3.1	6.1	1.2	0.2	0.2	0.3	1.5	0.4	1.9
1246006PIP	2007	3	385	7.3	9.1	8.9	1.3	0.9	1.1	10.2	2.1	12.3
1246006PIP	2007	3	386	3.4	6.2	1.5	0.3	0.1	0.3	1.8	0.4	2.2
1246006PIP	2007	3	387	3.2	6.0	1.3	0.3	0.1	0.3	1.6	0.4	2.0
1246006PIP	2007	3	388	6.2	8.5	6.2	0.9	0.6	0.8	7.2	1.4	8.6
1246006PIP	2007	38	389	4.8	7.9	3.6	0.7	0.5	0.5	4.3	1.1	5.4
1246006PIP	2007	38	390	2.7	5.5	0.9	0.2	0.1	0.2	1.0	0.3	1.4
1246006PIP	2007	3	391	2.9	5.6	1.0	0.2	0.1	0.2	1.2	0.3	1.5
1246006PIP	2007	3	392	5.1	7.7	4.0	0.6	0.4	0.6	4.6	1.0	5.6
1246006PIP	2007	38	393	2.8	5.7	0.9	0.2	0.1	0.2	1.1	0.3	1.5
1246006PIP	2007	38	394	2.6	5.4	0.8	0.2	0.1	0.2	0.9	0.3	1.2
1246006PIP	2007	38	395	2.7	5.5	0.9	0.2	0.1	0.2	1.0	0.3	1.4
1246006PIP	2007	38	396	2.7	5.5	0.9	0.2	0.1	0.2	1.0	0.3	1.4
1246006PIP	2007	3	397	4.1	6.9	2.4	0.4	0.2	0.4	2.8	0.6	3.4
1246006PIP	2007	3	398	4.3	7.0	2.6	0.5	0.2	0.4	3.1	0.7	3.8
1246006PIP	2007	3	399	6.1	8.4	6.0	0.9	0.6	0.8	6.9	1.4	8.3
1246006PIP	2007	3	400	5.4	7.9	4.5	0.7	0.4	0.7	5.2	1.1	6.3
1246006PIP	2007	3	401	3.4	6.2	1.5	0.3	0.1	0.3	1.8	0.4	2.2
1246006PIP	2007	3	402	4.8	7.5	3.5	0.6	0.3	0.5	4.0	0.8	4.9
1246006PIP	2007	3	403	4.4	7.1	2.8	0.5	0.3	0.5	3.3	0.7	4.0
1246006PIP	2007	3	404	2.8	5.5	0.9	0.2	0.1	0.2	1.1	0.3	1.4
1246006PIP	2007	3	405	2.7	5.4	0.9	0.2	0.1	0.2	1.1	0.3	1.3
1246006PIP	2007	3	406	4.2	7.0	2.5	0.4	0.2	0.4	3.0	0.6	3.6
1246006PIP	2007	3	407	2.8	5.5	0.9	0.2	0.1	0.2	1.1	0.3	1.4
1246006PIP	2007	3	408	3.3	6.1	1.4	0.3	0.1	0.3	1.7	0.4	2.1
1246006PIP	2007	3	409	3.5	6.3	1.6	0.3	0.1	0.3	1.9	0.4	2.4
1246006PIP	2007	3	410	5.5	8.0	4.7	0.7	0.4	0.7	5.5	1.1	6.6
1246006PIP	2007	3	411	5.0	7.6	3.8	0.6	0.3	0.6	4.4	0.9	5.3
1246006PIP	2007	3	412	4.8	7.5	3.5	0.6	0.3	0.5	4.0	0.8	4.9
1246006PIP	2007	3	413	3.5	6.3	1.6	0.3	0.1	0.3	1.9	0.4	2.4
1246006PIP	2007	3	414	5.3	7.9	4.4	0.7	0.4	0.6	5.1	1.0	6.1
1246006PIP	2007	3	415	5.4	7.9	4.5	0.7	0.4	0.7	5.2	1.1	6.3
1246006PIP	2007	3	416	3.2	6.0	1.3	0.3	0.1	0.3	1.6	0.4	2.0
1246006PIP	2007	3	417	6.3	8.5	6.4	1.0	0.6	0.9	7.4	1.5	8.9
1246006PIP	2007	3	418	4.3	7.0	2.6	0.5	0.2	0.4	3.1	0.7	3.8
1246006PIP	2007	3	419	3.1	5.9	1.2	0.2	0.1	0.2	1.5	0.3	1.8
1246006PIP	2007	3	420	2.5	5.2	0.7	0.2	0.1	0.2	0.9	0.2	1.1
1246006PIP	2007	38	421	2.7	5.5	0.9	0.2	0.1	0.2	1.0	0.3	1.4
1246006PIP	2007	38	422	3.4	6.4	1.5	0.3	0.2	0.3	1.8	0.5	2.4
1246006PIP	2007	3	423	6.5	8.7	6.9	1.0	0.7	0.9	8.0	1.6	9.6
1246006PIP	2007	3	424	4.5	7.2	2.9	0.5	0.3	0.5	3.5	0.7	4.2
1246006PIP	2007	38	425	3.0	5.9	1.1	0.2	0.2	0.2	1.3	0.4	1.7
1246006PIP	2007	38	426	3.5	6.5	1.6	0.3	0.2	0.3	2.0	0.5	2.5
1246006PIP	2007	38	427	4.1	7.2	2.4	0.5	0.4	0.4	2.9	0.8	3.7
1246006PIP	2007	38	428	3.4	6.4	1.5	0.3	0.2	0.3	1.8	0.5	2.4
1246006PIP	2007	3	429	6.6	8.7	7.1	1.0	0.7	0.9	8.2	1.7	9.8
1246006PIP	2007	38	430	3.1	6.1	1.2	0.2	0.2	0.3	1.5	0.4	1.9
1246006PIP	2007	3	431	2.7	5.4	0.9	0.2	0.1	0.2	1.1	0.3	1.3
1246006PIP	2007	38	432	2.9	5.8	1.0	0.2	0.1	0.2	1.2	0.4	1.6
1246006PIP	2007	3	433	6.4	8.6	6.7	1.0	0.7	0.9	7.7	1.6	9.2
1246006PIP	2007	38	434	2.6	5.4	0.8	0.2	0.1	0.2	0.9	0.3	1.2
1246006PIP	2007	3	435	4.6	7.3	3.1	0.5	0.3	0.5	3.6	0.8	4.4
1246006PIP	2007	3	436	2.9	5.6	1.0	0.2	0.1	0.2	1.2	0.3	1.5
1246006PIP	2007	3	437	2.6	5.3	0.8	0.2	0.1	0.2	1.0	0.2	1.2
1246006PIP	2007	38	438	3.4	6.4	1.5	0.3	0.2	0.3	1.8	0.5	2.4
1246006PIP	2007	3	439	3.9	6.7	2.1	0.4	0.2	0.4	2.5	0.6	3.1
1246006PIP	2007	3	440	3.3	6.1	1.4	0.3	0.1	0.3	1.7	0.4	2.1
1246006PIP	2007	38	441	7.0	9.5	8.9	1.7	1.5	1.0	10.6	2.5	13.1
1246006PIP	2007	38	442	5.4	8.4	4.8	0.9	0.7	0.6	5.7	1.4	7.1
1246006PIP	2007	3	443	3.0	5.8	1.1	0.2	0.1	0.2	1.4	0.3	1.7
1246006PIP	2007	3	444	4.8	7.5	3.5	0.6	0.3	0.5	4.0	0.8	4.9
1246006PIP	2007	38	445	5.2	8.2	4.4	0.8	0.7	0.6	5.2	1.3	6.5
1246006PIP	2007	3	446	6.2	8.5	6.2	0.9	0.6	0.8	7.2	1.4	8.6
1246006PIP	2007	3	447	3.2	6.0	1.3	0.3	0.1	0.3	1.6	0.4	2.0
1246006PIP	2007	3	448	3.2	6.0	1.3	0.3	0.1	0.3	1.6	0.4	2.0
1246006PIP	2007	3	449	3.3	6.1	1.4	0.3	0.1	0.3	1.7	0.4	2.1
1246006PIP	2007	38	450	4.0	7.1	2.3	0.5	0.3	0.4	2.8	0.7	3.5
1246006PIP	2007	38	451	4.4	7.5	2.9	0.6	0.4	0.5	3.5	0.9	4.4
1246006PIP	2007	3	452	3.7	6.5	1.9	0.3	0.2	0.3	2.2	0.5	2.7
1246006PIP	2007	3	453	2.9	5.6	1.0	0.2	0.1	0.2	1.2	0.3	1.5
1246006PIP	2007	3	454	4.3	7.0	2.6	0.5	0.2	0.4	3.1	0.7	3.8
1246006PIP	2007	38	455	4.0	7.1	2.3	0.5	0.3	0.4	2.8	0.7	3.5
1246006PIP	2007	38	456	4.5	7.6	3.1	0.6	0.5	0.5	3.7	0.9	4.6
1246006PIP	2007	3	457	3.1	5.9	1.2	0.2	0.1	0.2	1.5	0.3	1.8
1246006PIP	2007	3	458	3.2	6.0	1.3	0.3	0.1	0.3	1.6	0.4	2.0
1246006PIP	2007	3	459	6.3	8.5	6.4	1.0	0.6	0.9	7.4	1.5	8.9
1246006PIP	2007	38	460	3.5	6.5	1.6	0.3	0.2	0.3	2.0	0.5	2.5
1246006PIP	2007	38	461	2.8	5.7	0.9	0.2	0.1	0.2	1.1	0.3	1.5
1246006PIP	2007	3	462	3.9	6.7	2.1	0.4	0.2	0.4	2.5	0.6	3.1
1246006PIP	2007	3	463	4.7	7.4	3.3	0.6	0.3	0.5	3.8	0.8	4.6
1246006PIP	2007	3	464	3.1	5.9	1.2	0.2	0.1	0.2	1.5	0.3	1.8
1246006PIP	2007	3	465	4.4	7.1	2.8	0.5	0.3	0.5	3.3	0.7	4.0
1246006PIP	2007	13	466	3.7	4.2	1.3	0.3	0.3	0.8	1.6	1.2	2.8
1246006PIP	2007	3	467	2.8	5.5	0.9	0.2	0.1	0.2	1.1	0.3	1.4
1246006PIP	2007	38	468	2.8	5.7	0.9	0.2	0.1	0.2	1.1	0.3	1.5
1246006PIP	2007	3	469	6.4	8.6	6.7	1.0	0.7	0.9	7.7	1.6	9.2
1246006PIP	2007	3	470	4.3	7.0	2.6	0.5	0.2	0.4	3.1	0.7	3.8
1246006PIP	2007	3	471	2.8	5.5	0.9	0.2	0.1	0.2	1.1	0.3	1.4
1246006PIP	2007	3	472	2.6	5.3	0.8	0.2	0.1	0.2	1.0	0.2	1.2
1246006PIP	2007	3	473	2.5	5.2	0.7	0.2	0.1	0.2	0.9	0.2	1.1
1246006PIP	2007	38	474	4.4	7.5	2.9	0.6	0.4	0.5	3.5	0.9	4.4
1246006PIP	2007	3	475	5.7	8.1	5.1	0.8	0.5	0.7	5.9	1.2	7.1
1246006PIP	2007	3	476	4.7	7.4	3.3	0.6	0.3	0.5	3.8	0.8	4.6
1246006PIP	2007	3	477	4.3	7.0	2.6	0.5	0.2	0.4	3.1	0.7	3.8
1246006PIP	2007	38	478	3.6	6.6	1.8	0.4	0.3	0.3	2.1	0.6	2.7
1246006PIP	2007	38	479	4.2	7.3	2.6	0.5	0.4	0.4	3.1	0.8	3.9
1246006PIP	2007	3	480	3.7	6.5	1.9	0.3	0.2	0.3	2.2	0.5	2.7
1246006PIP	2007	38	481	3.4	6.4	1.5	0.3	0.2	0.3	1.8	0.5	2.4
1246006PIP	2007	3	482	3.7	6.5	1.9	0.3	0.2	0.3	2.2	0.5	2.7
1246006PIP	2007	3	483	3.1	5.9	1.2	0.2	0.1	0.2	1.5	0.3	1.8
1246006PIP	2007	3	484	3.6	6.4	1.7	0.3	0.2	0.3	2.1	0.5	2.5
1246006PIP	2007	38	485	4.7	7.8	3.4	0.7	0.5	0.5	4.1	1.0	5.1
1246006PIP	2007	38	486	5.1	8.1	4.2	0.8	0.6	0.6	5.0	1.2	6.2
1246006PIP	2007	38	487	3.4	6.4	1.5	0.3	0.2	0.3	1.8	0.5	2.4
1246006PIP	2007	3	488	5.5	8.0	4.7	0.7	0.4	0.7	5.5	1.1	6.6
1246006PIP	2007	38	489	3.5	6.5	1.6	0.3	0.2	0.3	2.0	0.5	2.5
1246006PIP	2007	3	490	2.8	5.5	0.9	0.2	0.1	0.2	1.1	0.3	1.4
1246006PIP	2007	38	491	4.5	7.6	3.1	0.6	0.5	0.5	3.7	0.9	4.6
1246006PIP	2007	38	492	5.4	8.4	4.8	0.9	0.7	0.6	5.7	1.4	7.1
1246006PIP	2007	38	493	3.8	6.9	2.0	0.4	0.3	0.4	2.4	0.6	3.1
1218606PIP	2007	38	1	2.7	5.2	0.8	0.2	0.1	0.2	1.0	0.3	1.3
1218606PIP	2007	38	2	4.3	7.2	2.7	0.5	0.4	0.4	3.2	0.9	4.1
1218606PIP	2007	74	4	29.2	27.0	321.2	62.7	34.3	6.4	383.9	40.7	424.5
1218606PIP	2007	74	7	37.2	27.8	529.7	105.8	68.4	9.4	635.6	77.8	713.4
1218606PIP	2007	74	9	37.1	27.8	527.0	105.2	67.9	9.4	632.2	77.3	709.5
1218606PIP	2007	38	12	4.2	7.1	2.5	0.5	0.4	0.4	3.0	0.8	3.9
1218606PIP	2007	38	13	2.7	5.2	0.8	0.2	0.1	0.2	1.0	0.3	1.3
1218606PIP	2007	74	14	31.7	27.3	381.1	74.9	43.3	7.3	456.0	50.6	506.6
1218606PIP	2007	12	20	14.5	11.7	35.3	5.7	7.2	7.6	41.0	14.8	55.8
1218606PIP	2007	20	22	5.6	6.2	3.4	0.6	0.5	1.2	3.9	1.7	5.6
1218606PIP	2007	38	23	3.7	6.5	1.8	0.4	0.3	0.4	2.2	0.6	2.8
1218606PIP	2007	38	24	3.5	6.2	1.6	0.3	0.2	0.3	1.9	0.6	2.5
1218606PIP	2007	38	25	3.7	6.5	1.8	0.4	0.3	0.4	2.2	0.6	2.8
1218606PIP	2007	38	27	5.2	8.2	4.4	0.8	0.7	0.6	5.2	1.3	6.5
1218606PIP	2007	38	28	2.5	4.9	0.7	0.1	0.1	0.2	0.8	0.3	1.1
1218606PIP	2007	38	29	4.6	7.6	3.2	0.6	0.5	0.5	3.8	1.0	4.8
1218606PIP	2007	38	30	2.5	4.9	0.7	0.1	0.1	0.2	0.8	0.3	1.1
1204801PIP	2007	13	1	6.6	6.6	5.6	1.1	1.2	2.0	6.6	3.2	9.9
1204801PIP	2007	3	2	10.8	9.5	18.3	2.4	2.9	2.3	20.7	5.2	25.9
1204801PIP	2007	13	3	2.5	3.0	0.5	0.1	0.2	0.5	0.6	0.6	1.2
1204801PIP	2007	13	5	5.0	5.2	2.7	0.6	0.7	1.3	3.3	2.0	5.3
1204801PIP	2007	3	6	10.4	9.4	16.9	2.3	2.6	2.1	19.2	4.8	24.0
1204801PIP	2007	13	7	3.9	4.2	1.4	0.3	0.4	1.0	1.7	1.4	3.1
1204801PIP	2007	13	8	6.2	6.2	4.7	0.9	1.1	1.8	5.6	2.9	8.5
1204801PIP	2007	13	10	4.3	4.6	1.8	0.4	0.5	1.1	2.2	1.6	3.8
1204801PIP	2007	13	12	2.7	3.2	0.6	0.1	0.2	0.5	0.7	0.7	1.4
1204801PIP	2007	13	13	7.2	7.1	7.0	1.3	1.4	2.3	8.3	3.7	12.0
1204801PIP	2007	13	14	4.6	4.8	2.2	0.5	0.6	1.2	2.6	1.8	4.4
1204801PIP	2007	3	15	6.8	7.9	6.6	1.0	0.9	1.0	7.7	1.9	9.5
1204801PIP	2007	3	16	8.4	8.6	10.6	1.5	1.5	1.5	12.1	3.0	15.0
1204801PIP	2007	3	17	5.9	7.4	4.8	0.8	0.6	0.8	5.6	1.4	7.0
1204801PIP	2007	13	19	4.4	4.7	2.0	0.4	0.5	1.1	2.4	1.6	4.0
1204801PIP	2007	13	20	5.0	5.2	2.7	0.6	0.7	1.3	3.3	2.0	5.3
1204801PIP	2007	13	21	7.4	7.3	7.6	1.4	1.5	2.3	8.9	3.8	12.8
1204801PIP	2007	13	22	5.0	5.2	2.7	0.6	0.7	1.3	3.3	2.0	5.3
1204801PIP	2007	3	23	11.8	9.7	21.8	2.8	3.8	2.7	24.6	6.5	31.0
1204801PIP	2007	13	24	3.0	3.5	0.7	0.2	0.2	0.6	0.9	0.9	1.8
1204801PIP	2007	13	25	4.7	4.9	2.3	0.5	0.6	1.2	2.8	1.9	4.6
1204801PIP	2007	3	26	9.6	9.1	14.2	2.0	2.1	1.9	16.1	4.0	20.1
1204801PIP	2007	13	27	8.2	7.9	9.8	1.7	1.9	2.7	11.5	4.6	16.2
1204801PIP	2007	13	28	4.4	4.7	2.0	0.4	0.5	1.1	2.4	1.6	4.0
1204801PIP	2007	13	30	3.5	3.9	1.1	0.2	0.3	0.8	1.3	1.1	2.5
1204801PIP	2007	13	31	5.8	5.9	4.0	0.8	0.9	1.7	4.8	2.6	7.4
1204801PIP	2007	13	32	3.2	3.6	0.9	0.2	0.3	0.7	1.1	1.0	2.0
1204801PIP	2007	13	33	2.5	3.0	0.5	0.1	0.2	0.5	0.6	0.6	1.2
1204801PIP	2007	13	34	3.3	3.7	0.9	0.2	0.3	0.7	1.1	1.0	2.2
1204801PIP	2007	13	35	2.6	3.1	0.5	0.1	0.2	0.5	0.6	0.7	1.3
1204801PIP	2007	13	36	6.9	6.8	6.2	1.2	1.3	2.1	7.4	3.5	10.9
1204801PIP	2007	3	39	8.3	8.6	10.3	1.5	1.4	1.4	11.8	2.9	14.7
1204801PIP	2007	13	40	5.3	5.5	3.2	0.6	0.8	1.5	3.8	2.2	6.0
1204801PIP	2007	13	41	5.2	5.4	3.0	0.6	0.7	1.4	3.6	2.2	5.8
1204801PIP	2007	3	42	5.5	7.1	4.1	0.7	0.5	0.7	4.8	1.2	5.9
1204801PIP	2007	13	43	6.6	6.6	5.6	1.1	1.2	2.0	6.6	3.2	9.9
1204801PIP	2007	13	45	7.5	7.3	7.7	1.4	1.6	2.4	9.2	4.0	13.2
1204801PIP	2007	3	46	6.3	7.6	5.6	0.9	0.7	0.9	6.5	1.6	8.0
1204801PIP	2007	3	47	5.8	7.3	4.6	0.8	0.6	0.8	5.4	1.3	6.7
1204801PIP	2007	13	48	4.5	4.8	2.1	0.4	0.5	1.1	2.5	1.7	4.2
1204801PIP	2007	13	49	4.6	4.8	2.2	0.5	0.6	1.2	2.6	1.8	4.4
1204801PIP	2007	13	50	5.0	5.2	2.7	0.6	0.7	1.3	3.3	2.0	5.3
1204801PIP	2007	3	51	4.1	6.1	2.0	0.4	0.2	0.4	2.4	0.6	3.1
1204801PIP	2007	13	52	9.6	9.1	14.9	2.5	2.6	3.4	17.4	6.0	23.3
1204801PIP	2007	13	53	8.8	8.4	11.8	2.1	2.2	3.0	13.8	5.2	19.0
1204801PIP	2007	13	55	7.2	7.1	7.0	1.3	1.4	2.3	8.3	3.7	12.0
1204801PIP	2007	13	56	4.5	4.8	2.1	0.4	0.5	1.1	2.5	1.7	4.2
1204801PIP	2007	13	57	3.8	4.1	1.3	0.3	0.4	0.9	1.6	1.3	2.9
1204801PIP	2007	13	58	2.5	3.0	0.5	0.1	0.2	0.5	0.6	0.6	1.2
1204801PIP	2007	13	59	3.9	4.2	1.4	0.3	0.4	1.0	1.7	1.4	3.1
1204801PIP	2007	13	60	5.7	5.8	3.8	0.8	0.9	1.6	4.6	2.5	7.1
1204801PIP	2007	13	61	2.6	3.1	0.5	0.1	0.2	0.5	0.6	0.7	1.3
1204801PIP	2007	13	62	5.0	5.2	2.7	0.6	0.7	1.3	3.3	2.0	5.3
1204801PIP	2007	13	63	5.5	5.6	3.4	0.7	0.8	1.6	4.1	2.4	6.5
1204801PIP	2007	13	64	2.5	3.0	0.5	0.1	0.2	0.5	0.6	0.6	1.2
1204801PIP	2007	13	66	4.1	4.4	1.6	0.4	0.5	1.0	2.0	1.5	3.4
1204801PIP	2007	13	67	3.6	4.0	1.2	0.3	0.3	0.8	1.4	1.2	2.6
1204801PIP	2007	13	68	3.4	3.8	1.0	0.2	0.3	0.8	1.2	1.1	2.3
1204801PIP	2007	13	71	4.3	4.6	1.8	0.4	0.5	1.1	2.2	1.6	3.8
1204801PIP	2007	13	72	4.5	4.8	2.1	0.4	0.5	1.1	2.5	1.7	4.2
1204801PIP	2007	3	73	6.0	7.4	5.0	0.8	0.6	0.8	5.8	1.4	7.2
1204801PIP	2007	13	74	4.5	4.8	2.1	0.4	0.5	1.1	2.5	1.7	4.2
1204801PIP	2007	13	75	5.2	5.4	3.0	0.6	0.7	1.4	3.6	2.2	5.8
1204801PIP	2007	3	76	5.9	7.4	4.8	0.8	0.6	0.8	5.6	1.4	7.0
1204801PIP	2007	13	77	3.0	3.5	0.7	0.2	0.2	0.6	0.9	0.9	1.8
1204801PIP	2007	13	78	5.3	5.5	3.2	0.6	0.8	1.5	3.8	2.2	6.0
1204801PIP	2007	13	79	4.8	5.0	2.4	0.5	0.6	1.3	2.9	1.9	4.8
1204801PIP	2007	13	80	3.1	3.5	0.8	0.2	0.3	0.7	1.0	0.9	1.9
1204801PIP	2007	13	81	3.7	4.1	1.3	0.3	0.4	0.9	1.5	1.2	2.8
1204801PIP	2007	13	82	5.3	5.5	3.2	0.6	0.8	1.5	3.8	2.2	6.0
1204801PIP	2007	13	83	5.1	5.3	2.9	0.6	0.7	1.4	3.4	2.1	5.5
1204801PIP	2007	13	84	5.5	5.6	3.4	0.7	0.8	1.6	4.1	2.4	6.5
1204801PIP	2007	13	86	5.0	5.2	2.7	0.6	0.7	1.3	3.3	2.0	5.3
1204801PIP	2007	13	87	4.3	4.6	1.8	0.4	0.5	1.1	2.2	1.6	3.8
1204801PIP	2007	74	88	8.0	9.5	8.6	2.1	1.5	0.8	10.8	2.3	13.0
1204801PIP	2007	13	89	4.1	4.4	1.6	0.4	0.5	1.0	2.0	1.5	3.4
1204801PIP	2007	13	90	4.3	4.6	1.8	0.4	0.5	1.1	2.2	1.6	3.8
1204801PIP	2007	13	91	6.0	6.1	4.4	0.9	1.0	1.7	5.2	2.7	8.0
1204801PIP	2007	13	92	5.0	5.2	2.7	0.6	0.7	1.3	3.3	2.0	5.3
1204801PIP	2007	13	93	3.5	3.9	1.1	0.2	0.3	0.8	1.3	1.1	2.5
1204801PIP	2007	13	95	4.1	4.4	1.6	0.4	0.5	1.0	2.0	1.5	3.4
1204801PIP	2007	3	96	8.3	8.6	10.3	1.5	1.4	1.4	11.8	2.9	14.7
1204801PIP	2007	13	97	3.2	3.6	0.9	0.2	0.3	0.7	1.1	1.0	2.0
1204801PIP	2007	3	98	6.3	7.6	5.6	0.9	0.7	0.9	6.5	1.6	8.0
1204801PIP	2007	3	99	4.6	6.5	2.7	0.5	0.3	0.5	3.2	0.8	4.0
1204801PIP	2007	3	100	4.0	6.0	1.9	0.4	0.2	0.4	2.3	0.6	2.9
1204801PIP	2007	3	101	6.5	7.7	6.0	0.9	0.8	0.9	6.9	1.7	8.6
1204801PIP	2007	13	102	5.7	5.8	3.8	0.8	0.9	1.6	4.6	2.5	7.1
1204801PIP	2007	13	103	3.1	3.5	0.8	0.2	0.3	0.7	1.0	0.9	1.9
1204801PIP	2007	13	104	3.3	3.7	0.9	0.2	0.3	0.7	1.1	1.0	2.2
1204801PIP	2007	13	105	3.3	3.7	0.9	0.2	0.3	0.7	1.1	1.0	2.2
1204801PIP	2007	3	106	8.5	8.7	10.9	1.6	1.5	1.5	12.5	3.0	15.5
1204801PIP	2007	13	107	5.5	5.6	3.4	0.7	0.8	1.6	4.1	2.4	6.5
1204801PIP	2007	13	108	4.2	4.5	1.7	0.4	0.5	1.1	2.1	1.5	3.6
1204801PIP	2007	13	110	5.9	6.0	4.2	0.8	1.0	1.7	5.0	2.7	7.7
1204801PIP	2007	13	111	7.7	7.5	8.3	1.5	1.7	2.5	9.8	4.2	14.0
1204801PIP	2007	13	112	4.1	4.4	1.6	0.4	0.5	1.0	2.0	1.5	3.4
1204801PIP	2007	13	113	2.8	3.3	0.6	0.2	0.2	0.6	0.8	0.8	1.5
1204801PIP	2007	13	114	9.3	8.8	13.6	2.3	2.5	3.2	15.9	5.7	21.6
1204801PIP	2007	13	115	4.2	4.5	1.7	0.4	0.5	1.1	2.1	1.5	3.6
1204801PIP	2007	13	116	7.1	7.0	6.7	1.3	1.4	2.2	8.0	3.6	11.6
1204801PIP	2007	13	117	3.9	4.2	1.4	0.3	0.4	1.0	1.7	1.4	3.1
1204801PIP	2007	13	118	8.7	8.3	11.4	2.0	2.1	3.0	13.4	5.1	18.5
1204801PIP	2007	13	119	6.9	6.8	6.2	1.2	1.3	2.1	7.4	3.5	10.9
1204801PIP	2007	3	120	4.5	6.4	2.5	0.5	0.3	0.5	3.0	0.8	3.8
1204801PIP	2007	13	121	2.7	3.2	0.6	0.1	0.2	0.5	0.7	0.7	1.4
1204801PIP	2007	13	122	3.7	4.1	1.3	0.3	0.4	0.9	1.5	1.2	2.8
1204801PIP	2007	3	123	7.8	8.4	9.0	1.3	1.2	1.3	10.4	2.5	12.9
1204801PIP	2007	3	124	7.7	8.3	8.7	1.3	1.2	1.2	10.0	2.4	12.5
1204801PIP	2007	3	125	5.5	7.1	4.1	0.7	0.5	0.7	4.8	1.2	5.9
1204801PIP	2007	3	126	5.0	6.8	3.3	0.6	0.4	0.6	3.9	1.0	4.8
1204801PIP	2007	3	127	5.5	7.1	4.1	0.7	0.5	0.7	4.8	1.2	5.9
1204801PIP	2007	13	128	3.1	3.5	0.8	0.2	0.3	0.7	1.0	0.9	1.9
1204801PIP	2007	13	129	4.2	4.5	1.7	0.4	0.5	1.1	2.1	1.5	3.6
1204801PIP	2007	13	130	3.2	3.6	0.9	0.2	0.3	0.7	1.1	1.0	2.0
1204801PIP	2007	13	131	3.5	3.9	1.1	0.2	0.3	0.8	1.3	1.1	2.5
1204801PIP	2007	13	132	5.5	5.6	3.4	0.7	0.8	1.6	4.1	2.4	6.5
1204801PIP	2007	13	133	4.6	4.8	2.2	0.5	0.6	1.2	2.6	1.8	4.4
1204801PIP	2007	13	134	2.8	3.3	0.6	0.2	0.2	0.6	0.8	0.8	1.5
1204801PIP	2007	3	135	3.7	5.8	1.6	0.3	0.2	0.3	1.9	0.5	2.5
1204801PIP	2007	13	136	3.2	3.6	0.9	0.2	0.3	0.7	1.1	1.0	2.0
1204801PIP	2007	13	138	7.5	7.3	7.7	1.4	1.6	2.4	9.2	4.0	13.2
1204801PIP	2007	13	139	2.8	3.3	0.6	0.2	0.2	0.6	0.8	0.8	1.5
1204801PIP	2007	13	140	2.9	3.4	0.7	0.2	0.2	0.6	0.8	0.8	1.7
1204801PIP	2007	13	141	2.9	3.4	0.7	0.2	0.2	0.6	0.8	0.8	1.7
1204801PIP	2007	13	142	3.0	3.5	0.7	0.2	0.2	0.6	0.9	0.9	1.8
1204801PIP	2007	13	143	6.5	6.5	5.4	1.0	1.2	2.0	6.4	3.1	9.5
1204801PIP	2007	13	144	2.9	3.4	0.7	0.2	0.2	0.6	0.8	0.8	1.7
1204801PIP	2007	13	145	4.5	4.8	2.1	0.4	0.5	1.1	2.5	1.7	4.2
1204801PIP	2007	3	146	8.9	8.8	12.0	1.7	1.8	1.6	13.7	3.4	17.0
1204801PIP	2007	13	147	3.2	3.6	0.9	0.2	0.3	0.7	1.1	1.0	2.0
1204801PIP	2007	13	148	4.5	4.8	2.1	0.4	0.5	1.1	2.5	1.7	4.2
1204801PIP	2007	13	150	3.3	3.7	0.9	0.2	0.3	0.7	1.1	1.0	2.2
1204801PIP	2007	13	151	2.8	3.3	0.6	0.2	0.2	0.6	0.8	0.8	1.5
1204801PIP	2007	13	152	3.0	3.5	0.7	0.2	0.2	0.6	0.9	0.9	1.8
1204801PIP	2007	13	153	4.5	4.8	2.1	0.4	0.5	1.1	2.5	1.7	4.2
1204801PIP	2007	3	154	5.5	7.1	4.1	0.7	0.5	0.7	4.8	1.2	5.9
1204801PIP	2007	13	155	4.2	4.5	1.7	0.4	0.5	1.1	2.1	1.5	3.6
1204801PIP	2007	13	156	3.9	4.2	1.4	0.3	0.4	1.0	1.7	1.4	3.1
1204801PIP	2007	13	157	7.8	7.6	8.6	1.6	1.7	2.5	10.2	4.2	14.4
1204801PIP	2007	13	158	7.5	7.3	7.7	1.4	1.6	2.4	9.2	4.0	13.2
1204801PIP	2007	3	159	5.5	7.1	4.1	0.7	0.5	0.7	4.8	1.2	5.9
1204801PIP	2007	13	160	4.9	5.1	2.6	0.5	0.7	1.3	3.1	2.0	5.1
1204801PIP	2007	13	161	2.6	3.1	0.5	0.1	0.2	0.5	0.6	0.7	1.3
1204801PIP	2007	13	162	3.1	3.5	0.8	0.2	0.3	0.7	1.0	0.9	1.9
1204801PIP	2007	13	163	5.8	5.9	4.0	0.8	0.9	1.7	4.8	2.6	7.4
1204801PIP	2007	13	164	4.9	5.1	2.6	0.5	0.7	1.3	3.1	2.0	5.1
1204801PIP	2007	13	165	5.0	5.2	2.7	0.6	0.7	1.3	3.3	2.0	5.3
1204801PIP	2007	13	166	2.7	3.2	0.6	0.1	0.2	0.5	0.7	0.7	1.4
1204801PIP	2007	3	168	9.0	8.9	12.4	1.7	1.8	1.7	14.1	3.4	17.6
1204801PIP	2007	13	170	2.7	3.2	0.6	0.1	0.2	0.5	0.7	0.7	1.4
1204801PIP	2007	13	172	4.4	4.7	2.0	0.4	0.5	1.1	2.4	1.6	4.0
1204801PIP	2007	13	173	3.8	4.1	1.3	0.3	0.4	0.9	1.6	1.3	2.9
1204801PIP	2007	13	174	2.6	3.1	0.5	0.1	0.2	0.5	0.6	0.7	1.3
1204801PIP	2007	13	175	4.8	5.0	2.4	0.5	0.6	1.3	2.9	1.9	4.8
1204801PIP	2007	13	176	7.9	7.7	8.9	1.6	1.7	2.6	10.5	4.3	14.8
1204801PIP	2007	13	177	2.5	3.0	0.5	0.1	0.2	0.5	0.6	0.6	1.2
1204801PIP	2007	13	178	4.9	5.1	2.6	0.5	0.7	1.3	3.1	2.0	5.1
1204801PIP	2007	13	179	4.9	5.1	2.6	0.5	0.7	1.3	3.1	2.0	5.1
1204801PIP	2007	13	180	4.4	4.7	2.0	0.4	0.5	1.1	2.4	1.6	4.0
1204801PIP	2007	13	181	3.0	3.5	0.7	0.2	0.2	0.6	0.9	0.9	1.8
1204801PIP	2007	3	182	4.9	6.7	3.1	0.6	0.4	0.6	3.7	0.9	4.6
1204801PIP	2007	13	183	5.2	5.4	3.0	0.6	0.7	1.4	3.6	2.2	5.8
1204801PIP	2007	13	184	2.8	3.3	0.6	0.2	0.2	0.6	0.8	0.8	1.5
1204801PIP	2007	13	185	4.3	4.6	1.8	0.4	0.5	1.1	2.2	1.6	3.8
1204801PIP	2007	3	186	6.1	7.5	5.2	0.8	0.6	0.8	6.0	1.5	7.5
1204801PIP	2007	13	187	3.8	4.1	1.3	0.3	0.4	0.9	1.6	1.3	2.9
1204801PIP	2007	13	189	3.7	4.1	1.3	0.3	0.4	0.9	1.5	1.2	2.8
1204801PIP	2007	13	190	3.0	3.5	0.7	0.2	0.2	0.6	0.9	0.9	1.8
1204801PIP	2007	13	191	4.2	4.5	1.7	0.4	0.5	1.1	2.1	1.5	3.6
1204801PIP	2007	13	192	5.6	5.7	3.6	0.7	0.9	1.6	4.3	2.5	6.8
1204801PIP	2007	13	193	2.9	3.4	0.7	0.2	0.2	0.6	0.8	0.8	1.7
1204801PIP	2007	13	194	3.9	4.2	1.4	0.3	0.4	1.0	1.7	1.4	3.1
1204801PIP	2007	13	195	5.2	5.4	3.0	0.6	0.7	1.4	3.6	2.2	5.8
1204801PIP	2007	13	196	3.3	3.7	0.9	0.2	0.3	0.7	1.1	1.0	2.2
1204801PIP	2007	3	197	5.5	7.1	4.1	0.7	0.5	0.7	4.8	1.2	5.9
1204801PIP	2007	13	198	2.6	3.1	0.5	0.1	0.2	0.5	0.6	0.7	1.3
1204801PIP	2007	13	199	4.4	4.7	2.0	0.4	0.5	1.1	2.4	1.6	4.0
1204801PIP	2007	3	200	6.8	7.9	6.6	1.0	0.9	1.0	7.7	1.9	9.5
1204801PIP	2007	3	201	8.4	8.6	10.6	1.5	1.5	1.5	12.1	3.0	15.0
1204801PIP	2007	13	202	4.0	4.3	1.5	0.3	0.4	1.0	1.8	1.4	3.3
1204801PIP	2007	3	203	7.8	8.4	9.0	1.3	1.2	1.3	10.4	2.5	12.9
1204801PIP	2007	13	204	2.9	3.4	0.7	0.2	0.2	0.6	0.8	0.8	1.7
1204801PIP	2007	13	205	7.9	7.7	8.9	1.6	1.7	2.6	10.5	4.3	14.8
1204801PIP	2007	13	206	2.8	3.3	0.6	0.2	0.2	0.6	0.8	0.8	1.5
1204801PIP	2007	13	207	3.9	4.2	1.4	0.3	0.4	1.0	1.7	1.4	3.1
1204801PIP	2007	13	208	4.2	4.5	1.7	0.4	0.5	1.1	2.1	1.5	3.6
1204801PIP	2007	13	209	3.1	3.5	0.8	0.2	0.3	0.7	1.0	0.9	1.9
1204801PIP	2007	13	210	2.6	3.1	0.5	0.1	0.2	0.5	0.6	0.7	1.3
1204801PIP	2007	13	211	4.7	4.9	2.3	0.5	0.6	1.2	2.8	1.9	4.6
1204801PIP	2007	13	212	5.7	5.8	3.8	0.8	0.9	1.6	4.6	2.5	7.1
1204801PIP	2007	13	213	3.1	3.5	0.8	0.2	0.3	0.7	1.0	0.9	1.9
1204801PIP	2007	13	214	2.6	3.1	0.5	0.1	0.2	0.5	0.6	0.7	1.3
1204801PIP	2007	13	215	7.0	6.9	6.5	1.2	1.4	2.2	7.7	3.6	11.2
1204801PIP	2007	13	216	2.7	3.2	0.6	0.1	0.2	0.5	0.7	0.7	1.4
1204801PIP	2007	3	217	5.5	7.1	4.1	0.7	0.5	0.7	4.8	1.2	5.9
1204801PIP	2007	13	218	3.7	4.1	1.3	0.3	0.4	0.9	1.5	1.2	2.8
1204801PIP	2007	3	220	4.5	6.4	2.5	0.5	0.3	0.5	3.0	0.8	3.8
1204801PIP	2007	3	221	5.3	7.0	3.8	0.6	0.4	0.6	4.4	1.1	5.5
1204801PIP	2007	13	222	3.8	4.1	1.3	0.3	0.4	0.9	1.6	1.3	2.9
1204801PIP	2007	13	223	3.9	4.2	1.4	0.3	0.4	1.0	1.7	1.4	3.1
1204801PIP	2007	13	225	2.9	3.4	0.7	0.2	0.2	0.6	0.8	0.8	1.7
1204801PIP	2007	13	227	3.0	3.5	0.7	0.2	0.2	0.6	0.9	0.9	1.8
1204801PIP	2007	13	228	3.2	3.6	0.9	0.2	0.3	0.7	1.1	1.0	2.0
1204801PIP	2007	13	229	4.2	4.5	1.7	0.4	0.5	1.1	2.1	1.5	3.6
1204801PIP	2007	13	230	3.5	3.9	1.1	0.2	0.3	0.8	1.3	1.1	2.5
1204801PIP	2007	13	231	3.4	3.8	1.0	0.2	0.3	0.8	1.2	1.1	2.3
1204801PIP	2007	13	232	3.2	3.6	0.9	0.2	0.3	0.7	1.1	1.0	2.0
1204801PIP	2007	13	233	2.6	3.1	0.5	0.1	0.2	0.5	0.6	0.7	1.3
1204801PIP	2007	13	234	3.7	4.1	1.3	0.3	0.4	0.9	1.5	1.2	2.8
1204801PIP	2007	13	235	2.8	3.3	0.6	0.2	0.2	0.6	0.8	0.8	1.5
1204801PIP	2007	13	236	3.0	3.5	0.7	0.2	0.2	0.6	0.9	0.9	1.8
1204801PIP	2007	13	237	2.6	3.1	0.5	0.1	0.2	0.5	0.6	0.7	1.3
1204801PIP	2007	13	238	3.0	3.5	0.7	0.2	0.2	0.6	0.9	0.9	1.8
1204801PIP	2007	13	239	4.8	5.0	2.4	0.5	0.6	1.3	2.9	1.9	4.8
1204801PIP	2007	13	240	4.3	4.6	1.8	0.4	0.5	1.1	2.2	1.6	3.8
1204801PIP	2007	13	241	4.5	4.8	2.1	0.4	0.5	1.1	2.5	1.7	4.2
1204801PIP	2007	3	242	3.9	5.9	1.8	0.4	0.2	0.4	2.2	0.6	2.7
1204801PIP	2007	13	243	2.5	3.0	0.5	0.1	0.2	0.5	0.6	0.6	1.2
1204801PIP	2007	13	244	2.5	3.0	0.5	0.1	0.2	0.5	0.6	0.6	1.2
1204801PIP	2007	13	245	4.2	4.5	1.7	0.4	0.5	1.1	2.1	1.5	3.6
1204801PIP	2007	13	246	2.8	3.3	0.6	0.2	0.2	0.6	0.8	0.8	1.5
1204801PIP	2007	13	247	2.9	3.4	0.7	0.2	0.2	0.6	0.8	0.8	1.7
1204801PIP	2007	13	248	4.1	4.4	1.6	0.4	0.5	1.0	2.0	1.5	3.4
1204801PIP	2007	13	249	3.0	3.5	0.7	0.2	0.2	0.6	0.9	0.9	1.8
1204801PIP	2007	13	250	3.8	4.1	1.3	0.3	0.4	0.9	1.6	1.3	2.9
1204801PIP	2007	13	251	9.3	8.8	13.6	2.3	2.5	3.2	15.9	5.7	21.6
1204801PIP	2007	13	252	4.8	5.0	2.4	0.5	0.6	1.3	2.9	1.9	4.8
1204801PIP	2007	13	253	5.3	5.5	3.2	0.6	0.8	1.5	3.8	2.2	6.0
1204801PIP	2007	13	254	2.6	3.1	0.5	0.1	0.2	0.5	0.6	0.7	1.3
1204801PIP	2007	13	255	4.0	4.3	1.5	0.3	0.4	1.0	1.8	1.4	3.3
1204801PIP	2007	3	256	8.3	8.6	10.3	1.5	1.4	1.4	11.8	2.9	14.7
1204801PIP	2007	13	257	3.3	3.7	0.9	0.2	0.3	0.7	1.1	1.0	2.2
1204801PIP	2007	13	258	6.9	6.8	6.2	1.2	1.3	2.1	7.4	3.5	10.9
1204801PIP	2007	13	259	6.6	6.6	5.6	1.1	1.2	2.0	6.6	3.2	9.9
1204801PIP	2007	13	261	5.8	5.9	4.0	0.8	0.9	1.7	4.8	2.6	7.4
1204801PIP	2007	13	262	4.7	4.9	2.3	0.5	0.6	1.2	2.8	1.9	4.6
1204801PIP	2007	13	263	4.7	4.9	2.3	0.5	0.6	1.2	2.8	1.9	4.6
1204801PIP	2007	13	265	5.4	5.5	3.3	0.7	0.8	1.5	3.9	2.3	6.3
1204801PIP	2007	13	266	3.4	3.8	1.0	0.2	0.3	0.8	1.2	1.1	2.3
1204801PIP	2007	3	267	3.8	5.9	1.7	0.3	0.2	0.4	2.1	0.5	2.6
1204801PIP	2007	13	268	4.0	4.3	1.5	0.3	0.4	1.0	1.8	1.4	3.3
1204801PIP	2007	13	269	5.5	5.6	3.4	0.7	0.8	1.6	4.1	2.4	6.5
1204801PIP	2007	13	270	4.5	4.8	2.1	0.4	0.5	1.1	2.5	1.7	4.2
1204801PIP	2007	13	271	6.5	6.5	5.4	1.0	1.2	2.0	6.4	3.1	9.5
1204801PIP	2007	13	272	5.0	5.2	2.7	0.6	0.7	1.3	3.3	2.0	5.3
1204801PIP	2007	13	273	2.6	3.1	0.5	0.1	0.2	0.5	0.6	0.7	1.3
1204801PIP	2007	13	274	4.8	5.0	2.4	0.5	0.6	1.3	2.9	1.9	4.8
1204801PIP	2007	13	275	5.6	5.7	3.6	0.7	0.9	1.6	4.3	2.5	6.8
1204801PIP	2007	3	277	8.9	8.8	12.0	1.7	1.8	1.6	13.7	3.4	17.0
1204801PIP	2007	13	278	7.4	7.3	7.6	1.4	1.5	2.3	8.9	3.8	12.8
1204801PIP	2007	13	279	5.6	5.7	3.6	0.7	0.9	1.6	4.3	2.5	6.8
1204801PIP	2007	13	280	5.2	5.4	3.0	0.6	0.7	1.4	3.6	2.2	5.8
1204801PIP	2007	3	281	6.8	7.9	6.6	1.0	0.9	1.0	7.7	1.9	9.5
1204801PIP	2007	13	282	4.5	4.8	2.1	0.4	0.5	1.1	2.5	1.7	4.2
1252926PIP	2008	20	1	3.4	2.8	0.7	0.1	0.2	0.9	0.8	1.1	1.9
1252926PIP	2008	20	2	5.5	3.9	2.2	0.4	0.8	2.0	2.6	2.8	5.4
1252926PIP	2008	13	4	2.7	3.3	0.6	0.1	0.2	0.5	0.7	0.7	1.4
1252936PIP	2008	13	1	6.8	7.4	6.6	1.2	1.1	1.8	7.8	3.0	10.8
1252936PIP	2008	13	2	4.4	5.1	2.1	0.4	0.5	1.0	2.6	1.5	4.0
1252936PIP	2008	13	3	4.1	4.8	1.8	0.4	0.4	0.9	2.1	1.3	3.4
1252936PIP	2008	13	4	20.5	17.9	110.6	14.8	11.7	9.4	125.3	21.1	146.5
1252936PIP	2008	13	5	19.5	17.3	97.9	13.2	10.5	8.7	111.1	19.1	130.2
1252936PIP	2008	13	6	19.2	17.2	94.7	12.8	10.0	8.4	107.6	18.4	126.0
1252936PIP	2008	13	7	4.6	5.3	2.4	0.5	0.5	1.1	2.9	1.6	4.4
1252936PIP	2008	13	8	17.7	16.2	77.4	10.7	8.4	7.4	88.1	15.8	103.8
1252936PIP	2008	13	9	7.3	7.9	8.0	1.4	1.3	2.0	9.4	3.3	12.7
1252936PIP	2008	13	10	9.5	9.9	15.9	2.6	2.2	2.9	18.5	5.1	23.6
1252936PIP	2008	13	12	4.5	5.2	2.2	0.5	0.5	1.0	2.7	1.5	4.2
1252936PIP	2008	13	13	16.9	15.7	69.1	9.7	7.5	6.8	78.8	14.4	93.2
1252936PIP	2008	13	14	13.3	13.1	37.9	5.7	4.5	4.7	43.6	9.2	52.8
1252936PIP	2008	13	15	4.5	5.2	2.2	0.5	0.5	1.0	2.7	1.5	4.2
1252936PIP	2008	13	16	10.5	10.8	20.6	3.3	2.7	3.4	23.9	6.1	30.0
1252936PIP	2008	13	17	9.1	9.6	14.3	2.4	2.0	2.7	16.7	4.7	21.4
1252936PIP	2008	13	19	5.1	5.8	3.1	0.6	0.6	1.2	3.7	1.9	5.6
1252936PIP	2008	13	20	16.8	15.6	68.0	9.5	7.5	6.8	77.5	14.3	91.8
1252936PIP	2008	13	21	14.0	13.6	43.0	6.3	5.0	5.1	49.4	10.1	59.5
1252936PIP	2008	13	23	18.4	16.7	85.4	11.7	9.1	7.8	97.0	16.9	114.0
1252936PIP	2008	13	24	8.8	9.3	13.0	2.2	1.9	2.6	15.2	4.5	19.7
1252936PIP	2008	13	25	12.6	12.6	33.2	5.0	4.0	4.3	38.2	8.3	46.5
1252936PIP	2008	13	27	3.4	4.1	1.1	0.2	0.3	0.7	1.3	1.0	2.3
1252936PIP	2008	13	28	3.0	3.7	0.8	0.2	0.2	0.6	1.0	0.8	1.8
1252936PIP	2008	13	29	4.3	5.0	2.0	0.4	0.4	1.0	2.4	1.4	3.8
1252936PIP	2008	13	30	3.5	4.2	1.2	0.3	0.3	0.7	1.4	1.0	2.4
1252936PIP	2008	13	31	3.6	4.3	1.3	0.3	0.3	0.8	1.5	1.1	2.6
1252936PIP	2008	13	32	10.2	10.5	19.1	3.1	2.6	3.2	22.2	5.8	28.0
1252936PIP	2008	13	33	11.1	11.3	23.8	3.7	3.1	3.6	27.6	6.7	34.2
1252936PIP	2008	13	34	2.5	3.3	0.5	0.1	0.1	0.4	0.6	0.6	1.2
1252936PIP	2008	13	35	5.2	5.9	3.3	0.7	0.7	1.3	3.9	1.9	5.8
1252936PIP	2008	13	36	11.3	11.5	25.0	3.9	3.2	3.7	28.9	6.9	35.8
1252936PIP	2008	13	37	6.1	6.8	5.0	0.9	0.9	1.6	6.0	2.5	8.4
1252936PIP	2008	13	38	11.2	11.4	24.4	3.8	3.1	3.7	28.2	6.8	35.0
1252936PIP	2008	13	39	15.3	14.6	54.0	7.8	6.0	5.8	61.8	11.9	73.6
1252936PIP	2008	13	40	13.4	13.2	38.7	5.8	4.5	4.8	44.5	9.3	53.8
1252936PIP	2008	13	41	13.9	13.6	42.5	6.3	4.9	5.0	48.8	9.9	58.7
1252936PIP	2008	13	42	3.6	4.3	1.3	0.3	0.3	0.8	1.5	1.1	2.6
1252936PIP	2008	13	43	2.6	3.4	0.6	0.1	0.1	0.4	0.7	0.6	1.3
1252936PIP	2008	13	44	11.3	11.5	25.0	3.9	3.2	3.7	28.9	6.9	35.8
1252936PIP	2008	13	45	3.2	3.9	0.9	0.2	0.2	0.6	1.1	0.9	2.0
1252936PIP	2008	13	46	15.6	14.8	56.6	8.1	6.3	6.0	64.7	12.3	77.1
1252936PIP	2008	13	47	14.4	13.9	46.2	6.8	5.3	5.3	53.0	10.7	63.7
1252936PIP	2008	13	48	9.9	10.3	17.8	2.9	2.4	3.1	20.6	5.5	26.1
1252936PIP	2008	13	49	14.5	14.0	47.1	6.9	5.4	5.4	54.0	10.8	64.8
1252936PIP	2008	13	50	3.6	4.3	1.3	0.3	0.3	0.8	1.5	1.1	2.6
1252936PIP	2008	13	51	10.9	11.2	22.9	3.6	2.9	3.5	26.5	6.4	32.9
1252936PIP	2008	13	52	2.5	3.3	0.5	0.1	0.1	0.4	0.6	0.6	1.2
1252936PIP	2008	13	53	7.5	8.1	8.6	1.5	1.4	2.1	10.1	3.5	13.6
1252936PIP	2008	13	55	9.5	9.9	15.9	2.6	2.2	2.9	18.5	5.1	23.6
1252936PIP	2008	13	56	3.3	4.0	1.0	0.2	0.3	0.7	1.2	0.9	2.2
1252936PIP	2008	13	57	6.4	7.0	5.6	1.0	1.0	1.7	6.7	2.7	9.4
1252936PIP	2008	13	58	3.9	4.6	1.5	0.3	0.4	0.8	1.9	1.2	3.1
1252936PIP	2008	13	59	5.8	6.5	4.4	0.8	0.8	1.5	5.2	2.3	7.5
1252936PIP	2008	13	60	13.4	13.2	38.7	5.8	4.5	4.8	44.5	9.3	53.8
1252936PIP	2008	13	61	5.6	6.3	4.0	0.8	0.8	1.4	4.8	2.1	6.9
1252936PIP	2008	13	62	12.5	12.5	32.4	4.9	3.9	4.3	37.4	8.2	45.6
1252936PIP	2008	13	63	9.3	9.8	15.1	2.5	2.1	2.8	17.6	4.9	22.6
1252936PIP	2008	13	64	10.4	10.7	20.1	3.2	2.7	3.3	23.3	6.0	29.3
1252936PIP	2008	13	66	12.2	12.2	30.3	4.6	3.7	4.2	35.0	7.9	42.9
1252936PIP	2008	13	67	5.8	6.5	4.4	0.8	0.8	1.5	5.2	2.3	7.5
1252936PIP	2008	13	68	10.0	10.4	18.2	3.0	2.5	3.1	21.2	5.6	26.8
1252936PIP	2008	13	69	9.0	9.5	13.9	2.3	2.0	2.7	16.2	4.7	20.8
1252936PIP	2008	13	70	13.6	13.3	40.0	5.9	4.7	4.9	46.0	9.6	55.6
1252936PIP	2008	13	71	15.5	14.7	55.6	8.0	6.2	6.0	63.6	12.2	75.8
1252936PIP	2008	13	72	4.5	5.2	2.2	0.5	0.5	1.0	2.7	1.5	4.2
1252936PIP	2008	13	73	10.8	11.1	22.3	3.5	2.9	3.5	25.8	6.3	32.2
1252936PIP	2008	13	74	11.9	12.0	28.6	4.4	3.5	4.0	33.0	7.5	40.5
1252936PIP	2008	13	75	5.3	6.0	3.5	0.7	0.7	1.3	4.1	2.0	6.1
1252936PIP	2008	13	76	14.3	13.9	45.7	6.7	5.2	5.3	52.3	10.5	62.8
1252936PIP	2008	13	77	10.5	10.8	20.6	3.3	2.7	3.4	23.9	6.1	30.0
1252936PIP	2008	13	78	14.2	13.8	44.8	6.6	5.1	5.2	51.3	10.3	61.7
1252936PIP	2008	13	79	13.1	12.9	36.3	5.5	4.3	4.6	41.8	9.0	50.8
1252936PIP	2008	13	80	3.2	3.9	0.9	0.2	0.2	0.6	1.1	0.9	2.0
1252936PIP	2008	13	82	15.7	14.9	57.7	8.2	6.4	6.1	65.9	12.5	78.3
1252936PIP	2008	13	84	2.7	3.5	0.6	0.1	0.2	0.5	0.8	0.6	1.4
1252936PIP	2008	13	85	6.1	6.8	5.0	0.9	0.9	1.6	6.0	2.5	8.4
1252936PIP	2008	13	86	10.5	10.8	20.6	3.3	2.7	3.4	23.9	6.1	30.0
1252936PIP	2008	13	87	6.2	6.9	5.2	1.0	0.9	1.6	6.2	2.5	8.7
1252936PIP	2008	13	88	3.8	4.5	1.4	0.3	0.3	0.8	1.8	1.2	2.9
1252936PIP	2008	13	89	16.1	15.2	61.5	8.7	6.7	6.3	70.2	13.0	83.2
1252936PIP	2008	13	90	19.3	17.2	95.6	13.0	10.2	8.5	108.5	18.7	127.2
1252936PIP	2008	13	91	2.7	3.5	0.6	0.1	0.2	0.5	0.8	0.6	1.4
1252936PIP	2008	13	92	22.0	18.7	130.8	17.2	13.9	10.6	147.9	24.5	172.4
1252936PIP	2008	13	93	12.8	12.7	34.3	5.2	4.1	4.5	39.5	8.6	48.1
1252936PIP	2008	13	94	12.7	12.6	33.6	5.1	4.1	4.4	38.7	8.5	47.2
1252936PIP	2008	13	95	13.6	13.3	40.0	5.9	4.7	4.9	46.0	9.6	55.6
1252936PIP	2008	13	96	3.7	4.4	1.3	0.3	0.3	0.8	1.6	1.1	2.8
1252936PIP	2008	13	97	11.3	11.5	25.0	3.9	3.2	3.7	28.9	6.9	35.8
1252936PIP	2008	13	98	13.7	13.4	40.8	6.1	4.8	4.9	46.9	9.7	56.6
1252936PIP	2008	13	99	8.3	8.8	11.1	1.9	1.7	2.4	13.1	4.1	17.2
1252936PIP	2008	13	100	18.5	16.7	86.2	11.8	9.3	7.9	98.0	17.2	115.2
1252936PIP	2008	13	102	19.4	17.3	97.0	13.1	10.3	8.5	110.1	18.8	129.0
1252936PIP	2008	13	103	4.1	4.8	1.8	0.4	0.4	0.9	2.1	1.3	3.4
1252936PIP	2008	13	104	3.7	4.4	1.3	0.3	0.3	0.8	1.6	1.1	2.8
1252936PIP	2008	13	105	15.8	14.9	58.3	8.3	6.5	6.2	66.6	12.7	79.3
1252936PIP	2008	13	106	14.7	14.2	49.0	7.1	5.5	5.5	56.1	11.0	67.1
1252936PIP	2008	13	107	4.4	5.1	2.1	0.4	0.5	1.0	2.6	1.5	4.0
1252936PIP	2008	13	108	6.7	7.3	6.3	1.2	1.1	1.8	7.5	2.9	10.4
1252936PIP	2008	13	109	3.3	4.0	1.0	0.2	0.3	0.7	1.2	0.9	2.2
1252956PIP	2008	13	101	6.1	6.1	4.5	0.9	1.0	1.8	5.4	2.9	8.2
1252956PIP	2008	13	102	11.6	10.5	23.9	3.9	3.9	4.5	27.7	8.4	36.2
1252956PIP	2008	13	103	4.1	4.4	1.6	0.4	0.5	1.0	2.0	1.5	3.4
1252956PIP	2008	22	105	12.6	7.2	14.2	2.4	5.2	4.7	16.5	9.9	26.4
1252956PIP	2008	13	106	13.0	11.5	32.0	5.0	5.0	5.3	36.9	10.3	47.3
1252956PIP	2008	25	107	5.9	6.9	4.9	0.8	0.9	1.0	5.7	2.0	7.6
1252956PIP	2008	22	108	15.4	8.2	22.6	3.6	7.7	6.6	26.2	14.3	40.5
1252956PIP	2008	13	109	10.2	9.4	17.1	2.9	3.0	3.8	19.9	6.8	26.7
1252956PIP	2008	13	110	14.1	12.2	39.1	6.0	6.0	6.1	45.1	12.0	57.1
1252956PIP	2008	13	112	2.5	3.0	0.5	0.1	0.2	0.5	0.6	0.6	1.2
1252956PIP	2008	25	113	12.7	11.2	30.7	3.7	5.9	3.4	34.5	9.3	43.8
1252956PIP	2008	13	114	2.7	3.2	0.6	0.1	0.2	0.5	0.7	0.7	1.4
1252956PIP	2008	22	115	10.1	6.3	8.6	1.5	3.4	3.2	10.0	6.6	16.6
1252956PIP	2008	25	116	8.0	8.5	10.3	1.4	1.9	1.6	11.8	3.6	15.3
1252956PIP	2008	13	117	14.6	12.5	42.6	6.5	6.5	6.4	49.0	12.9	61.9
1252956PIP	2008	13	119	6.8	6.7	6.0	1.1	1.3	2.1	7.1	3.4	10.5
1252956PIP	2008	13	120	3.1	3.5	0.8	0.2	0.3	0.7	1.0	0.9	1.9
1252956PIP	2008	13	121	5.2	5.3	3.0	0.6	0.8	1.5	3.6	2.2	5.8
1252956PIP	2008	13	123	5.5	5.6	3.4	0.7	0.8	1.6	4.1	2.4	6.5
1252956PIP	2008	25	124	3.4	4.7	1.3	0.2	0.3	0.5	1.5	0.7	2.2
1252956PIP	2008	13	125	5.1	5.2	2.8	0.6	0.7	1.4	3.4	2.2	5.5
1252956PIP	2008	25	126	9.3	9.3	14.8	2.0	2.8	2.1	16.7	4.8	21.6
1252956PIP	2008	13	127	3.2	3.6	0.9	0.2	0.3	0.7	1.1	1.0	2.0
1252956PIP	2008	25	128	6.3	7.2	5.7	0.9	1.1	1.1	6.6	2.2	8.9
1252956PIP	2008	13	129	9.2	8.6	13.0	2.3	2.4	3.3	15.3	5.7	21.0
1252956PIP	2008	25	130	4.1	5.4	2.0	0.4	0.4	0.6	2.4	1.0	3.4
1252956PIP	2008	13	131	6.5	6.4	5.3	1.0	1.2	2.0	6.3	3.2	9.5
1252956PIP	2008	13	132	13.0	11.5	32.0	5.0	5.0	5.3	36.9	10.3	47.3
1252956PIP	2008	13	133	2.5	3.0	0.5	0.1	0.2	0.5	0.6	0.6	1.2
1252956PIP	2008	13	134	3.3	3.7	0.9	0.2	0.3	0.7	1.1	1.0	2.2
1252956PIP	2008	13	135	9.7	9.0	15.0	2.6	2.7	3.5	17.5	6.2	23.8
1252956PIP	2008	13	136	6.8	6.7	6.0	1.1	1.3	2.1	7.1	3.4	10.5
1252956PIP	2008	13	137	3.0	3.4	0.7	0.2	0.2	0.6	0.9	0.9	1.8
1252956PIP	2008	13	138	3.5	3.9	1.1	0.2	0.3	0.8	1.3	1.1	2.5
1252956PIP	2008	13	139	3.5	3.9	1.1	0.2	0.3	0.8	1.3	1.1	2.5
1252956PIP	2008	13	140	5.9	5.9	4.1	0.8	1.0	1.7	4.9	2.7	7.6
1252956PIP	2008	13	141	3.1	3.5	0.8	0.2	0.3	0.7	1.0	0.9	1.9
1252956PIP	2008	13	142	5.3	5.4	3.1	0.6	0.8	1.5	3.7	2.3	6.0
1252956PIP	2008	13	143	7.7	7.4	8.2	1.5	1.7	2.5	9.7	4.2	13.9
1252956PIP	2008	13	144	3.3	3.7	0.9	0.2	0.3	0.7	1.1	1.0	2.2
1252956PIP	2008	13	145	5.2	5.3	3.0	0.6	0.8	1.5	3.6	2.2	5.8
1252956PIP	2008	13	146	3.5	3.9	1.1	0.2	0.3	0.8	1.3	1.1	2.5
1252956PIP	2008	13	147	3.2	3.6	0.9	0.2	0.3	0.7	1.1	1.0	2.0
1252956PIP	2008	13	148	4.0	4.3	1.5	0.3	0.4	1.0	1.8	1.4	3.3
1252956PIP	2008	13	149	2.8	3.3	0.6	0.2	0.2	0.6	0.8	0.8	1.5
1252956PIP	2008	13	150	7.1	6.9	6.6	1.2	1.4	2.3	7.9	3.7	11.6
1252956PIP	2008	13	151	10.1	9.3	16.6	2.8	3.0	3.7	19.4	6.7	26.1
1252956PIP	2008	13	152	3.2	3.6	0.9	0.2	0.3	0.7	1.1	1.0	2.0
1252956PIP	2008	13	153	7.4	7.2	7.4	1.4	1.6	2.4	8.8	3.9	12.7
1252956PIP	2008	13	154	2.5	3.0	0.5	0.1	0.2	0.5	0.6	0.6	1.2
1252956PIP	2008	13	155	11.6	10.5	23.9	3.9	3.9	4.5	27.7	8.4	36.2
1252956PIP	2008	20	157	2.6	3.0	0.4	0.1	0.1	0.4	0.5	0.5	1.0
1252956PIP	2008	13	158	2.6	3.1	0.5	0.1	0.2	0.5	0.6	0.7	1.3
1252956PIP	2008	13	159	6.1	6.1	4.5	0.9	1.0	1.8	5.4	2.9	8.2
1252956PIP	2008	13	160	2.5	3.0	0.5	0.1	0.2	0.5	0.6	0.6	1.2
1252956PIP	2008	13	161	9.0	8.5	12.4	2.2	2.3	3.1	14.6	5.4	20.0
1252956PIP	2008	22	162	9.3	5.9	7.0	1.2	2.9	2.8	8.2	5.7	13.9
1252956PIP	2008	13	163	7.5	7.3	7.7	1.4	1.6	2.4	9.2	4.0	13.2
1252956PIP	2008	22	164	3.4	3.2	0.7	0.1	0.4	0.5	0.8	0.9	1.7
1252956PIP	2008	13	165	7.1	6.9	6.6	1.2	1.4	2.3	7.9	3.7	11.6
1252956PIP	2008	22	166	2.7	2.8	0.4	0.1	0.2	0.3	0.5	0.6	1.1
1252956PIP	2008	13	167	5.7	5.7	3.7	0.7	0.9	1.7	4.5	2.6	7.1
1252956PIP	2008	13	170	13.9	12.1	37.8	5.8	5.8	5.9	43.6	11.7	55.3
1252956PIP	2008	25	171	3.1	4.4	1.0	0.2	0.2	0.4	1.2	0.6	1.8
1252956PIP	2008	13	172	7.2	7.0	6.9	1.3	1.5	2.3	8.2	3.8	12.0
1252956PIP	2008	13	173	12.1	10.8	26.5	4.2	4.3	4.8	30.7	9.2	39.8
1252956PIP	2008	13	174	5.3	5.4	3.1	0.6	0.8	1.5	3.7	2.3	6.0
1252956PIP	2008	13	177	2.6	3.1	0.5	0.1	0.2	0.5	0.6	0.7	1.3
1252956PIP	2008	13	179	4.3	4.5	1.8	0.4	0.5	1.1	2.2	1.6	3.8
1252956PIP	2008	13	180	8.1	7.8	9.5	1.7	1.9	2.7	11.2	4.5	15.7
1252956PIP	2008	13	181	15.3	13.0	48.1	7.2	7.1	6.9	55.3	14.0	69.2
1252956PIP	2008	13	182	9.2	8.6	13.0	2.3	2.4	3.3	15.3	5.7	21.0
1252956PIP	2008	25	183	6.8	7.6	6.9	1.0	1.3	1.3	8.0	2.6	10.6
1252956PIP	2008	25	184	4.1	5.4	2.0	0.4	0.4	0.6	2.4	1.0	3.4
1252956PIP	2008	13	185	6.4	6.3	5.1	1.0	1.2	2.0	6.0	3.1	9.2
1252956PIP	2008	25	186	5.7	6.8	4.5	0.7	0.9	1.0	5.3	1.8	7.1
1252956PIP	2008	25	187	10.2	9.9	18.5	2.4	3.4	2.4	20.9	5.8	26.7
1252956PIP	2008	13	188	3.0	3.4	0.7	0.2	0.2	0.6	0.9	0.9	1.8
1252956PIP	2008	13	190	3.0	3.4	0.7	0.2	0.2	0.6	0.9	0.9	1.8
1252956PIP	2008	13	191	4.0	4.3	1.5	0.3	0.4	1.0	1.8	1.4	3.3
1252956PIP	2008	25	192	3.3	4.6	1.2	0.2	0.2	0.4	1.4	0.7	2.1
1252956PIP	2008	13	193	5.1	5.2	2.8	0.6	0.7	1.4	3.4	2.2	5.5
1252956PIP	2008	13	194	5.9	5.9	4.1	0.8	1.0	1.7	4.9	2.7	7.6
1252956PIP	2008	13	195	15.3	13.0	48.1	7.2	7.1	6.9	55.3	14.0	69.2
1252956PIP	2008	13	196	7.1	6.9	6.6	1.2	1.4	2.3	7.9	3.7	11.6
1252956PIP	2008	13	197	4.5	4.7	2.0	0.4	0.6	1.2	2.5	1.7	4.2
1252956PIP	2008	25	199	6.3	7.2	5.7	0.9	1.1	1.1	6.6	2.2	8.9
1252956PIP	2008	13	200	5.1	5.2	2.8	0.6	0.7	1.4	3.4	2.2	5.5
1252956PIP	2008	13	202	6.6	6.5	5.5	1.1	1.2	2.0	6.6	3.3	9.8
1252956PIP	2008	13	205	12.7	11.3	30.1	4.7	4.7	5.1	34.9	9.9	44.8
1252956PIP	2008	25	206	7.6	8.2	9.1	1.3	1.7	1.5	10.4	3.2	13.6
1252956PIP	2008	13	207	11.1	10.1	21.3	3.5	3.6	4.2	24.8	7.8	32.6
1252956PIP	2008	13	208	10.1	9.3	16.6	2.8	3.0	3.7	19.4	6.7	26.1
1252956PIP	2008	22	209	14.0	7.7	18.1	3.0	6.4	5.6	21.0	12.0	33.1
1252956PIP	2008	22	210	8.0	5.4	5.0	0.9	2.1	2.2	5.9	4.3	10.2
1252956PIP	2008	13	211	5.0	5.1	2.7	0.6	0.7	1.4	3.2	2.1	5.3
1252956PIP	2008	13	212	7.9	7.6	8.8	1.6	1.8	2.6	10.4	4.4	14.8
1252956PIP	2008	25	213	8.0	8.5	10.3	1.4	1.9	1.6	11.8	3.6	15.3
1252956PIP	2008	13	214	5.9	5.9	4.1	0.8	1.0	1.7	4.9	2.7	7.6
1252956PIP	2008	13	215	4.7	4.9	2.3	0.5	0.6	1.2	2.8	1.9	4.6
1252956PIP	2008	22	216	2.5	2.7	0.4	0.1	0.2	0.3	0.4	0.5	0.9
1252956PIP	2008	22	217	8.8	5.7	6.2	1.1	2.6	2.6	7.2	5.1	12.4
1252956PIP	2008	22	218	15.0	8.1	21.3	3.5	7.3	6.3	24.8	13.6	38.4
1252956PIP	2008	13	219	7.3	7.1	7.2	1.3	1.5	2.3	8.5	3.8	12.4
1252956PIP	2008	22	220	5.1	4.0	1.7	0.3	0.9	1.0	2.1	1.9	4.0
1252956PIP	2008	13	221	2.5	3.0	0.5	0.1	0.2	0.5	0.6	0.6	1.2
1252956PIP	2008	13	222	4.9	5.1	2.6	0.5	0.7	1.3	3.1	2.0	5.1
1252956PIP	2008	25	225	5.5	6.6	4.1	0.7	0.8	0.9	4.8	1.7	6.5
1252956PIP	2008	13	226	11.2	10.2	21.8	3.6	3.6	4.3	25.4	7.9	33.3
1252956PIP	2008	13	227	4.3	4.5	1.8	0.4	0.5	1.1	2.2	1.6	3.8
1252956PIP	2008	13	228	5.5	5.6	3.4	0.7	0.8	1.6	4.1	2.4	6.5
1252956PIP	2008	13	229	4.0	4.3	1.5	0.3	0.4	1.0	1.8	1.4	3.3
1252956PIP	2008	13	230	3.3	3.7	0.9	0.2	0.3	0.7	1.1	1.0	2.2
1252956PIP	2008	13	231	7.9	7.6	8.8	1.6	1.8	2.6	10.4	4.4	14.8
1259811PIP	2008	13	1	6.1	5.7	4.2	0.8	1.2	2.0	5.0	3.1	8.2
1259811PIP	2008	13	2	6.6	6.1	5.2	1.0	1.4	2.2	6.2	3.6	9.7
1259811PIP	2008	13	3	3.4	3.6	1.0	0.2	0.3	0.8	1.2	1.2	2.3
1259811PIP	2008	13	4	9.7	8.5	14.1	2.5	3.0	3.8	16.6	6.8	23.3
1259811PIP	2008	13	8	4.0	4.1	1.4	0.3	0.5	1.1	1.8	1.5	3.3
1259811PIP	2008	13	11	4.4	4.4	1.8	0.4	0.6	1.2	2.2	1.8	4.0
1259811PIP	2008	13	12	6.0	5.6	4.0	0.8	1.1	2.0	4.8	3.1	7.9
1259811PIP	2008	13	13	6.0	5.6	4.0	0.8	1.1	2.0	4.8	3.1	7.9
1259811PIP	2008	13	14	2.6	3.0	0.5	0.1	0.2	0.5	0.6	0.7	1.3
1259811PIP	2008	13	15	3.0	3.3	0.7	0.2	0.2	0.7	0.9	0.9	1.8
1259811PIP	2008	13	16	6.9	6.3	5.8	1.1	1.5	2.4	6.9	3.9	10.8
1259811PIP	2008	13	17	4.3	4.3	1.7	0.4	0.6	1.2	2.1	1.7	3.8
1259811PIP	2008	13	18	4.0	4.1	1.4	0.3	0.5	1.1	1.8	1.5	3.3
1259811PIP	2008	13	19	4.5	4.5	1.9	0.4	0.6	1.3	2.4	1.9	4.2
1259811PIP	2008	74	20	3.2	5.7	0.9	0.2	0.1	0.2	1.1	0.3	1.4
1259811PIP	2008	13	21	5.0	4.8	2.5	0.5	0.8	1.5	3.0	2.3	5.3
1259811PIP	2008	13	22	4.8	4.7	2.3	0.5	0.7	1.4	2.8	2.1	4.9
1259811PIP	2008	13	23	7.1	6.5	6.3	1.2	1.6	2.5	7.4	4.0	11.5
1259811PIP	2008	13	24	3.8	3.9	1.3	0.3	0.4	1.0	1.5	1.4	3.0
1259811PIP	2008	13	25	2.7	3.0	0.5	0.1	0.2	0.6	0.7	0.8	1.5
1259811PIP	2008	13	26	4.6	4.5	2.0	0.4	0.6	1.3	2.5	2.0	4.4
1259811PIP	2008	13	27	2.9	3.2	0.6	0.2	0.2	0.6	0.8	0.9	1.7
1259811PIP	2008	13	28	4.1	4.1	1.5	0.3	0.5	1.1	1.8	1.6	3.5
1259811PIP	2008	13	29	6.4	6.0	4.8	0.9	1.3	2.1	5.8	3.3	9.1
1259811PIP	2008	13	30	8.2	7.3	9.0	1.7	2.1	3.0	10.7	5.2	15.9
1259811PIP	2008	13	31	3.9	4.0	1.3	0.3	0.4	1.0	1.7	1.5	3.1
1259811PIP	2008	13	32	4.7	4.6	2.1	0.5	0.7	1.4	2.6	2.0	4.6
1259811PIP	2008	13	33	4.8	4.7	2.3	0.5	0.7	1.4	2.8	2.1	4.9
1259811PIP	2008	13	34	6.0	5.6	4.0	0.8	1.1	2.0	4.8	3.1	7.9
1259811PIP	2008	13	35	3.8	3.9	1.3	0.3	0.4	1.0	1.5	1.4	3.0
1259811PIP	2008	13	36	6.7	6.2	5.4	1.0	1.4	2.3	6.4	3.6	10.1
1259811PIP	2008	13	37	2.6	3.0	0.5	0.1	0.2	0.5	0.6	0.7	1.3
1259811PIP	2008	13	38	3.9	4.0	1.3	0.3	0.4	1.0	1.7	1.5	3.1
1259811PIP	2008	13	39	4.5	4.5	1.9	0.4	0.6	1.3	2.4	1.9	4.2
1259811PIP	2008	13	40	5.8	5.5	3.7	0.8	1.0	1.8	4.5	2.9	7.3
1259811PIP	2008	13	41	3.3	3.5	0.9	0.2	0.3	0.8	1.1	1.1	2.2
1259811PIP	2008	13	42	3.2	3.4	0.8	0.2	0.3	0.8	1.0	1.1	2.1
1259811PIP	2008	13	43	3.3	3.5	0.9	0.2	0.3	0.8	1.1	1.1	2.2
1259811PIP	2008	13	44	3.0	3.3	0.7	0.2	0.2	0.7	0.9	0.9	1.8
1259811PIP	2008	13	45	3.3	3.5	0.9	0.2	0.3	0.8	1.1	1.1	2.2
1259811PIP	2008	13	46	5.3	5.1	2.9	0.6	0.9	1.6	3.6	2.5	6.0
1259811PIP	2008	13	47	5.3	5.1	2.9	0.6	0.9	1.6	3.6	2.5	6.0
1259811PIP	2008	13	48	2.5	2.9	0.4	0.1	0.2	0.5	0.6	0.7	1.2
1259811PIP	2008	13	49	7.5	6.8	7.2	1.4	1.8	2.7	8.6	4.4	13.0
1259811PIP	2008	13	50	3.4	3.6	1.0	0.2	0.3	0.8	1.2	1.2	2.3
1259811PIP	2008	13	51	4.3	4.3	1.7	0.4	0.6	1.2	2.1	1.7	3.8
1259811PIP	2008	13	52	3.4	3.6	1.0	0.2	0.3	0.8	1.2	1.2	2.3
1259811PIP	2008	13	53	3.2	3.4	0.8	0.2	0.3	0.8	1.0	1.1	2.1
1259811PIP	2008	13	54	3.3	3.5	0.9	0.2	0.3	0.8	1.1	1.1	2.2
1259811PIP	2008	13	55	5.5	5.2	3.2	0.7	0.9	1.7	3.9	2.7	6.5
1259811PIP	2008	13	56	3.7	3.8	1.2	0.3	0.4	1.0	1.4	1.4	2.8
1259811PIP	2008	13	57	5.0	4.8	2.5	0.5	0.8	1.5	3.0	2.3	5.3
1259811PIP	2008	13	83	5.1	4.9	2.6	0.6	0.8	1.5	3.2	2.3	5.5
1259811PIP	2008	13	84	4.2	4.2	1.6	0.4	0.5	1.2	2.0	1.7	3.7
1259811PIP	2008	13	85	2.8	3.1	0.6	0.1	0.2	0.6	0.7	0.8	1.6
1259811PIP	2008	13	86	2.6	3.0	0.5	0.1	0.2	0.5	0.6	0.7	1.3
1259811PIP	2008	13	87	5.6	5.3	3.4	0.7	1.0	1.8	4.1	2.7	6.8
1259811PIP	2008	13	88	8.7	7.7	10.6	1.9	2.4	3.3	12.5	5.7	18.2
1259811PIP	2008	13	89	3.2	3.4	0.8	0.2	0.3	0.8	1.0	1.1	2.1
1259811PIP	2008	13	90	4.8	4.7	2.3	0.5	0.7	1.4	2.8	2.1	4.9
1259811PIP	2008	13	91	6.5	6.0	4.9	1.0	1.3	2.2	5.9	3.5	9.4
1259811PIP	2008	13	92	2.8	3.1	0.6	0.1	0.2	0.6	0.7	0.8	1.6
1259811PIP	2008	13	93	5.1	4.9	2.6	0.6	0.8	1.5	3.2	2.3	5.5
1259811PIP	2008	13	94	3.0	3.3	0.7	0.2	0.2	0.7	0.9	0.9	1.8
1259811PIP	2008	13	95	2.7	3.0	0.5	0.1	0.2	0.6	0.7	0.8	1.5
1259811PIP	2008	13	96	3.4	3.6	1.0	0.2	0.3	0.8	1.2	1.2	2.3
1259811PIP	2008	13	97	2.7	3.0	0.5	0.1	0.2	0.6	0.7	0.8	1.5
1259811PIP	2008	13	98	2.8	3.1	0.6	0.1	0.2	0.6	0.7	0.8	1.6
1259811PIP	2008	13	99	3.4	3.6	1.0	0.2	0.3	0.8	1.2	1.2	2.3
1259811PIP	2008	13	100	3.8	3.9	1.3	0.3	0.4	1.0	1.5	1.4	3.0
1259811PIP	2008	13	101	5.5	5.2	3.2	0.7	0.9	1.7	3.9	2.7	6.5
1259811PIP	2008	3	102	17.5	10.0	44.0	5.4	12.2	5.4	49.4	17.6	67.0
1259811PIP	2008	13	103	4.4	4.4	1.8	0.4	0.6	1.2	2.2	1.8	4.0
1259811PIP	2008	13	104	5.1	4.9	2.6	0.6	0.8	1.5	3.2	2.3	5.5
1259811PIP	2008	13	105	4.4	4.4	1.8	0.4	0.6	1.2	2.2	1.8	4.0
1259811PIP	2008	13	106	3.0	3.3	0.7	0.2	0.2	0.7	0.9	0.9	1.8
1259811PIP	2008	13	107	4.5	4.5	1.9	0.4	0.6	1.3	2.4	1.9	4.2
1259811PIP	2008	13	108	2.5	2.9	0.4	0.1	0.2	0.5	0.6	0.7	1.2
1259811PIP	2008	13	109	2.9	3.2	0.6	0.2	0.2	0.6	0.8	0.9	1.7
1259811PIP	2008	13	110	4.0	4.1	1.4	0.3	0.5	1.1	1.8	1.5	3.3
1259811PIP	2008	13	111	2.7	3.0	0.5	0.1	0.2	0.6	0.7	0.8	1.5
1259811PIP	2008	13	112	6.2	5.8	4.4	0.9	1.2	2.0	5.3	3.2	8.5
1259811PIP	2008	13	113	6.0	5.6	4.0	0.8	1.1	2.0	4.8	3.1	7.9
1259811PIP	2008	13	114	4.7	4.6	2.1	0.5	0.7	1.4	2.6	2.0	4.6
1259811PIP	2008	13	115	2.5	2.9	0.4	0.1	0.2	0.5	0.6	0.7	1.2
1259811PIP	2008	13	82	2.9	3.2	0.6	0.2	0.2	0.6	0.8	0.9	1.7
1259811PIP	2008	13	81	7.2	6.6	6.5	1.2	1.6	2.5	7.7	4.1	11.8
1259811PIP	2008	13	80	2.9	3.2	0.6	0.2	0.2	0.6	0.8	0.9	1.7
1259811PIP	2008	13	79	3.0	3.3	0.7	0.2	0.2	0.7	0.9	0.9	1.8
1259811PIP	2008	13	78	6.2	5.8	4.4	0.9	1.2	2.0	5.3	3.2	8.5
1259811PIP	2008	13	77	7.4	6.7	6.9	1.3	1.7	2.6	8.2	4.3	12.6
1259811PIP	2008	13	76	3.7	3.8	1.2	0.3	0.4	1.0	1.4	1.4	2.8
1259811PIP	2008	13	75	4.2	4.2	1.6	0.4	0.5	1.2	2.0	1.7	3.7
1259811PIP	2008	13	74	6.9	6.3	5.8	1.1	1.5	2.4	6.9	3.9	10.8
1259811PIP	2008	13	73	6.2	5.8	4.4	0.9	1.2	2.0	5.3	3.2	8.5
1259811PIP	2008	13	72	4.0	4.1	1.4	0.3	0.5	1.1	1.8	1.5	3.3
1259811PIP	2008	74	71	4.3	6.8	1.8	0.5	0.3	0.3	2.3	0.6	2.9
1259811PIP	2008	13	70	5.9	5.6	3.9	0.8	1.1	1.9	4.7	2.9	7.6
1259811PIP	2008	13	69	6.3	5.9	4.6	0.9	1.2	2.1	5.5	3.3	8.8
1259811PIP	2008	13	68	4.9	4.8	2.4	0.5	0.7	1.4	2.9	2.2	5.1
1259811PIP	2008	13	67	2.9	3.2	0.6	0.2	0.2	0.6	0.8	0.9	1.7
1259811PIP	2008	13	65	2.5	2.9	0.4	0.1	0.2	0.5	0.6	0.7	1.2
1259811PIP	2008	13	64	2.6	3.0	0.5	0.1	0.2	0.5	0.6	0.7	1.3
1259811PIP	2008	13	63	4.3	4.3	1.7	0.4	0.6	1.2	2.1	1.7	3.8
1259811PIP	2008	13	62	3.9	4.0	1.3	0.3	0.4	1.0	1.7	1.5	3.1
1259811PIP	2008	13	61	2.6	3.0	0.5	0.1	0.2	0.5	0.6	0.7	1.3
1259811PIP	2008	13	60	3.7	3.8	1.2	0.3	0.4	1.0	1.4	1.4	2.8
1259811PIP	2008	13	59	9.4	8.2	12.9	2.3	2.8	3.7	15.2	6.5	21.7
1259811PIP	2008	13	58	5.2	5.0	2.8	0.6	0.8	1.6	3.4	2.4	5.8
1259811PIP	2008	13	116	4.9	4.8	2.4	0.5	0.7	1.4	2.9	2.2	5.1
1259811PIP	2008	3	117	11.4	9.1	19.0	2.6	3.6	2.5	21.5	6.1	27.7
1259811PIP	2008	13	118	2.8	3.1	0.6	0.1	0.2	0.6	0.7	0.8	1.6
1259811PIP	2008	13	119	3.9	4.0	1.3	0.3	0.4	1.0	1.7	1.5	3.1
1259811PIP	2008	13	120	10.3	8.9	16.4	2.8	3.4	4.2	19.3	7.5	26.8
1259811PIP	2008	13	121	2.6	3.0	0.5	0.1	0.2	0.5	0.6	0.7	1.3
1259811PIP	2008	13	122	6.1	5.7	4.2	0.8	1.2	2.0	5.0	3.1	8.2
1259811PIP	2008	13	123	6.0	5.6	4.0	0.8	1.1	2.0	4.8	3.1	7.9
1259811PIP	2008	13	124	9.7	8.5	14.1	2.5	3.0	3.8	16.6	6.8	23.3
1259811PIP	2008	13	125	2.5	2.9	0.4	0.1	0.2	0.5	0.6	0.7	1.2
1259811PIP	2008	13	126	3.3	3.5	0.9	0.2	0.3	0.8	1.1	1.1	2.2
1259811PIP	2008	13	127	4.9	4.8	2.4	0.5	0.7	1.4	2.9	2.2	5.1
1259811PIP	2008	13	128	3.6	3.7	1.1	0.3	0.4	0.9	1.3	1.3	2.6
1259811PIP	2008	13	129	3.3	3.5	0.9	0.2	0.3	0.8	1.1	1.1	2.2
1259811PIP	2008	13	130	2.8	3.1	0.6	0.1	0.2	0.6	0.7	0.8	1.6
1259811PIP	2008	13	131	2.7	3.0	0.5	0.1	0.2	0.6	0.7	0.8	1.5
1259811PIP	2008	13	132	2.7	3.0	0.5	0.1	0.2	0.6	0.7	0.8	1.5
1259811PIP	2008	13	133	2.7	3.0	0.5	0.1	0.2	0.6	0.7	0.8	1.5
1259811PIP	2008	13	134	6.5	6.0	4.9	1.0	1.3	2.2	5.9	3.5	9.4
1259811PIP	2008	13	135	3.4	3.6	1.0	0.2	0.3	0.8	1.2	1.2	2.3
1259811PIP	2008	13	136	6.3	5.9	4.6	0.9	1.2	2.1	5.5	3.3	8.8
1259811PIP	2008	13	137	4.7	4.6	2.1	0.5	0.7	1.4	2.6	2.0	4.6
1259811PIP	2008	13	138	4.2	4.2	1.6	0.4	0.5	1.2	2.0	1.7	3.7
1259811PIP	2008	13	139	3.1	3.3	0.7	0.2	0.3	0.7	0.9	1.0	1.9
1259811PIP	2008	13	140	5.0	4.8	2.5	0.5	0.8	1.5	3.0	2.3	5.3
1259811PIP	2008	13	141	4.7	4.6	2.1	0.5	0.7	1.4	2.6	2.0	4.6
1259811PIP	2008	13	142	3.2	3.4	0.8	0.2	0.3	0.8	1.0	1.1	2.1
1259811PIP	2008	13	143	2.7	3.0	0.5	0.1	0.2	0.6	0.7	0.8	1.5
1259811PIP	2008	13	144	2.9	3.2	0.6	0.2	0.2	0.6	0.8	0.9	1.7
1259811PIP	2008	13	145	2.8	3.1	0.6	0.1	0.2	0.6	0.7	0.8	1.6
1259811PIP	2008	13	146	3.5	3.7	1.0	0.2	0.3	0.9	1.3	1.2	2.5
1259811PIP	2008	13	147	5.5	5.2	3.2	0.7	0.9	1.7	3.9	2.7	6.5
1259811PIP	2008	13	148	3.9	4.0	1.3	0.3	0.4	1.0	1.7	1.5	3.1
1259811PIP	2008	13	149	3.9	4.0	1.3	0.3	0.4	1.0	1.7	1.5	3.1
1259811PIP	2008	13	150	4.4	4.4	1.8	0.4	0.6	1.2	2.2	1.8	4.0
1259811PIP	2008	13	151	3.1	3.3	0.7	0.2	0.3	0.7	0.9	1.0	1.9
1259811PIP	2008	13	152	3.4	3.6	1.0	0.2	0.3	0.8	1.2	1.2	2.3
1259811PIP	2008	13	153	4.3	4.3	1.7	0.4	0.6	1.2	2.1	1.7	3.8
1259811PIP	2008	13	154	2.5	2.9	0.4	0.1	0.2	0.5	0.6	0.7	1.2
1259811PIP	2008	13	155	3.0	3.3	0.7	0.2	0.2	0.7	0.9	0.9	1.8
1259811PIP	2008	13	156	2.6	3.0	0.5	0.1	0.2	0.5	0.6	0.7	1.3
1259811PIP	2008	13	157	5.4	5.2	3.1	0.6	0.9	1.6	3.7	2.5	6.3
1259811PIP	2008	13	158	7.2	6.6	6.5	1.2	1.6	2.5	7.7	4.1	11.8
1259811PIP	2008	13	159	3.1	3.3	0.7	0.2	0.3	0.7	0.9	1.0	1.9
1259811PIP	2008	13	160	6.7	6.2	5.4	1.0	1.4	2.3	6.4	3.6	10.1
1259811PIP	2008	13	161	3.4	3.6	1.0	0.2	0.3	0.8	1.2	1.2	2.3
1259811PIP	2008	13	162	3.3	3.5	0.9	0.2	0.3	0.8	1.1	1.1	2.2
1259811PIP	2008	13	163	3.0	3.3	0.7	0.2	0.2	0.7	0.9	0.9	1.8
1259811PIP	2008	13	164	2.5	2.9	0.4	0.1	0.2	0.5	0.6	0.7	1.2
1259811PIP	2008	13	165	2.7	3.0	0.5	0.1	0.2	0.6	0.7	0.8	1.5
1259811PIP	2008	13	166	3.4	3.6	1.0	0.2	0.3	0.8	1.2	1.2	2.3
1259811PIP	2008	13	167	3.4	3.6	1.0	0.2	0.3	0.8	1.2	1.2	2.3
1259811PIP	2008	13	168	3.5	3.7	1.0	0.2	0.3	0.9	1.3	1.2	2.5
1259811PIP	2008	13	169	5.0	4.8	2.5	0.5	0.8	1.5	3.0	2.3	5.3
1259811PIP	2008	13	170	8.8	7.8	10.9	2.0	2.4	3.3	12.9	5.8	18.6
1259811PIP	2008	13	171	2.7	3.0	0.5	0.1	0.2	0.6	0.7	0.8	1.5
1259811PIP	2008	13	172	4.1	4.1	1.5	0.3	0.5	1.1	1.8	1.6	3.5
1259811PIP	2008	13	173	2.8	3.1	0.6	0.1	0.2	0.6	0.7	0.8	1.6
1259811PIP	2008	13	174	6.4	6.0	4.8	0.9	1.3	2.1	5.8	3.3	9.1
1259811PIP	2008	13	175	4.3	4.3	1.7	0.4	0.6	1.2	2.1	1.7	3.8
1259811PIP	2008	13	176	6.9	6.3	5.8	1.1	1.5	2.4	6.9	3.9	10.8
1259811PIP	2008	13	177	4.6	4.5	2.0	0.4	0.6	1.3	2.5	2.0	4.4
1259811PIP	2008	13	178	3.0	3.3	0.7	0.2	0.2	0.7	0.9	0.9	1.8
1259811PIP	2008	13	179	4.4	4.4	1.8	0.4	0.6	1.2	2.2	1.8	4.0
1259811PIP	2008	13	180	8.5	7.6	10.0	1.8	2.3	3.1	11.8	5.4	17.2
1259811PIP	2008	13	181	6.9	6.3	5.8	1.1	1.5	2.4	6.9	3.9	10.8
1259811PIP	2008	13	182	2.6	3.0	0.5	0.1	0.2	0.5	0.6	0.7	1.3
1259811PIP	2008	13	183	5.3	5.1	2.9	0.6	0.9	1.6	3.6	2.5	6.0
1259811PIP	2008	13	184	3.7	3.8	1.2	0.3	0.4	1.0	1.4	1.4	2.8
1259811PIP	2008	13	185	2.7	3.0	0.5	0.1	0.2	0.6	0.7	0.8	1.5
1259811PIP	2008	13	186	4.2	4.2	1.6	0.4	0.5	1.2	2.0	1.7	3.7
1259811PIP	2008	13	187	2.9	3.2	0.6	0.2	0.2	0.6	0.8	0.9	1.7
1259811PIP	2008	13	188	4.9	4.8	2.4	0.5	0.7	1.4	2.9	2.2	5.1
1259811PIP	2008	13	189	4.5	4.5	1.9	0.4	0.6	1.3	2.4	1.9	4.2
1259811PIP	2008	3	190	13.2	9.4	25.3	3.3	5.5	3.3	28.6	8.8	37.4
1259811PIP	2008	13	191	3.1	3.3	0.7	0.2	0.3	0.7	0.9	1.0	1.9
1259811PIP	2008	13	192	4.0	4.1	1.4	0.3	0.5	1.1	1.8	1.5	3.3
1259811PIP	2008	13	193	4.2	4.2	1.6	0.4	0.5	1.2	2.0	1.7	3.7
1259811PIP	2008	13	194	3.6	3.7	1.1	0.3	0.4	0.9	1.3	1.3	2.6
1259811PIP	2008	13	195	6.3	5.9	4.6	0.9	1.2	2.1	5.5	3.3	8.8
1259811PIP	2008	13	196	5.2	5.0	2.8	0.6	0.8	1.6	3.4	2.4	5.8
1259811PIP	2008	13	197	4.2	4.2	1.6	0.4	0.5	1.2	2.0	1.7	3.7
1259811PIP	2008	13	198	4.5	4.5	1.9	0.4	0.6	1.3	2.4	1.9	4.2
1259811PIP	2008	13	199	3.2	3.4	0.8	0.2	0.3	0.8	1.0	1.1	2.1
1259811PIP	2008	13	200	2.8	3.1	0.6	0.1	0.2	0.6	0.7	0.8	1.6
1259811PIP	2008	13	201	4.3	4.3	1.7	0.4	0.6	1.2	2.1	1.7	3.8
1259811PIP	2008	13	202	3.9	4.0	1.3	0.3	0.4	1.0	1.7	1.5	3.1
1259811PIP	2008	13	203	5.9	5.6	3.9	0.8	1.1	1.9	4.7	2.9	7.6
1259811PIP	2008	13	204	4.5	4.5	1.9	0.4	0.6	1.3	2.4	1.9	4.2
1259811PIP	2008	13	205	3.3	3.5	0.9	0.2	0.3	0.8	1.1	1.1	2.2
1259811PIP	2008	13	206	2.8	3.1	0.6	0.1	0.2	0.6	0.7	0.8	1.6
1259811PIP	2008	13	207	3.9	4.0	1.3	0.3	0.4	1.0	1.7	1.5	3.1
1259811PIP	2008	13	208	2.8	3.1	0.6	0.1	0.2	0.6	0.7	0.8	1.6
1259811PIP	2008	13	209	4.3	4.3	1.7	0.4	0.6	1.2	2.1	1.7	3.8
1259811PIP	2008	13	210	4.7	4.6	2.1	0.5	0.7	1.4	2.6	2.0	4.6
1259811PIP	2008	13	211	7.1	6.5	6.3	1.2	1.6	2.5	7.4	4.0	11.5
1259811PIP	2008	13	212	7.0	6.4	6.0	1.2	1.5	2.4	7.2	3.9	11.1
1259811PIP	2008	13	213	4.3	4.3	1.7	0.4	0.6	1.2	2.1	1.7	3.8
1259811PIP	2008	13	214	4.9	4.8	2.4	0.5	0.7	1.4	2.9	2.2	5.1
1259811PIP	2008	13	215	6.3	5.9	4.6	0.9	1.2	2.1	5.5	3.3	8.8
1259811PIP	2008	13	216	2.8	3.1	0.6	0.1	0.2	0.6	0.7	0.8	1.6
1259811PIP	2008	13	217	2.8	3.1	0.6	0.1	0.2	0.6	0.7	0.8	1.6
1259811PIP	2008	13	218	4.6	4.5	2.0	0.4	0.6	1.3	2.5	2.0	4.4
1259811PIP	2008	13	219	4.0	4.1	1.4	0.3	0.5	1.1	1.8	1.5	3.3
1259811PIP	2008	13	220	3.2	3.4	0.8	0.2	0.3	0.8	1.0	1.1	2.1
1259811PIP	2008	13	221	4.3	4.3	1.7	0.4	0.6	1.2	2.1	1.7	3.8
1259811PIP	2008	13	222	6.1	5.7	4.2	0.8	1.2	2.0	5.0	3.1	8.2
1259811PIP	2008	13	223	3.4	3.6	1.0	0.2	0.3	0.8	1.2	1.2	2.3
1259811PIP	2008	13	224	3.4	3.6	1.0	0.2	0.3	0.8	1.2	1.2	2.3
1259811PIP	2008	13	225	5.1	4.9	2.6	0.6	0.8	1.5	3.2	2.3	5.5
1259811PIP	2008	13	226	5.2	5.0	2.8	0.6	0.8	1.6	3.4	2.4	5.8
1259811PIP	2008	13	227	3.1	3.3	0.7	0.2	0.3	0.7	0.9	1.0	1.9
1259811PIP	2008	13	228	3.9	4.0	1.3	0.3	0.4	1.0	1.7	1.5	3.1
1259811PIP	2008	13	229	2.7	3.0	0.5	0.1	0.2	0.6	0.7	0.8	1.5
1259811PIP	2008	13	230	4.8	4.7	2.3	0.5	0.7	1.4	2.8	2.1	4.9
1259811PIP	2008	13	231	2.5	2.9	0.4	0.1	0.2	0.5	0.6	0.7	1.2
1259811PIP	2008	13	232	4.6	4.5	2.0	0.4	0.6	1.3	2.5	2.0	4.4
1259811PIP	2008	13	233	2.9	3.2	0.6	0.2	0.2	0.6	0.8	0.9	1.7
1259811PIP	2008	13	234	8.6	7.6	10.2	1.9	2.3	3.2	12.1	5.6	17.7
1259811PIP	2008	13	235	4.8	4.7	2.3	0.5	0.7	1.4	2.8	2.1	4.9
1259811PIP	2008	13	236	3.2	3.4	0.8	0.2	0.3	0.8	1.0	1.1	2.1
1259811PIP	2008	13	237	3.2	3.4	0.8	0.2	0.3	0.8	1.0	1.1	2.1
1259811PIP	2008	13	238	3.2	3.4	0.8	0.2	0.3	0.8	1.0	1.1	2.1
1259811PIP	2008	13	239	3.6	3.7	1.1	0.3	0.4	0.9	1.3	1.3	2.6
1259811PIP	2008	13	240	4.3	4.3	1.7	0.4	0.6	1.2	2.1	1.7	3.8
1259811PIP	2008	13	241	3.1	3.3	0.7	0.2	0.3	0.7	0.9	1.0	1.9
1259811PIP	2008	13	242	4.0	4.1	1.4	0.3	0.5	1.1	1.8	1.5	3.3
1259811PIP	2008	13	243	3.5	3.7	1.0	0.2	0.3	0.9	1.3	1.2	2.5
1259811PIP	2008	13	244	5.0	4.8	2.5	0.5	0.8	1.5	3.0	2.3	5.3
1259811PIP	2008	13	245	3.6	3.7	1.1	0.3	0.4	0.9	1.3	1.3	2.6
1259811PIP	2008	13	246	5.9	5.6	3.9	0.8	1.1	1.9	4.7	2.9	7.6
1259811PIP	2008	13	247	4.6	4.5	2.0	0.4	0.6	1.3	2.5	2.0	4.4
1259811PIP	2008	13	248	6.8	6.3	5.6	1.1	1.4	2.3	6.7	3.7	10.4
1259811PIP	2008	13	249	3.7	3.8	1.2	0.3	0.4	1.0	1.4	1.4	2.8
1259811PIP	2008	13	250	4.7	4.6	2.1	0.5	0.7	1.4	2.6	2.0	4.6
1259811PIP	2008	13	251	2.9	3.2	0.6	0.2	0.2	0.6	0.8	0.9	1.7
1259811PIP	2008	13	252	4.0	4.1	1.4	0.3	0.5	1.1	1.8	1.5	3.3
1259811PIP	2008	13	253	5.0	4.8	2.5	0.5	0.8	1.5	3.0	2.3	5.3
1259811PIP	2008	13	254	4.9	4.8	2.4	0.5	0.7	1.4	2.9	2.2	5.1
1259811PIP	2008	13	255	2.7	3.0	0.5	0.1	0.2	0.6	0.7	0.8	1.5
1259811PIP	2008	13	256	2.6	3.0	0.5	0.1	0.2	0.5	0.6	0.7	1.3
1259811PIP	2008	13	257	8.8	7.8	10.9	2.0	2.4	3.3	12.9	5.8	18.6
1259811PIP	2008	13	258	4.3	4.3	1.7	0.4	0.6	1.2	2.1	1.7	3.8
1259811PIP	2008	13	259	2.6	3.0	0.5	0.1	0.2	0.5	0.6	0.7	1.3
1259811PIP	2008	13	260	5.7	5.4	3.5	0.7	1.0	1.8	4.3	2.8	7.1
1259811PIP	2008	13	261	4.5	4.5	1.9	0.4	0.6	1.3	2.4	1.9	4.2
1259811PIP	2008	13	262	4.8	4.7	2.3	0.5	0.7	1.4	2.8	2.1	4.9
1259811PIP	2008	13	263	5.5	5.2	3.2	0.7	0.9	1.7	3.9	2.7	6.5
1259811PIP	2008	13	264	7.2	6.6	6.5	1.2	1.6	2.5	7.7	4.1	11.8
1259811PIP	2008	13	265	3.7	3.8	1.2	0.3	0.4	1.0	1.4	1.4	2.8
1259811PIP	2008	13	266	3.2	3.4	0.8	0.2	0.3	0.8	1.0	1.1	2.1
1259811PIP	2008	13	267	4.5	4.5	1.9	0.4	0.6	1.3	2.4	1.9	4.2
1259811PIP	2008	13	268	5.8	5.5	3.7	0.8	1.0	1.8	4.5	2.9	7.3
1259811PIP	2008	13	269	4.9	4.8	2.4	0.5	0.7	1.4	2.9	2.2	5.1
1259811PIP	2008	13	270	6.1	5.7	4.2	0.8	1.2	2.0	5.0	3.1	8.2
1259811PIP	2008	13	271	5.2	5.0	2.8	0.6	0.8	1.6	3.4	2.4	5.8
1259811PIP	2008	13	272	5.5	5.2	3.2	0.7	0.9	1.7	3.9	2.7	6.5
1259811PIP	2008	13	273	4.1	4.1	1.5	0.3	0.5	1.1	1.8	1.6	3.5
1259811PIP	2008	13	274	4.8	4.7	2.3	0.5	0.7	1.4	2.8	2.1	4.9
1259811PIP	2008	13	275	6.5	6.0	4.9	1.0	1.3	2.2	5.9	3.5	9.4
1259811PIP	2008	13	276	3.3	3.5	0.9	0.2	0.3	0.8	1.1	1.1	2.2
1259811PIP	2008	13	277	9.6	8.4	13.7	2.4	2.9	3.8	16.1	6.7	22.8
1259811PIP	2008	13	278	2.5	2.9	0.4	0.1	0.2	0.5	0.6	0.7	1.2
1259811PIP	2008	13	279	7.1	6.5	6.3	1.2	1.6	2.5	7.4	4.0	11.5
1259811PIP	2008	13	280	4.8	4.7	2.3	0.5	0.7	1.4	2.8	2.1	4.9
1259811PIP	2008	13	281	3.9	4.0	1.3	0.3	0.4	1.0	1.7	1.5	3.1
1259811PIP	2008	13	282	4.5	4.5	1.9	0.4	0.6	1.3	2.4	1.9	4.2
1259811PIP	2008	13	283	2.9	3.2	0.6	0.2	0.2	0.6	0.8	0.9	1.7
1259811PIP	2008	13	284	2.8	3.1	0.6	0.1	0.2	0.6	0.7	0.8	1.6
1259811PIP	2008	13	285	3.0	3.3	0.7	0.2	0.2	0.7	0.9	0.9	1.8
1259811PIP	2008	13	286	4.2	4.2	1.6	0.4	0.5	1.2	2.0	1.7	3.7
1259811PIP	2008	13	287	3.6	3.7	1.1	0.3	0.4	0.9	1.3	1.3	2.6
1259811PIP	2008	13	288	2.9	3.2	0.6	0.2	0.2	0.6	0.8	0.9	1.7
1259811PIP	2008	13	289	2.8	3.1	0.6	0.1	0.2	0.6	0.7	0.8	1.6
1259811PIP	2008	13	290	3.4	3.6	1.0	0.2	0.3	0.8	1.2	1.2	2.3
1259811PIP	2008	13	291	4.9	4.8	2.4	0.5	0.7	1.4	2.9	2.2	5.1
1259811PIP	2008	13	292	2.6	3.0	0.5	0.1	0.2	0.5	0.6	0.7	1.3
1259811PIP	2008	13	293	4.3	4.3	1.7	0.4	0.6	1.2	2.1	1.7	3.8
1259811PIP	2008	13	294	3.0	3.3	0.7	0.2	0.2	0.7	0.9	0.9	1.8
1259811PIP	2008	13	295	3.7	3.8	1.2	0.3	0.4	1.0	1.4	1.4	2.8
1259811PIP	2008	13	296	2.5	2.9	0.4	0.1	0.2	0.5	0.6	0.7	1.2
1259811PIP	2008	13	297	3.1	3.3	0.7	0.2	0.3	0.7	0.9	1.0	1.9
1259811PIP	2008	13	298	3.0	3.3	0.7	0.2	0.2	0.7	0.9	0.9	1.8
1259811PIP	2008	13	299	4.3	4.3	1.7	0.4	0.6	1.2	2.1	1.7	3.8
1259811PIP	2008	13	300	4.5	4.5	1.9	0.4	0.6	1.3	2.4	1.9	4.2
1259811PIP	2008	13	301	2.7	3.0	0.5	0.1	0.2	0.6	0.7	0.8	1.5
1259811PIP	2008	13	302	3.4	3.6	1.0	0.2	0.3	0.8	1.2	1.2	2.3
1259811PIP	2008	13	303	3.2	3.4	0.8	0.2	0.3	0.8	1.0	1.1	2.1
1259811PIP	2008	13	304	4.5	4.5	1.9	0.4	0.6	1.3	2.4	1.9	4.2
1259811PIP	2008	13	305	4.6	4.5	2.0	0.4	0.6	1.3	2.5	2.0	4.4
1259811PIP	2008	13	306	3.1	3.3	0.7	0.2	0.3	0.7	0.9	1.0	1.9
1259811PIP	2008	13	307	4.8	4.7	2.3	0.5	0.7	1.4	2.8	2.1	4.9
1259811PIP	2008	13	308	3.5	3.7	1.0	0.2	0.3	0.9	1.3	1.2	2.5
1259811PIP	2008	13	309	3.1	3.3	0.7	0.2	0.3	0.7	0.9	1.0	1.9
1259811PIP	2008	13	310	4.0	4.1	1.4	0.3	0.5	1.1	1.8	1.5	3.3
1259811PIP	2008	13	311	5.5	5.2	3.2	0.7	0.9	1.7	3.9	2.7	6.5
1259811PIP	2008	13	312	5.3	5.1	2.9	0.6	0.9	1.6	3.6	2.5	6.0
1259811PIP	2008	13	313	5.2	5.0	2.8	0.6	0.8	1.6	3.4	2.4	5.8
1259811PIP	2008	13	314	6.5	6.0	4.9	1.0	1.3	2.2	5.9	3.5	9.4
1259811PIP	2008	13	315	4.9	4.8	2.4	0.5	0.7	1.4	2.9	2.2	5.1
1259811PIP	2008	13	316	3.6	3.7	1.1	0.3	0.4	0.9	1.3	1.3	2.6
1259811PIP	2008	13	317	3.8	3.9	1.3	0.3	0.4	1.0	1.5	1.4	3.0
1259811PIP	2008	13	318	5.2	5.0	2.8	0.6	0.8	1.6	3.4	2.4	5.8
1259811PIP	2008	13	319	3.9	4.0	1.3	0.3	0.4	1.0	1.7	1.5	3.1
1259811PIP	2008	13	320	11.8	9.9	23.2	3.8	4.5	5.1	27.0	9.6	36.6
1259811PIP	2008	13	321	3.6	3.7	1.1	0.3	0.4	0.9	1.3	1.3	2.6
1259811PIP	2008	13	322	5.1	4.9	2.6	0.6	0.8	1.5	3.2	2.3	5.5
1259811PIP	2008	13	323	10.9	9.3	19.0	3.2	3.8	4.5	22.2	8.3	30.5
1259811PIP	2008	13	324	6.3	5.9	4.6	0.9	1.2	2.1	5.5	3.3	8.8
1259811PIP	2008	13	325	5.7	5.4	3.5	0.7	1.0	1.8	4.3	2.8	7.1
1259811PIP	2008	13	326	3.6	3.7	1.1	0.3	0.4	0.9	1.3	1.3	2.6
1259811PIP	2008	13	327	9.2	8.1	12.3	2.2	2.7	3.5	14.4	6.2	20.6
1259811PIP	2008	13	328	11.6	9.8	22.3	3.7	4.3	4.9	26.0	9.3	35.3
1259811PIP	2008	13	329	7.3	6.7	6.8	1.3	1.6	2.5	8.0	4.2	12.2
1259811PIP	2008	13	330	2.6	3.0	0.5	0.1	0.2	0.5	0.6	0.7	1.3
1259811PIP	2008	13	331	4.3	4.3	1.7	0.4	0.6	1.2	2.1	1.7	3.8
1259811PIP	2008	13	332	5.5	5.2	3.2	0.7	0.9	1.7	3.9	2.7	6.5
1259811PIP	2008	13	333	3.6	3.7	1.1	0.3	0.4	0.9	1.3	1.3	2.6
1259811PIP	2008	13	334	4.6	4.5	2.0	0.4	0.6	1.3	2.5	2.0	4.4
1259811PIP	2008	13	335	3.5	3.7	1.0	0.2	0.3	0.9	1.3	1.2	2.5
1259811PIP	2008	13	336	9.7	8.5	14.1	2.5	3.0	3.8	16.6	6.8	23.3
1259811PIP	2008	13	337	10.5	9.0	17.2	2.9	3.5	4.3	20.1	7.8	28.0
1259811PIP	2008	13	338	5.3	5.1	2.9	0.6	0.9	1.6	3.6	2.5	6.0
1259811PIP	2008	13	339	6.9	6.3	5.8	1.1	1.5	2.4	6.9	3.9	10.8
1259811PIP	2008	13	340	7.6	6.9	7.5	1.4	1.8	2.7	8.9	4.5	13.4
1259811PIP	2008	13	341	13.4	11.0	32.2	5.1	5.9	6.1	37.3	12.0	49.3
1259811PIP	2008	13	342	4.5	4.5	1.9	0.4	0.6	1.3	2.4	1.9	4.2
1259811PIP	2008	13	343	3.6	3.7	1.1	0.3	0.4	0.9	1.3	1.3	2.6
1259811PIP	2008	13	344	3.4	3.6	1.0	0.2	0.3	0.8	1.2	1.2	2.3
1259811PIP	2008	74	346	5.0	7.5	2.7	0.7	0.4	0.4	3.4	0.8	4.2
1259811PIP	2008	13	348	4.9	4.8	2.4	0.5	0.7	1.4	2.9	2.2	5.1
1259811PIP	2008	13	349	2.8	3.1	0.6	0.1	0.2	0.6	0.7	0.8	1.6
1259811PIP	2008	13	350	5.1	4.9	2.6	0.6	0.8	1.5	3.2	2.3	5.5
1259811PIP	2008	13	352	5.9	5.6	3.9	0.8	1.1	1.9	4.7	2.9	7.6
1259811PIP	2008	13	353	7.5	6.8	7.2	1.4	1.8	2.7	8.6	4.4	13.0
1259811PIP	2008	13	354	3.4	3.6	1.0	0.2	0.3	0.8	1.2	1.2	2.3
1259811PIP	2008	13	355	4.7	4.6	2.1	0.5	0.7	1.4	2.6	2.0	4.6
1259811PIP	2008	13	356	10.4	9.0	16.9	2.9	3.4	4.2	19.8	7.6	27.4
1259811PIP	2008	3	357	7.8	7.9	8.4	1.3	1.3	1.3	9.7	2.6	12.2
1259811PIP	2008	13	358	3.1	3.3	0.7	0.2	0.3	0.7	0.9	1.0	1.9
1259811PIP	2008	13	359	4.7	4.6	2.1	0.5	0.7	1.4	2.6	2.0	4.6
1259811PIP	2008	13	360	4.7	4.6	2.1	0.5	0.7	1.4	2.6	2.0	4.6
1259811PIP	2008	13	361	6.7	6.2	5.4	1.0	1.4	2.3	6.4	3.6	10.1
1259831PIP	2008	13	1	19.8	19.2	111.6	14.6	9.5	7.8	126.2	17.3	143.5
1259831PIP	2008	13	2	7.3	8.6	8.7	1.5	1.2	1.8	10.2	2.9	13.1
1259831PIP	2008	13	3	10.3	11.6	21.4	3.3	2.3	2.9	24.8	5.2	30.0
1259831PIP	2008	13	4	12.9	14.0	38.4	5.6	3.7	4.0	44.0	7.7	51.7
1259831PIP	2008	20	5	6.7	6.1	4.6	0.8	0.9	2.0	5.4	2.9	8.3
1259831PIP	2008	13	7	11.8	13.0	30.5	4.6	3.1	3.5	35.1	6.6	41.6
1259831PIP	2008	13	10	15.9	16.5	65.3	9.0	5.8	5.5	74.3	11.2	85.5
1259831PIP	2008	13	11	19.8	19.2	111.6	14.6	9.5	7.8	126.2	17.3	143.5
1259831PIP	2008	13	12	25.3	22.3	199.3	24.6	17.0	11.9	223.9	29.0	252.8
1259831PIP	2008	20	14	14.5	11.1	31.9	5.7	6.1	7.1	37.6	13.2	50.8
1259831PIP	2008	13	16	21.3	20.1	132.8	17.0	11.3	8.8	149.8	20.1	170.0
1259831PIP	2008	13	18	21.4	20.2	134.6	17.2	11.4	8.9	151.8	20.2	172.1
1259831PIP	2008	20	19	5.3	5.0	2.5	0.4	0.5	1.4	3.0	1.9	4.8
1259831PIP	2008	20	20	3.3	3.4	0.8	0.1	0.2	0.6	0.9	0.8	1.7
1259831PIP	2008	13	21	22.0	20.6	144.1	18.3	12.1	9.3	162.4	21.4	183.8
1259831PIP	2008	20	22	2.5	2.7	0.4	0.1	0.1	0.4	0.4	0.5	0.9
1259831PIP	2008	20	23	10.5	8.9	14.6	2.6	2.6	4.0	17.1	6.6	23.8
1259831PIP	2008	20	24	12.0	9.8	20.2	3.6	3.7	5.1	23.8	8.8	32.6
1259831PIP	2008	20	25	5.3	5.0	2.5	0.4	0.5	1.4	3.0	1.9	4.8
1259831PIP	2008	20	26	6.7	6.1	4.6	0.8	0.9	2.0	5.4	2.9	8.3
1259831PIP	2008	13	27	3.4	4.4	1.2	0.3	0.2	0.6	1.4	0.9	2.3
1259831PIP	2008	20	28	7.5	6.8	6.2	1.1	1.1	2.3	7.3	3.5	10.8
1259831PIP	2008	20	29	3.4	3.5	0.8	0.1	0.2	0.7	1.0	0.8	1.8
1259831PIP	2008	20	30	3.5	3.5	0.9	0.2	0.2	0.7	1.0	0.9	1.9
1259831PIP	2008	13	32	4.5	5.6	2.4	0.5	0.4	0.9	2.9	1.4	4.3
1259831PIP	2008	20	33	4.4	4.3	1.6	0.3	0.3	1.0	1.8	1.3	3.2
1259831PIP	2008	20	34	3.2	3.3	0.7	0.1	0.1	0.6	0.8	0.8	1.6
1259831PIP	2008	20	35	3.8	3.8	1.1	0.2	0.2	0.8	1.3	1.0	2.3
1259831PIP	2008	20	36	3.1	3.2	0.6	0.1	0.1	0.6	0.8	0.7	1.5
1259831PIP	2008	13	37	7.4	8.7	9.0	1.6	1.2	1.8	10.6	3.0	13.6
1259831PIP	2008	13	38	2.7	3.7	0.7	0.2	0.2	0.4	0.8	0.6	1.4
1259831PIP	2008	13	39	4.6	5.7	2.6	0.5	0.5	1.0	3.1	1.4	4.5
1259831PIP	2008	20	41	10.7	9.0	15.2	2.7	2.8	4.2	17.9	6.9	24.8
1259831PIP	2008	13	42	4.3	5.4	2.2	0.4	0.4	0.9	2.6	1.3	3.9
1259831PIP	2008	13	43	5.2	6.4	3.6	0.7	0.6	1.1	4.3	1.7	6.0
1259831PIP	2008	13	44	3.1	4.1	0.9	0.2	0.2	0.5	1.1	0.7	1.9
1259831PIP	2008	13	45	5.3	6.5	3.7	0.7	0.6	1.2	4.5	1.8	6.2
1259831PIP	2008	13	46	2.8	3.8	0.7	0.2	0.2	0.5	0.9	0.6	1.5
1259831PIP	2008	20	47	2.7	2.9	0.5	0.1	0.1	0.5	0.5	0.6	1.1
1259831PIP	2008	13	49	4.8	5.9	2.9	0.6	0.5	1.0	3.4	1.5	5.0
1259831PIP	2008	20	50	4.5	4.4	1.7	0.3	0.3	1.0	2.0	1.4	3.3
1259831PIP	2008	13	51	3.1	4.1	0.9	0.2	0.2	0.5	1.1	0.7	1.9
1259831PIP	2008	20	52	6.3	5.8	3.9	0.7	0.8	1.8	4.6	2.6	7.2
1259831PIP	2008	20	53	3.0	3.1	0.6	0.1	0.1	0.6	0.7	0.7	1.4
1259831PIP	2008	13	54	3.2	4.2	1.0	0.2	0.2	0.6	1.2	0.8	2.0
1259831PIP	2008	13	55	3.6	4.6	1.3	0.3	0.3	0.7	1.6	1.0	2.6
1259831PIP	2008	13	56	27.7	23.5	246.1	29.8	21.2	14.0	276.0	35.3	311.2
1259831PIP	2008	20	57	16.1	11.8	40.7	7.4	8.1	8.6	48.1	16.8	64.9
1259831PIP	2008	20	60	4.2	4.1	1.4	0.2	0.3	1.0	1.6	1.2	2.9
1259831PIP	2008	20	61	9.0	7.9	9.9	1.7	1.8	3.1	11.6	4.9	16.5
1259831PIP	2008	13	63	16.9	17.2	75.7	10.3	6.6	6.0	86.0	12.7	98.7
1259831PIP	2008	20	64	4.5	4.4	1.7	0.3	0.3	1.0	2.0	1.4	3.3
1259831PIP	2008	13	66	16.8	17.1	74.5	10.1	6.5	6.0	84.7	12.5	97.2
1259831PIP	2008	13	69	17.8	17.9	86.3	11.5	7.4	6.5	97.9	13.9	111.8
1259831PIP	2008	13	70	21.9	20.5	142.2	18.1	12.0	9.2	160.3	21.2	181.6
1259831PIP	2008	13	71	17.6	17.7	83.7	11.2	7.3	6.4	94.9	13.7	108.6
1259831PIP	2008	20	74	11.0	9.2	16.3	2.9	2.9	4.4	19.2	7.3	26.5
1259831PIP	2008	13	77	17.2	17.4	79.0	10.7	6.9	6.2	89.7	13.1	102.8
1259831PIP	2008	13	78	18.5	18.4	95.0	12.6	8.1	6.9	107.5	15.0	122.5
1259831PIP	2008	13	79	16.3	16.8	69.4	9.5	6.1	5.7	78.9	11.8	90.7
1259831PIP	2008	13	81	22.0	20.6	144.1	18.3	12.1	9.3	162.4	21.4	183.8
1259831PIP	2008	20	82	9.2	8.0	10.4	1.8	1.9	3.3	12.3	5.1	17.4
1266686PIP	2008	13	1	3.7	4.0	1.2	0.3	0.4	0.9	1.5	1.3	2.8
1266686PIP	2008	3	2	4.5	3.8	1.3	0.3	0.5	0.5	1.7	1.0	2.7
1266686PIP	2008	3	3	5.7	4.2	2.2	0.5	0.9	0.7	2.8	1.7	4.4
1266686PIP	2008	3	4	4.5	3.8	1.3	0.3	0.5	0.5	1.7	1.0	2.7
1266686PIP	2008	3	5	5.3	4.1	1.9	0.5	0.8	0.6	2.4	1.4	3.8
1266686PIP	2008	3	6	4.5	3.8	1.3	0.3	0.5	0.5	1.7	1.0	2.7
1266686PIP	2008	3	7	4.8	3.9	1.5	0.4	0.6	0.5	1.9	1.1	3.0
1266686PIP	2008	3	8	5.1	4.0	1.8	0.4	0.7	0.6	2.2	1.3	3.5
1266686PIP	2008	3	9	5.7	4.2	2.2	0.5	0.9	0.7	2.8	1.7	4.4
1266686PIP	2008	3	10	3.9	3.6	1.0	0.3	0.3	0.4	1.2	0.7	2.0
1266686PIP	2008	3	11	4.8	3.9	1.5	0.4	0.6	0.5	1.9	1.1	3.0
1266686PIP	2008	3	12	4.2	3.7	1.1	0.3	0.4	0.4	1.5	0.8	2.3
1266686PIP	2008	3	14	5.0	4.0	1.7	0.4	0.7	0.6	2.1	1.2	3.3
1266686PIP	2008	3	15	2.9	3.2	0.5	0.2	0.2	0.2	0.7	0.4	1.0
1266686PIP	2008	25	16	3.4	3.0	0.8	0.2	0.4	0.7	0.9	1.1	2.0
1266686PIP	2008	3	18	3.1	3.2	0.6	0.2	0.2	0.2	0.7	0.4	1.2
1266686PIP	2008	3	19	2.5	3.0	0.4	0.1	0.1	0.2	0.5	0.3	0.8
1266686PIP	2008	25	20	2.8	2.7	0.5	0.1	0.3	0.5	0.6	0.8	1.4
1266686PIP	2008	3	21	3.1	3.2	0.6	0.2	0.2	0.2	0.7	0.4	1.2
1266686PIP	2008	3	23	2.5	3.0	0.4	0.1	0.1	0.2	0.5	0.3	0.8
1266686PIP	2008	3	24	4.6	3.8	1.4	0.4	0.5	0.5	1.7	1.0	2.8
1266686PIP	2008	3	26	2.5	3.0	0.4	0.1	0.1	0.2	0.5	0.3	0.8
1266686PIP	2008	3	27	4.9	3.9	1.6	0.4	0.6	0.6	2.0	1.2	3.2
1266686PIP	2008	3	28	2.6	3.0	0.4	0.1	0.1	0.2	0.5	0.3	0.8
1266686PIP	2008	3	29	3.5	3.4	0.8	0.2	0.3	0.3	1.0	0.6	1.5
1266686PIP	2008	3	31	3.0	3.2	0.5	0.2	0.2	0.2	0.7	0.4	1.1
1266686PIP	2008	3	34	5.0	4.0	1.7	0.4	0.7	0.6	2.1	1.2	3.3
1266686PIP	2008	3	35	3.7	3.5	0.9	0.2	0.3	0.3	1.1	0.6	1.7
1266686PIP	2008	3	36	4.7	3.9	1.5	0.4	0.6	0.5	1.9	1.1	2.9
1266686PIP	2008	3	37	3.8	3.5	0.9	0.3	0.3	0.4	1.2	0.7	1.8
1266686PIP	2008	3	38	3.9	3.6	1.0	0.3	0.3	0.4	1.2	0.7	2.0
1266686PIP	2008	3	39	3.2	3.3	0.6	0.2	0.2	0.3	0.8	0.5	1.3
1266686PIP	2008	3	40	3.5	3.4	0.8	0.2	0.3	0.3	1.0	0.6	1.5
1266686PIP	2008	3	41	2.8	3.1	0.5	0.1	0.1	0.2	0.6	0.3	1.0
1266686PIP	2008	3	42	3.5	3.4	0.8	0.2	0.3	0.3	1.0	0.6	1.5
1266686PIP	2008	3	43	4.0	3.6	1.0	0.3	0.4	0.4	1.3	0.8	2.0
1266686PIP	2008	3	44	3.4	3.4	0.7	0.2	0.2	0.3	0.9	0.5	1.5
1266686PIP	2008	3	45	4.7	3.9	1.5	0.4	0.6	0.5	1.9	1.1	2.9
1266686PIP	2008	3	47	5.8	4.2	2.3	0.6	1.0	0.8	2.9	1.7	4.6
1266686PIP	2008	3	48	2.8	3.1	0.5	0.1	0.1	0.2	0.6	0.3	1.0
1266686PIP	2008	3	49	3.2	3.3	0.6	0.2	0.2	0.3	0.8	0.5	1.3
1266686PIP	2008	3	50	2.8	3.1	0.5	0.1	0.1	0.2	0.6	0.3	1.0
1266686PIP	2008	3	51	3.4	3.4	0.7	0.2	0.2	0.3	0.9	0.5	1.5
1266686PIP	2008	3	53	4.8	3.9	1.5	0.4	0.6	0.5	1.9	1.1	3.0
1266686PIP	2008	3	54	3.0	3.2	0.5	0.2	0.2	0.2	0.7	0.4	1.1
1266686PIP	2008	3	55	2.8	3.1	0.5	0.1	0.1	0.2	0.6	0.3	1.0
1266686PIP	2008	3	56	2.8	3.1	0.5	0.1	0.1	0.2	0.6	0.3	1.0
1266686PIP	2008	3	57	2.6	3.0	0.4	0.1	0.1	0.2	0.5	0.3	0.8
1266686PIP	2008	3	58	2.5	3.0	0.4	0.1	0.1	0.2	0.5	0.3	0.8
1266686PIP	2008	13	59	3.8	4.1	1.3	0.3	0.4	0.9	1.6	1.3	2.9
1266686PIP	2008	3	61	3.7	3.5	0.9	0.2	0.3	0.3	1.1	0.6	1.7
1266706PIP	2008	20	1	9.6	8.0	11.3	2.0	2.2	3.6	13.3	5.8	19.1
1266706PIP	2008	13	3	9.6	7.6	12.4	2.2	3.4	4.3	14.6	7.7	22.3
1266706PIP	2008	13	4	5.2	4.6	2.6	0.6	0.9	1.8	3.1	2.7	5.8
1266706PIP	2008	13	5	8.9	7.1	10.1	1.9	2.9	3.9	12.0	6.8	18.8
1266706PIP	2008	13	6	12.5	9.4	24.4	4.1	5.9	6.3	28.5	12.2	40.7
1266706PIP	2008	20	8	15.5	10.9	35.5	6.5	7.9	8.6	42.0	16.5	58.5
1266706PIP	2008	13	9	7.2	6.0	5.9	1.2	1.8	2.8	7.1	4.7	11.8
1266706PIP	2008	13	10	5.9	5.1	3.5	0.7	1.2	2.1	4.3	3.3	7.6
1266706PIP	2008	13	11	12.7	9.5	25.3	4.2	6.1	6.5	29.6	12.6	42.2
1266706PIP	2008	13	12	10.3	8.1	15.0	2.6	3.9	4.7	17.6	8.6	26.2
1266706PIP	2008	13	13	4.0	3.8	1.3	0.3	0.5	1.2	1.6	1.7	3.3
1266706PIP	2008	13	14	4.8	4.3	2.1	0.5	0.8	1.6	2.5	2.4	4.9
1266706PIP	2008	13	15	17.1	11.8	53.0	8.2	11.8	10.4	61.2	22.2	83.4
1266706PIP	2008	13	16	14.3	10.4	34.1	5.5	7.9	7.8	39.7	15.7	55.3
1266706PIP	2008	20	18	13.7	10.1	26.5	4.8	5.6	6.8	31.3	12.5	43.8
1266706PIP	2008	20	19	5.1	4.8	2.3	0.4	0.5	1.3	2.7	1.8	4.4
1266706PIP	2008	13	20	8.9	7.1	10.1	1.9	2.9	3.9	12.0	6.8	18.8
1266706PIP	2008	20	23	3.2	3.3	0.7	0.1	0.1	0.6	0.8	0.8	1.6
1266706PIP	2008	20	24	2.9	3.0	0.5	0.1	0.1	0.5	0.6	0.6	1.3
1266706PIP	2008	13	25	10.3	8.1	15.0	2.6	3.9	4.7	17.6	8.6	26.2
1266706PIP	2008	13	26	11.4	8.7	19.2	3.3	4.8	5.6	22.5	10.4	32.9
1266706PIP	2008	13	27	6.6	5.6	4.7	1.0	1.5	2.5	5.7	4.0	9.7
1266706PIP	2008	20	28	4.5	4.3	1.6	0.3	0.3	1.1	1.9	1.4	3.3
1266706PIP	2008	20	29	4.3	4.2	1.5	0.3	0.3	1.0	1.7	1.3	3.0
1266706PIP	2008	20	30	3.8	3.8	1.1	0.2	0.2	0.8	1.3	1.0	2.3
1266706PIP	2008	13	31	10.8	8.4	16.9	2.9	4.3	5.1	19.8	9.4	29.2
1266706PIP	2008	13	32	6.1	5.2	3.8	0.8	1.3	2.3	4.6	3.6	8.2
1266706PIP	2008	20	33	3.7	3.7	1.0	0.2	0.2	0.8	1.2	1.0	2.2
1266706PIP	2008	20	34	4.6	4.4	1.7	0.3	0.4	1.1	2.0	1.5	3.5
1266706PIP	2008	20	35	4.3	4.2	1.5	0.3	0.3	1.0	1.7	1.3	3.0
1266706PIP	2008	20	36	3.1	3.2	0.6	0.1	0.1	0.6	0.8	0.7	1.5
1266706PIP	2008	20	38	5.9	5.4	3.3	0.6	0.7	1.7	3.9	2.3	6.2
1266706PIP	2008	20	39	3.4	3.4	0.8	0.1	0.2	0.7	0.9	0.9	1.8
1266706PIP	2008	20	40	4.5	4.3	1.6	0.3	0.3	1.1	1.9	1.4	3.3
1266706PIP	2008	20	41	2.6	2.8	0.4	0.1	0.1	0.4	0.5	0.5	1.0
1266706PIP	2008	20	42	3.5	3.5	0.9	0.2	0.2	0.7	1.0	0.9	1.9
1266706PIP	2008	20	43	2.5	2.7	0.4	0.1	0.1	0.4	0.4	0.5	0.9
1266706PIP	2008	38	44	18.9	10.8	76.2	13.0	30.9	8.7	89.2	39.6	128.8
1266706PIP	2008	20	45	4.9	4.6	2.0	0.4	0.4	1.2	2.4	1.7	4.1
1266706PIP	2008	38	47	2.6	4.3	0.7	0.1	0.1	0.3	0.8	0.4	1.2
1266706PIP	2008	20	48	2.7	2.9	0.5	0.1	0.1	0.5	0.5	0.6	1.1
1266706PIP	2008	20	49	3.6	3.6	0.9	0.2	0.2	0.7	1.1	0.9	2.0
1266706PIP	2008	20	50	3.0	3.1	0.6	0.1	0.1	0.6	0.7	0.7	1.4
1266706PIP	2008	20	51	3.7	3.7	1.0	0.2	0.2	0.8	1.2	1.0	2.2
1266706PIP	2008	20	52	2.6	2.8	0.4	0.1	0.1	0.4	0.5	0.5	1.0
1266706PIP	2008	20	53	3.2	3.3	0.7	0.1	0.1	0.6	0.8	0.8	1.6
1266706PIP	2008	20	56	4.7	4.5	1.8	0.3	0.4	1.1	2.2	1.5	3.7
1266706PIP	2008	20	58	4.0	3.9	1.2	0.2	0.3	0.9	1.4	1.2	2.6
1266706PIP	2008	20	60	4.0	3.9	1.2	0.2	0.3	0.9	1.4	1.2	2.6
1266706PIP	2008	20	61	3.4	3.4	0.8	0.1	0.2	0.7	0.9	0.9	1.8
1266706PIP	2008	13	62	14.9	10.7	37.8	6.0	8.6	8.4	43.8	17.0	60.8
1266706PIP	2008	20	64	4.8	4.5	1.9	0.3	0.4	1.2	2.3	1.6	3.9
1266706PIP	2008	20	65	2.9	3.0	0.5	0.1	0.1	0.5	0.6	0.6	1.3
1266706PIP	2008	20	66	2.5	2.7	0.4	0.1	0.1	0.4	0.4	0.5	0.9
1266706PIP	2008	20	67	2.7	2.9	0.5	0.1	0.1	0.5	0.5	0.6	1.1
1266706PIP	2008	13	68	7.7	6.3	7.0	1.4	2.1	3.2	8.3	5.3	13.6
1266706PIP	2008	13	69	2.5	2.7	0.4	0.1	0.2	0.6	0.5	0.7	1.3
1266706PIP	2008	20	71	5.3	4.9	2.5	0.4	0.5	1.4	2.9	1.9	4.8
1266706PIP	2008	20	73	4.9	4.6	2.0	0.4	0.4	1.2	2.4	1.7	4.1
1266706PIP	2008	20	74	3.2	3.3	0.7	0.1	0.1	0.6	0.8	0.8	1.6
1266706PIP	2008	20	75	3.0	3.1	0.6	0.1	0.1	0.6	0.7	0.7	1.4
1266706PIP	2008	20	76	5.8	5.3	3.1	0.6	0.6	1.6	3.7	2.3	5.9
1266706PIP	2008	20	77	4.7	4.5	1.8	0.3	0.4	1.1	2.2	1.5	3.7
1266706PIP	2008	38	78	2.6	4.3	0.7	0.1	0.1	0.3	0.8	0.4	1.2
1266706PIP	2008	20	79	6.9	6.2	4.9	0.9	1.0	2.1	5.8	3.1	8.9
1266706PIP	2008	13	80	7.1	5.9	5.7	1.1	1.8	2.8	6.8	4.6	11.4
1266706PIP	2008	20	81	6.0	5.5	3.4	0.6	0.7	1.7	4.0	2.4	6.4
1266706PIP	2008	20	82	3.6	3.6	0.9	0.2	0.2	0.7	1.1	0.9	2.0
1266706PIP	2008	20	83	3.5	3.5	0.9	0.2	0.2	0.7	1.0	0.9	1.9
1266706PIP	2008	13	84	5.7	5.0	3.3	0.7	1.1	2.0	4.0	3.1	7.1
1266706PIP	2008	20	85	3.3	3.4	0.8	0.1	0.2	0.6	0.9	0.8	1.7
1266706PIP	2008	20	86	3.2	3.3	0.7	0.1	0.1	0.6	0.8	0.8	1.6
1266706PIP	2008	20	87	3.5	3.5	0.9	0.2	0.2	0.7	1.0	0.9	1.9
1266706PIP	2008	38	88	2.5	4.2	0.6	0.1	0.1	0.2	0.7	0.4	1.1
1266706PIP	2008	38	89	2.8	4.5	0.8	0.2	0.2	0.3	1.0	0.4	1.4
1266706PIP	2008	13	90	4.4	4.0	1.7	0.4	0.7	1.4	2.0	2.0	4.1
1266706PIP	2008	13	92	11.4	8.7	19.2	3.3	4.8	5.6	22.5	10.4	32.9
1266706PIP	2008	13	93	10.8	8.4	16.9	2.9	4.3	5.1	19.8	9.4	29.2
1266706PIP	2008	13	94	4.6	4.2	1.9	0.4	0.7	1.5	2.3	2.2	4.5
1266706PIP	2008	13	95	12.1	9.2	22.5	3.8	5.4	6.0	26.3	11.4	37.8
1266706PIP	2008	13	96	5.5	4.8	2.9	0.6	1.1	1.9	3.6	3.0	6.6
1266706PIP	2008	20	99	3.4	3.4	0.8	0.1	0.2	0.7	0.9	0.9	1.8
1266706PIP	2008	20	101	2.7	2.9	0.5	0.1	0.1	0.5	0.5	0.6	1.1
1266706PIP	2008	20	102	2.9	3.0	0.5	0.1	0.1	0.5	0.6	0.6	1.3
1266706PIP	2008	20	103	4.7	4.5	1.8	0.3	0.4	1.1	2.2	1.5	3.7
1266706PIP	2008	20	104	6.7	6.0	4.5	0.8	0.9	2.0	5.3	2.9	8.3
1266706PIP	2008	13	105	15.2	10.9	39.8	6.3	9.0	8.6	46.2	17.5	63.7
1266706PIP	2008	20	106	6.1	5.6	3.6	0.6	0.7	1.7	4.2	2.4	6.7
1266706PIP	2008	20	107	3.2	3.3	0.7	0.1	0.1	0.6	0.8	0.8	1.6
1266706PIP	2008	20	108	5.8	5.3	3.1	0.6	0.6	1.6	3.7	2.3	5.9
1266706PIP	2008	20	109	7.8	6.8	6.7	1.2	1.3	2.6	7.9	3.9	11.8
1266706PIP	2008	20	110	5.0	4.7	2.1	0.4	0.4	1.3	2.5	1.7	4.2
1266706PIP	2008	20	111	7.5	6.6	6.1	1.1	1.2	2.4	7.1	3.6	10.7
1266706PIP	2008	20	112	13.9	10.2	27.4	5.0	5.9	7.0	32.4	12.9	45.3
1266706PIP	2008	13	113	5.8	5.0	3.4	0.7	1.2	2.1	4.1	3.3	7.3
1266706PIP	2008	20	114	2.8	3.0	0.5	0.1	0.1	0.5	0.6	0.6	1.2
1266706PIP	2008	20	115	4.6	4.4	1.7	0.3	0.4	1.1	2.0	1.5	3.5
1266706PIP	2008	13	116	12.0	9.1	22.0	3.7	5.4	6.0	25.7	11.3	37.0
1266706PIP	2008	13	117	3.3	3.3	0.8	0.2	0.3	0.9	1.0	1.2	2.2
1266706PIP	2008	20	118	4.8	4.5	1.9	0.3	0.4	1.2	2.3	1.6	3.9
1266706PIP	2008	20	120	3.0	3.1	0.6	0.1	0.1	0.6	0.7	0.7	1.4
1266706PIP	2008	20	121	9.0	7.6	9.6	1.7	1.9	3.3	11.3	5.1	16.4
1266706PIP	2008	13	123	10.1	7.9	14.1	2.5	3.7	4.7	16.6	8.4	25.0
1266706PIP	2008	13	124	7.6	6.3	6.8	1.3	2.0	3.1	8.1	5.1	13.2
1266706PIP	2008	13	125	3.6	3.5	1.0	0.2	0.4	1.0	1.3	1.4	2.7
1266706PIP	2008	13	127	14.3	10.4	34.1	5.5	7.9	7.8	39.7	15.7	55.3
1266706PIP	2008	13	128	3.7	3.5	1.1	0.3	0.5	1.1	1.3	1.5	2.9
1266706PIP	2008	13	129	3.9	3.7	1.2	0.3	0.5	1.1	1.5	1.6	3.2
1266706PIP	2008	13	130	5.7	5.0	3.3	0.7	1.1	2.0	4.0	3.1	7.1
1266706PIP	2008	13	131	9.8	7.7	13.0	2.3	3.5	4.5	15.4	8.0	23.4
1266706PIP	2008	13	132	10.8	8.4	16.9	2.9	4.3	5.1	19.8	9.4	29.2
1266706PIP	2008	13	133	7.1	5.9	5.7	1.1	1.8	2.8	6.8	4.6	11.4
1266716PIP	2008	13	1	18.5	18.3	94.4	12.5	8.1	7.0	107.0	15.1	122.1
1266716PIP	2008	13	3	17.0	17.3	77.0	10.4	6.7	6.1	87.4	12.8	100.2
1266716PIP	2008	13	6	22.2	20.6	146.4	18.6	12.5	9.5	165.0	22.0	186.9
1266716PIP	2008	20	7	8.4	8.1	8.9	1.5	1.4	2.6	10.4	3.9	14.3
1266716PIP	2008	13	8	22.3	20.7	148.2	18.8	12.5	9.6	167.0	22.1	189.2
1266716PIP	2008	13	9	19.8	19.2	111.6	14.6	9.5	7.8	126.2	17.3	143.5
1266716PIP	2008	13	11	16.3	16.8	69.4	9.5	6.1	5.7	78.9	11.8	90.7
1266716PIP	2008	13	12	19.9	19.3	113.2	14.7	9.6	7.8	127.9	17.4	145.3
1266716PIP	2008	13	13	12.0	13.2	31.9	4.8	3.2	3.6	36.6	6.8	43.4
1266716PIP	2008	20	14	7.4	7.2	6.4	1.1	1.0	2.1	7.5	3.1	10.6
1266716PIP	2008	13	15	18.1	18.1	89.9	12.0	7.7	6.7	101.9	14.4	116.3
1266716PIP	2008	13	17	16.6	17.0	72.5	9.9	6.3	5.9	82.4	12.2	94.6
1266716PIP	2008	13	18	18.5	18.3	94.4	12.5	8.1	7.0	107.0	15.1	122.1
1266716PIP	2008	13	19	18.2	18.1	90.8	12.1	7.8	6.8	102.9	14.6	117.5
1266716PIP	2008	13	22	16.0	16.5	66.0	9.1	5.9	5.5	75.1	11.4	86.5
1266716PIP	2008	13	23	13.2	14.3	40.8	5.9	3.9	4.1	46.7	8.0	54.7
1266716PIP	2008	13	24	18.0	18.0	88.5	11.8	7.6	6.7	100.4	14.3	114.6
1266716PIP	2008	13	25	8.6	10.0	13.5	2.2	1.6	2.2	15.7	3.8	19.5
1266716PIP	2008	13	26	17.4	17.6	81.6	11.0	7.0	6.3	92.5	13.3	105.9
1266716PIP	2008	13	27	7.8	9.2	10.4	1.8	1.3	1.9	12.2	3.2	15.5
1266716PIP	2008	20	28	4.3	4.4	1.5	0.3	0.3	0.9	1.8	1.2	3.0
1266716PIP	2008	13	29	11.7	13.0	30.0	4.5	3.0	3.4	34.5	6.4	41.0
1266716PIP	2008	13	30	21.5	20.2	135.7	17.4	11.5	9.0	153.0	20.5	173.6
1266716PIP	2008	13	31	9.7	11.1	18.5	2.9	2.0	2.6	21.4	4.7	26.0
1266716PIP	2008	13	34	16.1	16.6	67.1	9.2	5.9	5.6	76.4	11.5	87.9
1266716PIP	2008	13	36	23.6	21.4	169.3	21.2	14.4	10.6	190.5	25.0	215.4
1266716PIP	2008	13	37	20.7	19.8	124.4	16.1	10.5	8.4	140.5	18.9	159.4
1266716PIP	2008	13	38	22.7	20.9	154.4	19.5	13.1	9.9	173.9	23.0	196.9
1266716PIP	2008	13	41	17.1	17.4	78.2	10.6	6.8	6.1	88.8	12.9	101.7
1266716PIP	2008	20	42	7.5	7.3	6.6	1.1	1.0	2.2	7.8	3.2	10.9
1266716PIP	2008	13	43	19.9	19.3	113.2	14.7	9.6	7.8	127.9	17.4	145.3
1266716PIP	2008	13	44	12.7	13.9	37.1	5.4	3.5	3.9	42.5	7.4	49.9
1266716PIP	2008	13	47	24.0	21.6	175.9	22.0	15.0	10.9	197.9	25.9	223.8
1266716PIP	2008	20	48	4.4	4.5	1.6	0.3	0.3	1.0	1.9	1.3	3.2
1266716PIP	2008	13	51	10.2	11.6	21.1	3.3	2.2	2.8	24.4	5.1	29.4
1266716PIP	2008	13	52	11.6	12.9	29.4	4.4	2.9	3.4	33.8	6.3	40.1
1266716PIP	2008	13	53	6.9	8.2	7.5	1.3	1.0	1.7	8.8	2.7	11.5
1266716PIP	2008	13	54	21.9	20.5	142.2	18.1	12.0	9.2	160.3	21.2	181.6
1266716PIP	2008	13	56	21.1	20.0	130.0	16.7	11.0	8.7	146.7	19.7	166.4
1266716PIP	2008	13	57	12.2	13.4	33.3	4.9	3.3	3.7	38.3	6.9	45.2
1266716PIP	2008	13	58	19.3	18.9	105.1	13.8	8.9	7.5	118.8	16.4	135.2
1266716PIP	2008	13	59	18.7	18.5	97.3	12.9	8.3	7.1	110.1	15.4	125.5
1266716PIP	2008	13	62	23.4	21.3	166.0	20.8	14.1	10.4	186.8	24.5	211.3
1266716PIP	2008	20	63	9.5	9.0	12.2	2.1	1.8	3.1	14.3	4.9	19.2
1266716PIP	2008	13	64	21.6	20.3	137.5	17.6	11.6	9.0	155.0	20.7	175.7
1266716PIP	2008	20	65	4.5	4.6	1.7	0.3	0.3	1.0	2.0	1.3	3.3
1266716PIP	2008	13	66	16.3	16.8	69.4	9.5	6.1	5.7	78.9	11.8	90.7
1266716PIP	2008	13	67	18.7	18.5	97.3	12.9	8.3	7.1	110.1	15.4	125.5
1266766PIP	2008	13	1	4.0	3.9	1.4	0.3	0.5	1.1	1.7	1.6	3.3
1266766PIP	2008	13	2	3.0	3.1	0.7	0.2	0.3	0.7	0.8	1.0	1.8
1266766PIP	2008	13	3	2.7	2.9	0.5	0.1	0.2	0.6	0.6	0.8	1.5
1266766PIP	2008	25	4	4.3	3.9	1.5	0.3	0.7	0.9	1.8	1.5	3.4
1266766PIP	2008	13	5	3.5	3.5	1.0	0.2	0.4	0.9	1.2	1.3	2.5
1266766PIP	2008	13	6	2.9	3.1	0.6	0.2	0.2	0.7	0.8	0.9	1.7
1266766PIP	2008	13	7	5.2	4.8	2.7	0.6	0.9	1.7	3.2	2.5	5.8
1266766PIP	2008	13	8	2.6	2.9	0.5	0.1	0.2	0.6	0.6	0.7	1.3
1266766PIP	2008	13	9	3.4	3.4	0.9	0.2	0.4	0.9	1.1	1.3	2.4
1266766PIP	2008	13	10	3.4	3.4	0.9	0.2	0.4	0.9	1.1	1.3	2.4
1266766PIP	2008	13	11	2.7	2.9	0.5	0.1	0.2	0.6	0.6	0.8	1.5
1266766PIP	2008	13	12	3.1	3.2	0.7	0.2	0.3	0.8	0.9	1.1	2.0
1266766PIP	2008	13	13	3.3	3.4	0.9	0.2	0.3	0.8	1.1	1.2	2.2
1266766PIP	2008	13	14	2.9	3.1	0.6	0.2	0.2	0.7	0.8	0.9	1.7
1266766PIP	2008	13	15	3.5	3.5	1.0	0.2	0.4	0.9	1.2	1.3	2.5
1266766PIP	2008	13	16	3.9	3.8	1.3	0.3	0.5	1.1	1.6	1.6	3.1
1266766PIP	2008	13	17	3.2	3.3	0.8	0.2	0.3	0.8	1.0	1.1	2.1
1266766PIP	2008	13	18	2.9	3.1	0.6	0.2	0.2	0.7	0.8	0.9	1.7
1266766PIP	2008	13	19	3.4	3.4	0.9	0.2	0.4	0.9	1.1	1.3	2.4
1266766PIP	2008	13	20	3.1	3.2	0.7	0.2	0.3	0.8	0.9	1.1	2.0
1266766PIP	2008	13	21	2.9	3.1	0.6	0.2	0.2	0.7	0.8	0.9	1.7
1266766PIP	2008	13	22	3.1	3.2	0.7	0.2	0.3	0.8	0.9	1.1	2.0
1266766PIP	2008	13	23	3.0	3.1	0.7	0.2	0.3	0.7	0.8	1.0	1.8
1266766PIP	2008	13	24	5.4	4.9	2.9	0.6	1.0	1.8	3.5	2.7	6.3
1266766PIP	2008	13	25	2.5	2.8	0.4	0.1	0.2	0.5	0.5	0.7	1.2
1266766PIP	2008	13	26	3.5	3.5	1.0	0.2	0.4	0.9	1.2	1.3	2.5
1266766PIP	2008	13	27	2.8	3.0	0.6	0.1	0.2	0.6	0.7	0.9	1.6
1266766PIP	2008	13	29	2.5	2.8	0.4	0.1	0.2	0.5	0.5	0.7	1.2
1266766PIP	2008	13	30	5.8	5.2	3.5	0.7	1.1	2.0	4.2	3.1	7.3
1266766PIP	2008	13	31	5.2	4.8	2.7	0.6	0.9	1.7	3.2	2.5	5.8
1266766PIP	2008	13	32	2.8	3.0	0.6	0.1	0.2	0.6	0.7	0.9	1.6
1266766PIP	2008	13	34	3.0	3.1	0.7	0.2	0.3	0.7	0.8	1.0	1.8
1266766PIP	2008	13	35	2.6	2.9	0.5	0.1	0.2	0.6	0.6	0.7	1.3
1266766PIP	2008	13	36	2.6	2.9	0.5	0.1	0.2	0.6	0.6	0.7	1.3
1266766PIP	2008	13	37	4.1	4.0	1.5	0.3	0.5	1.2	1.8	1.7	3.5
1266766PIP	2008	13	38	2.9	3.1	0.6	0.2	0.2	0.7	0.8	0.9	1.7
1266766PIP	2008	13	39	5.6	5.1	3.2	0.7	1.0	1.9	3.9	2.9	6.8
1266766PIP	2008	13	40	2.9	3.1	0.6	0.2	0.2	0.7	0.8	0.9	1.7
1266766PIP	2008	13	41	3.3	3.4	0.9	0.2	0.3	0.8	1.1	1.2	2.2
1266766PIP	2008	13	42	2.8	3.0	0.6	0.1	0.2	0.6	0.7	0.9	1.6
1266766PIP	2008	13	43	2.6	2.9	0.5	0.1	0.2	0.6	0.6	0.7	1.3
1266766PIP	2008	13	44	2.6	2.9	0.5	0.1	0.2	0.6	0.6	0.7	1.3
1266766PIP	2008	13	45	3.3	3.4	0.9	0.2	0.3	0.8	1.1	1.2	2.2
1266766PIP	2008	13	46	6.3	5.6	4.4	0.9	1.3	2.2	5.2	3.5	8.8
1266766PIP	2008	13	47	3.0	3.1	0.7	0.2	0.3	0.7	0.8	1.0	1.8
1266766PIP	2008	13	48	2.9	3.1	0.6	0.2	0.2	0.7	0.8	0.9	1.7
1266766PIP	2008	13	49	2.8	3.0	0.6	0.1	0.2	0.6	0.7	0.9	1.6
1266766PIP	2008	13	50	3.4	3.4	0.9	0.2	0.4	0.9	1.1	1.3	2.4
1266766PIP	2008	13	51	2.6	2.9	0.5	0.1	0.2	0.6	0.6	0.7	1.3
1266766PIP	2008	13	52	3.8	3.7	1.2	0.3	0.5	1.1	1.5	1.5	3.0
1266766PIP	2008	13	53	4.4	4.2	1.7	0.4	0.6	1.3	2.1	1.9	4.1
1266766PIP	2008	13	54	5.5	5.0	3.1	0.6	1.0	1.8	3.7	2.8	6.5
1266766PIP	2008	13	55	4.2	4.0	1.5	0.3	0.6	1.2	1.9	1.8	3.7
1266766PIP	2008	13	56	2.8	3.0	0.6	0.1	0.2	0.6	0.7	0.9	1.6
1266766PIP	2008	13	57	3.1	3.2	0.7	0.2	0.3	0.8	0.9	1.1	2.0
1266766PIP	2008	13	58	5.8	5.2	3.5	0.7	1.1	2.0	4.2	3.1	7.3
1266766PIP	2008	13	59	3.3	3.4	0.9	0.2	0.3	0.8	1.1	1.2	2.2
1266766PIP	2008	13	60	2.8	3.0	0.6	0.1	0.2	0.6	0.7	0.9	1.6
1266766PIP	2008	13	61	2.5	2.8	0.4	0.1	0.2	0.5	0.5	0.7	1.2
1266766PIP	2008	13	62	3.5	3.5	1.0	0.2	0.4	0.9	1.2	1.3	2.5
1266766PIP	2008	13	63	3.4	3.4	0.9	0.2	0.4	0.9	1.1	1.3	2.4
1266766PIP	2008	13	64	4.3	4.1	1.6	0.4	0.6	1.3	2.0	1.9	3.9
1266766PIP	2008	13	66	2.6	2.9	0.5	0.1	0.2	0.6	0.6	0.7	1.3
1266766PIP	2008	13	67	2.9	3.1	0.6	0.2	0.2	0.7	0.8	0.9	1.7
1266766PIP	2008	13	68	3.8	3.7	1.2	0.3	0.5	1.1	1.5	1.5	3.0
1266766PIP	2008	13	69	2.8	3.0	0.6	0.1	0.2	0.6	0.7	0.9	1.6
1266766PIP	2008	13	70	6.1	5.5	4.1	0.8	1.2	2.1	4.9	3.3	8.2
1266766PIP	2008	13	71	3.0	3.1	0.7	0.2	0.3	0.7	0.8	1.0	1.8
1266766PIP	2008	13	72	2.6	2.9	0.5	0.1	0.2	0.6	0.6	0.7	1.3
1266766PIP	2008	13	73	3.4	3.4	0.9	0.2	0.4	0.9	1.1	1.3	2.4
1266766PIP	2008	13	74	3.5	3.5	1.0	0.2	0.4	0.9	1.2	1.3	2.5
1266766PIP	2008	13	75	2.9	3.1	0.6	0.2	0.2	0.7	0.8	0.9	1.7
1266766PIP	2008	20	76	2.7	2.7	0.4	0.1	0.1	0.5	0.5	0.6	1.1
1266766PIP	2008	13	77	4.6	4.3	1.9	0.4	0.7	1.4	2.4	2.1	4.5
1266766PIP	2008	13	78	4.8	4.5	2.2	0.5	0.7	1.5	2.7	2.2	4.9
1266766PIP	2008	13	79	7.9	6.8	7.9	1.5	2.1	3.0	9.4	5.1	14.5
1266766PIP	2008	20	80	8.3	6.1	6.8	1.3	1.9	3.4	8.1	5.3	13.4
1266766PIP	2008	13	82	3.9	3.8	1.3	0.3	0.5	1.1	1.6	1.6	3.1
1266766PIP	2008	13	83	6.6	5.8	4.9	1.0	1.5	2.4	5.9	3.8	9.7
1266766PIP	2008	13	84	4.0	3.9	1.4	0.3	0.5	1.1	1.7	1.6	3.3
1266766PIP	2008	13	85	7.1	6.2	6.0	1.2	1.7	2.6	7.1	4.3	11.4
1266766PIP	2008	13	86	2.5	2.8	0.4	0.1	0.2	0.5	0.5	0.7	1.2
1266766PIP	2008	13	87	3.5	3.5	1.0	0.2	0.4	0.9	1.2	1.3	2.5
1266766PIP	2008	13	88	2.9	3.1	0.6	0.2	0.2	0.7	0.8	0.9	1.7
1266766PIP	2008	13	89	8.7	7.3	10.0	1.8	2.6	3.5	11.9	6.1	18.0
1266766PIP	2008	13	90	4.2	4.0	1.5	0.3	0.6	1.2	1.9	1.8	3.7
1266766PIP	2008	13	92	2.8	3.0	0.6	0.1	0.2	0.6	0.7	0.9	1.6
1266766PIP	2008	13	93	2.5	2.8	0.4	0.1	0.2	0.5	0.5	0.7	1.2
1266766PIP	2008	13	94	2.8	3.0	0.6	0.1	0.2	0.6	0.7	0.9	1.6
1266766PIP	2008	13	95	4.5	4.3	1.9	0.4	0.6	1.3	2.3	2.0	4.2
1266766PIP	2008	13	96	3.5	3.5	1.0	0.2	0.4	0.9	1.2	1.3	2.5
1266766PIP	2008	13	97	2.5	2.8	0.4	0.1	0.2	0.5	0.5	0.7	1.2
1266766PIP	2008	13	98	3.2	3.3	0.8	0.2	0.3	0.8	1.0	1.1	2.1
1266766PIP	2008	13	100	3.6	3.6	1.1	0.2	0.4	1.0	1.3	1.4	2.7
1273551PIP	2008	13	1	9.0	7.2	10.5	1.9	2.9	3.9	12.4	6.9	19.3
1273551PIP	2008	74	2	6.9	8.9	6.1	1.5	1.0	0.6	7.6	1.6	9.2
1273551PIP	2008	74	4	3.5	5.9	1.1	0.3	0.2	0.2	1.3	0.4	1.7
1273551PIP	2008	13	5	2.7	2.9	0.5	0.1	0.2	0.6	0.6	0.8	1.5
1273551PIP	2008	74	6	8.9	10.1	11.3	2.8	2.0	0.9	14.1	2.9	17.0
1273551PIP	2008	74	7	3.3	5.7	0.9	0.2	0.2	0.2	1.1	0.3	1.5
1273551PIP	2008	3	8	12.3	9.8	23.6	3.0	4.2	2.9	26.7	7.1	33.8
1273551PIP	2008	13	9	2.5	2.7	0.4	0.1	0.2	0.6	0.5	0.7	1.3
1273551PIP	2008	13	10	5.8	5.0	3.4	0.7	1.2	2.1	4.1	3.3	7.3
1273551PIP	2008	74	12	6.0	8.3	4.3	1.1	0.7	0.5	5.4	1.2	6.5
1273551PIP	2008	74	13	12.8	11.6	26.6	6.4	5.2	1.7	33.0	6.9	39.9
1273551PIP	2008	13	15	3.6	3.5	1.0	0.2	0.4	1.0	1.3	1.4	2.7
1273551PIP	2008	74	16	4.2	6.7	1.7	0.4	0.3	0.3	2.2	0.6	2.7
1273551PIP	2008	13	17	5.1	4.5	2.4	0.5	0.9	1.7	3.0	2.6	5.6
1273551PIP	2008	74	18	4.7	7.1	2.3	0.6	0.4	0.3	2.8	0.7	3.6
1273551PIP	2008	74	20	4.3	6.8	1.8	0.5	0.3	0.3	2.3	0.6	2.9
1273551PIP	2008	74	22	7.0	9.0	6.3	1.5	1.0	0.6	7.9	1.7	9.5
1273551PIP	2008	74	23	5.2	7.6	3.0	0.7	0.5	0.4	3.7	0.9	4.6
1273551PIP	2008	74	24	4.4	6.9	1.9	0.5	0.3	0.3	2.4	0.6	3.0
1273551PIP	2008	13	25	7.6	6.3	6.8	1.3	2.0	3.1	8.1	5.1	13.2
1273551PIP	2008	74	26	11.9	11.4	22.6	5.5	4.2	1.5	28.1	5.7	33.8
1273551PIP	2008	13	27	4.5	4.1	1.8	0.4	0.7	1.4	2.2	2.1	4.3
1273551PIP	2008	3	28	2.8	4.8	0.8	0.2	0.1	0.2	1.0	0.3	1.3
1273551PIP	2008	3	29	2.9	4.9	0.9	0.2	0.1	0.2	1.1	0.3	1.4
1273551PIP	2008	74	31	3.0	5.4	0.7	0.2	0.1	0.2	0.9	0.3	1.2
1273551PIP	2008	74	34	7.0	9.0	6.3	1.5	1.0	0.6	7.9	1.7	9.5
1273551PIP	2008	74	35	4.9	7.3	2.5	0.6	0.4	0.4	3.2	0.8	3.9
1273551PIP	2008	74	36	3.9	6.3	1.4	0.4	0.2	0.2	1.8	0.5	2.2
1273551PIP	2008	74	37	7.5	9.3	7.5	1.8	1.2	0.7	9.3	1.9	11.2
1273551PIP	2008	74	38	4.6	7.0	2.1	0.5	0.4	0.3	2.7	0.7	3.4
1273551PIP	2008	38	39	7.8	9.4	11.1	2.1	2.1	1.3	13.1	3.4	16.6
1273551PIP	2008	74	40	2.9	5.2	0.6	0.2	0.1	0.2	0.8	0.3	1.1
1273551PIP	2008	74	41	3.0	5.4	0.7	0.2	0.1	0.2	0.9	0.3	1.2
1273551PIP	2008	74	42	3.1	5.5	0.8	0.2	0.1	0.2	1.0	0.3	1.3
1273551PIP	2008	74	43	3.3	5.7	0.9	0.2	0.2	0.2	1.1	0.3	1.5
1273551PIP	2008	74	45	5.2	7.6	3.0	0.7	0.5	0.4	3.7	0.9	4.6
1273551PIP	2008	13	46	3.0	3.1	0.7	0.2	0.3	0.7	0.8	1.0	1.8
1273551PIP	2008	74	47	6.8	8.8	5.8	1.4	1.0	0.6	7.3	1.6	8.8
1273551PIP	2008	74	48	6.2	8.4	4.6	1.1	0.8	0.5	5.8	1.3	7.1
1273551PIP	2008	74	49	3.6	6.0	1.1	0.3	0.2	0.2	1.4	0.4	1.8
1273551PIP	2008	74	50	5.1	7.5	2.8	0.7	0.5	0.4	3.5	0.8	4.4
1273551PIP	2008	38	51	8.4	9.7	13.2	2.4	2.6	1.5	15.6	4.1	19.8
1273551PIP	2008	38	52	2.5	4.8	0.7	0.1	0.1	0.2	0.8	0.3	1.1
1273551PIP	2008	74	53	7.1	9.0	6.5	1.6	1.1	0.6	8.1	1.7	9.8
1273551PIP	2008	13	54	3.0	3.1	0.7	0.2	0.3	0.7	0.8	1.0	1.8
1273551PIP	2008	13	55	4.9	4.4	2.2	0.5	0.8	1.6	2.7	2.4	5.1
1273551PIP	2008	13	56	6.3	5.4	4.2	0.9	1.4	2.3	5.1	3.7	8.8
1273551PIP	2008	13	57	7.3	6.1	6.2	1.2	1.9	2.9	7.4	4.8	12.1
1273551PIP	2008	13	58	3.3	3.3	0.8	0.2	0.3	0.9	1.0	1.2	2.2
1273551PIP	2008	38	59	5.4	7.8	4.6	0.9	0.8	0.7	5.4	1.5	6.9
1273551PIP	2008	74	60	12.9	11.7	27.2	6.6	5.3	1.7	33.8	7.0	40.8
1273551PIP	2008	74	61	9.3	10.3	12.6	3.1	2.2	1.0	15.7	3.2	18.9
1273551PIP	2008	38	62	3.4	5.9	1.4	0.3	0.2	0.3	1.7	0.6	2.3
1273551PIP	2008	13	63	4.5	4.1	1.8	0.4	0.7	1.4	2.2	2.1	4.3
1273551PIP	2008	3	64	12.2	9.8	23.3	3.0	4.1	2.8	26.3	7.0	33.3
1273551PIP	2008	13	66	8.5	6.9	9.1	1.7	2.6	3.6	10.8	6.2	17.0
1273551PIP	2008	13	67	4.8	4.3	2.1	0.5	0.8	1.6	2.5	2.4	4.9
1273551PIP	2008	13	68	6.1	5.3	3.9	0.8	1.3	2.2	4.7	3.5	8.2
1273551PIP	2008	13	69	7.3	6.1	6.2	1.2	1.9	2.9	7.4	4.8	12.1
1273551PIP	2008	13	70	5.5	4.8	2.9	0.6	1.1	1.9	3.6	3.0	6.6
1273551PIP	2008	13	71	4.3	4.0	1.6	0.4	0.6	1.3	2.0	1.9	3.9
1273551PIP	2008	13	72	5.1	4.5	2.4	0.5	0.9	1.7	3.0	2.6	5.6
1273551PIP	2008	13	73	5.3	4.7	2.7	0.6	1.0	1.8	3.3	2.8	6.0
1273551PIP	2008	38	74	4.8	7.3	3.4	0.7	0.6	0.6	4.1	1.1	5.2
1273551PIP	2008	13	75	3.6	3.5	1.0	0.2	0.4	1.0	1.3	1.4	2.7
1273551PIP	2008	13	76	10.0	7.9	13.9	2.5	3.6	4.5	16.3	8.2	24.5
1273551PIP	2008	13	77	4.9	4.4	2.2	0.5	0.8	1.6	2.7	2.4	5.1
1273551PIP	2008	13	78	8.5	6.9	9.1	1.7	2.6	3.6	10.8	6.2	17.0
1273551PIP	2008	13	79	6.8	5.7	5.1	1.0	1.6	2.6	6.1	4.3	10.4
1273551PIP	2008	13	80	8.8	7.1	9.9	1.8	2.8	3.8	11.8	6.6	18.4
1273551PIP	2008	13	81	7.3	6.1	6.2	1.2	1.9	2.9	7.4	4.8	12.1
1273551PIP	2008	74	82	6.1	8.3	4.4	1.1	0.7	0.5	5.5	1.2	6.8
1273551PIP	2008	13	83	3.7	3.5	1.1	0.3	0.5	1.1	1.3	1.5	2.9
1273551PIP	2008	13	84	10.0	7.9	13.9	2.5	3.6	4.5	16.3	8.2	24.5
1273551PIP	2008	38	85	4.1	6.6	2.3	0.5	0.4	0.4	2.8	0.8	3.6
1273551PIP	2008	38	86	2.5	4.8	0.7	0.1	0.1	0.2	0.8	0.3	1.1
1273551PIP	2008	13	87	7.7	6.4	7.1	1.4	2.1	3.1	8.5	5.2	13.6
1273551PIP	2008	13	88	7.6	6.3	6.8	1.3	2.0	3.1	8.1	5.1	13.2
1273551PIP	2008	3	90	6.8	7.8	6.5	1.0	0.9	1.0	7.6	1.9	9.4
1273551PIP	2008	13	91	5.0	4.5	2.3	0.5	0.8	1.6	2.8	2.5	5.3
1273551PIP	2008	13	92	2.8	2.9	0.5	0.1	0.2	0.7	0.7	0.9	1.6
1273551PIP	2008	13	93	4.7	4.3	2.0	0.4	0.7	1.5	2.5	2.2	4.7
1273551PIP	2008	13	94	5.7	5.0	3.3	0.7	1.1	2.0	4.0	3.1	7.1
1273551PIP	2008	74	95	8.3	9.8	9.6	2.3	1.6	0.8	11.9	2.5	14.4
1273551PIP	2008	38	96	5.1	7.5	3.9	0.8	0.7	0.6	4.7	1.3	6.0
1273551PIP	2008	13	97	2.8	2.9	0.5	0.1	0.2	0.7	0.7	0.9	1.6
1273551PIP	2008	13	98	5.7	5.0	3.3	0.7	1.1	2.0	4.0	3.1	7.1
1273551PIP	2008	13	99	4.9	4.4	2.2	0.5	0.8	1.6	2.7	2.4	5.1
1273551PIP	2008	13	100	3.7	3.5	1.1	0.3	0.5	1.1	1.3	1.5	2.9
1273551PIP	2008	13	101	4.0	3.8	1.3	0.3	0.5	1.2	1.6	1.7	3.3
1273551PIP	2008	13	102	5.6	4.9	3.1	0.7	1.1	2.0	3.8	3.0	6.8
1273551PIP	2008	13	104	3.1	3.1	0.7	0.2	0.3	0.8	0.9	1.1	2.0
1273551PIP	2008	13	105	4.2	3.9	1.5	0.3	0.6	1.3	1.8	1.9	3.7
1273551PIP	2008	13	106	7.3	6.1	6.2	1.2	1.9	2.9	7.4	4.8	12.1
1273551PIP	2008	13	107	5.6	4.9	3.1	0.7	1.1	2.0	3.8	3.0	6.8
1273551PIP	2008	13	108	7.7	6.4	7.1	1.4	2.1	3.1	8.5	5.2	13.6
1273551PIP	2008	13	109	2.8	2.9	0.5	0.1	0.2	0.7	0.7	0.9	1.6
1273551PIP	2008	13	110	6.6	5.6	4.7	1.0	1.5	2.5	5.7	4.0	9.7
1273551PIP	2008	13	111	3.2	3.2	0.8	0.2	0.3	0.8	0.9	1.2	2.1
1273551PIP	2008	13	112	5.9	5.1	3.5	0.7	1.2	2.1	4.3	3.3	7.6
1273551PIP	2008	13	113	7.1	5.9	5.7	1.1	1.8	2.8	6.8	4.6	11.4
1273551PIP	2008	13	114	4.8	4.3	2.1	0.5	0.8	1.6	2.5	2.4	4.9
1273551PIP	2008	38	115	4.0	6.5	2.2	0.4	0.4	0.4	2.6	0.8	3.4
1273551PIP	2008	13	116	4.9	4.4	2.2	0.5	0.8	1.6	2.7	2.4	5.1
1273551PIP	2008	13	117	6.6	5.6	4.7	1.0	1.5	2.5	5.7	4.0	9.7
1273551PIP	2008	13	118	5.4	4.8	2.9	0.6	1.0	1.8	3.5	2.8	6.3
1273551PIP	2008	13	119	5.3	4.7	2.7	0.6	1.0	1.8	3.3	2.8	6.0
1273551PIP	2008	13	120	3.5	3.4	0.9	0.2	0.4	1.0	1.2	1.4	2.5
1273551PIP	2008	13	121	4.9	4.4	2.2	0.5	0.8	1.6	2.7	2.4	5.1
1273551PIP	2008	13	122	8.0	6.6	7.8	1.5	2.3	3.3	9.3	5.5	14.8
1273551PIP	2008	13	123	5.1	4.5	2.4	0.5	0.9	1.7	3.0	2.6	5.6
1273551PIP	2008	13	125	6.0	5.2	3.7	0.8	1.2	2.2	4.5	3.4	7.9
1273551PIP	2008	13	126	5.5	4.8	2.9	0.6	1.1	1.9	3.6	3.0	6.6
1273551PIP	2008	13	127	2.8	2.9	0.5	0.1	0.2	0.7	0.7	0.9	1.6
1273551PIP	2008	13	128	6.7	5.7	5.0	1.0	1.6	2.5	5.9	4.1	10.0
1273551PIP	2008	13	129	5.8	5.0	3.4	0.7	1.2	2.1	4.1	3.3	7.3
1273551PIP	2008	13	130	3.2	3.2	0.8	0.2	0.3	0.8	0.9	1.2	2.1
1273551PIP	2008	13	131	3.1	3.1	0.7	0.2	0.3	0.8	0.9	1.1	2.0
1273551PIP	2008	13	132	8.0	6.6	7.8	1.5	2.3	3.3	9.3	5.5	14.8
1273551PIP	2008	13	133	7.0	5.9	5.5	1.1	1.7	2.7	6.6	4.4	11.0
1273551PIP	2008	13	134	4.7	4.3	2.0	0.4	0.7	1.5	2.5	2.2	4.7
1273551PIP	2008	13	135	6.1	5.3	3.9	0.8	1.3	2.2	4.7	3.5	8.2
1273551PIP	2008	13	136	3.3	3.3	0.8	0.2	0.3	0.9	1.0	1.2	2.2
1273551PIP	2008	38	137	4.3	6.8	2.6	0.5	0.4	0.5	3.1	0.9	4.0
1273551PIP	2008	38	138	4.3	6.8	2.6	0.5	0.4	0.5	3.1	0.9	4.0
1273551PIP	2008	13	139	3.1	3.1	0.7	0.2	0.3	0.8	0.9	1.1	2.0
1273551PIP	2008	3	140	11.3	9.5	19.7	2.6	3.4	2.5	22.3	5.9	28.2
1273551PIP	2008	3	141	4.4	6.2	2.4	0.4	0.3	0.5	2.8	0.7	3.5
1273551PIP	2008	13	142	5.2	4.6	2.6	0.6	0.9	1.8	3.1	2.7	5.8
1273551PIP	2008	13	143	8.1	6.6	8.0	1.5	2.4	3.4	9.5	5.7	15.2
1273551PIP	2008	13	144	6.9	5.8	5.3	1.1	1.7	2.7	6.4	4.3	10.7
1273551PIP	2008	13	145	10.3	8.1	15.0	2.6	3.9	4.7	17.6	8.6	26.2
1273551PIP	2008	13	146	3.4	3.3	0.9	0.2	0.4	0.9	1.1	1.3	2.4
1273551PIP	2008	13	147	3.2	3.2	0.8	0.2	0.3	0.8	0.9	1.2	2.1
1273551PIP	2008	38	148	2.9	5.3	1.0	0.2	0.2	0.3	1.2	0.4	1.6
1273551PIP	2008	13	149	6.2	5.3	4.0	0.8	1.3	2.3	4.8	3.6	8.5
1273551PIP	2008	13	151	6.9	5.8	5.3	1.1	1.7	2.7	6.4	4.3	10.7
1273551PIP	2008	13	152	2.6	2.8	0.5	0.1	0.2	0.6	0.6	0.8	1.4
1273551PIP	2008	13	153	8.7	7.0	9.6	1.8	2.7	3.7	11.4	6.5	17.9
1273551PIP	2008	20	154	3.5	3.8	0.9	0.2	0.2	0.7	1.1	0.8	1.9
1273551PIP	2008	13	155	4.4	4.0	1.7	0.4	0.7	1.4	2.0	2.0	4.1
1273551PIP	2008	13	156	6.1	5.3	3.9	0.8	1.3	2.2	4.7	3.5	8.2
1273551PIP	2008	13	157	3.5	3.4	0.9	0.2	0.4	1.0	1.2	1.4	2.5
1273551PIP	2008	13	158	8.6	7.0	9.4	1.8	2.6	3.6	11.2	6.3	17.4
1273551PIP	2008	13	159	4.2	3.9	1.5	0.3	0.6	1.3	1.8	1.9	3.7
1273551PIP	2008	13	160	2.9	3.0	0.6	0.2	0.3	0.7	0.8	1.0	1.7
1273551PIP	2008	13	161	6.9	5.8	5.3	1.1	1.7	2.7	6.4	4.3	10.7
1273551PIP	2008	13	162	4.5	4.1	1.8	0.4	0.7	1.4	2.2	2.1	4.3
1273551PIP	2008	13	163	7.0	5.9	5.5	1.1	1.7	2.7	6.6	4.4	11.0
1273551PIP	2008	13	164	9.2	7.4	11.2	2.0	3.0	4.0	13.3	7.0	20.3
1273551PIP	2008	13	165	4.7	4.3	2.0	0.4	0.7	1.5	2.5	2.2	4.7
1273551PIP	2008	13	166	4.4	4.0	1.7	0.4	0.7	1.4	2.0	2.0	4.1
1273551PIP	2008	13	167	9.0	7.2	10.5	1.9	2.9	3.9	12.4	6.9	19.3
1273551PIP	2008	13	168	4.1	3.8	1.4	0.3	0.6	1.2	1.7	1.8	3.5
1273551PIP	2008	13	169	9.9	7.8	13.4	2.4	3.6	4.5	15.8	8.1	23.9
1273551PIP	2008	13	170	6.1	5.3	3.9	0.8	1.3	2.2	4.7	3.5	8.2
1273551PIP	2008	13	171	3.7	3.5	1.1	0.3	0.5	1.1	1.3	1.5	2.9
1273551PIP	2008	13	172	5.1	4.5	2.4	0.5	0.9	1.7	3.0	2.6	5.6
1273551PIP	2008	13	173	7.0	5.9	5.5	1.1	1.7	2.7	6.6	4.4	11.0
1273551PIP	2008	13	174	2.6	2.8	0.5	0.1	0.2	0.6	0.6	0.8	1.4
1273551PIP	2008	13	175	6.3	5.4	4.2	0.9	1.4	2.3	5.1	3.7	8.8
1273551PIP	2008	13	176	6.8	5.7	5.1	1.0	1.6	2.6	6.1	4.3	10.4
1273551PIP	2008	13	177	6.4	5.5	4.4	0.9	1.4	2.4	5.3	3.8	9.1
1273551PIP	2008	13	179	5.6	4.9	3.1	0.7	1.1	2.0	3.8	3.0	6.8
1273551PIP	2008	13	180	3.7	3.5	1.1	0.3	0.5	1.1	1.3	1.5	2.9
1273551PIP	2008	13	181	2.5	2.7	0.4	0.1	0.2	0.6	0.5	0.7	1.3
1273551PIP	2008	13	182	7.0	5.9	5.5	1.1	1.7	2.7	6.6	4.4	11.0
1273551PIP	2008	13	183	2.5	2.7	0.4	0.1	0.2	0.6	0.5	0.7	1.3
1273551PIP	2008	13	184	4.8	4.3	2.1	0.5	0.8	1.6	2.5	2.4	4.9
1273551PIP	2008	13	185	5.9	5.1	3.5	0.7	1.2	2.1	4.3	3.3	7.6
1273551PIP	2008	13	186	3.3	3.3	0.8	0.2	0.3	0.9	1.0	1.2	2.2
1273551PIP	2008	13	187	4.6	4.2	1.9	0.4	0.7	1.5	2.3	2.2	4.5
1273551PIP	2008	13	188	7.8	6.4	7.3	1.4	2.2	3.2	8.7	5.4	14.0
1273551PIP	2008	13	190	3.1	3.1	0.7	0.2	0.3	0.8	0.9	1.1	2.0
1273551PIP	2008	13	192	2.6	2.8	0.5	0.1	0.2	0.6	0.6	0.8	1.4
1273551PIP	2008	13	194	6.8	5.7	5.1	1.0	1.6	2.6	6.1	4.3	10.4
1273551PIP	2008	13	195	3.4	3.3	0.9	0.2	0.4	0.9	1.1	1.3	2.4
1273551PIP	2008	13	196	3.4	3.3	0.9	0.2	0.4	0.9	1.1	1.3	2.4
1273551PIP	2008	13	197	8.1	6.6	8.0	1.5	2.4	3.4	9.5	5.7	15.2
1273551PIP	2008	13	198	5.4	4.8	2.9	0.6	1.0	1.8	3.5	2.8	6.3
1273551PIP	2008	13	199	6.0	5.2	3.7	0.8	1.2	2.2	4.5	3.4	7.9
1273551PIP	2008	74	200	7.1	9.0	6.5	1.6	1.1	0.6	8.1	1.7	9.8
1273551PIP	2008	13	201	5.4	4.8	2.9	0.6	1.0	1.8	3.5	2.8	6.3
1273551PIP	2008	74	202	9.3	10.3	12.6	3.1	2.2	1.0	15.7	3.2	18.9
1273551PIP	2008	13	203	3.4	3.3	0.9	0.2	0.4	0.9	1.1	1.3	2.4
1273551PIP	2008	13	204	4.2	3.9	1.5	0.3	0.6	1.3	1.8	1.9	3.7
1273551PIP	2008	74	205	10.3	10.8	16.2	3.9	2.9	1.2	20.1	4.0	24.1
1273561PIP	2008	3	1	2.7	2.9	0.4	0.1	0.1	0.2	0.5	0.3	0.9
1273561PIP	2008	3	3	4.6	3.6	1.3	0.3	0.6	0.5	1.6	1.1	2.7
1273561PIP	2008	3	4	2.9	3.0	0.5	0.1	0.2	0.2	0.6	0.4	1.0
1273561PIP	2008	3	5	5.8	4.0	2.2	0.5	1.0	0.8	2.7	1.8	4.5
1273561PIP	2008	3	6	4.1	3.5	1.0	0.3	0.4	0.4	1.3	0.8	2.1
1273561PIP	2008	13	8	3.2	3.5	0.8	0.2	0.3	0.7	1.0	1.0	2.0
1273561PIP	2008	3	9	4.3	3.5	1.1	0.3	0.5	0.4	1.4	0.9	2.3
1273561PIP	2008	3	10	5.1	3.8	1.6	0.4	0.7	0.6	2.1	1.3	3.4
1273561PIP	2008	13	11	3.4	3.6	1.0	0.2	0.3	0.8	1.2	1.2	2.3
1273561PIP	2008	3	12	3.8	3.4	0.9	0.2	0.3	0.4	1.1	0.7	1.8
1273561PIP	2008	13	13	3.1	3.4	0.8	0.2	0.3	0.7	0.9	1.0	1.9
1273561PIP	2008	3	15	4.8	3.7	1.4	0.4	0.6	0.5	1.8	1.2	3.0
1273561PIP	2008	3	16	3.9	3.4	0.9	0.3	0.4	0.4	1.2	0.7	1.9
1273561PIP	2008	3	17	6.0	4.0	2.3	0.6	1.1	0.8	2.9	1.9	4.8
1273561PIP	2008	13	18	2.6	3.0	0.5	0.1	0.2	0.5	0.6	0.7	1.3
1273561PIP	2008	3	19	3.6	3.3	0.8	0.2	0.3	0.3	1.0	0.6	1.6
1273561PIP	2008	3	20	2.7	2.9	0.4	0.1	0.1	0.2	0.5	0.3	0.9
1273561PIP	2008	13	21	2.8	3.1	0.6	0.1	0.2	0.6	0.7	0.8	1.6
1273561PIP	2008	3	22	4.2	3.5	1.1	0.3	0.4	0.4	1.4	0.9	2.2
1273561PIP	2008	3	23	3.1	3.1	0.6	0.2	0.2	0.2	0.7	0.4	1.2
1273561PIP	2008	3	24	5.3	3.9	1.8	0.5	0.8	0.6	2.3	1.4	3.7
1273561PIP	2008	13	25	2.5	2.9	0.4	0.1	0.2	0.5	0.6	0.7	1.2
1273561PIP	2008	3	26	5.2	3.8	1.7	0.4	0.8	0.6	2.1	1.4	3.5
1273561PIP	2008	3	27	3.0	3.0	0.5	0.2	0.2	0.2	0.7	0.4	1.1
1273561PIP	2008	3	28	3.4	3.2	0.7	0.2	0.2	0.3	0.9	0.5	1.4
1273561PIP	2008	13	29	4.4	4.4	1.8	0.4	0.6	1.2	2.2	1.8	4.0
1273561PIP	2008	13	30	4.7	4.7	2.2	0.5	0.6	1.3	2.7	2.0	4.6
1273561PIP	2008	3	31	3.9	3.4	0.9	0.3	0.4	0.4	1.2	0.7	1.9
1273561PIP	2008	13	32	3.4	3.6	1.0	0.2	0.3	0.8	1.2	1.2	2.3
1273561PIP	2008	13	33	3.0	3.3	0.7	0.2	0.2	0.7	0.9	0.9	1.8
1273561PIP	2008	13	34	2.5	2.9	0.4	0.1	0.2	0.5	0.6	0.7	1.2
1273561PIP	2008	3	35	3.9	3.4	0.9	0.3	0.4	0.4	1.2	0.7	1.9
1273561PIP	2008	13	36	4.2	4.3	1.6	0.4	0.5	1.1	2.0	1.6	3.6
1273561PIP	2008	3	37	5.9	4.0	2.2	0.6	1.1	0.8	2.8	1.9	4.6
1273561PIP	2008	13	38	2.6	3.0	0.5	0.1	0.2	0.5	0.6	0.7	1.3
1273561PIP	2008	13	39	2.5	2.9	0.4	0.1	0.2	0.5	0.6	0.7	1.2
1273561PIP	2008	13	40	3.1	3.4	0.8	0.2	0.3	0.7	0.9	1.0	1.9
1273561PIP	2008	13	41	3.5	3.7	1.0	0.2	0.3	0.9	1.3	1.2	2.5
1273561PIP	2008	3	42	5.0	3.8	1.6	0.4	0.7	0.6	2.0	1.3	3.3
1273561PIP	2008	3	43	2.8	3.0	0.4	0.1	0.1	0.2	0.6	0.4	0.9
1273561PIP	2008	3	44	4.5	3.6	1.2	0.3	0.5	0.5	1.6	1.0	2.6
1273561PIP	2008	3	45	5.1	3.8	1.6	0.4	0.7	0.6	2.1	1.3	3.4
1273561PIP	2008	13	46	2.5	2.9	0.4	0.1	0.2	0.5	0.6	0.7	1.2
1273561PIP	2008	3	47	5.8	4.0	2.2	0.5	1.0	0.8	2.7	1.8	4.5
1273561PIP	2008	3	48	5.0	3.8	1.6	0.4	0.7	0.6	2.0	1.3	3.3
1273561PIP	2008	3	49	4.6	3.6	1.3	0.3	0.6	0.5	1.6	1.1	2.7
1273561PIP	2008	3	50	3.5	3.2	0.7	0.2	0.3	0.3	0.9	0.6	1.5
1273561PIP	2008	3	51	4.8	3.7	1.4	0.4	0.6	0.5	1.8	1.2	3.0
1273561PIP	2008	3	52	3.1	3.1	0.6	0.2	0.2	0.2	0.7	0.4	1.2
1273561PIP	2008	3	53	6.9	4.3	3.2	0.7	1.6	1.0	3.9	2.7	6.6
1273561PIP	2008	3	54	4.2	3.5	1.1	0.3	0.4	0.4	1.4	0.9	2.2
1273561PIP	2008	13	56	3.7	3.9	1.2	0.3	0.4	0.9	1.5	1.3	2.8
1273561PIP	2008	3	57	5.3	3.9	1.8	0.5	0.8	0.6	2.3	1.4	3.7
1273561PIP	2008	3	58	3.4	3.2	0.7	0.2	0.2	0.3	0.9	0.5	1.4
1273561PIP	2008	3	59	4.3	3.5	1.1	0.3	0.5	0.4	1.4	0.9	2.3
1273561PIP	2008	13	60	3.3	3.5	0.9	0.2	0.3	0.8	1.1	1.1	2.2
1273561PIP	2008	3	61	3.8	3.4	0.9	0.2	0.3	0.4	1.1	0.7	1.8
1273561PIP	2008	3	62	4.9	3.7	1.5	0.4	0.7	0.6	1.9	1.2	3.1
1273561PIP	2008	3	63	5.7	4.0	2.1	0.5	1.0	0.7	2.6	1.7	4.3
1273561PIP	2008	13	64	3.1	3.4	0.8	0.2	0.3	0.7	0.9	1.0	1.9
1273561PIP	2008	3	65	5.9	4.0	2.2	0.6	1.1	0.8	2.8	1.9	4.6
1273561PIP	2008	13	66	3.0	3.3	0.7	0.2	0.2	0.7	0.9	0.9	1.8
1273561PIP	2008	13	67	3.3	3.5	0.9	0.2	0.3	0.8	1.1	1.1	2.2
1273561PIP	2008	13	68	2.5	2.9	0.4	0.1	0.2	0.5	0.6	0.7	1.2
1273561PIP	2008	3	69	4.6	3.6	1.3	0.3	0.6	0.5	1.6	1.1	2.7
1273561PIP	2008	3	70	4.2	3.5	1.1	0.3	0.4	0.4	1.4	0.9	2.2
1273561PIP	2008	3	71	3.0	3.0	0.5	0.2	0.2	0.2	0.7	0.4	1.1
1273561PIP	2008	13	72	3.1	3.4	0.8	0.2	0.3	0.7	0.9	1.0	1.9
1273561PIP	2008	13	73	2.5	2.9	0.4	0.1	0.2	0.5	0.6	0.7	1.2
1273561PIP	2008	3	74	4.5	3.6	1.2	0.3	0.5	0.5	1.6	1.0	2.6
1273561PIP	2008	3	75	4.7	3.7	1.4	0.4	0.6	0.5	1.7	1.1	2.8
1273561PIP	2008	3	76	2.8	3.0	0.4	0.1	0.1	0.2	0.6	0.4	0.9
1273561PIP	2008	3	77	4.6	3.6	1.3	0.3	0.6	0.5	1.6	1.1	2.7
1273561PIP	2008	3	78	3.4	3.2	0.7	0.2	0.2	0.3	0.9	0.5	1.4
1273561PIP	2008	3	79	4.7	3.7	1.4	0.4	0.6	0.5	1.7	1.1	2.8
1273561PIP	2008	3	80	3.5	3.2	0.7	0.2	0.3	0.3	0.9	0.6	1.5
1273561PIP	2008	3	81	4.4	3.6	1.2	0.3	0.5	0.5	1.5	0.9	2.5
1273561PIP	2008	13	82	2.8	3.1	0.6	0.1	0.2	0.6	0.7	0.8	1.6
1273561PIP	2008	3	83	3.9	3.4	0.9	0.3	0.4	0.4	1.2	0.7	1.9
1273561PIP	2008	3	84	3.5	3.2	0.7	0.2	0.3	0.3	0.9	0.6	1.5
1273561PIP	2008	3	86	4.0	3.4	0.9	0.3	0.4	0.4	1.2	0.8	2.0
1273561PIP	2008	3	87	3.7	3.3	0.8	0.2	0.3	0.3	1.0	0.7	1.7
1273561PIP	2008	3	88	2.9	3.0	0.5	0.1	0.2	0.2	0.6	0.4	1.0
1273561PIP	2008	3	89	5.1	3.8	1.6	0.4	0.7	0.6	2.1	1.3	3.4
1273561PIP	2008	3	90	2.6	2.9	0.4	0.1	0.1	0.2	0.5	0.3	0.8
1273561PIP	2008	3	91	4.9	3.7	1.5	0.4	0.7	0.6	1.9	1.2	3.1
1273561PIP	2008	3	92	4.6	3.6	1.3	0.3	0.6	0.5	1.6	1.1	2.7
1273561PIP	2008	3	93	4.3	3.5	1.1	0.3	0.5	0.4	1.4	0.9	2.3
1273561PIP	2008	13	94	4.4	4.4	1.8	0.4	0.6	1.2	2.2	1.8	4.0
1273561PIP	2008	3	95	2.8	3.0	0.4	0.1	0.1	0.2	0.6	0.4	0.9
1273561PIP	2008	3	96	2.6	2.9	0.4	0.1	0.1	0.2	0.5	0.3	0.8
1273561PIP	2008	3	97	2.9	3.0	0.5	0.1	0.2	0.2	0.6	0.4	1.0
1273561PIP	2008	3	99	2.6	2.9	0.4	0.1	0.1	0.2	0.5	0.3	0.8
1273561PIP	2008	3	100	3.2	3.1	0.6	0.2	0.2	0.3	0.8	0.5	1.2
1273561PIP	2008	3	101	3.8	3.4	0.9	0.2	0.3	0.4	1.1	0.7	1.8
1273561PIP	2008	3	102	4.4	3.6	1.2	0.3	0.5	0.5	1.5	0.9	2.5
1273561PIP	2008	3	104	2.7	2.9	0.4	0.1	0.1	0.2	0.5	0.3	0.9
1273561PIP	2008	3	105	3.0	3.0	0.5	0.2	0.2	0.2	0.7	0.4	1.1
1273561PIP	2008	3	106	2.5	2.8	0.3	0.1	0.1	0.2	0.4	0.3	0.7
1273561PIP	2008	3	107	3.1	3.1	0.6	0.2	0.2	0.2	0.7	0.4	1.2
1273561PIP	2008	3	108	5.6	3.9	2.0	0.5	0.9	0.7	2.5	1.7	4.1
1273561PIP	2008	3	109	4.3	3.5	1.1	0.3	0.5	0.4	1.4	0.9	2.3
1273581PIP	2008	13	2	18.5	18.9	97.5	12.8	7.8	6.7	110.3	14.5	124.8
1273581PIP	2008	13	3	9.3	11.0	17.0	2.7	1.8	2.4	19.7	4.2	23.9
1273581PIP	2008	13	6	11.8	13.4	31.4	4.7	2.9	3.4	36.1	6.3	42.4
1273581PIP	2008	13	7	16.7	17.6	75.9	10.2	6.2	5.7	86.1	11.8	98.0
1273581PIP	2008	13	8	13.0	14.5	40.3	5.8	3.6	3.9	46.1	7.5	53.6
1273581PIP	2008	13	12	11.8	13.4	31.4	4.7	2.9	3.4	36.1	6.3	42.4
1273581PIP	2008	13	14	16.8	17.6	76.7	10.3	6.3	5.8	87.0	12.0	99.1
1273581PIP	2008	13	15	14.3	15.6	51.3	7.2	4.4	4.5	58.5	8.9	67.4
1273581PIP	2008	13	16	18.0	18.5	91.0	12.0	7.3	6.4	103.0	13.8	116.8
1273581PIP	2008	13	17	17.4	18.1	83.9	11.2	6.8	6.1	95.1	12.8	107.9
1273581PIP	2008	13	18	15.9	17.0	67.3	9.2	5.5	5.2	76.4	10.8	87.2
1273581PIP	2008	13	21	16.0	17.0	68.0	9.3	5.6	5.3	77.3	11.0	88.2
1273581PIP	2008	13	22	11.8	13.4	31.4	4.7	2.9	3.4	36.1	6.3	42.4
1273581PIP	2008	13	24	14.9	16.1	56.8	7.9	4.8	4.8	64.8	9.6	74.4
1273581PIP	2008	13	25	17.9	18.5	90.1	11.9	7.2	6.3	102.0	13.5	115.6
1273581PIP	2008	13	26	13.7	15.1	46.0	6.5	4.0	4.2	52.6	8.2	60.8
1273581PIP	2008	13	28	11.5	13.1	29.4	4.4	2.8	3.3	33.8	6.0	39.8
1273581PIP	2008	13	32	14.2	15.6	50.6	7.1	4.3	4.4	57.7	8.7	66.5
1273581PIP	2008	13	33	13.5	15.0	44.5	6.4	3.9	4.1	50.9	8.0	58.9
1273581PIP	2008	13	35	17.1	17.9	80.5	10.8	6.5	5.9	91.2	12.4	103.6
1273581PIP	2008	25	37	3.7	6.0	1.9	0.3	0.3	0.4	2.2	0.7	2.9
1273651PIP	2008	3	1	13.9	12.7	40.1	4.3	4.8	3.6	44.4	8.4	52.8
1273651PIP	2008	3	2	15.8	13.1	51.8	5.4	6.9	4.5	57.2	11.4	68.6
1273651PIP	2008	3	3	12.3	12.2	31.1	3.5	3.4	2.9	34.5	6.3	40.8
1273651PIP	2008	3	4	9.1	10.9	16.2	2.0	1.5	1.7	18.2	3.2	21.4
1273651PIP	2008	3	5	9.2	11.0	16.7	2.0	1.6	1.7	18.8	3.3	22.0
1273651PIP	2008	3	6	11.7	12.0	28.0	3.2	3.0	2.6	31.1	5.6	36.7
1273651PIP	2008	3	7	11.4	11.9	26.5	3.0	2.8	2.5	29.5	5.3	34.8
1273651PIP	2008	3	8	12.1	12.2	30.2	3.4	3.3	2.8	33.6	6.1	39.6
1273651PIP	2008	3	9	7.9	10.2	11.8	1.5	1.1	1.3	13.3	2.4	15.7
1273651PIP	2008	3	10	11.7	12.0	28.0	3.2	3.0	2.6	31.1	5.6	36.7
1273651PIP	2008	3	11	13.6	12.6	38.3	4.1	4.5	3.5	42.4	8.0	50.4
1273651PIP	2008	3	12	8.5	10.6	14.0	1.8	1.3	1.5	15.7	2.8	18.5
1273651PIP	2008	3	13	10.3	11.5	21.4	2.5	2.1	2.1	23.9	4.2	28.1
1273651PIP	2008	3	14	10.3	11.5	21.4	2.5	2.1	2.1	23.9	4.2	28.1
1273651PIP	2008	3	16	10.4	11.5	21.7	2.6	2.2	2.1	24.3	4.3	28.6
1273651PIP	2008	13	17	6.6	7.7	6.5	1.2	1.0	1.6	7.7	2.6	10.3
1273651PIP	2008	3	18	13.5	12.6	37.8	4.1	4.4	3.4	41.9	7.8	49.7
1273651PIP	2008	13	20	5.6	6.9	4.4	0.8	0.7	1.2	5.2	1.9	7.1
1273651PIP	2008	13	21	2.9	4.4	0.9	0.2	0.1	0.4	1.1	0.6	1.6
1273651PIP	2008	3	22	14.9	12.9	46.0	4.9	5.8	4.1	50.9	9.9	60.8
1273651PIP	2008	3	24	10.2	11.4	20.8	2.5	2.1	2.1	23.3	4.1	27.4
1273651PIP	2008	3	25	7.5	10.0	10.5	1.4	0.9	1.2	11.9	2.1	14.0
1273651PIP	2008	3	26	12.0	12.1	29.5	3.3	3.2	2.8	32.8	6.0	38.8
1273651PIP	2008	3	27	5.3	8.3	4.6	0.7	0.4	0.6	5.4	1.0	6.4
1273651PIP	2008	3	28	14.5	12.8	43.5	4.6	5.4	3.9	48.2	9.3	57.4
1273651PIP	2008	3	29	8.3	10.5	13.3	1.7	1.2	1.4	14.9	2.6	17.6
1273651PIP	2008	3	30	12.0	12.1	29.5	3.3	3.2	2.8	32.8	6.0	38.8
1273651PIP	2008	3	31	13.2	12.5	36.1	3.9	4.1	3.3	40.0	7.4	47.4
1273651PIP	2008	3	32	8.7	10.7	14.7	1.8	1.3	1.6	16.5	2.9	19.4
1273651PIP	2008	3	33	6.2	9.1	6.8	1.0	0.6	0.8	7.8	1.4	9.2
1273651PIP	2008	3	35	6.0	8.9	6.2	0.9	0.5	0.8	7.2	1.3	8.5
1273651PIP	2008	3	36	12.1	12.2	30.2	3.4	3.3	2.8	33.6	6.1	39.6
1273651PIP	2008	3	37	6.6	9.4	7.8	1.1	0.7	0.9	8.9	1.6	10.5
1273651PIP	2008	3	38	5.2	8.2	4.4	0.7	0.4	0.6	5.1	1.0	6.1
1273651PIP	2008	3	39	4.9	7.9	3.8	0.6	0.3	0.6	4.4	0.9	5.3
1273651PIP	2008	3	40	7.4	9.9	10.2	1.4	0.9	1.2	11.5	2.1	13.6
1273651PIP	2008	3	41	13.1	12.5	35.6	3.9	4.1	3.2	39.5	7.3	46.8
1273651PIP	2008	74	43	11.7	13.7	26.6	6.0	3.6	1.4	32.6	5.0	37.6
1273651PIP	2008	3	44	11.0	11.8	24.7	2.8	2.5	2.4	27.5	4.9	32.4
1273651PIP	2008	3	45	12.7	12.3	33.1	3.7	3.7	3.1	36.8	6.8	43.6
1273651PIP	2008	3	46	7.4	9.9	10.2	1.4	0.9	1.2	11.5	2.1	13.6
1273651PIP	2008	3	48	10.0	11.3	19.9	2.4	2.0	2.0	22.3	4.0	26.2
1273651PIP	2008	3	49	11.2	11.8	25.4	2.9	2.7	2.4	28.4	5.1	33.5
1273651PIP	2008	3	50	4.2	7.2	2.6	0.5	0.2	0.4	3.1	0.6	3.7
1273651PIP	2008	3	53	8.1	10.4	12.6	1.6	1.1	1.4	14.2	2.5	16.7
1273651PIP	2008	3	54	5.2	8.2	4.4	0.7	0.4	0.6	5.1	1.0	6.1
1273651PIP	2008	3	55	7.1	9.7	9.2	1.3	0.8	1.1	10.5	1.9	12.4
1273651PIP	2008	3	56	6.4	9.2	7.3	1.0	0.6	0.9	8.3	1.5	9.8
1273651PIP	2008	3	57	7.6	10.1	10.9	1.4	0.9	1.2	12.3	2.2	14.5
1273651PIP	2008	3	59	7.7	10.1	11.1	1.5	1.0	1.2	12.6	2.2	14.8
1273651PIP	2008	3	60	14.4	12.8	43.0	4.6	5.3	3.8	47.6	9.1	56.7
1273651PIP	2008	3	62	11.2	11.8	25.4	2.9	2.7	2.4	28.4	5.1	33.5
1273651PIP	2008	3	63	11.0	11.8	24.7	2.8	2.5	2.4	27.5	4.9	32.4
1273651PIP	2008	3	65	7.4	9.9	10.2	1.4	0.9	1.2	11.5	2.1	13.6
1273651PIP	2008	3	66	4.9	7.9	3.8	0.6	0.3	0.6	4.4	0.9	5.3
1273651PIP	2008	3	67	8.7	10.7	14.7	1.8	1.3	1.6	16.5	2.9	19.4
1273651PIP	2008	74	68	7.0	10.5	7.4	1.7	0.9	0.6	9.1	1.6	10.7
1273651PIP	2008	3	69	5.3	8.3	4.6	0.7	0.4	0.6	5.4	1.0	6.4
1273651PIP	2008	13	70	12.8	11.2	30.3	4.8	4.9	5.3	35.1	10.2	45.3
1273651PIP	2008	13	71	10.2	10.0	18.2	3.0	2.8	3.5	21.1	6.2	27.4
1273651PIP	2008	20	72	5.5	5.5	2.9	0.5	0.5	1.4	3.4	1.9	5.3
1273651PIP	2008	13	73	7.5	8.3	8.8	1.5	1.3	2.0	10.3	3.3	13.7
1273651PIP	2008	3	74	8.6	10.6	14.2	1.8	1.3	1.5	16.0	2.8	18.9
1273651PIP	2008	3	77	10.9	11.7	24.0	2.8	2.5	2.3	26.8	4.8	31.6
1273651PIP	2008	3	78	11.0	11.8	24.7	2.8	2.5	2.4	27.5	4.9	32.4
1273651PIP	2008	3	79	6.1	9.0	6.5	0.9	0.5	0.8	7.4	1.4	8.8
1273651PIP	2008	3	80	5.6	8.6	5.3	0.8	0.4	0.7	6.1	1.1	7.3
1273651PIP	2008	3	81	11.4	11.9	26.5	3.0	2.8	2.5	29.5	5.3	34.8
1273651PIP	2008	3	82	5.2	8.2	4.4	0.7	0.4	0.6	5.1	1.0	6.1
1273651PIP	2008	3	83	9.6	11.2	18.4	2.2	1.7	1.9	20.6	3.6	24.2
1273651PIP	2008	3	84	13.0	12.4	34.8	3.8	4.0	3.2	38.6	7.2	45.8
1273651PIP	2008	3	85	7.8	10.2	11.5	1.5	1.0	1.3	13.0	2.3	15.3
1273651PIP	2008	3	87	10.1	11.4	20.5	2.4	2.0	2.0	22.9	4.0	26.9
1273651PIP	2008	3	88	12.2	12.2	30.6	3.4	3.3	2.8	34.0	6.2	40.2
1273651PIP	2008	3	89	8.5	10.6	14.0	1.8	1.3	1.5	15.7	2.8	18.5
1273651PIP	2008	3	90	8.5	10.6	14.0	1.8	1.3	1.5	15.7	2.8	18.5
1273651PIP	2008	3	93	11.3	11.9	26.1	3.0	2.7	2.5	29.1	5.2	34.3
1273651PIP	2008	3	94	13.8	12.6	39.3	4.2	4.7	3.5	43.5	8.3	51.8
1273651PIP	2008	3	95	11.7	12.0	28.0	3.2	3.0	2.6	31.1	5.6	36.7
1273651PIP	2008	3	96	11.3	11.9	26.1	3.0	2.7	2.5	29.1	5.2	34.3
1273651PIP	2008	3	97	13.4	12.5	37.0	4.0	4.3	3.4	41.0	7.7	48.7
1273651PIP	2008	3	98	6.8	9.5	8.4	1.2	0.7	1.0	9.5	1.7	11.2
1273651PIP	2008	3	100	16.9	13.3	59.1	6.1	8.3	5.1	65.2	13.4	78.6
1273651PIP	2008	13	101	7.9	8.6	10.0	1.7	1.5	2.2	11.7	3.7	15.4
1273651PIP	2008	3	102	11.4	11.9	26.5	3.0	2.8	2.5	29.5	5.3	34.8
1273651PIP	2008	3	103	12.0	12.1	29.5	3.3	3.2	2.8	32.8	6.0	38.8
1273651PIP	2008	3	104	15.4	13.0	49.1	5.2	6.4	4.3	54.3	10.7	65.0
1273651PIP	2008	3	105	6.3	9.1	7.0	1.0	0.6	0.9	8.0	1.5	9.4
1273651PIP	2008	3	106	11.4	11.9	26.5	3.0	2.8	2.5	29.5	5.3	34.8
1273651PIP	2008	3	107	10.7	11.6	23.0	2.7	2.3	2.3	25.7	4.6	30.3
1273651PIP	2008	3	108	8.9	10.8	15.5	1.9	1.4	1.6	17.4	3.1	20.4
1273651PIP	2008	38	110	4.8	7.9	3.6	0.7	0.5	0.5	4.3	1.1	5.4
1273651PIP	2008	3	114	9.7	11.2	18.7	2.3	1.8	1.9	20.9	3.7	24.6
1273651PIP	2008	3	116	10.2	11.4	20.8	2.5	2.1	2.1	23.3	4.1	27.4
1273651PIP	2008	3	118	6.7	9.4	8.0	1.1	0.7	1.0	9.2	1.7	10.8
1273651PIP	2008	13	119	3.0	4.5	1.0	0.2	0.2	0.4	1.2	0.6	1.8
1273651PIP	2008	3	121	14.1	12.7	41.1	4.4	5.0	3.7	45.5	8.7	54.2
1273651PIP	2008	3	122	12.4	12.3	31.8	3.5	3.5	2.9	35.3	6.4	41.7
1273651PIP	2008	3	123	11.4	11.9	26.5	3.0	2.8	2.5	29.5	5.3	34.8
1273651PIP	2008	3	124	9.6	11.2	18.4	2.2	1.7	1.9	20.6	3.6	24.2
1273651PIP	2008	3	125	6.8	9.5	8.4	1.2	0.7	1.0	9.5	1.7	11.2
1273651PIP	2008	3	126	12.1	12.2	30.2	3.4	3.3	2.8	33.6	6.1	39.6
1273651PIP	2008	3	128	10.0	11.3	19.9	2.4	2.0	2.0	22.3	4.0	26.2
1273651PIP	2008	3	129	7.6	10.1	10.9	1.4	0.9	1.2	12.3	2.2	14.5
1273651PIP	2008	3	130	11.5	11.9	26.9	3.1	2.9	2.6	29.9	5.4	35.4
1273651PIP	2008	3	131	11.3	11.9	26.1	3.0	2.7	2.5	29.1	5.2	34.3
1273651PIP	2008	13	132	4.0	5.5	1.9	0.4	0.3	0.7	2.3	1.0	3.3
1273651PIP	2008	3	133	13.0	12.4	34.8	3.8	4.0	3.2	38.6	7.2	45.8
1273651PIP	2008	3	134	16.6	13.2	56.8	5.9	7.9	4.9	62.7	12.9	75.5
1273651PIP	2008	3	135	11.0	11.8	24.7	2.8	2.5	2.4	27.5	4.9	32.4
1273651PIP	2008	3	137	9.8	11.3	19.2	2.3	1.8	1.9	21.5	3.8	25.3
1273651PIP	2008	3	138	10.1	11.4	20.5	2.4	2.0	2.0	22.9	4.0	26.9
1273651PIP	2008	3	140	7.8	10.2	11.5	1.5	1.0	1.3	13.0	2.3	15.3
1273651PIP	2008	3	141	10.3	11.5	21.4	2.5	2.1	2.1	23.9	4.2	28.1
1273651PIP	2008	3	142	7.9	10.2	11.8	1.5	1.1	1.3	13.3	2.4	15.7
1273651PIP	2008	13	144	2.5	4.0	0.6	0.1	0.1	0.3	0.8	0.4	1.2
1273651PIP	2008	3	145	5.5	8.5	5.1	0.8	0.4	0.7	5.9	1.1	7.0
1273651PIP	2008	3	146	12.7	12.3	33.1	3.7	3.7	3.1	36.8	6.8	43.6
1273651PIP	2008	13	148	5.6	6.9	4.4	0.8	0.7	1.2	5.2	1.9	7.1
1273651PIP	2008	13	149	10.2	10.0	18.2	3.0	2.8	3.5	21.1	6.2	27.4
1273651PIP	2008	3	153	7.2	9.8	9.6	1.3	0.8	1.1	10.9	1.9	12.8
1273651PIP	2008	13	155	2.8	4.3	0.8	0.2	0.1	0.4	1.0	0.5	1.5
1273651PIP	2008	3	156	13.1	12.5	35.6	3.9	4.1	3.2	39.5	7.3	46.8
1273651PIP	2008	3	158	11.2	11.8	25.4	2.9	2.7	2.4	28.4	5.1	33.5
1273651PIP	2008	13	159	9.6	9.6	15.7	2.6	2.4	3.1	18.3	5.5	23.8
1273651PIP	2008	3	160	17.2	13.3	60.9	6.2	8.8	5.3	67.1	14.0	81.2
1273651PIP	2008	3	161	10.4	11.5	21.7	2.6	2.2	2.1	24.3	4.3	28.6
1273651PIP	2008	3	162	11.8	12.1	28.7	3.2	3.0	2.7	31.9	5.7	37.6
1273651PIP	2008	3	164	19.6	13.6	78.1	7.8	12.8	6.6	85.9	19.4	105.3
1273651PIP	2008	3	165	9.1	10.9	16.2	2.0	1.5	1.7	18.2	3.2	21.4
1273651PIP	2008	3	166	8.5	10.6	14.0	1.8	1.3	1.5	15.7	2.8	18.5
1273651PIP	2008	3	167	10.4	11.5	21.7	2.6	2.2	2.1	24.3	4.3	28.6
1273651PIP	2008	3	168	10.5	11.6	22.3	2.6	2.2	2.2	24.9	4.4	29.3
1273651PIP	2008	3	169	6.4	9.2	7.3	1.0	0.6	0.9	8.3	1.5	9.8
1273651PIP	2008	74	170	5.0	8.4	3.1	0.7	0.4	0.4	3.8	0.8	4.6
1273651PIP	2008	3	171	3.7	6.7	1.9	0.4	0.2	0.3	2.3	0.5	2.8
1273651PIP	2008	3	173	16.9	13.3	59.1	6.1	8.3	5.1	65.2	13.4	78.6
1273651PIP	2008	3	174	16.6	13.2	56.8	5.9	7.9	4.9	62.7	12.9	75.5
1273651PIP	2008	3	175	12.1	12.2	30.2	3.4	3.3	2.8	33.6	6.1	39.6
1273651PIP	2008	3	177	9.4	11.1	17.5	2.1	1.6	1.8	19.7	3.4	23.1
1273651PIP	2008	3	178	11.0	11.8	24.7	2.8	2.5	2.4	27.5	4.9	32.4
1273651PIP	2008	3	179	11.2	11.8	25.4	2.9	2.7	2.4	28.4	5.1	33.5
1273651PIP	2008	3	180	13.0	12.4	34.8	3.8	4.0	3.2	38.6	7.2	45.8
1273651PIP	2008	3	181	11.5	11.9	26.9	3.1	2.9	2.6	29.9	5.4	35.4
1273651PIP	2008	3	185	9.0	10.9	15.9	2.0	1.5	1.7	17.9	3.1	21.0
1273651PIP	2008	3	186	11.7	12.0	28.0	3.2	3.0	2.6	31.1	5.6	36.7
1273651PIP	2008	3	187	12.1	12.2	30.2	3.4	3.3	2.8	33.6	6.1	39.6
1273651PIP	2008	3	188	6.5	9.3	7.5	1.1	0.6	0.9	8.6	1.6	10.2
1273651PIP	2008	3	189	5.2	8.2	4.4	0.7	0.4	0.6	5.1	1.0	6.1
1273651PIP	2008	3	190	12.0	12.1	29.5	3.3	3.2	2.8	32.8	6.0	38.8
1273651PIP	2008	3	191	13.2	12.5	36.1	3.9	4.1	3.3	40.0	7.4	47.4
1273661PIP	2008	20	101	13.1	13.5	31.3	5.2	3.3	4.4	36.5	7.7	44.3
1273661PIP	2008	38	102	7.6	10.3	11.2	2.1	1.8	1.1	13.3	2.9	16.2
1273661PIP	2008	20	103	14.9	14.8	43.0	7.2	4.6	5.5	50.2	10.1	60.3
1273661PIP	2008	38	106	16.0	14.6	66.4	11.4	13.7	4.2	77.8	17.9	95.8
1273661PIP	2008	38	108	19.8	15.5	107.6	18.1	25.5	6.5	125.7	32.0	157.6
1273661PIP	2008	13	109	3.6	4.0	1.2	0.3	0.3	0.8	1.4	1.2	2.6
1273661PIP	2008	22	110	2.8	3.3	0.5	0.1	0.2	0.3	0.6	0.5	1.2
1273661PIP	2008	20	112	20.5	17.6	89.6	15.5	11.3	10.1	105.1	21.4	126.5
1273661PIP	2008	38	113	7.5	10.2	10.8	2.0	1.7	1.1	12.8	2.8	15.7
1273661PIP	2008	20	114	12.4	13.0	27.4	4.5	2.9	4.0	32.0	6.9	38.8
1273661PIP	2008	38	115	7.2	9.9	9.7	1.8	1.6	1.0	11.6	2.6	14.2
1273661PIP	2008	20	116	4.0	4.8	1.5	0.2	0.2	0.7	1.7	0.9	2.6
1273661PIP	2008	20	117	15.6	15.2	47.8	8.0	5.2	6.0	55.9	11.2	67.1
1273661PIP	2008	20	118	14.1	14.2	37.5	6.3	4.0	5.0	43.7	9.0	52.7
1273661PIP	2008	22	120	18.7	10.9	41.1	6.1	9.8	8.1	47.2	17.9	65.1
1273661PIP	2008	20	121	9.8	10.8	15.2	2.5	1.6	2.7	17.7	4.3	22.0
1273661PIP	2008	20	124	18.0	16.5	66.8	11.4	7.8	7.9	78.1	15.6	93.8
1273661PIP	2008	22	129	15.6	9.7	27.0	4.1	6.9	6.0	31.2	12.8	44.0
1273661PIP	2008	20	131	10.7	11.6	19.0	3.1	2.0	3.1	22.1	5.1	27.2
1273661PIP	2008	20	133	4.9	5.8	2.5	0.4	0.3	1.0	2.9	1.3	4.2
1273661PIP	2008	20	134	7.2	8.3	6.9	1.1	0.8	1.7	8.0	2.4	10.4
1273661PIP	2008	20	135	10.1	11.1	16.4	2.7	1.7	2.9	19.1	4.6	23.7
1273661PIP	2008	22	136	36.4	15.1	173.5	24.7	39.3	27.6	198.2	66.8	265.0
1273661PIP	2008	22	138	6.8	5.7	4.0	0.7	1.4	1.4	4.7	2.8	7.5
1273661PIP	2008	22	139	34.0	14.7	150.6	21.5	33.9	24.2	172.1	58.1	230.2
1273661PIP	2008	20	140	9.1	10.2	12.6	2.1	1.3	2.4	14.7	3.7	18.4
1273661PIP	2008	20	141	15.4	15.1	46.4	7.8	5.0	5.9	54.2	10.9	65.1
1273661PIP	2008	20	142	10.3	11.3	17.3	2.8	1.8	2.9	20.1	4.7	24.9
1273661PIP	2008	20	143	15.3	15.0	45.6	7.7	5.0	5.8	53.3	10.8	64.1
1273661PIP	2008	20	144	11.6	12.4	23.3	3.8	2.4	3.6	27.1	6.0	33.1
1273661PIP	2008	38	145	7.9	10.5	12.3	2.3	2.0	1.2	14.6	3.2	17.7
1273661PIP	2008	20	146	11.2	12.0	21.2	3.5	2.2	3.4	24.7	5.6	30.3
1273661PIP	2008	20	148	6.8	7.9	5.9	1.0	0.7	1.5	6.9	2.2	9.1
1273661PIP	2008	20	149	3.5	4.3	1.0	0.2	0.1	0.6	1.2	0.7	1.9
1273661PIP	2008	20	150	10.7	11.6	19.0	3.1	2.0	3.1	22.1	5.1	27.2
1273661PIP	2008	22	151	41.2	15.8	223.6	31.6	51.5	35.0	255.2	86.5	341.8
1273661PIP	2008	22	152	34.8	14.8	157.7	22.5	35.7	25.4	180.2	61.0	241.2
1273661PIP	2008	20	153	3.0	3.7	0.7	0.1	0.1	0.5	0.8	0.6	1.4
1273661PIP	2008	22	155	9.7	7.2	9.1	1.5	2.7	2.6	10.6	5.3	15.9
1273661PIP	2008	12	156	7.6	6.9	6.6	1.4	1.8	3.0	8.0	4.8	12.8
1273661PIP	2008	22	157	14.0	9.1	21.2	3.3	5.5	4.9	24.4	10.5	34.9
1273661PIP	2008	22	158	15.8	9.8	27.9	4.3	7.0	6.1	32.1	13.1	45.3
1273661PIP	2008	20	160	13.1	13.5	31.3	5.2	3.3	4.4	36.5	7.7	44.3
1273661PIP	2008	20	161	9.2	10.3	13.0	2.1	1.4	2.5	15.1	3.8	18.9
1273661PIP	2008	22	162	5.1	4.7	2.0	0.4	0.8	0.9	2.4	1.7	4.1
1273661PIP	2008	22	164	5.9	5.2	2.9	0.5	1.0	1.1	3.4	2.2	5.5
1273661PIP	2008	22	165	3.9	4.0	1.1	0.2	0.5	0.6	1.3	1.0	2.3
1273661PIP	2008	22	166	3.0	3.4	0.6	0.1	0.3	0.4	0.7	0.6	1.3
1273661PIP	2008	22	167	4.0	4.0	1.2	0.2	0.5	0.6	1.4	1.1	2.4
1273661PIP	2008	38	168	4.5	7.3	3.0	0.6	0.5	0.5	3.6	1.0	4.5
1273661PIP	2008	38	170	8.8	11.2	16.1	2.9	2.6	1.4	19.0	4.1	23.1
1273661PIP	2008	13	171	6.2	6.2	4.7	0.9	1.1	1.8	5.6	2.9	8.5
1273661PIP	2008	22	173	3.8	3.9	1.0	0.2	0.4	0.5	1.2	1.0	2.2
1273661PIP	2008	13	174	2.9	3.4	0.7	0.2	0.2	0.6	0.8	0.8	1.7
1273661PIP	2008	38	176	10.0	12.0	21.9	4.0	3.7	1.8	25.9	5.5	31.4
1273661PIP	2008	22	177	39.4	15.6	204.7	29.0	46.6	32.0	233.7	78.6	312.3
1273661PIP	2008	38	178	9.3	11.5	18.3	3.3	3.1	1.6	21.7	4.6	26.3
1273661PIP	2008	38	179	15.2	14.3	58.9	10.2	11.9	3.8	69.0	15.7	84.8
1273661PIP	2008	20	180	6.2	7.2	4.6	0.8	0.5	1.4	5.4	1.9	7.3
1273661PIP	2008	20	181	11.7	12.5	23.8	3.9	2.5	3.6	27.8	6.1	33.8
1273661PIP	2008	12	182	9.0	8.0	10.4	2.0	2.6	3.7	12.3	6.3	18.7
1273661PIP	2008	12	183	4.7	4.6	1.9	0.5	0.7	1.5	2.3	2.1	4.5
1273661PIP	2008	38	184	5.6	8.5	5.2	1.0	0.8	0.7	6.2	1.5	7.7
1273661PIP	2008	38	185	4.4	7.2	2.8	0.6	0.4	0.5	3.4	0.9	4.3
1273661PIP	2008	20	186	19.2	17.1	77.5	13.3	9.3	8.9	90.8	18.2	109.0
1273661PIP	2008	20	187	5.5	6.5	3.4	0.6	0.4	1.1	3.9	1.5	5.5
1273661PIP	2008	20	188	11.3	12.1	21.7	3.6	2.3	3.4	25.3	5.7	31.0
1273661PIP	2008	20	189	6.0	7.0	4.2	0.7	0.5	1.3	4.9	1.8	6.7
1273661PIP	2008	20	190	11.9	12.6	24.7	4.1	2.6	3.7	28.8	6.3	35.2
1273661PIP	2008	38	191	6.7	9.5	8.2	1.5	1.3	0.9	9.7	2.2	11.9
1273661PIP	2008	13	192	22.1	16.8	118.4	16.1	16.4	12.4	134.5	28.8	163.4
1273661PIP	2008	20	193	12.4	13.0	27.4	4.5	2.9	4.0	32.0	6.9	38.8
1273661PIP	2008	38	195	7.0	9.8	9.1	1.7	1.4	1.0	10.8	2.4	13.3
1273661PIP	2008	38	197	8.6	11.0	15.1	2.8	2.5	1.4	17.9	3.9	21.8
1273661PIP	2008	38	199	16.1	14.6	67.3	11.5	14.0	4.3	78.8	18.3	97.1
1273661PIP	2008	20	201	5.3	6.3	3.1	0.5	0.4	1.1	3.6	1.4	5.0
1273661PIP	2008	20	202	7.4	8.5	7.4	1.2	0.8	1.8	8.6	2.6	11.1
1273661PIP	2008	22	203	9.1	6.9	7.8	1.3	2.4	2.4	9.1	4.7	13.9
1273661PIP	2008	20	204	5.3	6.3	3.1	0.5	0.4	1.1	3.6	1.4	5.0
1273661PIP	2008	20	206	4.4	5.3	1.9	0.3	0.2	0.8	2.2	1.0	3.2
1273661PIP	2008	38	207	7.1	9.9	9.5	1.8	1.5	1.0	11.2	2.5	13.7
1273661PIP	2008	20	208	4.2	5.0	1.6	0.3	0.2	0.8	1.9	1.0	2.9
1273661PIP	2008	13	209	13.0	11.6	32.2	5.0	4.9	5.3	37.3	10.2	47.5
1273661PIP	2008	20	210	5.3	6.3	3.1	0.5	0.4	1.1	3.6	1.4	5.0
1273661PIP	2008	22	211	2.9	3.3	0.6	0.1	0.3	0.3	0.7	0.6	1.3
1273661PIP	2008	20	213	13.4	13.7	33.1	5.5	3.5	4.6	38.6	8.1	46.7
1273661PIP	2008	22	214	19.3	11.1	44.1	6.6	10.4	8.6	50.6	19.0	69.7
1273661PIP	2008	38	215	13.8	13.8	47.0	8.2	9.0	3.2	55.2	12.2	67.5
1273661PIP	2008	38	216	7.8	10.4	11.9	2.2	1.9	1.2	14.1	3.1	17.2
1273661PIP	2008	38	217	7.9	10.5	12.3	2.3	2.0	1.2	14.6	3.2	17.7
1273661PIP	2008	20	218	3.5	4.3	1.0	0.2	0.1	0.6	1.2	0.7	1.9
1273661PIP	2008	20	219	19.7	17.3	82.1	14.1	10.0	9.3	96.2	19.4	115.6
1273661PIP	2008	38	220	7.7	10.4	11.6	2.1	1.8	1.1	13.7	3.0	16.7
1273661PIP	2008	38	221	13.3	13.6	43.1	7.6	8.2	3.0	50.7	11.1	61.8
1273661PIP	2008	38	222	7.7	10.4	11.6	2.1	1.8	1.1	13.7	3.0	16.7
1273661PIP	2008	38	223	21.4	15.8	128.0	21.3	32.0	7.6	149.4	39.6	189.0
1280446PIP	2008	38	1	4.2	6.3	2.3	0.5	0.4	0.5	2.8	0.9	3.7
1280446PIP	2008	38	2	3.1	5.3	1.1	0.2	0.2	0.3	1.3	0.5	1.8
1280446PIP	2008	13	3	3.2	3.5	0.8	0.2	0.3	0.7	1.0	1.0	2.0
1280446PIP	2008	38	6	3.1	5.3	1.1	0.2	0.2	0.3	1.3	0.5	1.8
1280446PIP	2008	38	7	4.2	6.3	2.3	0.5	0.4	0.5	2.8	0.9	3.7
1280446PIP	2008	38	8	5.2	7.1	3.9	0.8	0.8	0.7	4.7	1.5	6.2
1280446PIP	2008	13	9	3.9	4.1	1.4	0.3	0.4	1.0	1.7	1.4	3.1
1280446PIP	2008	38	10	3.4	5.6	1.4	0.3	0.2	0.3	1.7	0.6	2.3
1280446PIP	2008	13	11	4.9	5.0	2.5	0.5	0.7	1.4	3.0	2.0	5.1
1280446PIP	2008	3	12	7.5	7.7	7.6	1.2	1.2	1.2	8.8	2.4	11.2
1280446PIP	2008	38	13	7.6	8.6	9.9	1.8	2.1	1.4	11.7	3.5	15.2
1280446PIP	2008	38	14	8.2	8.9	11.8	2.2	2.6	1.6	14.0	4.2	18.2
1280446PIP	2008	38	15	5.1	7.1	3.8	0.7	0.7	0.7	4.5	1.4	5.9
1280446PIP	2008	38	16	6.0	7.7	5.6	1.1	1.1	0.9	6.7	2.0	8.7
1280446PIP	2008	13	17	2.6	3.1	0.5	0.1	0.2	0.5	0.6	0.7	1.3
1280446PIP	2008	3	19	5.2	6.5	3.3	0.6	0.5	0.6	3.9	1.1	5.0
1280446PIP	2008	38	20	2.9	5.1	0.9	0.2	0.2	0.3	1.1	0.4	1.6
1280446PIP	2008	38	21	8.5	9.0	12.9	2.4	2.9	1.7	15.2	4.6	19.8
1280446PIP	2008	3	22	7.5	7.7	7.6	1.2	1.2	1.2	8.8	2.4	11.2
1280446PIP	2008	38	23	4.3	6.4	2.5	0.5	0.5	0.5	3.0	1.0	3.9
1280446PIP	2008	38	24	2.8	5.0	0.9	0.2	0.1	0.3	1.0	0.4	1.4
1280446PIP	2008	13	25	5.4	5.4	3.2	0.7	0.8	1.6	3.9	2.4	6.3
1280446PIP	2008	38	26	6.4	7.9	6.5	1.2	1.3	1.0	7.8	2.3	10.1
1280446PIP	2008	38	27	8.2	8.9	11.8	2.2	2.6	1.6	14.0	4.2	18.2
1280446PIP	2008	38	29	5.0	7.0	3.6	0.7	0.7	0.7	4.3	1.3	5.6
1280446PIP	2008	38	30	2.8	5.0	0.9	0.2	0.1	0.3	1.0	0.4	1.4
1280446PIP	2008	13	31	4.2	4.4	1.7	0.4	0.5	1.1	2.1	1.6	3.6
1280446PIP	2008	3	32	2.9	4.7	0.8	0.2	0.1	0.2	1.0	0.3	1.3
1280446PIP	2008	38	33	8.1	8.8	11.5	2.1	2.5	1.5	13.6	4.1	17.7
1280446PIP	2008	38	34	7.3	8.4	8.9	1.7	1.9	1.3	10.6	3.2	13.8
1280446PIP	2008	38	35	5.3	7.2	4.1	0.8	0.8	0.7	5.0	1.5	6.5
1280446PIP	2008	38	36	4.2	6.3	2.3	0.5	0.4	0.5	2.8	0.9	3.7
1280446PIP	2008	38	37	7.2	8.4	8.7	1.6	1.8	1.2	10.3	3.1	13.4
1280446PIP	2008	38	38	11.1	9.9	23.9	4.3	6.2	2.8	28.1	9.0	37.1
1280446PIP	2008	38	39	2.5	4.6	0.6	0.1	0.1	0.2	0.8	0.3	1.1
1280446PIP	2008	3	40	11.5	9.0	19.0	2.6	3.8	2.6	21.6	6.3	27.9
1280446PIP	2008	38	41	4.9	6.9	3.4	0.7	0.6	0.6	4.1	1.3	5.4
1280446PIP	2008	38	42	7.3	8.4	8.9	1.7	1.9	1.3	10.6	3.2	13.8
1280446PIP	2008	38	43	4.0	6.2	2.1	0.4	0.4	0.5	2.5	0.8	3.3
1280446PIP	2008	38	44	8.6	9.0	13.2	2.4	3.0	1.7	15.6	4.7	20.3
1280446PIP	2008	38	45	2.7	4.8	0.8	0.2	0.1	0.2	0.9	0.4	1.3
1280446PIP	2008	38	46	5.5	7.4	4.6	0.9	0.9	0.8	5.4	1.6	7.1
1280446PIP	2008	38	47	5.4	7.3	4.4	0.8	0.8	0.7	5.2	1.6	6.8
1280446PIP	2008	38	48	7.1	8.3	8.4	1.6	1.8	1.2	10.0	3.0	12.9
1280446PIP	2008	38	49	5.4	7.3	4.4	0.8	0.8	0.7	5.2	1.6	6.8
1280446PIP	2008	13	50	2.8	3.2	0.6	0.1	0.2	0.6	0.8	0.8	1.5
1280446PIP	2008	38	51	4.1	6.2	2.2	0.4	0.4	0.5	2.6	0.9	3.5
1280446PIP	2008	13	53	2.6	3.1	0.5	0.1	0.2	0.5	0.6	0.7	1.3
1280446PIP	2008	13	54	4.3	4.5	1.8	0.4	0.5	1.1	2.2	1.6	3.8
1280446PIP	2008	38	55	3.6	5.8	1.6	0.3	0.3	0.4	1.9	0.7	2.6
1280446PIP	2008	38	56	7.6	8.6	9.9	1.8	2.1	1.4	11.7	3.5	15.2
1280446PIP	2008	13	57	8.4	7.8	10.1	1.8	2.1	2.9	11.9	5.0	16.9
1280446PIP	2008	38	58	5.3	7.2	4.1	0.8	0.8	0.7	5.0	1.5	6.5
1280446PIP	2008	38	59	6.4	7.9	6.5	1.2	1.3	1.0	7.8	2.3	10.1
1280446PIP	2008	38	61	5.3	7.2	4.1	0.8	0.8	0.7	5.0	1.5	6.5
1280446PIP	2008	38	62	5.1	7.1	3.8	0.7	0.7	0.7	4.5	1.4	5.9
1280446PIP	2008	38	63	8.9	9.2	14.4	2.6	3.3	1.8	17.0	5.1	22.1
1280446PIP	2008	38	64	3.5	5.7	1.5	0.3	0.3	0.4	1.8	0.6	2.4
1280446PIP	2008	38	65	3.0	5.2	1.0	0.2	0.2	0.3	1.2	0.5	1.7
1280446PIP	2008	38	66	4.8	6.8	3.2	0.6	0.6	0.6	3.9	1.2	5.1
1280446PIP	2008	38	67	5.9	7.6	5.4	1.0	1.1	0.9	6.4	1.9	8.3
1280446PIP	2008	38	68	5.0	7.0	3.6	0.7	0.7	0.7	4.3	1.3	5.6
1280446PIP	2008	38	69	5.9	7.6	5.4	1.0	1.1	0.9	6.4	1.9	8.3
1280446PIP	2008	38	70	5.1	7.1	3.8	0.7	0.7	0.7	4.5	1.4	5.9
1280446PIP	2008	38	72	4.3	6.4	2.5	0.5	0.5	0.5	3.0	1.0	3.9
1280446PIP	2008	20	73	8.4	7.5	8.3	1.5	1.5	2.8	9.8	4.3	14.1
1280446PIP	2008	13	74	3.2	3.5	0.8	0.2	0.3	0.7	1.0	1.0	2.0
1280446PIP	2008	38	75	5.0	7.0	3.6	0.7	0.7	0.7	4.3	1.3	5.6
1280446PIP	2008	13	76	2.8	3.2	0.6	0.1	0.2	0.6	0.8	0.8	1.5
1280446PIP	2008	38	77	7.3	8.4	8.9	1.7	1.9	1.3	10.6	3.2	13.8
1280446PIP	2008	38	78	4.8	6.8	3.2	0.6	0.6	0.6	3.9	1.2	5.1
1280446PIP	2008	38	79	4.2	6.3	2.3	0.5	0.4	0.5	2.8	0.9	3.7
1280446PIP	2008	38	80	5.3	7.2	4.1	0.8	0.8	0.7	5.0	1.5	6.5
1280446PIP	2008	13	81	3.8	4.0	1.3	0.3	0.4	1.0	1.6	1.4	2.9
1280446PIP	2008	38	82	7.0	8.3	8.1	1.5	1.7	1.2	9.7	2.9	12.5
1280446PIP	2008	38	83	2.5	4.6	0.6	0.1	0.1	0.2	0.8	0.3	1.1
1280446PIP	2008	38	84	6.3	7.9	6.3	1.2	1.3	1.0	7.5	2.2	9.8
1280446PIP	2008	38	85	4.0	6.2	2.1	0.4	0.4	0.5	2.5	0.8	3.3
1280446PIP	2008	38	86	5.3	7.2	4.1	0.8	0.8	0.7	5.0	1.5	6.5
1280446PIP	2008	38	87	7.7	8.6	10.2	1.9	2.2	1.4	12.0	3.6	15.7
1280446PIP	2008	38	88	3.7	5.9	1.7	0.3	0.3	0.4	2.1	0.7	2.8
1280446PIP	2008	38	89	4.7	6.8	3.1	0.6	0.6	0.6	3.7	1.2	4.9
1280446PIP	2008	20	90	5.2	5.1	2.5	0.4	0.5	1.3	2.9	1.7	4.6
1280446PIP	2008	38	91	7.9	8.7	10.8	2.0	2.4	1.5	12.8	3.9	16.7
1280446PIP	2008	20	92	3.4	3.6	0.8	0.1	0.2	0.6	1.0	0.8	1.8
1280446PIP	2008	38	93	5.5	7.4	4.6	0.9	0.9	0.8	5.4	1.6	7.1
1280446PIP	2008	38	94	4.2	6.3	2.3	0.5	0.4	0.5	2.8	0.9	3.7
1280446PIP	2008	20	95	2.5	2.8	0.4	0.1	0.1	0.4	0.5	0.5	0.9
1280446PIP	2008	20	96	5.3	5.2	2.6	0.5	0.5	1.3	3.1	1.8	4.9
1280446PIP	2008	20	97	3.8	3.9	1.1	0.2	0.2	0.8	1.3	1.0	2.3
1280446PIP	2008	38	98	6.9	8.2	7.8	1.5	1.6	1.2	9.3	2.8	12.1
1280446PIP	2008	38	99	2.9	5.1	0.9	0.2	0.2	0.3	1.1	0.4	1.6
1280446PIP	2008	38	100	3.8	6.0	1.8	0.4	0.3	0.4	2.2	0.7	3.0
1280446PIP	2008	13	101	3.7	4.0	1.2	0.3	0.4	0.9	1.5	1.3	2.8
1280446PIP	2008	38	102	3.1	5.3	1.1	0.2	0.2	0.3	1.3	0.5	1.8
1280446PIP	2008	38	103	6.0	7.7	5.6	1.1	1.1	0.9	6.7	2.0	8.7
1280446PIP	2008	38	104	5.3	7.2	4.1	0.8	0.8	0.7	5.0	1.5	6.5
1280446PIP	2008	38	105	4.5	6.6	2.8	0.5	0.5	0.6	3.3	1.1	4.4
1280446PIP	2008	38	106	4.3	6.4	2.5	0.5	0.5	0.5	3.0	1.0	3.9
1280446PIP	2008	38	107	3.3	5.5	1.3	0.3	0.2	0.3	1.6	0.6	2.1
1280446PIP	2008	38	108	3.8	6.0	1.8	0.4	0.3	0.4	2.2	0.7	3.0
1280446PIP	2008	20	109	5.1	5.0	2.4	0.4	0.4	1.2	2.8	1.7	4.4
1280446PIP	2008	38	110	4.5	6.6	2.8	0.5	0.5	0.6	3.3	1.1	4.4
1280446PIP	2008	13	111	2.5	3.0	0.5	0.1	0.2	0.5	0.6	0.6	1.2
1280446PIP	2008	38	112	7.4	8.5	9.3	1.7	2.0	1.3	11.0	3.3	14.3
1280446PIP	2008	20	113	5.0	4.9	2.2	0.4	0.4	1.2	2.6	1.6	4.2
1280446PIP	2008	20	114	4.2	4.3	1.4	0.2	0.3	0.9	1.7	1.2	2.9
1280446PIP	2008	38	115	3.3	5.5	1.3	0.3	0.2	0.3	1.6	0.6	2.1
1280446PIP	2008	20	116	2.8	3.1	0.5	0.1	0.1	0.5	0.6	0.6	1.2
1280446PIP	2008	38	117	2.6	4.7	0.7	0.1	0.1	0.2	0.9	0.4	1.2
1280446PIP	2008	38	118	4.0	6.2	2.1	0.4	0.4	0.5	2.5	0.8	3.3
1280446PIP	2008	38	119	2.5	4.6	0.6	0.1	0.1	0.2	0.8	0.3	1.1
1280446PIP	2008	38	120	6.7	8.1	7.3	1.4	1.5	1.1	8.7	2.6	11.3
1280446PIP	2008	38	121	3.8	6.0	1.8	0.4	0.3	0.4	2.2	0.7	3.0
1280446PIP	2008	38	122	4.2	6.3	2.3	0.5	0.4	0.5	2.8	0.9	3.7
1280446PIP	2008	38	124	6.5	8.0	6.8	1.3	1.4	1.0	8.1	2.4	10.5
1280446PIP	2008	38	125	6.2	7.8	6.1	1.2	1.2	1.0	7.2	2.2	9.4
1280446PIP	2008	20	126	4.4	4.4	1.6	0.3	0.3	1.0	1.9	1.3	3.2
1280446PIP	2008	38	127	4.4	6.5	2.6	0.5	0.5	0.5	3.1	1.0	4.2
1280446PIP	2008	38	128	3.7	5.9	1.7	0.3	0.3	0.4	2.1	0.7	2.8
1280446PIP	2008	38	129	4.1	6.2	2.2	0.4	0.4	0.5	2.6	0.9	3.5
1280446PIP	2008	13	130	3.2	3.5	0.8	0.2	0.3	0.7	1.0	1.0	2.0
1280446PIP	2008	13	131	4.1	4.3	1.6	0.4	0.5	1.1	1.9	1.5	3.5
1280446PIP	2008	38	132	3.7	5.9	1.7	0.3	0.3	0.4	2.1	0.7	2.8
1280446PIP	2008	38	133	3.4	5.6	1.4	0.3	0.2	0.3	1.7	0.6	2.3
1280446PIP	2008	20	134	4.9	4.9	2.1	0.4	0.4	1.2	2.5	1.5	4.1
1280446PIP	2008	38	135	2.6	4.7	0.7	0.1	0.1	0.2	0.9	0.4	1.2
1280446PIP	2008	38	136	2.7	4.8	0.8	0.2	0.1	0.2	0.9	0.4	1.3
1280446PIP	2008	38	137	3.9	6.1	2.0	0.4	0.4	0.4	2.4	0.8	3.1
1280446PIP	2008	38	138	3.8	6.0	1.8	0.4	0.3	0.4	2.2	0.7	3.0
1280446PIP	2008	13	139	4.2	4.4	1.7	0.4	0.5	1.1	2.1	1.6	3.6
1280446PIP	2008	38	140	4.1	6.2	2.2	0.4	0.4	0.5	2.6	0.9	3.5
1280446PIP	2008	38	141	3.0	5.2	1.0	0.2	0.2	0.3	1.2	0.5	1.7
1280446PIP	2008	38	142	3.0	5.2	1.0	0.2	0.2	0.3	1.2	0.5	1.7
1280446PIP	2008	38	143	2.9	5.1	0.9	0.2	0.2	0.3	1.1	0.4	1.6
1280446PIP	2008	38	144	2.7	4.8	0.8	0.2	0.1	0.2	0.9	0.4	1.3
1280446PIP	2008	38	145	5.8	7.6	5.2	1.0	1.0	0.8	6.2	1.9	8.0
1280446PIP	2008	38	146	4.0	6.2	2.1	0.4	0.4	0.5	2.5	0.8	3.3
1280446PIP	2008	38	147	5.0	7.0	3.6	0.7	0.7	0.7	4.3	1.3	5.6
1280446PIP	2008	13	148	3.2	3.5	0.8	0.2	0.3	0.7	1.0	1.0	2.0
1280446PIP	2008	38	149	3.8	6.0	1.8	0.4	0.3	0.4	2.2	0.7	3.0
1280446PIP	2008	38	150	4.1	6.2	2.2	0.4	0.4	0.5	2.6	0.9	3.5
1280446PIP	2008	38	151	4.6	6.7	2.9	0.6	0.5	0.6	3.5	1.1	4.6
1280446PIP	2008	38	152	5.2	7.1	3.9	0.8	0.8	0.7	4.7	1.5	6.2
1280446PIP	2008	38	153	6.9	8.2	7.8	1.5	1.6	1.2	9.3	2.8	12.1
1280446PIP	2008	38	154	2.5	4.6	0.6	0.1	0.1	0.2	0.8	0.3	1.1
1280446PIP	2008	13	155	5.4	5.4	3.2	0.7	0.8	1.6	3.9	2.4	6.3
1280446PIP	2008	38	156	4.0	6.2	2.1	0.4	0.4	0.5	2.5	0.8	3.3
1280446PIP	2008	38	157	3.5	5.7	1.5	0.3	0.3	0.4	1.8	0.6	2.4
1280446PIP	2008	38	158	2.8	5.0	0.9	0.2	0.1	0.3	1.0	0.4	1.4
1280446PIP	2008	38	159	3.2	5.4	1.2	0.2	0.2	0.3	1.4	0.5	2.0
1280446PIP	2008	38	160	3.7	5.9	1.7	0.3	0.3	0.4	2.1	0.7	2.8
1280446PIP	2008	13	161	2.6	3.1	0.5	0.1	0.2	0.5	0.6	0.7	1.3
1280446PIP	2008	38	162	2.7	4.8	0.8	0.2	0.1	0.2	0.9	0.4	1.3
1280446PIP	2008	13	163	4.9	5.0	2.5	0.5	0.7	1.4	3.0	2.0	5.1
1280446PIP	2008	20	164	4.6	4.6	1.8	0.3	0.3	1.1	2.1	1.4	3.5
1280446PIP	2008	13	166	2.8	3.2	0.6	0.1	0.2	0.6	0.8	0.8	1.5
1280446PIP	2008	38	167	3.9	6.1	2.0	0.4	0.4	0.4	2.4	0.8	3.1
1280446PIP	2008	38	168	6.5	8.0	6.8	1.3	1.4	1.0	8.1	2.4	10.5
1280446PIP	2008	38	169	4.3	6.4	2.5	0.5	0.5	0.5	3.0	1.0	3.9
1280446PIP	2008	13	170	3.1	3.5	0.8	0.2	0.3	0.7	1.0	0.9	1.9
1280446PIP	2008	3	171	5.4	6.6	3.6	0.6	0.5	0.7	4.2	1.2	5.4
1280446PIP	2008	38	172	4.9	6.9	3.4	0.7	0.6	0.6	4.1	1.3	5.4
1280446PIP	2008	38	173	2.7	4.8	0.8	0.2	0.1	0.2	0.9	0.4	1.3
1280446PIP	2008	38	174	7.2	8.4	8.7	1.6	1.8	1.2	10.3	3.1	13.4
1280446PIP	2008	38	175	5.9	7.6	5.4	1.0	1.1	0.9	6.4	1.9	8.3
1280446PIP	2008	38	176	4.1	6.2	2.2	0.4	0.4	0.5	2.6	0.9	3.5
1280446PIP	2008	13	177	4.1	4.3	1.6	0.4	0.5	1.1	1.9	1.5	3.5
1280446PIP	2008	38	178	5.2	7.1	3.9	0.8	0.8	0.7	4.7	1.5	6.2
1280446PIP	2008	38	179	8.2	8.9	11.8	2.2	2.6	1.6	14.0	4.2	18.2
1280446PIP	2008	38	180	5.8	7.6	5.2	1.0	1.0	0.8	6.2	1.9	8.0
1280446PIP	2008	38	181	4.7	6.8	3.1	0.6	0.6	0.6	3.7	1.2	4.9
1280446PIP	2008	13	182	5.1	5.1	2.7	0.6	0.8	1.5	3.3	2.2	5.5
1280446PIP	2008	13	183	6.4	6.2	5.0	1.0	1.2	2.0	5.9	3.2	9.1
1280446PIP	2008	13	184	5.1	5.1	2.7	0.6	0.8	1.5	3.3	2.2	5.5
1280446PIP	2008	38	185	8.7	9.1	13.6	2.5	3.1	1.8	16.1	4.9	20.9
1280446PIP	2008	38	186	10.5	9.7	21.0	3.8	5.3	2.5	24.7	7.8	32.6
1280446PIP	2008	13	188	4.8	4.9	2.4	0.5	0.7	1.3	2.9	2.0	4.8
1280526PIP	2008	20	103	4.9	4.7	2.1	0.4	0.4	1.2	2.4	1.6	4.1
1280526PIP	2008	13	106	18.1	15.1	75.0	10.6	10.0	8.6	85.6	18.6	104.2
1280526PIP	2008	13	109	7.8	7.8	8.8	1.6	1.6	2.4	10.4	4.1	14.5
1280526PIP	2008	38	112	6.9	10.5	9.3	1.7	1.3	0.9	11.0	2.2	13.2
1280526PIP	2008	20	116	5.4	5.1	2.7	0.5	0.5	1.4	3.1	1.9	5.0
1280526PIP	2008	20	119	5.6	5.3	2.9	0.5	0.6	1.5	3.4	2.0	5.5
1280526PIP	2008	13	120	4.4	4.8	2.0	0.4	0.5	1.1	2.4	1.6	4.0
1280526PIP	2008	13	121	5.6	5.8	3.7	0.7	0.9	1.6	4.4	2.4	6.8
1280526PIP	2008	22	125	3.9	3.9	1.1	0.2	0.5	0.6	1.3	1.0	2.3
1280526PIP	2008	22	126	7.8	6.1	5.4	0.9	1.8	1.9	6.3	3.7	9.9
1280526PIP	2008	22	133	13.0	8.6	17.7	2.8	4.8	4.4	20.5	9.2	29.7
1280526PIP	2008	22	134	4.7	4.4	1.7	0.3	0.7	0.8	2.0	1.5	3.4
1280526PIP	2008	38	135	15.8	15.8	68.3	11.7	12.2	3.8	80.0	16.0	96.0
1280526PIP	2008	20	143	11.9	9.8	19.9	3.5	3.6	5.0	23.5	8.5	32.0
1280526PIP	2008	13	147	5.2	5.5	3.1	0.6	0.7	1.4	3.7	2.1	5.8
1280526PIP	2008	13	154	5.7	5.9	3.9	0.8	0.9	1.6	4.6	2.5	7.1
1280526PIP	2008	20	157	11.5	9.5	18.2	3.2	3.3	4.7	21.4	8.0	29.5
1280526PIP	2008	20	158	10.4	8.8	14.2	2.5	2.6	4.0	16.7	6.6	23.2
1280526PIP	2008	20	159	4.0	3.9	1.2	0.2	0.3	0.9	1.4	1.2	2.6
1280526PIP	2008	13	160	4.3	4.7	1.9	0.4	0.5	1.1	2.3	1.5	3.8
1280526PIP	2008	13	164	26.8	19.2	189.7	24.7	25.4	17.0	214.4	42.4	256.8
1280526PIP	2008	13	166	18.7	15.5	81.5	11.4	10.7	9.0	92.9	19.7	112.6
1280526PIP	2008	22	167	18.7	10.7	40.3	6.1	9.9	8.3	46.4	18.2	64.6
1280526PIP	2008	13	168	22.9	17.6	132.0	17.7	17.2	12.8	149.7	30.0	179.7
1280526PIP	2008	74	169	39.2	21.0	435.9	98.0	95.0	10.2	533.9	105.2	639.1
1280526PIP	2008	38	170	23.8	17.5	171.2	28.2	40.8	8.6	199.4	49.4	248.8
1280526PIP	2008	38	172	18.3	16.5	95.4	16.1	18.7	5.0	111.5	23.7	135.3
1280526PIP	2008	13	173	20.2	16.3	98.1	13.5	12.8	10.3	111.6	23.1	134.7
1280526PIP	2008	20	174	4.2	4.1	1.4	0.2	0.3	1.0	1.6	1.2	2.9
1280526PIP	2008	20	175	3.0	3.1	0.6	0.1	0.1	0.6	0.7	0.7	1.4
1280526PIP	2008	13	178	3.4	3.9	1.0	0.2	0.3	0.7	1.3	1.0	2.3
1280526PIP	2008	20	179	4.7	4.5	1.8	0.3	0.4	1.1	2.2	1.5	3.7
1280526PIP	2008	20	180	4.2	4.1	1.4	0.2	0.3	1.0	1.6	1.2	2.9
1280526PIP	2008	20	182	3.2	3.3	0.7	0.1	0.1	0.6	0.8	0.8	1.6
1280526PIP	2008	22	183	2.9	3.3	0.6	0.1	0.3	0.3	0.7	0.6	1.3
1280546PIP	2008	20	4	2.8	3.2	0.5	0.1	0.1	0.5	0.6	0.5	1.2
1280546PIP	2008	20	8	18.8	14.7	65.4	11.6	10.5	10.0	77.1	20.5	97.6
1280546PIP	2008	20	9	21.9	15.9	92.7	16.8	16.2	13.4	109.5	29.7	139.1
1280546PIP	2008	74	10	17.1	21.5	89.5	17.7	8.3	2.7	107.2	10.9	118.1
1280546PIP	2008	20	11	16.8	13.8	50.4	8.9	7.7	8.1	59.3	15.8	75.0
1280546PIP	2008	74	13	24.3	23.7	196.0	39.2	21.7	4.7	235.2	26.5	261.7
1280546PIP	2008	20	14	13.4	12.0	29.5	5.1	4.2	5.3	34.6	9.5	44.1
1280546PIP	2008	20	15	16.2	13.5	46.3	8.1	7.0	7.5	54.4	14.5	68.9
1280546PIP	2008	38	27	15.7	15.0	65.1	11.2	12.6	3.9	76.2	16.5	92.8
1280546PIP	2008	38	28	18.3	15.8	92.6	15.7	19.5	5.3	108.3	24.8	133.1
1280546PIP	2008	20	29	4.9	5.1	2.2	0.4	0.4	1.1	2.6	1.5	4.1
1280546PIP	2008	20	32	13.6	12.1	30.5	5.3	4.3	5.5	35.8	9.8	45.6
1280546PIP	2008	20	42	2.7	3.1	0.5	0.1	0.1	0.4	0.6	0.5	1.1
1287311PIP	2008	13	1	8.6	7.1	9.6	1.8	2.6	3.6	11.3	6.1	17.5
1287311PIP	2008	13	2	4.3	4.0	1.6	0.4	0.6	1.3	2.0	1.9	3.9
1287311PIP	2008	13	3	15.2	11.2	40.9	6.4	8.6	8.3	47.4	16.9	64.3
1287311PIP	2008	13	4	7.2	6.1	6.0	1.2	1.8	2.8	7.2	4.6	11.8
1287311PIP	2008	13	5	7.7	6.5	7.2	1.4	2.0	3.0	8.6	5.1	13.7
1287311PIP	2008	13	6	5.2	4.7	2.6	0.6	0.9	1.7	3.2	2.6	5.8
1287311PIP	2008	13	7	6.2	5.4	4.1	0.8	1.3	2.2	4.9	3.5	8.5
1287311PIP	2008	13	8	6.7	5.8	5.0	1.0	1.5	2.5	6.0	4.0	10.0
1287311PIP	2008	13	9	4.1	3.9	1.4	0.3	0.5	1.2	1.8	1.7	3.5
1287311PIP	2008	13	10	4.4	4.1	1.7	0.4	0.6	1.3	2.1	2.0	4.1
1287311PIP	2008	13	11	5.8	5.1	3.4	0.7	1.1	2.0	4.2	3.2	7.3
1287311PIP	2008	13	12	4.4	4.1	1.7	0.4	0.6	1.3	2.1	2.0	4.1
1287311PIP	2008	13	13	2.8	3.0	0.6	0.1	0.2	0.6	0.7	0.9	1.6
1287311PIP	2008	13	14	4.0	3.8	1.3	0.3	0.5	1.2	1.6	1.7	3.3
1287311PIP	2008	13	15	5.0	4.6	2.4	0.5	0.8	1.6	2.9	2.4	5.3
1287311PIP	2008	13	16	4.8	4.4	2.1	0.5	0.8	1.5	2.6	2.3	4.9
1287311PIP	2008	74	17	7.8	9.7	8.4	2.0	1.4	0.8	10.5	2.1	12.6
1287311PIP	2008	74	18	9.2	10.5	12.6	3.0	2.1	1.0	15.6	3.1	18.7
1287311PIP	2008	13	19	3.2	3.2	0.8	0.2	0.3	0.8	0.9	1.2	2.1
1287311PIP	2008	13	21	3.7	3.6	1.1	0.3	0.4	1.0	1.4	1.5	2.8
1287311PIP	2008	13	22	3.2	3.2	0.8	0.2	0.3	0.8	0.9	1.2	2.1
1287311PIP	2008	13	23	4.7	4.3	2.0	0.4	0.7	1.5	2.5	2.2	4.7
1287311PIP	2008	74	25	8.6	10.2	10.7	2.6	1.8	0.9	13.3	2.6	15.9
1287311PIP	2008	74	26	8.2	10.0	9.6	2.3	1.5	0.8	11.9	2.4	14.2
1287311PIP	2008	74	27	7.3	9.4	7.2	1.7	1.1	0.7	8.9	1.8	10.7
1287311PIP	2008	74	28	7.6	9.6	7.9	1.9	1.3	0.7	9.8	2.0	11.8
1287311PIP	2008	74	29	6.9	9.1	6.2	1.5	1.0	0.6	7.7	1.6	9.3
1287311PIP	2008	74	30	8.4	10.1	10.1	2.4	1.6	0.8	12.6	2.5	15.1
1287311PIP	2008	13	31	3.2	3.2	0.8	0.2	0.3	0.8	0.9	1.2	2.1
1287311PIP	2008	13	35	4.0	3.8	1.3	0.3	0.5	1.2	1.6	1.7	3.3
1287311PIP	2008	13	36	3.5	3.5	1.0	0.2	0.4	0.9	1.2	1.3	2.5
1287311PIP	2008	13	37	7.8	6.6	7.5	1.4	2.1	3.1	8.9	5.1	14.1
1287311PIP	2008	13	38	4.6	4.3	1.9	0.4	0.7	1.4	2.4	2.1	4.5
1287311PIP	2008	13	41	2.9	3.0	0.6	0.2	0.3	0.7	0.8	1.0	1.7
1287311PIP	2008	13	42	3.2	3.2	0.8	0.2	0.3	0.8	0.9	1.2	2.1
1287311PIP	2008	13	43	6.2	5.4	4.1	0.8	1.3	2.2	4.9	3.5	8.5
1287311PIP	2008	13	44	4.5	4.2	1.8	0.4	0.7	1.4	2.2	2.0	4.3
1287311PIP	2008	13	45	3.3	3.3	0.8	0.2	0.3	0.9	1.0	1.2	2.2
1287311PIP	2008	13	46	5.9	5.2	3.6	0.7	1.2	2.1	4.4	3.2	7.6
1287311PIP	2008	13	47	2.9	3.0	0.6	0.2	0.3	0.7	0.8	1.0	1.7
1287311PIP	2008	13	48	14.1	10.6	34.0	5.5	7.3	7.3	39.4	14.6	54.1
1287311PIP	2008	13	49	3.3	3.3	0.8	0.2	0.3	0.9	1.0	1.2	2.2
1287311PIP	2008	13	50	2.7	2.9	0.5	0.1	0.2	0.6	0.6	0.8	1.5
1287311PIP	2008	13	51	4.0	3.8	1.3	0.3	0.5	1.2	1.6	1.7	3.3
1287311PIP	2008	13	52	15.3	11.2	41.4	6.5	8.8	8.4	47.9	17.2	65.1
1287311PIP	2008	13	53	3.9	3.8	1.3	0.3	0.5	1.1	1.6	1.6	3.1
1287311PIP	2008	13	54	6.5	5.6	4.6	0.9	1.5	2.4	5.5	3.9	9.4
1287311PIP	2008	38	55	8.9	9.6	14.8	2.7	3.2	1.7	17.5	4.9	22.4
1287311PIP	2008	38	56	6.3	8.1	6.4	1.2	1.2	1.0	7.7	2.2	9.8
1287311PIP	2008	13	57	3.2	3.2	0.8	0.2	0.3	0.8	0.9	1.2	2.1
1287311PIP	2008	13	58	3.3	3.3	0.8	0.2	0.3	0.9	1.0	1.2	2.2
1287311PIP	2008	13	59	3.2	3.2	0.8	0.2	0.3	0.8	0.9	1.2	2.1
1287311PIP	2008	13	60	2.5	2.8	0.4	0.1	0.2	0.5	0.5	0.7	1.2
1287311PIP	2008	13	61	5.8	5.1	3.4	0.7	1.1	2.0	4.2	3.2	7.3
1287311PIP	2008	13	62	3.9	3.8	1.3	0.3	0.5	1.1	1.6	1.6	3.1
1287311PIP	2008	74	63	6.2	8.6	4.7	1.2	0.7	0.5	5.9	1.3	7.2
1287311PIP	2008	13	65	3.7	3.6	1.1	0.3	0.4	1.0	1.4	1.5	2.8
1287311PIP	2008	13	66	4.8	4.4	2.1	0.5	0.8	1.5	2.6	2.3	4.9
1287311PIP	2008	13	67	2.7	2.9	0.5	0.1	0.2	0.6	0.6	0.8	1.5
1287311PIP	2008	13	68	10.8	8.6	17.3	3.0	4.1	4.9	20.2	9.1	29.3
1287311PIP	2008	13	69	10.9	8.6	17.5	3.0	4.3	5.0	20.6	9.3	29.9
1287311PIP	2008	13	70	5.0	4.6	2.4	0.5	0.8	1.6	2.9	2.4	5.3
1287311PIP	2008	13	71	7.7	6.5	7.2	1.4	2.0	3.0	8.6	5.1	13.7
1287311PIP	2008	13	72	3.3	3.3	0.8	0.2	0.3	0.9	1.0	1.2	2.2
1287311PIP	2008	13	73	6.5	5.6	4.6	0.9	1.5	2.4	5.5	3.9	9.4
1287311PIP	2008	13	74	4.1	3.9	1.4	0.3	0.5	1.2	1.8	1.7	3.5
1287311PIP	2008	13	76	11.4	8.9	19.6	3.4	4.7	5.4	23.0	10.1	33.1
1287311PIP	2008	13	77	7.8	6.6	7.5	1.4	2.1	3.1	8.9	5.1	14.1
1287311PIP	2008	13	78	5.2	4.7	2.6	0.6	0.9	1.7	3.2	2.6	5.8
1287311PIP	2008	74	79	7.0	9.2	6.5	1.6	1.0	0.6	8.0	1.7	9.7
1287311PIP	2008	74	80	8.4	10.1	10.1	2.4	1.6	0.8	12.6	2.5	15.1
1287311PIP	2008	13	81	6.0	5.3	3.8	0.8	1.2	2.1	4.6	3.3	7.9
1287311PIP	2008	13	82	4.0	3.8	1.3	0.3	0.5	1.2	1.6	1.7	3.3
1287311PIP	2008	74	83	10.7	11.2	18.1	4.3	3.1	1.3	22.4	4.4	26.8
1287311PIP	2008	13	84	5.1	4.6	2.5	0.5	0.9	1.7	3.0	2.6	5.6
1287311PIP	2008	13	85	8.2	6.8	8.4	1.6	2.4	3.3	10.0	5.7	15.7
1287311PIP	2008	13	86	4.6	4.3	1.9	0.4	0.7	1.4	2.4	2.1	4.5
1287311PIP	2008	13	87	4.2	4.0	1.5	0.3	0.6	1.2	1.9	1.8	3.7
1287311PIP	2008	13	88	2.7	2.9	0.5	0.1	0.2	0.6	0.6	0.8	1.5
1287311PIP	2008	13	89	3.9	3.8	1.3	0.3	0.5	1.1	1.6	1.6	3.1
1287311PIP	2008	13	90	2.5	2.8	0.4	0.1	0.2	0.5	0.5	0.7	1.2
1287311PIP	2008	13	91	4.1	3.9	1.4	0.3	0.5	1.2	1.8	1.7	3.5
1287311PIP	2008	13	93	12.3	9.5	24.0	4.0	5.5	6.0	27.9	11.5	39.4
1287311PIP	2008	13	95	5.0	4.6	2.4	0.5	0.8	1.6	2.9	2.4	5.3
1287311PIP	2008	13	96	7.8	6.6	7.5	1.4	2.1	3.1	8.9	5.1	14.1
1287311PIP	2008	13	98	4.8	4.4	2.1	0.5	0.8	1.5	2.6	2.3	4.9
1287311PIP	2008	13	100	6.6	5.7	4.8	1.0	1.5	2.4	5.8	3.9	9.7
1287311PIP	2008	13	103	11.8	9.2	21.6	3.6	5.0	5.6	25.2	10.6	35.9
1287311PIP	2008	13	105	4.8	4.4	2.1	0.5	0.8	1.5	2.6	2.3	4.9
1287311PIP	2008	13	106	3.8	3.7	1.2	0.3	0.5	1.1	1.5	1.5	3.0
1287311PIP	2008	13	107	5.2	4.7	2.6	0.6	0.9	1.7	3.2	2.6	5.8
1287311PIP	2008	13	108	9.1	7.5	11.1	2.0	2.9	3.8	13.2	6.7	19.9
1287401PIP	2008	13	1	8.7	7.9	10.9	1.9	2.3	3.2	12.8	5.5	18.3
1287401PIP	2008	25	2	4.1	5.7	2.1	0.4	0.4	0.6	2.5	0.9	3.4
1287401PIP	2008	3	3	16.9	13.5	60.2	6.1	8.2	5.1	66.3	13.3	79.6
1287401PIP	2008	3	4	15.6	13.3	51.7	5.3	6.5	4.4	57.0	10.9	67.9
1287401PIP	2008	3	5	8.2	10.3	12.7	1.6	1.2	1.4	14.3	2.6	16.9
1287401PIP	2008	3	6	13.0	12.5	35.1	3.8	4.0	3.2	39.0	7.1	46.1
1287401PIP	2008	3	7	9.6	11.1	18.2	2.2	1.8	1.9	20.4	3.6	24.0
1287401PIP	2008	3	8	14.2	12.9	42.4	4.5	5.0	3.7	46.9	8.8	55.7
1287401PIP	2008	3	9	17.4	13.6	63.9	6.4	8.9	5.4	70.3	14.3	84.5
1287401PIP	2008	3	10	9.7	11.2	18.7	2.3	1.8	1.9	20.9	3.7	24.6
1287401PIP	2008	3	11	19.7	14.0	81.6	8.0	12.6	6.7	89.6	19.3	109.0
1287401PIP	2008	3	12	20.7	14.1	89.6	8.7	14.6	7.3	98.2	21.9	120.1
1287401PIP	2008	3	13	7.9	10.1	11.6	1.5	1.1	1.3	13.1	2.4	15.5
1287401PIP	2008	3	14	14.1	12.9	41.9	4.5	4.9	3.7	46.4	8.6	55.0
1287401PIP	2008	3	15	11.4	12.0	26.8	3.0	2.8	2.5	29.8	5.3	35.1
1287401PIP	2008	3	16	5.0	7.9	4.0	0.6	0.3	0.6	4.6	0.9	5.5
1287401PIP	2008	3	17	6.2	8.9	6.6	1.0	0.6	0.8	7.6	1.4	9.0
1287401PIP	2008	3	18	9.9	11.3	19.6	2.3	1.9	2.0	21.9	3.9	25.8
1287401PIP	2008	13	19	5.8	6.2	4.2	0.8	0.9	1.6	5.0	2.4	7.4
1287401PIP	2008	3	20	13.6	12.7	38.7	4.2	4.5	3.5	42.8	7.9	50.8
1287421PIP	2008	13	2	19.9	14.7	86.2	12.3	14.1	11.4	98.5	25.5	124.0
1287421PIP	2008	13	3	21.5	15.5	104.1	14.6	16.8	12.9	118.7	29.7	148.4
1287421PIP	2008	13	4	26.7	17.5	171.8	23.0	28.6	19.1	194.8	47.8	242.6
1287421PIP	2008	13	5	10.2	9.0	16.3	2.8	3.2	4.0	19.1	7.2	26.3
1287421PIP	2008	13	7	24.5	16.7	141.0	19.2	23.1	16.3	160.2	39.5	199.7
1287421PIP	2008	13	8	13.0	10.9	30.3	4.8	5.4	5.7	35.1	11.1	46.2
1287421PIP	2008	13	9	14.1	11.6	37.2	5.8	6.4	6.5	43.0	12.9	55.9
1287421PIP	2008	13	13	21.6	15.5	104.9	14.7	17.1	13.1	119.6	30.2	149.8
1287421PIP	2008	13	14	20.0	14.8	87.5	12.5	14.2	11.4	100.0	25.6	125.6
1287421PIP	2008	13	15	19.8	14.7	85.4	12.2	13.9	11.2	97.6	25.1	122.7
1287421PIP	2008	38	16	16.9	11.6	63.5	10.9	20.3	6.2	74.4	26.5	100.9
1287421PIP	2008	13	17	8.7	7.9	10.9	1.9	2.3	3.2	12.8	5.5	18.3
1287421PIP	2008	13	18	19.1	14.3	78.0	11.3	12.8	10.6	89.3	23.5	112.7
1287421PIP	2008	3	20	20.8	15.3	100.0	9.2	13.7	7.4	109.1	21.0	130.2
1287421PIP	2008	3	21	18.1	14.7	75.2	7.2	9.3	5.8	82.4	15.0	97.4
1287421PIP	2008	13	22	13.1	10.9	30.7	4.9	5.5	5.8	35.6	11.4	47.0
1287421PIP	2008	13	23	20.9	15.2	97.1	13.7	15.8	12.3	110.8	28.1	138.9
1287421PIP	2008	13	24	19.9	14.7	86.2	12.3	14.1	11.4	98.5	25.5	124.0
1287421PIP	2008	13	25	22.9	16.1	120.7	16.7	19.6	14.4	137.4	34.0	171.4
1287421PIP	2008	3	26	20.1	15.2	93.6	8.7	12.4	6.9	102.2	19.3	121.6
1287421PIP	2008	13	27	5.0	5.0	2.6	0.5	0.7	1.4	3.1	2.2	5.3
1287421PIP	2008	3	28	18.3	14.8	77.3	7.3	9.5	5.9	84.6	15.4	100.0
1287421PIP	2008	3	29	7.1	9.5	9.0	1.2	0.8	1.1	10.2	1.9	12.1
1287421PIP	2008	13	30	23.0	16.1	121.7	16.8	19.8	14.6	138.5	34.4	172.9
1287411PIP	2008	74	1	10.3	12.4	18.7	4.3	2.6	1.2	23.0	3.8	26.8
1287411PIP	2008	74	2	11.0	12.7	21.8	5.0	3.1	1.3	26.8	4.5	31.2
1287411PIP	2008	74	3	13.0	13.6	32.4	7.4	4.9	1.7	39.8	6.6	46.4
1287411PIP	2008	74	4	10.9	12.7	21.4	4.9	3.1	1.3	26.3	4.4	30.7
1287411PIP	2008	74	5	6.4	9.6	5.7	1.3	0.8	0.5	7.0	1.3	8.3
1287411PIP	2008	74	6	11.8	13.1	25.8	5.9	3.8	1.5	31.7	5.3	37.0
1287411PIP	2008	38	7	2.9	5.1	0.9	0.2	0.2	0.3	1.1	0.4	1.6
1287411PIP	2008	74	8	7.5	10.5	8.5	2.0	1.2	0.7	10.5	1.9	12.3
1287411PIP	2008	74	9	12.5	13.4	29.6	6.7	4.4	1.6	36.3	6.0	42.3
1287411PIP	2008	74	10	5.0	8.2	3.0	0.7	0.4	0.4	3.7	0.8	4.5
1287411PIP	2008	74	11	4.6	7.8	2.4	0.6	0.3	0.3	3.0	0.7	3.6
1287411PIP	2008	74	12	10.9	12.7	21.4	4.9	3.1	1.3	26.3	4.4	30.7
1287411PIP	2008	74	13	11.6	13.0	24.8	5.7	3.6	1.4	30.4	5.1	35.5
1287411PIP	2008	74	16	6.9	10.0	6.9	1.6	0.9	0.6	8.5	1.5	10.0
1287411PIP	2008	74	17	6.6	9.8	6.2	1.5	0.8	0.6	7.6	1.4	9.0
1287411PIP	2008	74	18	11.4	12.9	23.7	5.4	3.5	1.4	29.2	4.8	34.0
1287411PIP	2008	74	19	10.7	12.6	20.5	4.7	2.9	1.3	25.2	4.2	29.3
1287411PIP	2008	74	20	6.8	9.9	6.6	1.6	0.9	0.6	8.1	1.5	9.6
1287411PIP	2008	74	21	10.0	12.2	17.4	4.0	2.4	1.1	21.3	3.6	24.9
1287411PIP	2008	74	22	10.5	12.5	19.6	4.5	2.8	1.2	24.1	4.0	28.1
1287411PIP	2008	74	23	10.5	12.5	19.6	4.5	2.8	1.2	24.1	4.0	28.1
1287411PIP	2008	38	24	2.5	4.6	0.6	0.1	0.1	0.2	0.8	0.3	1.1
1287411PIP	2008	74	25	11.8	13.1	25.8	5.9	3.8	1.5	31.7	5.3	37.0
1287411PIP	2008	74	26	6.7	9.8	6.3	1.5	0.9	0.6	7.8	1.5	9.3
1287411PIP	2008	74	27	9.1	11.6	13.7	3.2	1.9	1.0	16.9	2.9	19.8
1287411PIP	2008	74	28	7.8	10.7	9.3	2.2	1.3	0.8	11.5	2.0	13.5
1287411PIP	2008	74	29	9.1	11.6	13.7	3.2	1.9	1.0	16.9	2.9	19.8
1287411PIP	2008	74	30	11.3	12.9	23.3	5.3	3.4	1.4	28.7	4.7	33.4
1287411PIP	2008	74	31	5.8	9.0	4.4	1.0	0.6	0.5	5.4	1.1	6.5
1287411PIP	2008	74	32	13.6	13.8	35.9	8.2	5.6	1.8	44.1	7.4	51.5
1287411PIP	2008	74	33	13.1	13.6	32.9	7.5	5.0	1.7	40.4	6.8	47.2
1287411PIP	2008	74	34	13.0	13.6	32.4	7.4	4.9	1.7	39.8	6.6	46.4
1287411PIP	2008	38	35	3.3	5.6	1.3	0.3	0.2	0.3	1.6	0.5	2.1
1287411PIP	2008	74	36	5.7	8.9	4.2	1.0	0.6	0.5	5.2	1.0	6.2
1287411PIP	2008	38	37	3.4	5.7	1.4	0.3	0.2	0.3	1.7	0.6	2.3
1287411PIP	2008	74	38	10.1	12.2	17.7	4.1	2.5	1.1	21.8	3.7	25.4
1287411PIP	2008	74	39	11.4	12.9	23.7	5.4	3.5	1.4	29.2	4.8	34.0
1287411PIP	2008	74	40	8.0	10.9	10.0	2.3	1.4	0.8	12.3	2.1	14.5
1287411PIP	2008	74	41	9.2	11.7	14.1	3.3	2.0	1.0	17.4	2.9	20.3
1287411PIP	2008	74	43	11.5	13.0	24.4	5.6	3.5	1.4	29.9	4.9	34.8
1287411PIP	2008	74	44	10.4	12.4	19.1	4.4	2.7	1.2	23.4	3.9	27.3
1287411PIP	2008	74	45	10.0	12.2	17.4	4.0	2.4	1.1	21.3	3.6	24.9
1287411PIP	2008	74	46	5.7	8.9	4.2	1.0	0.6	0.5	5.2	1.0	6.2
1287411PIP	2008	74	47	8.2	11.0	10.6	2.5	1.5	0.8	13.1	2.3	15.3
1287411PIP	2008	74	48	10.5	12.5	19.6	4.5	2.8	1.2	24.1	4.0	28.1
1287411PIP	2008	74	49	4.7	7.9	2.5	0.6	0.4	0.3	3.2	0.7	3.8
1287411PIP	2008	38	50	2.9	5.1	0.9	0.2	0.2	0.3	1.1	0.4	1.6
1287411PIP	2008	74	51	6.3	9.5	5.4	1.3	0.7	0.5	6.7	1.3	8.0
1287411PIP	2008	74	52	13.9	13.9	37.7	8.6	5.9	1.9	46.4	7.8	54.2
1287411PIP	2008	74	53	9.0	11.6	13.4	3.1	1.9	0.9	16.5	2.8	19.3
1287411PIP	2008	74	54	5.4	8.6	3.6	0.9	0.5	0.4	4.5	0.9	5.4
1287411PIP	2008	74	55	13.1	13.6	32.9	7.5	5.0	1.7	40.4	6.8	47.2
1287411PIP	2008	74	56	9.4	11.8	14.9	3.4	2.1	1.0	18.3	3.1	21.4
1287411PIP	2008	74	57	10.1	12.2	17.7	4.1	2.5	1.1	21.8	3.7	25.4
1287411PIP	2008	74	58	8.1	11.0	10.3	2.4	1.4	0.8	12.7	2.2	14.9
1287411PIP	2008	74	59	3.8	6.8	1.4	0.4	0.2	0.2	1.8	0.4	2.2
1287411PIP	2008	74	60	12.7	13.5	30.7	7.0	4.6	1.7	37.7	6.3	44.0
1287411PIP	2008	74	61	8.2	11.0	10.6	2.5	1.5	0.8	13.1	2.3	15.3
1287411PIP	2008	74	62	6.7	9.8	6.3	1.5	0.9	0.6	7.8	1.5	9.3
1287411PIP	2008	74	63	9.2	11.7	14.1	3.3	2.0	1.0	17.4	2.9	20.3
1287411PIP	2008	74	64	5.2	8.4	3.3	0.8	0.5	0.4	4.1	0.8	4.9
1287411PIP	2008	74	65	12.6	13.4	30.0	6.9	4.5	1.6	36.9	6.2	43.0
1287411PIP	2008	74	66	12.4	13.4	29.1	6.6	4.3	1.6	35.7	5.9	41.6
1287411PIP	2008	12	67	5.0	4.7	2.1	0.5	0.8	1.7	2.7	2.5	5.1
1287411PIP	2008	74	68	4.4	7.5	2.1	0.5	0.3	0.3	2.6	0.6	3.2
1287411PIP	2008	74	69	12.8	13.5	31.2	7.1	4.7	1.7	38.3	6.4	44.7
1287411PIP	2008	74	70	13.3	13.7	34.1	7.8	5.2	1.8	41.9	7.0	48.9
1287411PIP	2008	74	71	5.0	8.2	3.0	0.7	0.4	0.4	3.7	0.8	4.5
1287411PIP	2008	74	72	5.7	8.9	4.2	1.0	0.6	0.5	5.2	1.0	6.2
1287411PIP	2008	74	73	10.9	12.7	21.4	4.9	3.1	1.3	26.3	4.4	30.7
1287411PIP	2008	74	74	13.0	13.6	32.4	7.4	4.9	1.7	39.8	6.6	46.4
1287411PIP	2008	38	75	4.4	6.7	2.7	0.5	0.5	0.5	3.2	1.0	4.2
1287411PIP	2008	74	76	16.1	14.6	52.9	12.1	8.8	2.4	64.9	11.2	76.2
1287411PIP	2008	74	77	4.9	8.1	2.8	0.7	0.4	0.4	3.5	0.7	4.3
1287411PIP	2008	74	78	7.1	10.2	7.4	1.7	1.0	0.6	9.1	1.6	10.8
1287411PIP	2008	74	79	8.8	11.4	12.6	2.9	1.8	0.9	15.5	2.7	18.2
1287411PIP	2008	74	80	9.1	11.6	13.7	3.2	1.9	1.0	16.9	2.9	19.8
1287411PIP	2008	74	81	14.2	14.0	39.6	9.1	6.3	2.0	48.7	8.2	56.9
1287411PIP	2008	74	82	11.1	12.8	22.4	5.1	3.2	1.3	27.5	4.5	32.0
1287411PIP	2008	38	84	2.9	5.1	0.9	0.2	0.2	0.3	1.1	0.4	1.6
1287411PIP	2008	38	85	2.8	5.0	0.9	0.2	0.1	0.3	1.0	0.4	1.4
1287411PIP	2008	74	86	10.4	12.4	19.1	4.4	2.7	1.2	23.4	3.9	27.3
1287411PIP	2008	74	87	12.4	13.4	29.1	6.6	4.3	1.6	35.7	5.9	41.6
1287411PIP	2008	74	88	10.5	12.5	19.6	4.5	2.8	1.2	24.1	4.0	28.1
1287411PIP	2008	74	89	8.4	11.2	11.3	2.6	1.5	0.8	13.9	2.4	16.3
1287411PIP	2008	20	90	5.4	5.3	2.7	0.5	0.5	1.3	3.2	1.8	5.1
1287411PIP	2008	38	94	4.7	7.0	3.2	0.6	0.6	0.6	3.8	1.1	4.9
1287411PIP	2008	38	95	2.7	4.9	0.8	0.2	0.1	0.2	1.0	0.4	1.3
1287411PIP	2008	74	96	10.2	12.3	18.2	4.2	2.6	1.2	22.4	3.7	26.1
1287411PIP	2008	20	97	7.4	6.9	6.1	1.1	1.1	2.2	7.2	3.3	10.5
1287411PIP	2008	74	98	9.0	11.6	13.4	3.1	1.9	0.9	16.5	2.8	19.3
1287411PIP	2008	38	99	2.6	4.8	0.7	0.2	0.1	0.2	0.9	0.3	1.2
1287411PIP	2008	38	100	3.0	5.2	1.0	0.2	0.2	0.3	1.2	0.5	1.7
1287411PIP	2008	38	101	2.9	5.1	0.9	0.2	0.2	0.3	1.1	0.4	1.6
1287411PIP	2008	20	102	2.8	3.1	0.5	0.1	0.1	0.5	0.6	0.6	1.2
1287411PIP	2008	20	103	2.6	2.9	0.4	0.1	0.1	0.4	0.5	0.5	1.0
1287411PIP	2008	74	104	8.8	11.4	12.6	2.9	1.8	0.9	15.5	2.7	18.2
1287411PIP	2008	74	105	10.0	12.2	17.4	4.0	2.4	1.1	21.3	3.6	24.9
1287411PIP	2008	38	109	5.3	7.5	4.3	0.8	0.8	0.7	5.1	1.5	6.6
1287411PIP	2008	74	110	7.9	10.8	9.7	2.2	1.3	0.8	11.9	2.1	14.0
1287411PIP	2008	74	111	10.3	12.4	18.7	4.3	2.6	1.2	23.0	3.8	26.8
1287411PIP	2008	74	112	6.1	9.3	5.0	1.2	0.7	0.5	6.2	1.2	7.4
1287411PIP	2008	20	113	5.8	5.6	3.3	0.6	0.6	1.5	3.9	2.1	6.0
1287411PIP	2008	74	114	8.7	11.4	12.3	2.8	1.7	0.9	15.2	2.6	17.8
1287411PIP	2008	74	116	8.8	11.4	12.6	2.9	1.8	0.9	15.5	2.7	18.2
1287411PIP	2008	74	117	9.0	11.6	13.4	3.1	1.9	0.9	16.5	2.8	19.3
1287411PIP	2008	74	118	8.9	11.5	13.0	3.0	1.8	0.9	16.0	2.7	18.7
1287411PIP	2008	38	121	3.8	6.1	1.9	0.4	0.3	0.4	2.2	0.7	3.0
1287411PIP	2008	38	122	4.3	6.6	2.5	0.5	0.4	0.5	3.0	0.9	4.0
1287411PIP	2008	38	124	3.4	5.7	1.4	0.3	0.2	0.3	1.7	0.6	2.3
1287411PIP	2008	74	125	6.1	9.3	5.0	1.2	0.7	0.5	6.2	1.2	7.4
1287411PIP	2008	74	126	5.8	9.0	4.4	1.0	0.6	0.5	5.4	1.1	6.5
1287411PIP	2008	74	127	8.4	11.2	11.3	2.6	1.5	0.8	13.9	2.4	16.3
1287411PIP	2008	74	128	10.5	12.5	19.6	4.5	2.8	1.2	24.1	4.0	28.1
1287411PIP	2008	74	129	6.2	9.4	5.2	1.2	0.7	0.5	6.5	1.2	7.7
1287411PIP	2008	74	130	6.7	9.8	6.3	1.5	0.9	0.6	7.8	1.5	9.3
1287411PIP	2008	74	131	5.7	8.9	4.2	1.0	0.6	0.5	5.2	1.0	6.2
1287411PIP	2008	74	132	6.6	9.8	6.2	1.5	0.8	0.6	7.6	1.4	9.0
1287411PIP	2008	74	133	9.3	11.8	14.6	3.3	2.0	1.0	17.9	3.0	20.9
1287411PIP	2008	74	135	8.1	11.0	10.3	2.4	1.4	0.8	12.7	2.2	14.9
1287411PIP	2008	74	137	10.1	12.2	17.7	4.1	2.5	1.1	21.8	3.7	25.4
1287411PIP	2008	74	138	11.3	12.9	23.3	5.3	3.4	1.4	28.7	4.7	33.4
1287411PIP	2008	74	139	7.3	10.3	7.9	1.8	1.1	0.7	9.7	1.8	11.5
1287411PIP	2008	74	140	8.9	11.5	13.0	3.0	1.8	0.9	16.0	2.7	18.7
1287411PIP	2008	74	142	8.3	11.1	10.9	2.5	1.5	0.8	13.5	2.3	15.8
1287411PIP	2008	74	144	8.0	10.9	10.0	2.3	1.4	0.8	12.3	2.1	14.5
1287411PIP	2008	74	147	10.0	12.2	17.4	4.0	2.4	1.1	21.3	3.6	24.9
1287411PIP	2008	74	148	6.8	9.9	6.6	1.6	0.9	0.6	8.1	1.5	9.6
1287411PIP	2008	74	150	5.8	9.0	4.4	1.0	0.6	0.5	5.4	1.1	6.5
1287411PIP	2008	74	151	6.1	9.3	5.0	1.2	0.7	0.5	6.2	1.2	7.4
1287411PIP	2008	74	152	9.8	12.1	16.6	3.8	2.3	1.1	20.4	3.4	23.8
1287411PIP	2008	74	153	7.2	10.3	7.7	1.8	1.0	0.7	9.5	1.7	11.2
1287411PIP	2008	74	154	6.2	9.4	5.2	1.2	0.7	0.5	6.5	1.2	7.7
1294266PIP	2008	20	1	4.3	3.7	1.3	0.2	0.4	1.1	1.6	1.5	3.1
1294266PIP	2008	13	2	2.6	2.9	0.5	0.1	0.2	0.6	0.6	0.7	1.3
1294266PIP	2008	3	3	4.5	4.4	1.6	0.4	0.4	0.5	2.0	0.9	2.9
1294266PIP	2008	3	4	3.6	4.0	1.0	0.2	0.2	0.3	1.2	0.6	1.8
1294266PIP	2008	3	5	4.2	4.3	1.4	0.3	0.4	0.4	1.7	0.8	2.5
1294266PIP	2008	3	6	5.6	4.8	2.6	0.6	0.8	0.7	3.1	1.5	4.6
1294266PIP	2008	3	7	3.7	4.0	1.0	0.3	0.3	0.3	1.3	0.6	1.9
1294266PIP	2008	3	8	4.9	4.6	1.9	0.4	0.5	0.6	2.4	1.1	3.5
1294266PIP	2008	3	9	4.3	4.3	1.4	0.3	0.4	0.4	1.8	0.8	2.6
1294266PIP	2008	3	10	3.6	4.0	1.0	0.2	0.2	0.3	1.2	0.6	1.8
1294266PIP	2008	13	11	4.7	4.1	1.9	0.4	0.8	1.6	2.3	2.4	4.7
1294266PIP	2008	3	12	5.4	4.8	2.4	0.5	0.7	0.7	3.0	1.4	4.3
1294266PIP	2008	3	13	7.0	5.2	4.1	0.8	1.4	1.1	5.0	2.5	7.5
1294266PIP	2008	3	14	5.4	4.8	2.4	0.5	0.7	0.7	3.0	1.4	4.3
1294266PIP	2008	3	15	6.5	5.1	3.6	0.7	1.1	0.9	4.3	2.1	6.4
1294266PIP	2008	3	16	3.6	4.0	1.0	0.2	0.2	0.3	1.2	0.6	1.8
1294266PIP	2008	3	17	3.2	3.8	0.7	0.2	0.2	0.3	0.9	0.4	1.4
1294266PIP	2008	3	18	4.3	4.3	1.4	0.3	0.4	0.4	1.8	0.8	2.6
1294266PIP	2008	3	19	4.3	4.3	1.4	0.3	0.4	0.4	1.8	0.8	2.6
1294266PIP	2008	3	20	5.2	4.7	2.2	0.5	0.6	0.6	2.7	1.2	4.0
1294266PIP	2008	3	21	4.0	4.2	1.2	0.3	0.3	0.4	1.5	0.7	2.2
1294266PIP	2008	3	22	5.6	4.8	2.6	0.6	0.8	0.7	3.1	1.5	4.6
1294266PIP	2008	3	23	5.0	4.6	2.0	0.5	0.6	0.6	2.5	1.1	3.6
1294266PIP	2008	3	24	5.2	4.7	2.2	0.5	0.6	0.6	2.7	1.2	4.0
1294266PIP	2008	3	25	2.5	3.4	0.4	0.1	0.1	0.2	0.6	0.3	0.8
1294266PIP	2008	3	26	3.7	4.0	1.0	0.3	0.3	0.3	1.3	0.6	1.9
1294266PIP	2008	3	27	5.0	4.6	2.0	0.5	0.6	0.6	2.5	1.1	3.6
1294266PIP	2008	3	28	4.1	4.2	1.3	0.3	0.3	0.4	1.6	0.7	2.3
1294266PIP	2008	3	29	5.6	4.8	2.6	0.6	0.8	0.7	3.1	1.5	4.6
1294266PIP	2008	3	30	6.5	5.1	3.6	0.7	1.1	0.9	4.3	2.1	6.4
1294266PIP	2008	3	31	5.2	4.7	2.2	0.5	0.6	0.6	2.7	1.2	4.0
1294266PIP	2008	3	32	5.5	4.8	2.5	0.5	0.7	0.7	3.0	1.4	4.5
1294266PIP	2008	3	33	4.8	4.5	1.8	0.4	0.5	0.5	2.3	1.0	3.3
1294266PIP	2008	3	34	4.6	4.5	1.7	0.4	0.4	0.5	2.1	0.9	3.0
1294266PIP	2008	3	35	3.9	4.1	1.1	0.3	0.3	0.4	1.4	0.7	2.1
1294266PIP	2008	3	36	3.0	3.7	0.6	0.2	0.1	0.2	0.8	0.4	1.2
1294266PIP	2008	3	37	4.7	4.5	1.8	0.4	0.5	0.5	2.2	1.0	3.2
1294266PIP	2008	3	38	4.3	4.3	1.4	0.3	0.4	0.4	1.8	0.8	2.6
1294266PIP	2008	3	39	2.7	3.5	0.5	0.1	0.1	0.2	0.7	0.3	1.0
1294266PIP	2008	3	40	3.8	4.1	1.1	0.3	0.3	0.4	1.4	0.6	2.0
1294266PIP	2008	3	41	3.8	4.1	1.1	0.3	0.3	0.4	1.4	0.6	2.0
1294266PIP	2008	3	42	5.0	4.6	2.0	0.5	0.6	0.6	2.5	1.1	3.6
1294266PIP	2008	3	43	3.4	3.9	0.9	0.2	0.2	0.3	1.1	0.5	1.6
1294266PIP	2008	3	44	4.7	4.5	1.8	0.4	0.5	0.5	2.2	1.0	3.2
1294266PIP	2008	3	45	2.7	3.5	0.5	0.1	0.1	0.2	0.7	0.3	1.0
1294266PIP	2008	3	46	3.4	3.9	0.9	0.2	0.2	0.3	1.1	0.5	1.6
1294266PIP	2008	3	47	5.9	4.9	2.9	0.6	0.9	0.8	3.5	1.7	5.2
1294266PIP	2008	13	48	2.9	3.1	0.6	0.2	0.2	0.7	0.8	0.9	1.7
1294266PIP	2008	3	49	8.4	5.5	6.0	1.2	2.3	1.5	7.2	3.8	11.0
1294266PIP	2008	3	50	3.9	4.1	1.1	0.3	0.3	0.4	1.4	0.7	2.1
1294266PIP	2008	3	51	4.8	4.5	1.8	0.4	0.5	0.5	2.3	1.0	3.3
1294266PIP	2008	3	52	5.9	4.9	2.9	0.6	0.9	0.8	3.5	1.7	5.2
1294266PIP	2008	3	53	5.1	4.6	2.1	0.5	0.6	0.6	2.6	1.2	3.8
1294266PIP	2008	3	54	4.4	4.4	1.5	0.4	0.4	0.5	1.9	0.9	2.8
1294266PIP	2008	3	55	3.2	3.8	0.7	0.2	0.2	0.3	0.9	0.4	1.4
1294266PIP	2008	3	56	6.1	5.0	3.1	0.7	1.0	0.8	3.8	1.8	5.6
1294266PIP	2008	3	57	5.9	4.9	2.9	0.6	0.9	0.8	3.5	1.7	5.2
1294266PIP	2008	3	59	3.3	3.8	0.8	0.2	0.2	0.3	1.0	0.5	1.5
1294266PIP	2008	3	60	5.4	4.8	2.4	0.5	0.7	0.7	3.0	1.4	4.3
1294266PIP	2008	3	61	6.1	5.0	3.1	0.7	1.0	0.8	3.8	1.8	5.6
1294266PIP	2008	3	62	6.0	5.0	3.0	0.6	0.9	0.8	3.7	1.7	5.4
1294266PIP	2008	3	63	3.5	3.9	0.9	0.2	0.2	0.3	1.1	0.5	1.7
1294266PIP	2008	3	65	7.6	5.4	5.0	1.0	1.7	1.2	6.0	3.0	8.9
1294266PIP	2008	3	66	4.2	4.3	1.4	0.3	0.4	0.4	1.7	0.8	2.5
1294266PIP	2008	3	67	8.7	5.6	6.6	1.3	2.5	1.6	7.8	4.1	11.9
1294266PIP	2008	3	68	3.8	4.1	1.1	0.3	0.3	0.4	1.4	0.6	2.0
1294266PIP	2008	3	69	4.0	4.2	1.2	0.3	0.3	0.4	1.5	0.7	2.2
1294266PIP	2008	3	70	4.4	4.4	1.5	0.4	0.4	0.5	1.9	0.9	2.8
1294266PIP	2008	3	73	6.9	5.2	4.0	0.8	1.3	1.0	4.9	2.4	7.2
1294266PIP	2008	3	74	3.6	4.0	1.0	0.2	0.2	0.3	1.2	0.6	1.8
1294266PIP	2008	3	75	4.1	4.2	1.3	0.3	0.3	0.4	1.6	0.7	2.3
1294266PIP	2008	3	76	5.3	4.7	2.3	0.5	0.7	0.6	2.8	1.3	4.1
1294266PIP	2008	20	77	3.8	3.4	1.0	0.2	0.3	0.9	1.2	1.2	2.3
1294266PIP	2008	3	78	6.0	5.0	3.0	0.6	0.9	0.8	3.7	1.7	5.4
1294266PIP	2008	13	79	3.9	3.7	1.2	0.3	0.5	1.1	1.5	1.6	3.2
1294266PIP	2008	3	80	4.3	4.3	1.4	0.3	0.4	0.4	1.8	0.8	2.6
1294266PIP	2008	3	81	3.6	4.0	1.0	0.2	0.2	0.3	1.2	0.6	1.8
1294266PIP	2008	3	82	7.2	5.3	4.5	0.9	1.5	1.1	5.3	2.6	8.0
1294266PIP	2008	3	83	6.2	5.0	3.2	0.7	1.0	0.8	3.9	1.9	5.8
1294266PIP	2008	3	84	5.1	4.6	2.1	0.5	0.6	0.6	2.6	1.2	3.8
1294266PIP	2008	3	85	2.9	3.6	0.6	0.2	0.1	0.2	0.8	0.4	1.1
1294266PIP	2008	3	86	3.2	3.8	0.7	0.2	0.2	0.3	0.9	0.4	1.4
1294266PIP	2008	3	87	2.6	3.4	0.5	0.1	0.1	0.2	0.6	0.3	0.9
1294266PIP	2008	3	88	4.4	4.4	1.5	0.4	0.4	0.5	1.9	0.9	2.8
1294266PIP	2008	3	89	3.1	3.7	0.7	0.2	0.2	0.2	0.9	0.4	1.3
1294266PIP	2008	3	91	7.5	5.3	4.8	1.0	1.7	1.2	5.7	2.9	8.6
1294266PIP	2008	3	92	3.4	3.9	0.9	0.2	0.2	0.3	1.1	0.5	1.6
1294266PIP	2008	3	93	6.4	5.1	3.5	0.7	1.1	0.9	4.2	2.0	6.2
1294266PIP	2008	3	94	7.0	5.2	4.1	0.8	1.4	1.1	5.0	2.5	7.5
1294266PIP	2008	3	95	8.3	5.5	5.9	1.1	2.2	1.4	7.1	3.7	10.7
1294266PIP	2008	3	96	2.9	3.6	0.6	0.2	0.1	0.2	0.8	0.4	1.1
1294266PIP	2008	3	97	3.9	4.1	1.1	0.3	0.3	0.4	1.4	0.7	2.1
1294266PIP	2008	3	98	2.5	3.4	0.4	0.1	0.1	0.2	0.6	0.3	0.8
1294266PIP	2008	3	99	5.6	4.8	2.6	0.6	0.8	0.7	3.1	1.5	4.6
1294266PIP	2008	3	100	5.3	4.7	2.3	0.5	0.7	0.6	2.8	1.3	4.1
1294266PIP	2008	3	101	5.0	4.6	2.0	0.5	0.6	0.6	2.5	1.1	3.6
1294266PIP	2008	3	102	4.4	4.4	1.5	0.4	0.4	0.5	1.9	0.9	2.8
1294266PIP	2008	3	103	3.9	4.1	1.1	0.3	0.3	0.4	1.4	0.7	2.1
1294266PIP	2008	3	104	5.0	4.6	2.0	0.5	0.6	0.6	2.5	1.1	3.6
1294266PIP	2008	3	105	3.6	4.0	1.0	0.2	0.2	0.3	1.2	0.6	1.8
1294266PIP	2008	3	106	4.8	4.5	1.8	0.4	0.5	0.5	2.3	1.0	3.3
1294266PIP	2008	3	107	5.0	4.6	2.0	0.5	0.6	0.6	2.5	1.1	3.6
1294266PIP	2008	3	108	6.1	5.0	3.1	0.7	1.0	0.8	3.8	1.8	5.6
1294266PIP	2008	3	109	5.0	4.6	2.0	0.5	0.6	0.6	2.5	1.1	3.6
1294266PIP	2008	3	110	3.9	4.1	1.1	0.3	0.3	0.4	1.4	0.7	2.1
1294266PIP	2008	3	111	7.1	5.3	4.3	0.9	1.4	1.1	5.2	2.5	7.7
1294266PIP	2008	3	112	6.3	5.0	3.3	0.7	1.1	0.9	4.0	1.9	5.9
1294266PIP	2008	3	113	4.4	4.4	1.5	0.4	0.4	0.5	1.9	0.9	2.8
1294266PIP	2008	3	114	5.9	4.9	2.9	0.6	0.9	0.8	3.5	1.7	5.2
1294266PIP	2008	3	115	2.9	3.6	0.6	0.2	0.1	0.2	0.8	0.4	1.1
1294266PIP	2008	3	116	5.7	4.9	2.7	0.6	0.8	0.7	3.3	1.5	4.8
1294266PIP	2008	3	117	4.5	4.4	1.6	0.4	0.4	0.5	2.0	0.9	2.9
1294266PIP	2008	3	119	7.0	5.2	4.1	0.8	1.4	1.1	5.0	2.5	7.5
1294266PIP	2008	3	120	7.2	5.3	4.5	0.9	1.5	1.1	5.3	2.6	8.0
1294266PIP	2008	3	121	4.0	4.2	1.2	0.3	0.3	0.4	1.5	0.7	2.2
1294266PIP	2008	3	122	5.5	4.8	2.5	0.5	0.7	0.7	3.0	1.4	4.5
1294266PIP	2008	3	123	5.1	4.6	2.1	0.5	0.6	0.6	2.6	1.2	3.8
1294266PIP	2008	3	124	4.9	4.6	1.9	0.4	0.5	0.6	2.4	1.1	3.5
1294266PIP	2008	3	125	4.5	4.4	1.6	0.4	0.4	0.5	2.0	0.9	2.9
1294266PIP	2008	3	126	5.6	4.8	2.6	0.6	0.8	0.7	3.1	1.5	4.6
1294266PIP	2008	3	127	9.2	5.7	7.4	1.4	3.0	1.7	8.8	4.7	13.4
1294266PIP	2008	3	128	4.4	4.4	1.5	0.4	0.4	0.5	1.9	0.9	2.8
1294266PIP	2008	3	129	2.6	3.4	0.5	0.1	0.1	0.2	0.6	0.3	0.9
1294266PIP	2008	3	130	4.4	4.4	1.5	0.4	0.4	0.5	1.9	0.9	2.8
1294266PIP	2008	3	131	6.0	5.0	3.0	0.6	0.9	0.8	3.7	1.7	5.4
1294266PIP	2008	3	132	5.0	4.6	2.0	0.5	0.6	0.6	2.5	1.1	3.6
1294266PIP	2008	3	133	5.6	4.8	2.6	0.6	0.8	0.7	3.1	1.5	4.6
1294266PIP	2008	3	134	3.3	3.8	0.8	0.2	0.2	0.3	1.0	0.5	1.5
1294266PIP	2008	3	135	2.7	3.5	0.5	0.1	0.1	0.2	0.7	0.3	1.0
1294266PIP	2008	3	137	4.6	4.5	1.7	0.4	0.4	0.5	2.1	0.9	3.0
1294266PIP	2008	3	138	6.4	5.1	3.5	0.7	1.1	0.9	4.2	2.0	6.2
1294266PIP	2008	3	139	3.8	4.1	1.1	0.3	0.3	0.4	1.4	0.6	2.0
1294266PIP	2008	3	140	3.5	3.9	0.9	0.2	0.2	0.3	1.1	0.5	1.7
1294266PIP	2008	3	141	7.1	5.3	4.3	0.9	1.4	1.1	5.2	2.5	7.7
1294266PIP	2008	3	142	5.5	4.8	2.5	0.5	0.7	0.7	3.0	1.4	4.5
1294266PIP	2008	3	143	6.3	5.0	3.3	0.7	1.1	0.9	4.0	1.9	5.9
1294266PIP	2008	3	144	3.9	4.1	1.1	0.3	0.3	0.4	1.4	0.7	2.1
1294266PIP	2008	3	145	8.0	5.5	5.6	1.1	2.0	1.3	6.7	3.3	10.0
1294266PIP	2008	3	146	6.6	5.1	3.7	0.8	1.2	0.9	4.4	2.1	6.6
1294266PIP	2008	3	147	2.7	3.5	0.5	0.1	0.1	0.2	0.7	0.3	1.0
1294266PIP	2008	3	148	4.7	4.5	1.8	0.4	0.5	0.5	2.2	1.0	3.2
1294266PIP	2008	3	149	2.7	3.5	0.5	0.1	0.1	0.2	0.7	0.3	1.0
1294266PIP	2008	3	150	6.4	5.1	3.5	0.7	1.1	0.9	4.2	2.0	6.2
1294266PIP	2008	3	152	3.2	3.8	0.7	0.2	0.2	0.3	0.9	0.4	1.4
1294266PIP	2008	3	153	5.8	4.9	2.8	0.6	0.8	0.8	3.4	1.6	5.0
1294266PIP	2008	3	154	2.9	3.6	0.6	0.2	0.1	0.2	0.8	0.4	1.1
1294266PIP	2008	3	155	3.6	4.0	1.0	0.2	0.2	0.3	1.2	0.6	1.8
1294266PIP	2008	3	156	5.2	4.7	2.2	0.5	0.6	0.6	2.7	1.2	4.0
1294266PIP	2008	3	157	5.4	4.8	2.4	0.5	0.7	0.7	3.0	1.4	4.3
1294266PIP	2008	3	158	5.0	4.6	2.0	0.5	0.6	0.6	2.5	1.1	3.6
1294266PIP	2008	3	159	2.9	3.6	0.6	0.2	0.1	0.2	0.8	0.4	1.1
1294266PIP	2008	3	160	5.0	4.6	2.0	0.5	0.6	0.6	2.5	1.1	3.6
1294266PIP	2008	3	161	6.3	5.0	3.3	0.7	1.1	0.9	4.0	1.9	5.9
1294266PIP	2008	3	162	4.2	4.3	1.4	0.3	0.4	0.4	1.7	0.8	2.5
1294266PIP	2008	3	163	4.8	4.5	1.8	0.4	0.5	0.5	2.3	1.0	3.3
1294266PIP	2008	3	164	3.2	3.8	0.7	0.2	0.2	0.3	0.9	0.4	1.4
1294266PIP	2008	3	165	3.1	3.7	0.7	0.2	0.2	0.2	0.9	0.4	1.3
1294266PIP	2008	3	166	4.8	4.5	1.8	0.4	0.5	0.5	2.3	1.0	3.3
1294266PIP	2008	3	167	5.2	4.7	2.2	0.5	0.6	0.6	2.7	1.2	4.0
1294266PIP	2008	3	168	4.7	4.5	1.8	0.4	0.5	0.5	2.2	1.0	3.2
1294266PIP	2008	3	169	4.1	4.2	1.3	0.3	0.3	0.4	1.6	0.7	2.3
1294266PIP	2008	20	170	4.0	3.5	1.1	0.2	0.3	1.0	1.3	1.3	2.6
1294266PIP	2008	3	171	4.7	4.5	1.8	0.4	0.5	0.5	2.2	1.0	3.2
1294266PIP	2008	3	172	3.5	3.9	0.9	0.2	0.2	0.3	1.1	0.5	1.7
1294266PIP	2008	3	173	3.4	3.9	0.9	0.2	0.2	0.3	1.1	0.5	1.6
1294266PIP	2008	3	174	3.7	4.0	1.0	0.3	0.3	0.3	1.3	0.6	1.9
1294266PIP	2008	3	175	2.7	3.5	0.5	0.1	0.1	0.2	0.7	0.3	1.0
1294266PIP	2008	3	176	7.0	5.2	4.1	0.8	1.4	1.1	5.0	2.5	7.5
1294266PIP	2008	3	177	4.6	4.5	1.7	0.4	0.4	0.5	2.1	0.9	3.0
1294266PIP	2008	3	179	3.1	3.7	0.7	0.2	0.2	0.2	0.9	0.4	1.3
1294266PIP	2008	3	181	3.7	4.0	1.0	0.3	0.3	0.3	1.3	0.6	1.9
1294266PIP	2008	3	182	3.5	3.9	0.9	0.2	0.2	0.3	1.1	0.5	1.7
1294266PIP	2008	3	183	6.4	5.1	3.5	0.7	1.1	0.9	4.2	2.0	6.2
1294266PIP	2008	3	184	6.0	5.0	3.0	0.6	0.9	0.8	3.7	1.7	5.4
1294266PIP	2008	3	185	3.2	3.8	0.7	0.2	0.2	0.3	0.9	0.4	1.4
1294266PIP	2008	3	186	7.0	5.2	4.1	0.8	1.4	1.1	5.0	2.5	7.5
1294266PIP	2008	3	187	6.4	5.1	3.5	0.7	1.1	0.9	4.2	2.0	6.2
1294266PIP	2008	3	188	3.6	4.0	1.0	0.2	0.2	0.3	1.2	0.6	1.8
1294266PIP	2008	3	189	5.5	4.8	2.5	0.5	0.7	0.7	3.0	1.4	4.5
1294266PIP	2008	3	190	6.9	5.2	4.0	0.8	1.3	1.0	4.9	2.4	7.2
1294266PIP	2008	3	191	4.8	4.5	1.8	0.4	0.5	0.5	2.3	1.0	3.3
1294266PIP	2008	3	192	6.3	5.0	3.3	0.7	1.1	0.9	4.0	1.9	5.9
1294266PIP	2008	3	193	7.3	5.3	4.6	0.9	1.6	1.1	5.5	2.7	8.2
1294266PIP	2008	3	194	4.2	4.3	1.4	0.3	0.4	0.4	1.7	0.8	2.5
1294266PIP	2008	3	195	5.9	4.9	2.9	0.6	0.9	0.8	3.5	1.7	5.2
1294266PIP	2008	3	196	4.3	4.3	1.4	0.3	0.4	0.4	1.8	0.8	2.6
1294266PIP	2008	3	197	2.6	3.4	0.5	0.1	0.1	0.2	0.6	0.3	0.9
1294266PIP	2008	3	198	7.3	5.3	4.6	0.9	1.6	1.1	5.5	2.7	8.2
1294266PIP	2008	3	199	3.6	4.0	1.0	0.2	0.2	0.3	1.2	0.6	1.8
1294266PIP	2008	3	200	5.9	4.9	2.9	0.6	0.9	0.8	3.5	1.7	5.2
1294266PIP	2008	3	201	4.3	4.3	1.4	0.3	0.4	0.4	1.8	0.8	2.6
1294266PIP	2008	3	202	2.9	3.6	0.6	0.2	0.1	0.2	0.8	0.4	1.1
1294276PIP	2008	3	1	2.8	3.7	0.6	0.2	0.1	0.2	0.7	0.3	1.1
1294276PIP	2008	3	28	2.6	3.6	0.5	0.1	0.1	0.2	0.6	0.3	0.9
1294276PIP	2008	3	29	4.1	4.4	1.4	0.3	0.3	0.4	1.7	0.7	2.4
1294276PIP	2008	3	30	4.0	4.3	1.3	0.3	0.3	0.4	1.6	0.7	2.3
1294276PIP	2008	3	31	3.2	3.9	0.8	0.2	0.2	0.3	1.0	0.4	1.4
1294276PIP	2008	3	32	2.6	3.6	0.5	0.1	0.1	0.2	0.6	0.3	0.9
1294276PIP	2008	3	33	4.7	4.6	1.8	0.4	0.5	0.5	2.2	1.0	3.2
1294276PIP	2008	3	34	2.8	3.7	0.6	0.2	0.1	0.2	0.7	0.3	1.1
1294276PIP	2008	74	35	2.8	4.0	0.5	0.1	0.1	0.1	0.6	0.3	0.8
1294276PIP	2008	3	36	2.5	3.5	0.4	0.1	0.1	0.2	0.6	0.3	0.8
1294276PIP	2008	3	37	5.7	4.9	2.7	0.6	0.8	0.7	3.3	1.5	4.8
1294276PIP	2008	3	38	2.7	3.6	0.5	0.1	0.1	0.2	0.7	0.3	1.0
1294276PIP	2008	3	39	4.1	4.4	1.4	0.3	0.3	0.4	1.7	0.7	2.4
1294276PIP	2008	74	40	3.1	4.3	0.6	0.2	0.2	0.2	0.8	0.3	1.1
1294276PIP	2008	74	41	3.3	4.4	0.7	0.2	0.2	0.2	0.9	0.4	1.3
1294276PIP	2008	13	42	3.0	3.1	0.7	0.2	0.3	0.7	0.8	1.0	1.8
1294276PIP	2008	3	43	4.9	4.7	2.0	0.5	0.5	0.6	2.5	1.1	3.5
1294276PIP	2008	3	44	3.6	4.1	1.0	0.3	0.2	0.3	1.3	0.6	1.8
1294276PIP	2008	3	45	3.4	4.0	0.9	0.2	0.2	0.3	1.1	0.5	1.6
1294276PIP	2008	3	46	2.8	3.7	0.6	0.2	0.1	0.2	0.7	0.3	1.1
1294276PIP	2008	3	47	2.7	3.6	0.5	0.1	0.1	0.2	0.7	0.3	1.0
1294276PIP	2008	3	48	4.5	4.5	1.6	0.4	0.4	0.5	2.0	0.9	2.9
1294276PIP	2008	3	49	3.2	3.9	0.8	0.2	0.2	0.3	1.0	0.4	1.4
1294276PIP	2008	3	50	3.6	4.1	1.0	0.3	0.2	0.3	1.3	0.6	1.8
1294276PIP	2008	3	51	3.3	4.0	0.8	0.2	0.2	0.3	1.1	0.5	1.5
1294276PIP	2008	3	52	3.0	3.8	0.7	0.2	0.1	0.2	0.9	0.4	1.2
1294276PIP	2008	3	53	3.2	3.9	0.8	0.2	0.2	0.3	1.0	0.4	1.4
1294276PIP	2008	3	54	3.1	3.9	0.7	0.2	0.2	0.2	0.9	0.4	1.3
1294276PIP	2008	74	55	2.5	3.8	0.3	0.1	0.1	0.1	0.4	0.2	0.7
1294276PIP	2008	3	57	3.0	3.8	0.7	0.2	0.1	0.2	0.9	0.4	1.2
1294276PIP	2008	74	58	3.1	4.3	0.6	0.2	0.2	0.2	0.8	0.3	1.1
1294276PIP	2008	3	59	2.6	3.6	0.5	0.1	0.1	0.2	0.6	0.3	0.9
1294276PIP	2008	3	60	4.6	4.6	1.8	0.4	0.4	0.5	2.2	0.9	3.1
1294276PIP	2008	3	61	3.8	4.2	1.1	0.3	0.3	0.4	1.4	0.6	2.0
1294276PIP	2008	3	27	3.4	4.0	0.9	0.2	0.2	0.3	1.1	0.5	1.6
1294276PIP	2008	3	26	3.8	4.2	1.1	0.3	0.3	0.4	1.4	0.6	2.0
1294276PIP	2008	3	24	3.0	3.8	0.7	0.2	0.1	0.2	0.9	0.4	1.2
1294276PIP	2008	3	23	3.8	4.2	1.1	0.3	0.3	0.4	1.4	0.6	2.0
1294276PIP	2008	3	22	2.9	3.8	0.6	0.2	0.1	0.2	0.8	0.3	1.2
1294276PIP	2008	3	21	3.6	4.1	1.0	0.3	0.2	0.3	1.3	0.6	1.8
1294276PIP	2008	3	20	5.7	4.9	2.7	0.6	0.8	0.7	3.3	1.5	4.8
1294276PIP	2008	3	19	2.7	3.6	0.5	0.1	0.1	0.2	0.7	0.3	1.0
1294276PIP	2008	3	18	3.0	3.8	0.7	0.2	0.1	0.2	0.9	0.4	1.2
1294276PIP	2008	3	17	4.1	4.4	1.4	0.3	0.3	0.4	1.7	0.7	2.4
1294276PIP	2008	3	16	4.8	4.6	1.9	0.4	0.5	0.5	2.3	1.0	3.3
1294276PIP	2008	3	15	3.0	3.8	0.7	0.2	0.1	0.2	0.9	0.4	1.2
1294276PIP	2008	3	14	3.3	4.0	0.8	0.2	0.2	0.3	1.1	0.5	1.5
1294276PIP	2008	3	13	3.1	3.9	0.7	0.2	0.2	0.2	0.9	0.4	1.3
1294276PIP	2008	3	12	4.1	4.4	1.4	0.3	0.3	0.4	1.7	0.7	2.4
1294276PIP	2008	3	11	3.2	3.9	0.8	0.2	0.2	0.3	1.0	0.4	1.4
1294276PIP	2008	3	10	3.4	4.0	0.9	0.2	0.2	0.3	1.1	0.5	1.6
1294276PIP	2008	3	9	3.5	4.1	1.0	0.2	0.2	0.3	1.2	0.5	1.7
1294276PIP	2008	3	8	4.5	4.5	1.6	0.4	0.4	0.5	2.0	0.9	2.9
1294276PIP	2008	3	7	3.8	4.2	1.1	0.3	0.3	0.4	1.4	0.6	2.0
1294276PIP	2008	3	6	4.3	4.5	1.5	0.4	0.4	0.4	1.9	0.8	2.7
1294276PIP	2008	3	5	3.0	3.8	0.7	0.2	0.1	0.2	0.9	0.4	1.2
1294276PIP	2008	3	4	2.5	3.5	0.4	0.1	0.1	0.2	0.6	0.3	0.8
1294276PIP	2008	3	3	2.5	3.5	0.4	0.1	0.1	0.2	0.6	0.3	0.8
1294276PIP	2008	3	62	2.8	3.7	0.6	0.2	0.1	0.2	0.7	0.3	1.1
1294276PIP	2008	3	63	3.3	4.0	0.8	0.2	0.2	0.3	1.1	0.5	1.5
1294276PIP	2008	3	64	4.0	4.3	1.3	0.3	0.3	0.4	1.6	0.7	2.3
1294276PIP	2008	3	65	2.6	3.6	0.5	0.1	0.1	0.2	0.6	0.3	0.9
1294276PIP	2008	74	66	2.5	3.8	0.3	0.1	0.1	0.1	0.4	0.2	0.7
1294276PIP	2008	3	67	2.5	3.5	0.4	0.1	0.1	0.2	0.6	0.3	0.8
1294276PIP	2008	3	68	5.5	4.9	2.6	0.6	0.7	0.7	3.1	1.4	4.5
1294276PIP	2008	3	69	3.9	4.3	1.2	0.3	0.3	0.4	1.5	0.7	2.2
1294276PIP	2008	3	70	3.8	4.2	1.1	0.3	0.3	0.4	1.4	0.6	2.0
1294276PIP	2008	3	71	3.4	4.0	0.9	0.2	0.2	0.3	1.1	0.5	1.6
1294276PIP	2008	3	72	4.7	4.6	1.8	0.4	0.5	0.5	2.2	1.0	3.2
1294276PIP	2008	3	73	3.4	4.0	0.9	0.2	0.2	0.3	1.1	0.5	1.6
1294276PIP	2008	3	74	3.3	4.0	0.8	0.2	0.2	0.3	1.1	0.5	1.5
1294276PIP	2008	3	76	3.6	4.1	1.0	0.3	0.2	0.3	1.3	0.6	1.8
1294276PIP	2008	74	77	3.5	4.6	0.8	0.2	0.2	0.2	1.0	0.4	1.5
1294276PIP	2008	3	78	2.6	3.6	0.5	0.1	0.1	0.2	0.6	0.3	0.9
1294276PIP	2008	74	79	4.2	5.0	1.3	0.4	0.3	0.3	1.6	0.6	2.2
1294276PIP	2008	3	80	4.7	4.6	1.8	0.4	0.5	0.5	2.2	1.0	3.2
1294276PIP	2008	3	81	4.5	4.5	1.6	0.4	0.4	0.5	2.0	0.9	2.9
1294276PIP	2008	3	82	3.2	3.9	0.8	0.2	0.2	0.3	1.0	0.4	1.4
1294276PIP	2008	3	83	3.1	3.9	0.7	0.2	0.2	0.2	0.9	0.4	1.3
1294276PIP	2008	3	84	2.5	3.5	0.4	0.1	0.1	0.2	0.6	0.3	0.8
1294276PIP	2008	3	85	2.5	3.5	0.4	0.1	0.1	0.2	0.6	0.3	0.8
1294276PIP	2008	3	86	3.3	4.0	0.8	0.2	0.2	0.3	1.1	0.5	1.5
1294276PIP	2008	3	87	3.1	3.9	0.7	0.2	0.2	0.2	0.9	0.4	1.3
1294276PIP	2008	3	88	2.8	3.7	0.6	0.2	0.1	0.2	0.7	0.3	1.1
1294276PIP	2008	3	90	2.9	3.8	0.6	0.2	0.1	0.2	0.8	0.3	1.2
1294276PIP	2008	3	92	2.8	3.7	0.6	0.2	0.1	0.2	0.7	0.3	1.1
1294276PIP	2008	3	93	3.3	4.0	0.8	0.2	0.2	0.3	1.1	0.5	1.5
1294276PIP	2008	3	94	2.6	3.6	0.5	0.1	0.1	0.2	0.6	0.3	0.9
1294276PIP	2008	3	95	4.1	4.4	1.4	0.3	0.3	0.4	1.7	0.7	2.4
1294276PIP	2008	3	96	5.0	4.7	2.1	0.5	0.6	0.6	2.5	1.1	3.7
1294276PIP	2008	3	97	4.0	4.3	1.3	0.3	0.3	0.4	1.6	0.7	2.3
1294276PIP	2008	3	98	3.0	3.8	0.7	0.2	0.1	0.2	0.9	0.4	1.2
1294276PIP	2008	3	99	3.1	3.9	0.7	0.2	0.2	0.2	0.9	0.4	1.3
1294276PIP	2008	3	100	3.1	3.9	0.7	0.2	0.2	0.2	0.9	0.4	1.3
1294276PIP	2008	3	101	4.2	4.4	1.4	0.3	0.3	0.4	1.8	0.8	2.5
1294276PIP	2008	3	103	3.1	3.9	0.7	0.2	0.2	0.2	0.9	0.4	1.3
1294276PIP	2008	3	104	3.3	4.0	0.8	0.2	0.2	0.3	1.1	0.5	1.5
1294276PIP	2008	3	105	3.8	4.2	1.1	0.3	0.3	0.4	1.4	0.6	2.0
1294276PIP	2008	3	106	3.0	3.8	0.7	0.2	0.1	0.2	0.9	0.4	1.2
1294276PIP	2008	3	107	5.5	4.9	2.6	0.6	0.7	0.7	3.1	1.4	4.5
1294276PIP	2008	3	108	2.7	3.6	0.5	0.1	0.1	0.2	0.7	0.3	1.0
1294276PIP	2008	3	109	3.1	3.9	0.7	0.2	0.2	0.2	0.9	0.4	1.3
1294276PIP	2008	3	111	4.8	4.6	1.9	0.4	0.5	0.5	2.3	1.0	3.3
1294276PIP	2008	3	112	4.0	4.3	1.3	0.3	0.3	0.4	1.6	0.7	2.3
1294276PIP	2008	3	113	3.4	4.0	0.9	0.2	0.2	0.3	1.1	0.5	1.6
1294276PIP	2008	3	114	2.5	3.5	0.4	0.1	0.1	0.2	0.6	0.3	0.8
1294276PIP	2008	3	115	2.6	3.6	0.5	0.1	0.1	0.2	0.6	0.3	0.9
1294276PIP	2008	3	117	3.3	4.0	0.8	0.2	0.2	0.3	1.1	0.5	1.5
1294276PIP	2008	3	118	2.8	3.7	0.6	0.2	0.1	0.2	0.7	0.3	1.1
1294276PIP	2008	3	119	2.9	3.8	0.6	0.2	0.1	0.2	0.8	0.3	1.2
1294276PIP	2008	3	120	2.7	3.6	0.5	0.1	0.1	0.2	0.7	0.3	1.0
1294276PIP	2008	3	122	2.9	3.8	0.6	0.2	0.1	0.2	0.8	0.3	1.2
1294276PIP	2008	3	123	2.8	3.7	0.6	0.2	0.1	0.2	0.7	0.3	1.1
1294276PIP	2008	3	124	2.9	3.8	0.6	0.2	0.1	0.2	0.8	0.3	1.2
1294276PIP	2008	3	125	3.9	4.3	1.2	0.3	0.3	0.4	1.5	0.7	2.2
1294276PIP	2008	3	126	4.5	4.5	1.6	0.4	0.4	0.5	2.0	0.9	2.9
1294276PIP	2008	3	127	3.3	4.0	0.8	0.2	0.2	0.3	1.1	0.5	1.5
1294276PIP	2008	3	128	4.4	4.5	1.6	0.4	0.4	0.5	1.9	0.9	2.8
1294276PIP	2008	3	129	4.0	4.3	1.3	0.3	0.3	0.4	1.6	0.7	2.3
1294276PIP	2008	3	130	2.9	3.8	0.6	0.2	0.1	0.2	0.8	0.3	1.2
1294276PIP	2008	3	131	2.7	3.6	0.5	0.1	0.1	0.2	0.7	0.3	1.0
1294276PIP	2008	3	132	2.7	3.6	0.5	0.1	0.1	0.2	0.7	0.3	1.0
1294276PIP	2008	3	133	2.5	3.5	0.4	0.1	0.1	0.2	0.6	0.3	0.8
1294276PIP	2008	3	134	4.3	4.5	1.5	0.4	0.4	0.4	1.9	0.8	2.7
1294276PIP	2008	3	135	2.5	3.5	0.4	0.1	0.1	0.2	0.6	0.3	0.8
1294276PIP	2008	3	136	3.5	4.1	1.0	0.2	0.2	0.3	1.2	0.5	1.7
1294276PIP	2008	3	137	3.7	4.2	1.1	0.3	0.2	0.3	1.4	0.6	1.9
1294276PIP	2008	3	138	3.9	4.3	1.2	0.3	0.3	0.4	1.5	0.7	2.2
1294276PIP	2008	3	139	3.0	3.8	0.7	0.2	0.1	0.2	0.9	0.4	1.2
1294276PIP	2008	3	140	2.5	3.5	0.4	0.1	0.1	0.2	0.6	0.3	0.8
1294276PIP	2008	3	141	3.4	4.0	0.9	0.2	0.2	0.3	1.1	0.5	1.6
1294276PIP	2008	3	143	5.0	4.7	2.1	0.5	0.6	0.6	2.5	1.1	3.7
1294276PIP	2008	3	144	3.2	3.9	0.8	0.2	0.2	0.3	1.0	0.4	1.4
1294276PIP	2008	3	145	2.9	3.8	0.6	0.2	0.1	0.2	0.8	0.3	1.2
1294276PIP	2008	3	146	3.5	4.1	1.0	0.2	0.2	0.3	1.2	0.5	1.7
1294276PIP	2008	3	147	4.5	4.5	1.6	0.4	0.4	0.5	2.0	0.9	2.9
1294276PIP	2008	74	148	2.8	4.0	0.5	0.1	0.1	0.1	0.6	0.3	0.8
1294276PIP	2008	3	149	2.8	3.7	0.6	0.2	0.1	0.2	0.7	0.3	1.1
1294276PIP	2008	3	150	5.4	4.9	2.5	0.5	0.7	0.7	3.0	1.3	4.4
1294276PIP	2008	3	152	4.2	4.4	1.4	0.3	0.3	0.4	1.8	0.8	2.5
1294276PIP	2008	3	154	2.6	3.6	0.5	0.1	0.1	0.2	0.6	0.3	0.9
1294276PIP	2008	3	155	3.1	3.9	0.7	0.2	0.2	0.2	0.9	0.4	1.3
1294276PIP	2008	3	157	4.9	4.7	2.0	0.5	0.5	0.6	2.5	1.1	3.5
1294276PIP	2008	3	158	2.5	3.5	0.4	0.1	0.1	0.2	0.6	0.3	0.8
1294276PIP	2008	3	159	2.5	3.5	0.4	0.1	0.1	0.2	0.6	0.3	0.8
1294276PIP	2008	3	160	5.0	4.7	2.1	0.5	0.6	0.6	2.5	1.1	3.7
1294276PIP	2008	3	161	4.1	4.4	1.4	0.3	0.3	0.4	1.7	0.7	2.4
1294276PIP	2008	3	162	3.8	4.2	1.1	0.3	0.3	0.4	1.4	0.6	2.0
1294276PIP	2008	3	163	4.7	4.6	1.8	0.4	0.5	0.5	2.2	1.0	3.2
1294276PIP	2008	3	164	4.1	4.4	1.4	0.3	0.3	0.4	1.7	0.7	2.4
1294276PIP	2008	3	165	3.9	4.3	1.2	0.3	0.3	0.4	1.5	0.7	2.2
1294276PIP	2008	3	166	2.8	3.7	0.6	0.2	0.1	0.2	0.7	0.3	1.1
1294276PIP	2008	3	167	3.0	3.8	0.7	0.2	0.1	0.2	0.9	0.4	1.2
1294276PIP	2008	3	168	2.6	3.6	0.5	0.1	0.1	0.2	0.6	0.3	0.9
1294276PIP	2008	3	169	2.9	3.8	0.6	0.2	0.1	0.2	0.8	0.3	1.2
1294276PIP	2008	3	170	3.7	4.2	1.1	0.3	0.2	0.3	1.4	0.6	1.9
1294276PIP	2008	3	171	3.9	4.3	1.2	0.3	0.3	0.4	1.5	0.7	2.2
1294276PIP	2008	3	172	3.2	3.9	0.8	0.2	0.2	0.3	1.0	0.4	1.4
1294276PIP	2008	3	173	3.5	4.1	1.0	0.2	0.2	0.3	1.2	0.5	1.7
1294276PIP	2008	3	174	2.7	3.6	0.5	0.1	0.1	0.2	0.7	0.3	1.0
1294276PIP	2008	3	178	3.0	3.8	0.7	0.2	0.1	0.2	0.9	0.4	1.2
1294276PIP	2008	3	179	3.6	4.1	1.0	0.3	0.2	0.3	1.3	0.6	1.8
1294276PIP	2008	3	180	3.2	3.9	0.8	0.2	0.2	0.3	1.0	0.4	1.4
1294276PIP	2008	3	181	2.7	3.6	0.5	0.1	0.1	0.2	0.7	0.3	1.0
1294276PIP	2008	3	182	3.4	4.0	0.9	0.2	0.2	0.3	1.1	0.5	1.6
1294276PIP	2008	3	184	4.4	4.5	1.6	0.4	0.4	0.5	1.9	0.9	2.8
1294276PIP	2008	3	185	3.5	4.1	1.0	0.2	0.2	0.3	1.2	0.5	1.7
1294276PIP	2008	3	186	3.2	3.9	0.8	0.2	0.2	0.3	1.0	0.4	1.4
1294276PIP	2008	3	187	2.9	3.8	0.6	0.2	0.1	0.2	0.8	0.3	1.2
1294276PIP	2008	3	189	2.5	3.5	0.4	0.1	0.1	0.2	0.6	0.3	0.8
1294276PIP	2008	3	191	3.7	4.2	1.1	0.3	0.2	0.3	1.4	0.6	1.9
1294276PIP	2008	3	193	4.2	4.4	1.4	0.3	0.3	0.4	1.8	0.8	2.5
1294276PIP	2008	3	194	3.1	3.9	0.7	0.2	0.2	0.2	0.9	0.4	1.3
1294276PIP	2008	3	195	3.4	4.0	0.9	0.2	0.2	0.3	1.1	0.5	1.6
1294276PIP	2008	3	196	4.5	4.5	1.6	0.4	0.4	0.5	2.0	0.9	2.9
1294276PIP	2008	3	197	3.0	3.8	0.7	0.2	0.1	0.2	0.9	0.4	1.2
1294276PIP	2008	3	198	2.9	3.8	0.6	0.2	0.1	0.2	0.8	0.3	1.2
1294276PIP	2008	3	200	3.4	4.0	0.9	0.2	0.2	0.3	1.1	0.5	1.6
1294276PIP	2008	3	201	4.1	4.4	1.4	0.3	0.3	0.4	1.7	0.7	2.4
1294276PIP	2008	3	202	2.7	3.6	0.5	0.1	0.1	0.2	0.7	0.3	1.0
1294276PIP	2008	3	203	3.9	4.3	1.2	0.3	0.3	0.4	1.5	0.7	2.2
1294276PIP	2008	3	204	4.2	4.4	1.4	0.3	0.3	0.4	1.8	0.8	2.5
1294276PIP	2008	3	205	3.6	4.1	1.0	0.3	0.2	0.3	1.3	0.6	1.8
1294276PIP	2008	3	207	3.3	4.0	0.8	0.2	0.2	0.3	1.1	0.5	1.5
1294276PIP	2008	3	208	2.5	3.5	0.4	0.1	0.1	0.2	0.6	0.3	0.8
1294276PIP	2008	3	210	2.7	3.6	0.5	0.1	0.1	0.2	0.7	0.3	1.0
1294276PIP	2008	3	211	5.2	4.8	2.3	0.5	0.6	0.6	2.8	1.2	4.0
1294276PIP	2008	3	213	2.7	3.6	0.5	0.1	0.1	0.2	0.7	0.3	1.0
1294276PIP	2008	3	214	3.0	3.8	0.7	0.2	0.1	0.2	0.9	0.4	1.2
1294276PIP	2008	3	215	3.4	4.0	0.9	0.2	0.2	0.3	1.1	0.5	1.6
1294276PIP	2008	3	216	3.3	4.0	0.8	0.2	0.2	0.3	1.1	0.5	1.5
1294276PIP	2008	3	217	2.7	3.6	0.5	0.1	0.1	0.2	0.7	0.3	1.0
1294276PIP	2008	3	218	3.4	4.0	0.9	0.2	0.2	0.3	1.1	0.5	1.6
1294276PIP	2008	3	219	2.8	3.7	0.6	0.2	0.1	0.2	0.7	0.3	1.1
1294276PIP	2008	3	220	3.0	3.8	0.7	0.2	0.1	0.2	0.9	0.4	1.2
1294276PIP	2008	3	221	2.6	3.6	0.5	0.1	0.1	0.2	0.6	0.3	0.9
1294286PIP	2008	20	1	10.9	8.4	14.8	2.7	3.2	4.7	17.5	7.9	25.5
1294286PIP	2008	13	2	11.8	9.2	21.6	3.6	5.0	5.6	25.2	10.6	35.9
1294286PIP	2008	13	3	3.8	3.7	1.2	0.3	0.5	1.1	1.5	1.5	3.0
1294286PIP	2008	13	4	3.7	3.6	1.1	0.3	0.4	1.0	1.4	1.5	2.8
1294286PIP	2008	74	5	5.6	9.0	4.1	1.0	0.5	0.4	5.1	1.0	6.0
1294286PIP	2008	74	6	6.8	10.1	6.7	1.6	0.9	0.6	8.3	1.5	9.8
1294286PIP	2008	25	7	3.0	4.5	1.0	0.2	0.2	0.4	1.2	0.5	1.7
1294286PIP	2008	74	8	6.3	9.7	5.6	1.3	0.7	0.5	6.9	1.3	8.1
1294286PIP	2008	74	9	7.8	10.9	9.5	2.2	1.3	0.8	11.7	2.0	13.7
1294286PIP	2008	74	10	4.9	8.3	2.9	0.7	0.4	0.4	3.6	0.7	4.3
1294286PIP	2008	74	11	6.4	9.8	5.8	1.4	0.8	0.5	7.2	1.3	8.5
1294286PIP	2008	74	12	4.0	7.2	1.7	0.4	0.2	0.3	2.1	0.5	2.6
1294286PIP	2008	74	13	5.8	9.2	4.5	1.1	0.6	0.5	5.5	1.1	6.6
1294286PIP	2008	74	14	3.0	5.9	0.8	0.2	0.1	0.2	1.0	0.3	1.3
1294286PIP	2008	74	15	4.5	7.8	2.3	0.6	0.3	0.3	2.9	0.6	3.5
1294286PIP	2008	74	16	9.8	12.2	16.7	3.8	2.3	1.1	20.5	3.4	23.9
1294286PIP	2008	74	17	3.4	6.5	1.1	0.3	0.2	0.2	1.4	0.3	1.7
1294286PIP	2008	74	18	10.3	12.5	18.9	4.3	2.6	1.2	23.2	3.8	27.0
1294286PIP	2008	74	19	9.8	12.2	16.7	3.8	2.3	1.1	20.5	3.4	23.9
1294286PIP	2008	74	20	9.0	11.7	13.5	3.1	1.8	0.9	16.7	2.8	19.4
1294286PIP	2008	74	22	10.1	12.4	18.0	4.1	2.5	1.1	22.1	3.6	25.7
1294286PIP	2008	74	23	6.2	9.6	5.3	1.3	0.7	0.5	6.6	1.2	7.8
1294286PIP	2008	74	24	6.9	10.2	7.0	1.6	0.9	0.6	8.6	1.5	10.2
1294286PIP	2008	74	25	4.9	8.3	2.9	0.7	0.4	0.4	3.6	0.7	4.3
1294286PIP	2008	74	26	2.5	5.2	0.5	0.1	0.1	0.1	0.6	0.2	0.8
1294286PIP	2008	74	27	10.5	12.6	19.8	4.5	2.8	1.2	24.3	4.0	28.2
1294286PIP	2008	38	28	3.0	5.2	1.0	0.2	0.2	0.3	1.2	0.5	1.7
1294286PIP	2008	3	29	10.5	11.1	21.1	2.5	2.3	2.2	23.7	4.5	28.2
1294286PIP	2008	3	32	8.4	10.1	12.9	1.7	1.3	1.5	14.6	2.7	17.3
1294286PIP	2008	3	34	7.5	9.6	10.0	1.4	1.0	1.2	11.4	2.1	13.5
1294286PIP	2008	3	35	5.0	7.7	3.8	0.6	0.3	0.6	4.5	0.9	5.4
1294286PIP	2008	3	36	2.7	5.4	0.9	0.2	0.1	0.2	1.1	0.3	1.3
1294286PIP	2008	3	37	3.4	6.2	1.5	0.3	0.1	0.3	1.8	0.4	2.2
1294286PIP	2008	3	38	4.5	7.3	3.0	0.5	0.3	0.5	3.5	0.7	4.2
1294286PIP	2008	74	39	4.3	7.6	2.0	0.5	0.3	0.3	2.6	0.6	3.1
1294286PIP	2008	3	41	10.9	11.2	22.8	2.7	2.6	2.3	25.5	4.9	30.4
1294286PIP	2008	3	42	8.2	10.0	12.2	1.6	1.2	1.4	13.8	2.6	16.4
1294286PIP	2008	3	43	8.9	10.4	14.7	1.9	1.5	1.6	16.6	3.1	19.7
1294286PIP	2008	3	44	8.3	10.0	12.5	1.6	1.2	1.4	14.1	2.7	16.8
1294286PIP	2008	3	45	12.2	11.7	29.1	3.3	3.5	2.8	32.4	6.3	38.7
1294286PIP	2008	3	46	4.5	7.3	3.0	0.5	0.3	0.5	3.5	0.7	4.2
1294286PIP	2008	3	47	3.7	6.5	1.9	0.3	0.2	0.3	2.2	0.5	2.7
1294286PIP	2008	3	48	6.8	9.1	7.9	1.1	0.7	1.0	9.1	1.7	10.8
1294286PIP	2008	3	49	14.5	12.4	41.8	4.6	5.6	3.9	46.4	9.4	55.8
1294286PIP	2008	3	50	9.4	10.6	16.6	2.1	1.7	1.8	18.6	3.5	22.1
1294286PIP	2008	3	51	5.5	8.1	4.8	0.7	0.4	0.7	5.5	1.1	6.7
1294286PIP	2008	3	52	7.0	9.2	8.4	1.2	0.8	1.1	9.6	1.9	11.5
1294286PIP	2008	38	53	3.0	5.2	1.0	0.2	0.2	0.3	1.2	0.5	1.7
1294286PIP	2008	25	54	7.4	8.4	9.0	1.3	1.5	1.4	10.2	2.9	13.1
1294286PIP	2008	74	55	6.8	10.1	6.7	1.6	0.9	0.6	8.3	1.5	9.8
1294286PIP	2008	74	56	4.4	7.7	2.2	0.5	0.3	0.3	2.7	0.6	3.3
1294286PIP	2008	74	57	5.3	8.7	3.5	0.8	0.5	0.4	4.4	0.9	5.3
1294286PIP	2008	74	59	5.0	8.4	3.1	0.7	0.4	0.4	3.8	0.8	4.6
1294286PIP	2008	74	60	16.1	14.6	52.9	12.1	8.8	2.4	64.9	11.2	76.2
1294286PIP	2008	38	61	5.4	7.6	4.5	0.9	0.8	0.7	5.3	1.5	6.9
1294286PIP	2008	3	62	8.9	10.4	14.7	1.9	1.5	1.6	16.6	3.1	19.7
1294286PIP	2008	3	63	10.4	11.0	20.6	2.5	2.3	2.1	23.1	4.4	27.5
1294286PIP	2008	3	66	15.4	12.6	47.2	5.1	6.6	4.3	52.3	10.9	63.2
1294286PIP	2008	3	67	3.0	5.7	1.1	0.2	0.1	0.2	1.3	0.3	1.7
1294286PIP	2008	3	68	13.2	12.0	34.3	3.8	4.3	3.3	38.1	7.6	45.7
1294286PIP	2008	3	70	7.3	9.4	9.3	1.3	0.9	1.1	10.6	2.0	12.6
1294286PIP	2008	3	71	10.0	10.9	19.0	2.3	2.0	2.0	21.4	4.0	25.4
1294286PIP	2008	74	72	10.0	12.3	17.5	4.0	2.4	1.1	21.5	3.6	25.1
1294286PIP	2008	74	73	6.2	9.6	5.3	1.3	0.7	0.5	6.6	1.2	7.8
1294286PIP	2008	74	74	9.5	12.0	15.4	3.5	2.1	1.0	19.0	3.2	22.1
1294286PIP	2008	74	75	5.5	8.9	3.9	0.9	0.5	0.4	4.8	0.9	5.8
1294286PIP	2008	74	76	5.6	9.0	4.1	1.0	0.5	0.4	5.1	1.0	6.0
1294286PIP	2008	74	77	11.8	13.2	26.0	5.9	3.8	1.5	31.9	5.2	37.2
1294286PIP	2008	3	79	5.8	8.4	5.5	0.8	0.5	0.8	6.3	1.2	7.6
1294286PIP	2008	3	80	4.2	7.0	2.5	0.4	0.2	0.4	3.0	0.6	3.6
1294286PIP	2008	3	81	11.5	11.5	25.8	3.0	3.0	2.6	28.8	5.5	34.3
1294286PIP	2008	3	82	8.3	10.0	12.5	1.6	1.2	1.4	14.1	2.7	16.8
1294286PIP	2008	73	83	6.3	9.8	5.4	1.6	0.6	0.6	7.0	1.2	8.2
1294286PIP	2008	3	84	4.5	7.3	3.0	0.5	0.3	0.5	3.5	0.7	4.2
1294286PIP	2008	3	85	8.0	9.9	11.6	1.5	1.1	1.3	13.1	2.5	15.6
1294286PIP	2008	3	87	9.5	10.6	16.9	2.1	1.8	1.8	19.0	3.6	22.6
1294286PIP	2008	3	88	12.1	11.7	28.7	3.3	3.4	2.8	32.0	6.2	38.2
1294286PIP	2008	3	89	7.7	9.7	10.6	1.4	1.0	1.2	12.0	2.3	14.3
1294286PIP	2008	3	90	5.5	8.1	4.8	0.7	0.4	0.7	5.5	1.1	6.7
1294286PIP	2008	74	91	6.2	9.6	5.3	1.3	0.7	0.5	6.6	1.2	7.8
1294286PIP	2008	74	92	3.4	6.5	1.1	0.3	0.2	0.2	1.4	0.3	1.7
1294286PIP	2008	38	93	8.0	9.4	11.7	2.2	2.3	1.4	13.8	3.7	17.5
1294286PIP	2008	38	94	6.4	8.3	6.8	1.3	1.3	1.0	8.0	2.2	10.3
1294286PIP	2008	38	95	4.5	6.8	2.8	0.6	0.5	0.5	3.4	1.0	4.4
1294286PIP	2008	3	96	10.6	11.1	21.5	2.6	2.4	2.2	24.1	4.6	28.7
1294286PIP	2008	38	97	2.7	4.9	0.8	0.2	0.1	0.2	1.0	0.4	1.3
1294286PIP	2008	38	98	2.5	4.6	0.6	0.1	0.1	0.2	0.8	0.3	1.1
1294286PIP	2008	3	99	12.6	11.8	31.0	3.5	3.8	3.0	34.6	6.8	41.4
1294286PIP	2008	3	100	9.7	10.7	17.7	2.2	1.9	1.9	19.9	3.8	23.6
1294286PIP	2008	3	103	6.4	8.8	6.9	1.0	0.6	0.9	7.9	1.5	9.4
1294286PIP	2008	3	104	14.3	12.3	40.5	4.4	5.4	3.8	44.9	9.2	54.0
1294286PIP	2008	3	105	5.1	7.8	4.0	0.6	0.4	0.6	4.7	1.0	5.6
1294286PIP	2008	3	106	5.7	8.3	5.2	0.8	0.5	0.7	6.1	1.2	7.3
1294286PIP	2008	3	108	7.4	9.5	9.6	1.3	0.9	1.2	11.0	2.1	13.1
1294286PIP	2008	74	110	3.8	7.0	1.5	0.4	0.2	0.2	1.8	0.4	2.3
1294286PIP	2008	74	111	4.5	7.8	2.3	0.6	0.3	0.3	2.9	0.6	3.5
1294286PIP	2008	3	112	3.0	5.7	1.1	0.2	0.1	0.2	1.3	0.3	1.7
1294286PIP	2008	74	113	8.0	11.1	10.2	2.4	1.3	0.8	12.5	2.1	14.7
1294286PIP	2008	38	114	5.0	7.2	3.7	0.7	0.7	0.6	4.4	1.3	5.7
1294286PIP	2008	74	115	14.2	14.1	39.9	9.1	6.2	2.0	49.0	8.2	57.2
1294286PIP	2008	74	116	10.8	12.8	21.2	4.8	3.0	1.3	26.0	4.2	30.3
1294286PIP	2008	74	118	7.1	10.4	7.6	1.8	1.0	0.6	9.3	1.6	10.9
1294286PIP	2008	74	119	2.9	5.8	0.7	0.2	0.1	0.2	0.9	0.3	1.2
1294286PIP	2008	74	120	3.7	6.9	1.4	0.3	0.2	0.2	1.7	0.4	2.1
1294286PIP	2008	74	121	5.4	8.8	3.7	0.9	0.5	0.4	4.6	0.9	5.5
1294286PIP	2008	74	122	11.3	13.0	23.5	5.4	3.4	1.4	28.9	4.7	33.6
1294286PIP	2008	20	123	8.8	7.2	8.8	1.6	1.9	3.3	10.3	5.1	15.5
1294286PIP	2008	74	125	5.5	8.9	3.9	0.9	0.5	0.4	4.8	0.9	5.8
1294286PIP	2008	74	126	4.6	7.9	2.4	0.6	0.3	0.3	3.0	0.6	3.7
1294286PIP	2008	74	127	3.4	6.5	1.1	0.3	0.2	0.2	1.4	0.3	1.7
1294286PIP	2008	74	129	11.5	13.1	24.6	5.6	3.5	1.4	30.1	4.9	35.1
1294286PIP	2008	74	130	7.3	10.5	8.0	1.9	1.1	0.7	9.9	1.7	11.7
1294286PIP	2008	74	131	6.7	10.0	6.5	1.5	0.9	0.6	8.0	1.4	9.4
1294286PIP	2008	74	132	8.7	11.5	12.5	2.9	1.7	0.9	15.3	2.6	17.9
1294286PIP	2008	74	133	3.1	6.1	0.9	0.2	0.1	0.2	1.1	0.3	1.4
1294286PIP	2008	74	135	5.7	9.1	4.3	1.0	0.6	0.5	5.3	1.0	6.3
1294286PIP	2008	38	136	7.1	8.8	8.7	1.6	1.7	1.1	10.4	2.8	13.2
1294286PIP	2008	74	137	3.1	6.1	0.9	0.2	0.1	0.2	1.1	0.3	1.4
1294286PIP	2008	74	138	2.8	5.7	0.7	0.2	0.1	0.1	0.8	0.2	1.1
1294286PIP	2008	74	139	5.3	8.7	3.5	0.8	0.5	0.4	4.4	0.9	5.3
1294286PIP	2008	74	140	3.1	6.1	0.9	0.2	0.1	0.2	1.1	0.3	1.4
1294286PIP	2008	74	141	4.3	7.6	2.0	0.5	0.3	0.3	2.6	0.6	3.1
1294286PIP	2008	74	142	4.7	8.1	2.6	0.6	0.3	0.3	3.2	0.7	3.9
1294286PIP	2008	74	143	7.4	10.6	8.3	1.9	1.1	0.7	10.3	1.8	12.1
1294286PIP	2008	74	144	7.1	10.4	7.6	1.8	1.0	0.6	9.3	1.6	10.9
1294286PIP	2008	74	145	3.3	6.4	1.0	0.3	0.1	0.2	1.3	0.3	1.6
1294286PIP	2008	13	147	9.2	7.5	11.4	2.1	3.0	3.9	13.4	6.9	20.3
1294286PIP	2008	38	148	14.0	11.6	43.0	7.5	11.1	4.0	50.5	15.2	65.7
1294286PIP	2008	13	149	7.7	6.5	7.2	1.4	2.0	3.0	8.6	5.1	13.7
1294286PIP	2008	74	150	6.2	9.6	5.3	1.3	0.7	0.5	6.6	1.2	7.8
1294286PIP	2008	74	151	5.5	8.9	3.9	0.9	0.5	0.4	4.8	0.9	5.8
1294286PIP	2008	74	152	2.9	5.8	0.7	0.2	0.1	0.2	0.9	0.3	1.2
1294286PIP	2008	74	153	7.8	10.9	9.5	2.2	1.3	0.8	11.7	2.0	13.7
1294286PIP	2008	20	154	5.9	5.2	3.2	0.6	0.7	1.7	3.7	2.4	6.2
1294286PIP	2008	74	155	5.1	8.5	3.2	0.8	0.4	0.4	4.0	0.8	4.8
1294286PIP	2008	13	156	10.7	8.5	16.8	2.9	4.1	4.9	19.7	9.0	28.7
1294286PIP	2008	74	157	4.3	7.6	2.0	0.5	0.3	0.3	2.6	0.6	3.1
1294286PIP	2008	25	158	3.5	5.0	1.4	0.3	0.3	0.5	1.7	0.7	2.4
1294286PIP	2008	13	159	3.6	3.5	1.0	0.2	0.4	1.0	1.3	1.4	2.7
1294286PIP	2008	13	160	7.5	6.4	6.8	1.3	1.9	2.9	8.1	4.8	12.9
1294286PIP	2008	13	161	4.0	3.8	1.3	0.3	0.5	1.2	1.6	1.7	3.3
1294286PIP	2008	13	164	8.5	7.1	9.4	1.7	2.5	3.5	11.1	5.9	17.0
1294286PIP	2008	74	165	11.4	13.0	23.9	5.5	3.4	1.4	29.4	4.8	34.2
1294286PIP	2008	74	166	12.0	13.3	27.1	6.2	3.9	1.5	33.3	5.5	38.7
1294286PIP	2008	74	167	6.1	9.5	5.1	1.2	0.7	0.5	6.3	1.2	7.5
1294286PIP	2008	74	168	7.1	10.4	7.6	1.8	1.0	0.6	9.3	1.6	10.9
1294286PIP	2008	74	169	8.7	11.5	12.5	2.9	1.7	0.9	15.3	2.6	17.9
1294286PIP	2008	74	170	5.3	8.7	3.5	0.8	0.5	0.4	4.4	0.9	5.3
1294286PIP	2008	74	171	5.0	8.4	3.1	0.7	0.4	0.4	3.8	0.8	4.6
1301151PIP	2008	13	1	18.2	18.6	93.3	12.3	7.5	6.6	105.6	14.1	119.7
1301151PIP	2008	13	2	7.0	8.5	8.0	1.4	1.0	1.6	9.4	2.7	12.0
1301151PIP	2008	13	3	3.4	4.5	1.2	0.3	0.2	0.6	1.5	0.9	2.3
1301151PIP	2008	13	4	3.0	4.1	0.9	0.2	0.2	0.5	1.1	0.7	1.8
1301151PIP	2008	13	5	6.0	7.4	5.3	1.0	0.8	1.3	6.3	2.1	8.4
1301151PIP	2008	20	6	13.1	12.6	29.5	5.0	3.6	4.8	34.5	8.4	42.9
1301151PIP	2008	20	7	2.5	3.1	0.4	0.1	0.1	0.4	0.5	0.4	0.9
1301151PIP	2008	13	8	2.9	3.9	0.8	0.2	0.2	0.5	1.0	0.7	1.6
1301151PIP	2008	20	9	11.2	11.3	20.1	3.4	2.4	3.6	23.5	6.0	29.6
1301151PIP	2008	13	10	5.0	6.3	3.3	0.6	0.5	1.0	3.9	1.6	5.5
1301151PIP	2008	13	11	3.1	4.2	0.9	0.2	0.2	0.5	1.2	0.7	1.9
1301151PIP	2008	13	12	2.5	3.5	0.5	0.1	0.1	0.4	0.7	0.5	1.2
1301151PIP	2008	20	13	10.4	10.7	16.8	2.8	2.0	3.2	19.6	5.2	24.8
1301151PIP	2008	13	14	3.8	4.9	1.6	0.3	0.3	0.7	1.9	1.0	2.9
1301151PIP	2008	20	15	12.8	12.4	27.9	4.7	3.4	4.6	32.6	8.0	40.6
1301151PIP	2008	13	16	8.0	9.5	11.3	1.9	1.3	2.0	13.2	3.3	16.5
1301151PIP	2008	13	17	6.3	7.7	6.0	1.1	0.8	1.4	7.1	2.3	9.4
1301151PIP	2008	20	19	10.3	10.6	16.3	2.7	1.9	3.2	19.1	5.1	24.2
1301151PIP	2008	13	20	3.8	4.9	1.6	0.3	0.3	0.7	1.9	1.0	2.9
1301151PIP	2008	13	21	2.8	3.8	0.7	0.2	0.2	0.5	0.9	0.6	1.5
1301151PIP	2008	13	22	6.6	8.0	6.8	1.2	0.9	1.5	8.0	2.4	10.4
1301151PIP	2008	13	23	5.3	6.6	3.8	0.7	0.6	1.1	4.5	1.7	6.3
1301151PIP	2008	13	24	5.2	6.5	3.6	0.7	0.6	1.1	4.3	1.7	6.0
1301151PIP	2008	13	25	5.4	6.7	4.0	0.8	0.6	1.2	4.7	1.8	6.5
1301151PIP	2008	13	26	9.6	11.2	18.3	2.9	1.9	2.5	21.2	4.5	25.7
1301151PIP	2008	20	27	6.3	7.0	4.6	0.8	0.6	1.5	5.4	2.0	7.5
1301151PIP	2008	20	28	12.1	11.9	24.3	4.1	2.9	4.2	28.4	7.1	35.5
1301151PIP	2008	13	29	2.8	3.8	0.7	0.2	0.2	0.5	0.9	0.6	1.5
1301151PIP	2008	20	30	4.4	5.1	1.8	0.3	0.3	0.8	2.1	1.1	3.2
1301151PIP	2008	13	31	7.9	9.4	10.9	1.8	1.3	1.9	12.7	3.3	16.0
1301151PIP	2008	20	32	12.3	12.0	25.2	4.3	3.1	4.3	29.5	7.4	36.9
1301151PIP	2008	13	33	4.1	5.3	1.9	0.4	0.4	0.8	2.3	1.1	3.5
1301151PIP	2008	13	34	3.6	4.7	1.4	0.3	0.3	0.7	1.7	0.9	2.6
1301151PIP	2008	74	35	32.4	21.3	305.8	66.5	53.9	7.5	372.4	61.4	433.8
1301151PIP	2008	20	36	10.7	10.9	18.0	3.0	2.1	3.4	21.0	5.5	26.5
1301151PIP	2008	20	37	11.7	11.6	22.3	3.8	2.7	3.9	26.1	6.6	32.7
1301151PIP	2008	74	39	2.6	6.5	0.7	0.2	0.1	0.1	0.8	0.2	1.0
1301151PIP	2008	13	40	21.1	20.5	133.2	17.0	10.6	8.4	150.2	19.0	169.2
1301151PIP	2008	13	42	16.0	16.9	67.6	9.2	5.7	5.4	76.8	11.0	87.9
1301151PIP	2008	13	43	3.5	4.6	1.3	0.3	0.3	0.6	1.6	0.9	2.5
1301151PIP	2008	13	44	2.5	3.5	0.5	0.1	0.1	0.4	0.7	0.5	1.2
1301151PIP	2008	13	45	3.1	4.2	0.9	0.2	0.2	0.5	1.2	0.7	1.9
1301151PIP	2008	13	46	4.1	5.3	1.9	0.4	0.4	0.8	2.3	1.1	3.5
1301151PIP	2008	20	47	12.4	12.1	25.8	4.4	3.1	4.3	30.1	7.5	37.6
1301151PIP	2008	13	48	2.7	3.7	0.7	0.2	0.2	0.4	0.8	0.6	1.4
1301151PIP	2008	13	50	4.5	5.7	2.5	0.5	0.4	0.9	3.0	1.3	4.3
1301151PIP	2008	13	51	2.7	3.7	0.7	0.2	0.2	0.4	0.8	0.6	1.4
1301151PIP	2008	13	52	3.2	4.3	1.0	0.2	0.2	0.6	1.3	0.8	2.0
1301151PIP	2008	13	53	3.4	4.5	1.2	0.3	0.2	0.6	1.5	0.9	2.3
1301151PIP	2008	13	54	2.5	3.5	0.5	0.1	0.1	0.4	0.7	0.5	1.2
1301151PIP	2008	13	55	4.4	5.6	2.3	0.5	0.4	0.9	2.8	1.3	4.1
1301161PIP	2008	13	1	6.7	6.4	5.6	1.1	1.3	2.2	6.6	3.5	10.1
1301161PIP	2008	13	2	19.6	15.0	85.6	12.2	13.0	10.7	97.8	23.7	121.5
1301161PIP	2008	13	3	2.6	3.0	0.5	0.1	0.2	0.5	0.6	0.7	1.3
1301161PIP	2008	20	4	4.8	5.3	2.2	0.4	0.3	1.0	2.6	1.3	3.9
1301161PIP	2008	20	5	8.4	8.6	9.4	1.6	1.2	2.4	11.0	3.6	14.6
1301161PIP	2008	13	6	17.1	13.7	61.6	9.0	9.5	8.5	70.6	18.0	88.6
1301161PIP	2008	13	7	9.6	8.7	14.2	2.5	2.8	3.6	16.7	6.3	23.0
1301161PIP	2008	13	8	8.7	8.0	11.0	2.0	2.3	3.1	12.9	5.4	18.3
1301161PIP	2008	13	9	13.7	11.6	35.3	5.5	5.9	6.0	40.8	11.9	52.7
1301161PIP	2008	20	10	3.9	4.4	1.3	0.2	0.2	0.7	1.5	0.9	2.4
1301161PIP	2008	13	11	16.9	13.6	59.9	8.8	9.2	8.3	68.7	17.6	86.2
1301161PIP	2008	20	12	3.4	3.9	0.9	0.2	0.1	0.6	1.1	0.7	1.8
1301161PIP	2008	20	13	4.2	4.7	1.6	0.3	0.2	0.8	1.8	1.1	2.9
1301161PIP	2008	20	14	6.1	6.5	4.1	0.7	0.6	1.5	4.8	2.0	6.8
1301161PIP	2008	20	15	3.3	3.8	0.8	0.1	0.1	0.6	1.0	0.7	1.7
1301161PIP	2008	13	16	14.4	12.1	40.2	6.2	6.5	6.5	46.4	12.9	59.3
1301161PIP	2008	13	17	5.3	5.3	3.1	0.6	0.8	1.5	3.7	2.3	6.0
1301161PIP	2008	13	18	2.8	3.2	0.6	0.1	0.2	0.6	0.8	0.8	1.5
1301161PIP	2008	13	19	4.6	4.7	2.1	0.5	0.6	1.3	2.6	1.9	4.4
1301161PIP	2008	13	20	11.5	10.1	22.6	3.7	4.0	4.6	26.3	8.7	35.0
1301161PIP	2008	13	21	12.0	10.5	25.4	4.1	4.4	4.9	29.4	9.3	38.7
1301161PIP	2008	13	22	10.3	9.2	17.0	2.9	3.2	4.0	19.9	7.2	27.1
1301161PIP	2008	13	23	11.5	10.1	22.6	3.7	4.0	4.6	26.3	8.7	35.0
1301161PIP	2008	13	24	9.7	8.8	14.6	2.5	2.8	3.6	17.1	6.4	23.6
1301161PIP	2008	13	25	14.5	12.1	40.7	6.2	6.6	6.6	47.0	13.2	60.2
1301161PIP	2008	13	26	2.7	3.1	0.5	0.1	0.2	0.6	0.7	0.8	1.4
1301161PIP	2008	13	27	3.5	3.8	1.1	0.2	0.3	0.8	1.3	1.2	2.5
1301161PIP	2008	13	28	3.7	3.9	1.2	0.3	0.4	0.9	1.5	1.3	2.8
1301161PIP	2008	13	29	10.5	9.4	18.0	3.0	3.3	4.1	21.0	7.4	28.3
1301161PIP	2008	20	30	5.0	5.5	2.5	0.4	0.4	1.1	2.9	1.4	4.3
1301161PIP	2008	13	31	11.6	10.2	23.2	3.8	4.1	4.7	27.0	8.8	35.8
1301161PIP	2008	13	32	3.5	3.8	1.1	0.2	0.3	0.8	1.3	1.2	2.5
1301161PIP	2008	13	33	9.3	8.5	13.1	2.3	2.6	3.4	15.4	6.0	21.4
1301161PIP	2008	13	34	3.5	3.8	1.1	0.2	0.3	0.8	1.3	1.2	2.5
1301161PIP	2008	13	35	9.8	8.9	15.1	2.6	2.9	3.7	17.6	6.5	24.2
1301161PIP	2008	13	36	6.9	6.6	6.0	1.1	1.4	2.2	7.2	3.6	10.8
1301161PIP	2008	13	38	15.4	12.7	47.5	7.2	7.5	7.2	54.7	14.7	69.4
1301161PIP	2008	13	39	5.2	5.2	2.9	0.6	0.8	1.5	3.5	2.3	5.8
1301161PIP	2008	13	40	9.5	8.6	13.8	2.4	2.7	3.5	16.2	6.3	22.4
1301161PIP	2008	13	41	14.3	12.0	39.4	6.1	6.4	6.4	45.5	12.8	58.3
1301161PIP	2008	13	42	2.9	3.3	0.7	0.2	0.2	0.6	0.8	0.8	1.7
1301161PIP	2008	13	43	9.2	8.4	12.7	2.2	2.5	3.4	15.0	5.9	20.8
1301161PIP	2008	13	45	12.8	11.0	29.7	4.7	5.1	5.4	34.5	10.5	45.0
1301161PIP	2008	13	46	6.0	5.9	4.2	0.8	1.0	1.8	5.1	2.9	7.9
1301161PIP	2008	13	47	14.1	11.9	38.1	5.9	6.2	6.3	44.0	12.5	56.5
1301161PIP	2008	20	48	5.5	6.0	3.2	0.5	0.5	1.2	3.7	1.7	5.4
1301161PIP	2008	13	49	5.5	5.4	3.3	0.7	0.9	1.6	4.0	2.5	6.5
1301161PIP	2008	13	50	9.2	8.4	12.7	2.2	2.5	3.4	15.0	5.9	20.8
1301161PIP	2008	13	52	3.3	3.6	0.9	0.2	0.3	0.8	1.1	1.1	2.2
1301161PIP	2008	13	53	6.3	6.1	4.8	0.9	1.2	2.0	5.7	3.1	8.8
1301161PIP	2008	13	54	5.2	5.2	2.9	0.6	0.8	1.5	3.5	2.3	5.8
1301161PIP	2008	13	55	8.4	7.8	10.1	1.8	2.1	2.9	11.9	5.0	16.9
1301161PIP	2008	13	56	10.6	9.5	18.5	3.1	3.4	4.1	21.5	7.5	29.0
1301161PIP	2008	13	57	7.8	7.3	8.3	1.5	1.8	2.7	9.8	4.5	14.3
1301161PIP	2008	13	58	12.3	10.7	27.0	4.3	4.6	5.1	31.3	9.7	41.0
1301161PIP	2008	13	59	20.7	15.5	97.4	13.7	14.9	11.7	111.0	26.6	137.6
1301161PIP	2008	20	60	4.0	4.5	1.4	0.2	0.2	0.8	1.6	1.0	2.6
1301161PIP	2008	13	61	10.1	9.1	16.2	2.8	3.1	3.8	19.0	6.9	25.9
1301161PIP	2008	13	62	10.6	9.5	18.5	3.1	3.4	4.1	21.5	7.5	29.0
1301161PIP	2008	20	63	5.4	5.9	3.0	0.5	0.4	1.2	3.5	1.6	5.1
1301161PIP	2008	13	64	7.5	7.1	7.5	1.4	1.7	2.5	8.9	4.2	13.1
1301161PIP	2008	13	65	13.7	11.6	35.3	5.5	5.9	6.0	40.8	11.9	52.7
1301161PIP	2008	13	66	5.9	5.8	4.0	0.8	1.0	1.8	4.8	2.8	7.6
1301161PIP	2008	13	67	3.4	3.7	1.0	0.2	0.3	0.8	1.2	1.1	2.3
1301161PIP	2008	13	68	3.7	3.9	1.2	0.3	0.4	0.9	1.5	1.3	2.8
1301161PIP	2008	13	69	6.9	6.6	6.0	1.1	1.4	2.2	7.2	3.6	10.8
1301161PIP	2008	13	70	5.5	5.4	3.3	0.7	0.9	1.6	4.0	2.5	6.5
1301161PIP	2008	13	71	3.3	3.6	0.9	0.2	0.3	0.8	1.1	1.1	2.2
1301161PIP	2008	13	72	15.9	13.0	51.4	7.7	8.1	7.6	59.1	15.6	74.8
1301161PIP	2008	13	73	16.2	13.2	54.0	8.0	8.4	7.8	62.0	16.2	78.2
1301161PIP	2008	13	74	7.5	7.1	7.5	1.4	1.7	2.5	8.9	4.2	13.1
1301161PIP	2008	13	75	10.3	9.2	17.0	2.9	3.2	4.0	19.9	7.2	27.1
1301161PIP	2008	13	77	5.0	5.0	2.6	0.5	0.7	1.4	3.1	2.2	5.3
1301161PIP	2008	13	78	7.8	7.3	8.3	1.5	1.8	2.7	9.8	4.5	14.3
1301161PIP	2008	13	79	11.0	9.7	20.1	3.3	3.7	4.4	23.4	8.1	31.5
1301161PIP	2008	13	80	2.7	3.1	0.5	0.1	0.2	0.6	0.7	0.8	1.4
1301161PIP	2008	13	81	7.6	7.2	7.8	1.4	1.7	2.5	9.2	4.2	13.5
1301161PIP	2008	13	82	7.9	7.4	8.6	1.6	1.8	2.7	10.2	4.5	14.7
1301161PIP	2008	13	83	2.7	3.1	0.5	0.1	0.2	0.6	0.7	0.8	1.4
1301161PIP	2008	13	84	3.1	3.4	0.8	0.2	0.3	0.7	0.9	1.0	1.9
1301161PIP	2008	13	85	9.7	8.8	14.6	2.5	2.8	3.6	17.1	6.4	23.6
1301161PIP	2008	20	86	5.4	5.9	3.0	0.5	0.4	1.2	3.5	1.6	5.1
1301161PIP	2008	13	87	6.7	6.4	5.6	1.1	1.3	2.2	6.6	3.5	10.1
1301161PIP	2008	13	89	6.4	6.2	5.0	1.0	1.2	2.0	5.9	3.2	9.1
1301161PIP	2008	13	90	12.4	10.7	27.4	4.4	4.7	5.2	31.8	10.0	41.7
1301161PIP	2008	13	91	6.5	6.3	5.2	1.0	1.2	2.0	6.2	3.3	9.5
1301161PIP	2008	20	92	6.6	7.0	5.0	0.8	0.7	1.6	5.9	2.3	8.2
1301161PIP	2008	13	94	12.4	10.7	27.4	4.4	4.7	5.2	31.8	10.0	41.7
1301161PIP	2008	13	95	3.0	3.4	0.7	0.2	0.2	0.6	0.9	0.9	1.8
1301161PIP	2008	13	96	12.0	10.5	25.4	4.1	4.4	4.9	29.4	9.3	38.7
1301161PIP	2008	13	97	6.8	6.5	5.8	1.1	1.4	2.2	6.9	3.6	10.5
1301161PIP	2008	20	98	5.9	6.3	3.8	0.6	0.5	1.4	4.4	1.9	6.3
1301161PIP	2008	13	99	5.0	5.0	2.6	0.5	0.7	1.4	3.1	2.2	5.3
1301161PIP	2008	13	100	4.4	4.5	1.9	0.4	0.6	1.2	2.3	1.7	4.0
1301161PIP	2008	13	101	2.8	3.2	0.6	0.1	0.2	0.6	0.8	0.8	1.5
1301161PIP	2008	13	102	6.4	6.2	5.0	1.0	1.2	2.0	5.9	3.2	9.1
1301161PIP	2008	13	103	3.2	3.5	0.8	0.2	0.3	0.7	1.0	1.0	2.0
1301161PIP	2008	20	104	5.7	6.1	3.4	0.6	0.5	1.3	4.0	1.8	5.8
1301161PIP	2008	13	105	12.2	10.6	26.3	4.2	4.6	5.1	30.6	9.6	40.2
1301161PIP	2008	13	106	5.6	5.5	3.5	0.7	0.9	1.7	4.2	2.6	6.8
1301161PIP	2008	13	107	2.7	3.1	0.5	0.1	0.2	0.6	0.7	0.8	1.4
1301161PIP	2008	13	108	8.4	7.8	10.1	1.8	2.1	2.9	11.9	5.0	16.9
1301161PIP	2008	13	109	13.7	11.6	35.3	5.5	5.9	6.0	40.8	11.9	52.7
1301161PIP	2008	13	110	18.7	14.5	76.2	11.0	11.7	9.9	87.2	21.6	108.8
1301161PIP	2008	13	111	5.9	5.8	4.0	0.8	1.0	1.8	4.8	2.8	7.6
1301161PIP	2008	13	112	3.5	3.8	1.1	0.2	0.3	0.8	1.3	1.2	2.5
1301161PIP	2008	13	113	4.4	4.5	1.9	0.4	0.6	1.2	2.3	1.7	4.0
1301161PIP	2008	13	114	5.2	5.2	2.9	0.6	0.8	1.5	3.5	2.3	5.8
1301161PIP	2008	13	115	6.8	6.5	5.8	1.1	1.4	2.2	6.9	3.6	10.5
1301161PIP	2008	13	117	11.8	10.3	24.1	3.9	4.3	4.8	28.1	9.1	37.2
1301161PIP	2008	13	118	13.4	11.4	33.4	5.2	5.6	5.8	38.6	11.4	50.1
1301161PIP	2008	13	119	5.9	5.8	4.0	0.8	1.0	1.8	4.8	2.8	7.6
1301161PIP	2008	13	120	11.9	10.4	24.7	4.0	4.3	4.9	28.8	9.2	37.9
1301161PIP	2008	13	121	3.1	3.4	0.8	0.2	0.3	0.7	0.9	1.0	1.9
1301161PIP	2008	13	122	16.2	13.2	54.0	8.0	8.4	7.8	62.0	16.2	78.2
1301161PIP	2008	13	123	17.8	14.1	68.0	9.9	10.4	9.1	77.9	19.5	97.3
1301161PIP	2008	13	124	18.2	14.3	71.7	10.4	11.0	9.4	82.0	20.4	102.4
1301161PIP	2008	13	125	12.5	10.8	28.0	4.5	4.8	5.2	32.5	10.1	42.5
1301161PIP	2008	13	126	6.9	6.6	6.0	1.1	1.4	2.2	7.2	3.6	10.8
1301161PIP	2008	13	127	14.9	12.4	43.8	6.7	7.0	6.8	50.4	13.8	64.2
1301161PIP	2008	13	128	9.5	8.6	13.8	2.4	2.7	3.5	16.2	6.3	22.4
1301161PIP	2008	13	129	13.5	11.5	34.1	5.3	5.6	5.9	39.5	11.5	51.0
1301161PIP	2008	13	130	4.7	4.8	2.2	0.5	0.6	1.3	2.7	1.9	4.6
1301161PIP	2008	13	131	6.5	6.3	5.2	1.0	1.2	2.0	6.2	3.3	9.5
1301161PIP	2008	13	132	3.8	4.0	1.3	0.3	0.4	1.0	1.6	1.4	2.9
1301161PIP	2008	13	133	3.2	3.5	0.8	0.2	0.3	0.7	1.0	1.0	2.0
1301161PIP	2008	13	134	3.8	4.0	1.3	0.3	0.4	1.0	1.6	1.4	2.9
1301161PIP	2008	13	135	9.8	8.9	15.1	2.6	2.9	3.7	17.6	6.5	24.2
1301161PIP	2008	13	136	6.5	6.3	5.2	1.0	1.2	2.0	6.2	3.3	9.5
1301161PIP	2008	13	138	9.1	8.3	12.3	2.2	2.5	3.3	14.5	5.8	20.3
1301161PIP	2008	13	139	8.4	7.8	10.1	1.8	2.1	2.9	11.9	5.0	16.9
1301161PIP	2008	13	140	4.0	4.2	1.5	0.3	0.5	1.0	1.8	1.5	3.3
1301161PIP	2008	13	141	6.5	6.3	5.2	1.0	1.2	2.0	6.2	3.3	9.5
1301161PIP	2008	13	143	4.3	4.4	1.8	0.4	0.5	1.2	2.1	1.7	3.8
1301161PIP	2008	13	144	3.5	3.8	1.1	0.2	0.3	0.8	1.3	1.2	2.5
1301161PIP	2008	13	145	11.5	10.1	22.6	3.7	4.0	4.6	26.3	8.7	35.0
1301161PIP	2008	13	146	9.0	8.3	12.1	2.1	2.4	3.2	14.2	5.6	19.9
1301161PIP	2008	13	147	10.3	9.2	17.0	2.9	3.2	4.0	19.9	7.2	27.1
1301161PIP	2008	13	148	19.7	15.1	87.0	12.3	13.1	10.7	99.3	23.8	123.1
1301161PIP	2008	13	149	5.2	5.2	2.9	0.6	0.8	1.5	3.5	2.3	5.8
1301161PIP	2008	13	150	6.6	6.3	5.3	1.0	1.3	2.1	6.4	3.4	9.8
1301161PIP	2008	13	151	10.8	9.6	19.3	3.2	3.5	4.2	22.5	7.8	30.2
1301161PIP	2008	13	152	3.8	4.0	1.3	0.3	0.4	1.0	1.6	1.4	2.9
1301161PIP	2008	13	153	10.0	9.0	15.8	2.7	3.0	3.8	18.5	6.8	25.3
1301161PIP	2008	13	154	2.8	3.2	0.6	0.1	0.2	0.6	0.8	0.8	1.5
1301161PIP	2008	13	155	8.1	7.6	9.2	1.7	1.9	2.8	10.9	4.7	15.6
1301161PIP	2008	13	156	14.9	12.4	43.8	6.7	7.0	6.8	50.4	13.8	64.2
1301161PIP	2008	13	157	7.0	6.7	6.3	1.2	1.4	2.3	7.5	3.7	11.2
1301161PIP	2008	13	158	9.4	8.6	13.5	2.3	2.6	3.4	15.9	6.1	21.9
1301161PIP	2008	13	159	8.3	7.7	9.7	1.8	2.0	2.9	11.5	5.0	16.5
1301161PIP	2008	13	160	9.3	8.5	13.1	2.3	2.6	3.4	15.4	6.0	21.4
1301161PIP	2008	13	161	9.8	8.9	15.1	2.6	2.9	3.7	17.6	6.5	24.2
1301161PIP	2008	13	163	8.7	8.0	11.0	2.0	2.3	3.1	12.9	5.4	18.3
1301161PIP	2008	13	164	12.6	10.9	28.7	4.6	4.9	5.3	33.2	10.2	43.4
1301161PIP	2008	13	165	10.6	9.5	18.5	3.1	3.4	4.1	21.5	7.5	29.0
1301161PIP	2008	13	166	12.8	11.0	29.7	4.7	5.1	5.4	34.5	10.5	45.0
1301161PIP	2008	13	167	2.8	3.2	0.6	0.1	0.2	0.6	0.8	0.8	1.5
1301161PIP	2008	13	168	5.6	5.5	3.5	0.7	0.9	1.7	4.2	2.6	6.8
1301161PIP	2008	13	169	6.8	6.5	5.8	1.1	1.4	2.2	6.9	3.6	10.5
1301161PIP	2008	13	170	17.4	13.8	63.9	9.4	10.0	8.8	73.3	18.7	92.0
1301161PIP	2008	13	172	14.9	12.4	43.8	6.7	7.0	6.8	50.4	13.8	64.2
1301161PIP	2008	13	173	4.1	4.3	1.6	0.4	0.5	1.1	1.9	1.5	3.5
1301161PIP	2008	13	174	8.2	7.6	9.4	1.7	2.0	2.9	11.1	4.9	16.0
1301161PIP	2008	13	175	13.8	11.7	36.1	5.6	5.9	6.1	41.7	12.0	53.7
1301161PIP	2008	13	176	4.0	4.2	1.5	0.3	0.5	1.0	1.8	1.5	3.3
1301161PIP	2008	13	177	15.5	12.7	48.0	7.2	7.7	7.3	55.3	15.0	70.3
1301161PIP	2008	13	178	12.9	11.1	30.4	4.8	5.1	5.5	35.2	10.6	45.8
1301161PIP	2008	13	179	13.7	11.6	35.3	5.5	5.9	6.0	40.8	11.9	52.7
1301161PIP	2008	13	180	3.1	3.4	0.8	0.2	0.3	0.7	0.9	1.0	1.9
1301161PIP	2008	13	181	8.8	8.1	11.4	2.0	2.3	3.2	13.4	5.5	18.8
1307946PIP	2008	3	1	16.6	6.9	25.3	4.0	15.0	4.9	29.3	19.9	49.2
1307946PIP	2008	3	2	16.7	6.9	25.6	4.0	15.3	5.0	29.6	20.2	49.9
1307946PIP	2008	38	5	5.1	4.8	2.9	0.6	1.0	1.0	3.5	2.1	5.6
1307996PIP	2008	20	41	16.1	15.6	51.8	8.7	5.6	6.3	60.6	12.0	72.5
1307996PIP	2008	22	43	4.1	4.2	1.3	0.2	0.5	0.6	1.5	1.1	2.6
1307996PIP	2008	22	44	17.7	11.2	38.4	5.7	8.3	7.1	44.0	15.4	59.4
1307996PIP	2008	22	45	8.4	6.8	6.7	1.1	2.0	2.0	7.8	4.0	11.8
1307996PIP	2008	22	46	15.0	10.1	26.2	4.0	6.0	5.3	30.2	11.3	41.5
1307996PIP	2008	22	48	3.4	3.8	0.8	0.2	0.3	0.4	1.0	0.8	1.8
1307996PIP	2008	38	49	10.8	14.5	29.3	5.2	4.0	1.7	34.5	5.7	40.2
1307996PIP	2008	20	50	9.7	11.0	15.1	2.5	1.5	2.6	17.6	4.1	21.7
1307996PIP	2008	20	55	2.8	3.6	0.6	0.1	0.1	0.4	0.7	0.5	1.2
1308026PIP	2008	20	1	11.2	10.0	18.1	3.2	2.8	4.2	21.3	7.0	28.3
1308026PIP	2008	20	3	7.5	7.2	6.5	1.1	1.1	2.2	7.7	3.2	10.9
1308026PIP	2008	20	4	9.5	8.8	12.0	2.1	1.9	3.2	14.1	5.0	19.1
1308026PIP	2008	38	5	2.8	5.2	0.9	0.2	0.1	0.2	1.1	0.4	1.5
1308026PIP	2008	20	6	9.3	8.6	11.3	2.0	1.8	3.1	13.3	4.9	18.1
1308026PIP	2008	20	7	4.1	4.2	1.4	0.2	0.3	0.9	1.6	1.1	2.7
1308026PIP	2008	13	9	15.4	14.7	55.0	7.9	6.1	5.9	62.9	12.0	74.9
1308026PIP	2008	20	14	2.6	2.9	0.4	0.1	0.1	0.4	0.5	0.5	1.0
1308026PIP	2008	20	15	2.9	3.2	0.6	0.1	0.1	0.5	0.7	0.6	1.3
1308026PIP	2008	13	16	16.9	15.7	69.1	9.7	7.5	6.8	78.8	14.4	93.2
1308026PIP	2008	20	17	2.9	3.2	0.6	0.1	0.1	0.5	0.7	0.6	1.3
1308026PIP	2008	20	18	11.0	9.9	17.4	3.0	2.7	4.0	20.4	6.7	27.1
1308026PIP	2008	13	19	18.7	16.9	88.9	12.1	9.4	8.0	101.0	17.5	118.4
1308026PIP	2008	38	21	7.7	10.2	11.4	2.1	1.9	1.2	13.5	3.1	16.6
1308026PIP	2008	20	25	12.0	10.5	21.5	3.7	3.4	4.7	25.2	8.1	33.3
1308026PIP	2008	20	27	9.8	9.0	13.0	2.2	2.0	3.3	15.2	5.4	20.6
1308026PIP	2008	13	28	31.8	22.8	304.2	37.2	34.7	20.9	341.3	55.6	397.0
1308026PIP	2008	20	29	3.0	3.3	0.6	0.1	0.1	0.5	0.7	0.6	1.4
1308026PIP	2008	20	30	7.5	7.2	6.5	1.1	1.1	2.2	7.7	3.2	10.9
1308026PIP	2008	13	31	21.5	18.5	124.2	16.4	13.1	10.1	140.6	23.2	163.9
1308026PIP	2008	13	32	28.0	21.5	229.5	28.7	24.9	16.3	258.1	41.3	299.4
1308026PIP	2008	13	33	26.4	20.8	200.2	25.3	21.6	14.7	225.5	36.3	261.8
1308026PIP	2008	20	34	11.6	10.3	19.8	3.5	3.1	4.4	23.3	7.5	30.8
1308026PIP	2008	20	35	8.8	8.3	9.9	1.7	1.5	2.8	11.6	4.3	16.0
1308026PIP	2008	20	36	10.7	9.7	16.2	2.8	2.5	3.8	19.1	6.3	25.4
1308026PIP	2008	32	37	3.7	6.4	1.8	0.4	0.5	0.4	2.2	0.9	3.2
1308026PIP	2008	20	38	8.8	8.3	9.9	1.7	1.5	2.8	11.6	4.3	16.0
1308026PIP	2008	20	39	7.2	7.0	5.9	1.0	1.0	2.0	6.9	3.0	9.9
1308026PIP	2008	20	40	2.6	2.9	0.4	0.1	0.1	0.4	0.5	0.5	1.0
1308026PIP	2008	20	41	2.7	3.0	0.5	0.1	0.1	0.4	0.6	0.5	1.1
1308026PIP	2008	20	42	7.9	7.5	7.5	1.3	1.2	2.4	8.7	3.6	12.3
1308026PIP	2008	20	43	12.1	10.6	22.0	3.8	3.4	4.7	25.8	8.2	34.0
1308026PIP	2008	20	44	3.5	3.7	0.9	0.2	0.2	0.7	1.1	0.8	1.9
1308026PIP	2008	20	45	7.3	7.0	6.1	1.0	1.0	2.1	7.1	3.1	10.2
1308026PIP	2008	20	46	8.4	7.9	8.7	1.5	1.4	2.6	10.2	4.0	14.2
1308026PIP	2008	13	47	37.6	24.4	436.6	52.1	54.4	29.3	488.7	83.7	572.4
1308026PIP	2008	20	48	7.4	7.1	6.3	1.1	1.0	2.1	7.4	3.2	10.6
1308026PIP	2008	20	49	13.1	11.2	26.7	4.7	4.2	5.4	31.3	9.7	41.0
1308026PIP	2008	20	52	12.0	10.5	21.5	3.7	3.4	4.7	25.2	8.1	33.3
1308026PIP	2008	20	53	11.0	9.9	17.4	3.0	2.7	4.0	20.4	6.7	27.1
1308026PIP	2008	20	54	7.4	7.1	6.3	1.1	1.0	2.1	7.4	3.2	10.6
1308026PIP	2008	20	56	7.9	7.5	7.5	1.3	1.2	2.4	8.7	3.6	12.3
1308026PIP	2008	20	58	4.9	4.9	2.1	0.4	0.4	1.2	2.5	1.5	4.1
1308026PIP	2008	20	59	5.1	5.1	2.4	0.4	0.4	1.2	2.8	1.6	4.4
1308036PIP	2008	13	1	5.7	5.9	3.9	0.8	0.9	1.6	4.6	2.5	7.1
1308036PIP	2008	13	2	14.5	12.8	43.1	6.5	6.1	6.1	49.6	12.2	61.8
1308036PIP	2008	13	3	5.6	5.8	3.7	0.7	0.9	1.6	4.4	2.4	6.8
1308036PIP	2008	13	4	18.6	15.4	80.2	11.3	10.6	9.0	91.5	19.6	111.1
1308036PIP	2008	13	5	12.8	11.7	31.6	4.9	4.6	5.0	36.6	9.6	46.2
1308036PIP	2008	20	6	5.0	5.0	2.3	0.4	0.4	1.2	2.7	1.6	4.3
1308036PIP	2008	13	7	10.7	10.1	19.9	3.3	3.2	3.9	23.2	7.0	30.3
1308036PIP	2008	13	8	4.6	4.9	2.2	0.5	0.6	1.2	2.7	1.8	4.4
1308036PIP	2008	13	9	4.6	4.9	2.2	0.5	0.6	1.2	2.7	1.8	4.4
1308036PIP	2008	13	12	14.2	12.6	40.9	6.2	5.8	5.9	47.1	11.7	58.8
1308036PIP	2008	13	13	9.7	9.3	15.5	2.6	2.6	3.4	18.1	6.0	24.0
1308036PIP	2008	13	15	20.5	16.4	101.3	13.9	13.3	10.6	115.2	23.9	139.1
1308036PIP	2008	20	16	3.9	4.1	1.2	0.2	0.2	0.8	1.4	1.0	2.4
1308036PIP	2008	13	17	3.2	3.7	0.9	0.2	0.3	0.7	1.1	0.9	2.0
1308036PIP	2008	13	19	4.2	4.6	1.8	0.4	0.5	1.0	2.1	1.5	3.6
1308036PIP	2008	20	20	8.4	7.8	8.6	1.5	1.4	2.7	10.1	4.1	14.2
1308036PIP	2008	13	21	8.9	8.6	12.3	2.1	2.2	3.0	14.4	5.2	19.6
1308036PIP	2008	13	22	18.2	15.2	76.2	10.8	10.0	8.6	87.0	18.7	105.7
1308036PIP	2008	13	23	19.6	15.9	90.8	12.6	12.0	9.8	103.4	21.8	125.2
1308036PIP	2008	20	24	8.8	8.1	9.7	1.7	1.6	2.9	11.4	4.5	15.9
1308036PIP	2008	13	26	3.5	3.9	1.1	0.2	0.3	0.8	1.3	1.1	2.5
1308036PIP	2008	13	28	16.1	13.9	56.2	8.2	7.7	7.1	64.4	14.8	79.2
1308036PIP	2008	38	29	17.6	15.1	82.8	14.1	18.0	5.1	96.9	23.1	119.9
1308036PIP	2008	13	30	4.4	4.7	2.0	0.4	0.5	1.1	2.4	1.6	4.0
1308036PIP	2008	13	31	12.2	11.2	27.8	4.4	4.2	4.7	32.2	8.9	41.1
1308036PIP	2008	13	32	12.9	11.7	32.1	5.0	4.8	5.1	37.1	9.9	46.9
1308036PIP	2008	13	34	3.3	3.8	1.0	0.2	0.3	0.7	1.2	1.0	2.2
1308036PIP	2008	13	35	3.1	3.6	0.8	0.2	0.2	0.7	1.0	0.9	1.9
1308036PIP	2008	13	36	7.7	7.6	8.4	1.5	1.6	2.4	10.0	4.1	14.0
1308036PIP	2008	13	37	9.2	8.9	13.5	2.3	2.3	3.1	15.8	5.4	21.2
1308036PIP	2008	13	38	9.1	8.8	13.1	2.3	2.3	3.1	15.3	5.4	20.7
1308036PIP	2008	38	39	10.9	13.0	27.7	4.9	4.5	2.0	32.6	6.5	39.2
1308036PIP	2008	13	40	8.2	8.1	10.0	1.8	1.8	2.6	11.8	4.5	16.3
1308036PIP	2008	13	41	3.5	3.9	1.1	0.2	0.3	0.8	1.3	1.1	2.5
1308036PIP	2008	20	42	5.4	5.4	2.8	0.5	0.5	1.3	3.3	1.8	5.1
1308036PIP	2008	13	44	6.8	6.9	6.2	1.2	1.3	2.0	7.3	3.3	10.6
1308036PIP	2008	13	45	6.6	6.7	5.7	1.1	1.2	1.9	6.7	3.1	9.9
1308036PIP	2008	20	46	7.8	7.4	7.2	1.2	1.2	2.3	8.4	3.5	12.0
1308036PIP	2008	13	47	2.5	3.1	0.5	0.1	0.2	0.5	0.6	0.6	1.2
1308036PIP	2008	13	48	4.0	4.4	1.5	0.3	0.4	1.0	1.9	1.4	3.3
1308036PIP	2008	13	49	13.2	11.9	34.0	5.2	5.0	5.3	39.2	10.3	49.5
1308036PIP	2008	13	50	4.7	5.0	2.3	0.5	0.6	1.2	2.8	1.8	4.6
1308036PIP	2008	13	51	3.6	4.0	1.2	0.3	0.3	0.8	1.4	1.2	2.6
1308036PIP	2008	13	52	5.3	5.5	3.2	0.6	0.8	1.5	3.8	2.2	6.0
1308036PIP	2008	13	55	12.9	11.7	32.1	5.0	4.8	5.1	37.1	9.9	46.9
1308036PIP	2008	13	56	5.4	5.6	3.3	0.7	0.8	1.5	4.0	2.3	6.3
1308036PIP	2008	13	57	14.9	13.1	46.2	6.9	6.5	6.3	53.1	12.8	65.9
1308036PIP	2008	13	58	4.2	4.6	1.8	0.4	0.5	1.0	2.1	1.5	3.6
1308036PIP	2008	13	59	8.7	8.5	11.7	2.0	2.1	2.9	13.7	4.9	18.7
1308036PIP	2008	13	60	4.3	4.7	1.9	0.4	0.5	1.1	2.3	1.5	3.8
1308036PIP	2008	13	61	12.1	11.2	27.4	4.3	4.1	4.6	31.8	8.7	40.5
1308036PIP	2008	13	62	10.0	9.5	16.7	2.8	2.8	3.5	19.5	6.3	25.8
1308036PIP	2008	13	63	3.8	4.2	1.3	0.3	0.4	0.9	1.7	1.3	2.9
1308036PIP	2008	13	64	10.7	10.1	19.9	3.3	3.2	3.9	23.2	7.0	30.3
1308036PIP	2008	13	65	7.3	7.3	7.4	1.4	1.5	2.2	8.7	3.7	12.4
1308036PIP	2008	13	66	12.1	11.2	27.4	4.3	4.1	4.6	31.8	8.7	40.5
1308036PIP	2008	13	67	11.9	11.0	26.2	4.2	4.0	4.5	30.3	8.5	38.8
1308036PIP	2008	13	69	5.8	6.0	4.0	0.8	0.9	1.6	4.8	2.5	7.4
1308036PIP	2008	13	71	15.3	13.4	49.6	7.3	6.8	6.6	56.9	13.4	70.3
1308036PIP	2008	13	72	13.0	11.8	32.8	5.1	4.8	5.1	37.9	10.0	47.8
1308036PIP	2008	13	73	5.9	6.1	4.2	0.8	0.9	1.7	5.1	2.6	7.7
1308036PIP	2008	13	74	4.3	4.7	1.9	0.4	0.5	1.1	2.3	1.5	3.8
1308036PIP	2008	13	75	15.5	13.5	51.1	7.5	7.0	6.7	58.6	13.8	72.4
1308036PIP	2008	13	76	5.7	5.9	3.9	0.8	0.9	1.6	4.6	2.5	7.1
1308036PIP	2008	13	78	9.1	8.8	13.1	2.3	2.3	3.1	15.3	5.4	20.7
1308036PIP	2008	13	79	2.6	3.2	0.5	0.1	0.2	0.5	0.7	0.7	1.3
1308036PIP	2008	13	80	9.4	9.1	14.3	2.4	2.4	3.2	16.8	5.6	22.4
1308036PIP	2008	13	81	6.0	6.2	4.4	0.9	1.0	1.7	5.3	2.7	8.0
1308036PIP	2008	13	82	9.5	9.1	14.6	2.5	2.5	3.3	17.1	5.8	22.9
1308036PIP	2008	13	83	16.3	14.0	57.8	8.4	7.9	7.3	66.3	15.2	81.4
1308036PIP	2008	13	84	5.3	5.5	3.2	0.6	0.8	1.5	3.8	2.2	6.0
1308036PIP	2008	13	85	4.2	4.6	1.8	0.4	0.5	1.0	2.1	1.5	3.6
1308036PIP	2008	13	87	4.2	4.6	1.8	0.4	0.5	1.0	2.1	1.5	3.6
1308036PIP	2008	13	88	10.5	9.9	18.9	3.1	3.1	3.8	22.0	6.9	28.9
1308036PIP	2008	13	90	10.4	9.9	18.6	3.1	3.0	3.7	21.7	6.7	28.3
1308036PIP	2008	13	91	5.2	5.5	3.1	0.6	0.7	1.4	3.7	2.1	5.8
1308036PIP	2008	13	92	2.8	3.3	0.6	0.2	0.2	0.6	0.8	0.8	1.5
1308036PIP	2008	13	93	5.7	5.9	3.9	0.8	0.9	1.6	4.6	2.5	7.1
1308036PIP	2008	13	94	2.8	3.3	0.6	0.2	0.2	0.6	0.8	0.8	1.5
1308036PIP	2008	13	95	11.2	10.5	22.5	3.6	3.5	4.1	26.1	7.6	33.7
1308036PIP	2008	13	96	10.4	9.9	18.6	3.1	3.0	3.7	21.7	6.7	28.3
1308036PIP	2008	13	97	4.6	4.9	2.2	0.5	0.6	1.2	2.7	1.8	4.4
1308036PIP	2008	13	98	6.7	6.8	5.9	1.1	1.2	2.0	7.0	3.2	10.2
1308036PIP	2008	13	99	4.4	4.7	2.0	0.4	0.5	1.1	2.4	1.6	4.0
1308036PIP	2008	13	100	3.3	3.8	1.0	0.2	0.3	0.7	1.2	1.0	2.2
1308036PIP	2008	13	101	2.6	3.2	0.5	0.1	0.2	0.5	0.7	0.7	1.3
1308036PIP	2008	13	102	5.7	5.9	3.9	0.8	0.9	1.6	4.6	2.5	7.1
1308036PIP	2008	13	103	4.4	4.7	2.0	0.4	0.5	1.1	2.4	1.6	4.0
1308036PIP	2008	13	104	4.7	5.0	2.3	0.5	0.6	1.2	2.8	1.8	4.6
1308036PIP	2008	13	105	11.5	10.7	24.0	3.8	3.7	4.3	27.8	8.0	35.8
1308036PIP	2008	13	106	15.8	13.7	53.6	7.9	7.3	6.9	61.5	14.3	75.7
1308036PIP	2008	13	107	9.3	9.0	13.9	2.4	2.4	3.1	16.3	5.5	21.8
1308036PIP	2008	13	108	9.6	9.2	15.0	2.5	2.6	3.3	17.6	5.9	23.4
1308036PIP	2008	13	109	3.4	3.9	1.0	0.2	0.3	0.7	1.3	1.0	2.3
1308036PIP	2008	13	110	9.9	9.5	16.4	2.7	2.7	3.4	19.1	6.1	25.2
1308036PIP	2008	13	111	3.4	3.9	1.0	0.2	0.3	0.7	1.3	1.0	2.3
1308036PIP	2008	13	112	7.6	7.5	8.1	1.5	1.6	2.4	9.6	4.0	13.6
1308036PIP	2008	13	113	6.7	6.8	5.9	1.1	1.2	2.0	7.0	3.2	10.2
1308036PIP	2008	13	114	2.9	3.4	0.7	0.2	0.2	0.6	0.8	0.8	1.7
1308036PIP	2008	13	115	9.9	9.5	16.4	2.7	2.7	3.4	19.1	6.1	25.2
1308036PIP	2008	13	117	5.2	5.5	3.1	0.6	0.7	1.4	3.7	2.1	5.8
1308036PIP	2008	13	118	7.1	7.1	6.8	1.3	1.4	2.2	8.1	3.6	11.7
1308036PIP	2008	13	119	4.0	4.4	1.5	0.3	0.4	1.0	1.9	1.4	3.3
1308036PIP	2008	13	120	17.8	14.9	71.8	10.2	9.6	8.4	82.1	18.0	100.1
1308036PIP	2008	13	121	2.8	3.3	0.6	0.2	0.2	0.6	0.8	0.8	1.5
1308036PIP	2008	13	122	3.4	3.9	1.0	0.2	0.3	0.7	1.3	1.0	2.3
1308036PIP	2008	13	125	7.6	7.5	8.1	1.5	1.6	2.4	9.6	4.0	13.6
1308036PIP	2008	20	127	2.7	3.0	0.5	0.1	0.1	0.4	0.6	0.5	1.1
1308036PIP	2008	13	128	4.2	4.6	1.8	0.4	0.5	1.0	2.1	1.5	3.6
1308036PIP	2008	13	131	4.1	4.5	1.7	0.4	0.4	1.0	2.0	1.4	3.4
1308036PIP	2008	13	132	4.6	4.9	2.2	0.5	0.6	1.2	2.7	1.8	4.4
1308036PIP	2008	20	133	3.6	3.8	1.0	0.2	0.2	0.7	1.1	0.9	2.0
1308036PIP	2008	13	134	4.8	5.1	2.5	0.5	0.6	1.2	3.0	1.9	4.9
1308036PIP	2008	13	135	9.6	9.2	15.0	2.5	2.6	3.3	17.6	5.9	23.4
1308036PIP	2008	13	136	10.3	9.8	18.1	3.0	2.9	3.6	21.1	6.6	27.7
1308036PIP	2008	13	137	7.9	7.8	9.0	1.6	1.7	2.5	10.7	4.2	14.9
1308036PIP	2008	20	139	3.5	3.7	0.9	0.2	0.2	0.7	1.1	0.8	1.9
1308036PIP	2008	13	140	5.8	6.0	4.0	0.8	0.9	1.6	4.8	2.5	7.4
1308036PIP	2008	13	142	4.3	4.7	1.9	0.4	0.5	1.1	2.3	1.5	3.8
1308036PIP	2008	13	143	3.1	3.6	0.8	0.2	0.2	0.7	1.0	0.9	1.9
1308036PIP	2008	13	144	10.5	9.9	18.9	3.1	3.1	3.8	22.0	6.9	28.9
1308036PIP	2008	13	145	11.2	10.5	22.5	3.6	3.5	4.1	26.1	7.6	33.7
1308036PIP	2008	13	146	4.9	5.2	2.6	0.5	0.6	1.3	3.2	1.9	5.1
1308036PIP	2008	13	147	5.3	5.5	3.2	0.6	0.8	1.5	3.8	2.2	6.0
1308036PIP	2008	13	148	14.0	12.5	39.6	6.0	5.6	5.8	45.6	11.4	57.0
1308036PIP	2008	13	151	14.9	13.1	46.2	6.9	6.5	6.3	53.1	12.8	65.9
1308036PIP	2008	13	152	10.2	9.7	17.6	2.9	2.9	3.6	20.5	6.5	27.0
1308036PIP	2008	13	153	14.3	12.7	41.7	6.3	5.9	5.9	48.0	11.9	59.9
1308036PIP	2008	13	155	8.9	8.6	12.3	2.1	2.2	3.0	14.4	5.2	19.6
1308036PIP	2008	13	156	19.2	15.7	86.5	12.1	11.4	9.5	98.5	20.9	119.5
1308036PIP	2008	20	157	3.3	3.5	0.8	0.1	0.2	0.6	0.9	0.8	1.7
1308036PIP	2008	13	158	5.7	5.9	3.9	0.8	0.9	1.6	4.6	2.5	7.1
1308036PIP	2008	13	159	4.8	5.1	2.5	0.5	0.6	1.2	3.0	1.9	4.9
1308036PIP	2008	20	161	7.0	6.7	5.4	0.9	0.9	2.0	6.3	2.9	9.3
1308036PIP	2008	13	162	3.0	3.5	0.7	0.2	0.2	0.6	0.9	0.9	1.8
1308036PIP	2008	20	163	3.0	3.3	0.6	0.1	0.1	0.5	0.7	0.6	1.4
1308046PIP	2008	74	1	2.8	3.8	0.4	0.1	0.1	0.1	0.6	0.3	0.8
1308046PIP	2008	74	2	3.5	4.3	0.8	0.2	0.2	0.2	1.0	0.4	1.4
1308046PIP	2008	74	3	3.6	4.4	0.8	0.2	0.2	0.2	1.1	0.4	1.5
1308046PIP	2008	74	4	2.9	3.9	0.5	0.1	0.1	0.2	0.6	0.3	0.9
1308046PIP	2008	20	6	2.9	2.8	0.5	0.1	0.1	0.6	0.6	0.7	1.3
1308046PIP	2008	20	7	4.3	3.7	1.3	0.2	0.4	1.1	1.6	1.5	3.1
1308046PIP	2008	74	10	3.7	4.4	0.9	0.3	0.3	0.2	1.1	0.5	1.6
1308046PIP	2008	74	11	3.5	4.3	0.8	0.2	0.2	0.2	1.0	0.4	1.4
1308046PIP	2008	74	12	4.2	4.8	1.2	0.4	0.3	0.3	1.6	0.6	2.2
1308046PIP	2008	20	13	2.6	2.6	0.4	0.1	0.1	0.5	0.5	0.6	1.0
1308046PIP	2008	74	14	2.6	3.7	0.4	0.1	0.1	0.1	0.5	0.2	0.7
1308046PIP	2008	74	15	2.5	3.6	0.3	0.1	0.1	0.1	0.4	0.2	0.6
1308046PIP	2008	74	16	2.6	3.7	0.4	0.1	0.1	0.1	0.5	0.2	0.7
1308046PIP	2008	74	17	3.9	4.6	1.0	0.3	0.3	0.2	1.3	0.5	1.8
1308046PIP	2008	3	18	2.8	3.3	0.5	0.1	0.1	0.2	0.6	0.3	1.0
1308046PIP	2008	74	19	2.6	3.7	0.4	0.1	0.1	0.1	0.5	0.2	0.7
1308046PIP	2008	38	20	2.8	4.0	0.7	0.2	0.2	0.3	0.9	0.5	1.4
1308046PIP	2008	74	21	3.4	4.2	0.7	0.2	0.2	0.2	0.9	0.4	1.3
1308046PIP	2008	74	22	2.6	3.7	0.4	0.1	0.1	0.1	0.5	0.2	0.7
1308046PIP	2008	74	23	2.7	3.7	0.4	0.1	0.1	0.1	0.5	0.2	0.8
1308046PIP	2008	74	24	2.5	3.6	0.3	0.1	0.1	0.1	0.4	0.2	0.6
1308046PIP	2008	3	25	2.7	3.2	0.5	0.1	0.1	0.2	0.6	0.3	0.9
1308046PIP	2008	74	26	2.6	3.7	0.4	0.1	0.1	0.1	0.5	0.2	0.7
1308046PIP	2008	74	27	3.6	4.4	0.8	0.2	0.2	0.2	1.1	0.4	1.5
1308046PIP	2008	74	28	2.7	3.7	0.4	0.1	0.1	0.1	0.5	0.2	0.8
1308046PIP	2008	74	29	3.6	4.4	0.8	0.2	0.2	0.2	1.1	0.4	1.5
1308046PIP	2008	74	30	4.5	4.9	1.4	0.4	0.4	0.3	1.8	0.7	2.5
1308046PIP	2008	74	31	3.5	4.3	0.8	0.2	0.2	0.2	1.0	0.4	1.4
1308046PIP	2008	74	32	4.4	4.9	1.3	0.4	0.4	0.3	1.7	0.7	2.4
1308046PIP	2008	74	33	4.8	5.1	1.7	0.5	0.5	0.3	2.1	0.8	3.0
1308046PIP	2008	74	34	3.0	4.0	0.5	0.2	0.1	0.2	0.7	0.3	1.0
1308046PIP	2008	74	35	2.6	3.7	0.4	0.1	0.1	0.1	0.5	0.2	0.7
1308046PIP	2008	74	36	3.6	4.4	0.8	0.2	0.2	0.2	1.1	0.4	1.5
1308046PIP	2008	74	37	2.5	3.6	0.3	0.1	0.1	0.1	0.4	0.2	0.6
1308046PIP	2008	74	38	2.8	3.8	0.4	0.1	0.1	0.1	0.6	0.3	0.8
1308046PIP	2008	3	39	3.5	3.6	0.8	0.2	0.2	0.3	1.0	0.5	1.6
1308046PIP	2008	74	40	3.4	4.2	0.7	0.2	0.2	0.2	0.9	0.4	1.3
1308046PIP	2008	74	41	3.5	4.3	0.8	0.2	0.2	0.2	1.0	0.4	1.4
1308046PIP	2008	74	42	2.7	3.7	0.4	0.1	0.1	0.1	0.5	0.2	0.8
1308046PIP	2008	74	44	3.3	4.2	0.7	0.2	0.2	0.2	0.9	0.4	1.2
1308046PIP	2008	74	45	2.6	3.7	0.4	0.1	0.1	0.1	0.5	0.2	0.7
1308046PIP	2008	74	46	3.9	4.6	1.0	0.3	0.3	0.2	1.3	0.5	1.8
1308046PIP	2008	74	47	5.7	5.5	2.5	0.7	0.8	0.5	3.2	1.2	4.5
1308046PIP	2008	20	48	3.6	3.2	0.8	0.2	0.2	0.9	1.0	1.1	2.1
1308046PIP	2008	20	49	3.6	3.2	0.8	0.2	0.2	0.9	1.0	1.1	2.1
1308046PIP	2008	38	50	3.7	4.6	1.4	0.3	0.4	0.5	1.7	0.9	2.7
1308046PIP	2008	38	51	2.6	3.8	0.6	0.1	0.2	0.3	0.7	0.4	1.2
1308046PIP	2008	38	52	3.5	4.5	1.3	0.3	0.3	0.5	1.5	0.8	2.3
1308046PIP	2008	20	54	3.0	2.8	0.5	0.1	0.1	0.6	0.6	0.8	1.4
1308046PIP	2008	74	56	2.8	3.8	0.4	0.1	0.1	0.1	0.6	0.3	0.8
1314841PIP	2008	38	1	3.6	6.2	1.7	0.3	0.3	0.4	2.0	0.6	2.6
1314841PIP	2008	20	2	3.6	3.8	1.0	0.2	0.2	0.7	1.1	0.9	2.0
1314841PIP	2008	20	3	2.7	3.0	0.5	0.1	0.1	0.4	0.6	0.5	1.1
1314841PIP	2008	20	4	3.1	3.4	0.7	0.1	0.1	0.5	0.8	0.7	1.5
1314841PIP	2008	13	5	8.1	7.0	8.5	1.6	2.2	3.1	10.1	5.3	15.3
1314841PIP	2008	13	6	7.7	6.7	7.4	1.4	2.0	2.9	8.8	4.9	13.7
1314841PIP	2008	20	7	7.8	7.4	7.2	1.2	1.2	2.3	8.4	3.5	12.0
1314841PIP	2008	13	8	7.6	6.6	7.2	1.4	1.9	2.9	8.5	4.8	13.3
1314841PIP	2008	13	9	13.6	10.6	31.9	5.1	6.5	6.7	37.0	13.2	50.2
1314841PIP	2008	13	10	4.7	4.5	2.1	0.5	0.7	1.4	2.6	2.1	4.7
1314841PIP	2008	38	11	4.1	6.7	2.3	0.5	0.4	0.4	2.8	0.8	3.6
1314841PIP	2008	13	13	14.6	11.2	38.1	6.0	7.6	7.5	44.1	15.0	59.2
1314841PIP	2008	13	14	4.3	4.2	1.7	0.4	0.6	1.2	2.1	1.8	3.8
1314841PIP	2008	13	15	6.5	5.8	4.8	1.0	1.4	2.3	5.7	3.7	9.4
1314841PIP	2008	20	16	3.0	3.3	0.6	0.1	0.1	0.5	0.7	0.6	1.4
1314841PIP	2008	38	17	7.2	9.4	9.4	1.8	1.6	1.1	11.2	2.7	13.9
1314841PIP	2008	13	18	2.6	2.9	0.5	0.1	0.2	0.6	0.6	0.7	1.3
1314841PIP	2008	38	19	2.7	5.1	0.8	0.2	0.1	0.2	1.0	0.4	1.3
1314841PIP	2008	13	20	17.5	12.8	59.9	9.0	11.3	9.9	68.9	21.2	90.1
1314841PIP	2008	38	21	7.8	9.8	11.4	2.1	2.0	1.3	13.5	3.3	16.8
1314841PIP	2008	38	22	2.5	4.8	0.7	0.1	0.1	0.2	0.8	0.3	1.1
1314841PIP	2008	20	23	3.2	3.5	0.7	0.1	0.1	0.6	0.9	0.7	1.6
1314841PIP	2008	13	24	14.3	11.0	36.1	5.7	7.3	7.2	41.8	14.5	56.3
1314841PIP	2008	20	25	3.7	3.9	1.1	0.2	0.2	0.7	1.2	0.9	2.2
1314841PIP	2008	25	27	6.4	7.7	6.4	0.9	1.1	1.1	7.3	2.2	9.5
1314841PIP	2008	13	28	19.2	13.6	74.9	11.0	14.0	11.6	85.9	25.6	111.4
1314841PIP	2008	13	29	20.8	14.3	90.6	13.1	16.9	13.3	103.7	30.2	133.8
1314841PIP	2008	13	30	10.0	8.3	14.6	2.6	3.4	4.2	17.1	7.6	24.7
1314841PIP	2008	38	31	4.5	7.1	2.9	0.6	0.5	0.5	3.5	1.0	4.5
1314841PIP	2008	13	32	3.5	3.5	1.0	0.2	0.4	0.9	1.2	1.3	2.5
1314841PIP	2008	13	33	6.3	5.7	4.4	0.9	1.3	2.2	5.3	3.4	8.8
1314841PIP	2008	13	34	6.4	5.7	4.6	0.9	1.3	2.2	5.5	3.6	9.1
1314841PIP	2008	13	35	9.0	7.6	11.1	2.0	2.7	3.6	13.1	6.4	19.4
1314841PIP	2008	13	36	3.8	3.8	1.2	0.3	0.4	1.0	1.5	1.5	3.0
1314841PIP	2008	13	37	2.7	3.0	0.5	0.1	0.2	0.6	0.7	0.8	1.5
1314841PIP	2008	13	38	5.8	5.3	3.6	0.7	1.1	1.9	4.3	3.0	7.3
1314841PIP	2008	13	39	5.4	5.0	3.0	0.6	0.9	1.7	3.6	2.7	6.3
1314841PIP	2008	20	40	4.5	4.6	1.7	0.3	0.3	1.0	2.0	1.3	3.3
1314841PIP	2008	13	41	5.0	4.7	2.4	0.5	0.8	1.6	3.0	2.3	5.3
1314841PIP	2008	38	42	4.9	7.5	3.6	0.7	0.6	0.6	4.3	1.2	5.5
1314841PIP	2008	13	43	16.6	12.3	52.5	8.0	10.1	9.1	60.5	19.2	79.6
1314841PIP	2008	13	44	6.2	5.6	4.2	0.9	1.2	2.1	5.1	3.4	8.5
1314841PIP	2008	38	45	7.4	9.6	10.1	1.9	1.8	1.1	12.0	2.9	14.9
1314841PIP	2008	13	46	8.0	6.9	8.2	1.5	2.1	3.1	9.7	5.2	14.9
1314841PIP	2008	38	47	2.5	4.8	0.7	0.1	0.1	0.2	0.8	0.3	1.1
1314841PIP	2008	13	48	4.2	4.1	1.6	0.4	0.5	1.2	1.9	1.7	3.7
1314841PIP	2008	38	49	3.5	6.1	1.6	0.3	0.2	0.3	1.9	0.6	2.5
1314841PIP	2008	13	50	10.8	8.8	17.7	3.0	4.0	4.8	20.7	8.8	29.5
1314841PIP	2008	13	51	20.0	13.9	82.2	12.0	15.5	12.5	94.2	28.0	122.1
1314841PIP	2008	38	52	3.8	6.4	1.9	0.4	0.3	0.4	2.3	0.7	3.0
1314841PIP	2008	20	53	4.0	4.2	1.3	0.2	0.2	0.8	1.5	1.1	2.6
1314841PIP	2008	13	55	5.6	5.1	3.2	0.7	1.0	1.9	3.9	2.9	6.8
1314841PIP	2008	20	56	3.5	3.7	0.9	0.2	0.2	0.7	1.1	0.8	1.9
1314841PIP	2008	38	57	11.5	11.7	28.8	5.1	5.9	2.5	33.9	8.4	42.4
1314841PIP	2008	38	58	9.8	11.0	19.8	3.6	3.8	1.9	23.4	5.6	29.0
1314841PIP	2008	38	59	2.9	5.3	1.0	0.2	0.2	0.3	1.2	0.4	1.6
1314841PIP	2008	38	60	15.9	13.0	60.5	10.4	15.0	4.7	71.0	19.7	90.7
1314841PIP	2008	38	61	3.0	5.5	1.1	0.2	0.2	0.3	1.3	0.4	1.7
1314841PIP	2008	38	62	8.7	10.4	14.9	2.7	2.7	1.5	17.6	4.2	21.9
1314841PIP	2008	13	63	3.8	3.8	1.2	0.3	0.4	1.0	1.5	1.5	3.0
1314841PIP	2008	20	64	2.6	3.0	0.4	0.1	0.1	0.4	0.5	0.5	1.0
1314841PIP	2008	13	65	14.8	11.3	39.4	6.2	7.8	7.6	45.6	15.4	61.0
1314841PIP	2008	38	67	11.9	11.8	31.1	5.5	6.5	2.7	36.6	9.3	45.9
1314841PIP	2008	13	68	11.4	9.2	20.3	3.4	4.5	5.2	23.7	9.6	33.4
1314841PIP	2008	38	69	4.0	6.6	2.2	0.4	0.4	0.4	2.6	0.8	3.4
1314841PIP	2008	13	70	7.4	6.5	6.7	1.3	1.8	2.7	8.0	4.5	12.5
1314841PIP	2008	38	71	8.5	10.3	14.1	2.6	2.6	1.5	16.7	4.0	20.7
1314841PIP	2008	13	72	7.8	6.8	7.7	1.5	2.0	2.9	9.2	4.9	14.1
1314841PIP	2008	38	73	3.7	6.3	1.8	0.4	0.3	0.4	2.2	0.7	2.8
1314841PIP	2008	13	74	8.7	7.4	10.2	1.9	2.5	3.5	12.0	6.0	18.0
1314841PIP	2008	20	75	4.0	4.2	1.3	0.2	0.2	0.8	1.5	1.1	2.6
1314841PIP	2008	20	76	2.8	3.1	0.5	0.1	0.1	0.5	0.6	0.6	1.2
1314841PIP	2008	13	77	4.1	4.0	1.5	0.3	0.5	1.2	1.8	1.7	3.5
1314841PIP	2008	20	78	4.1	4.3	1.4	0.2	0.2	0.9	1.6	1.1	2.7
1314841PIP	2008	20	79	5.4	5.4	2.8	0.5	0.5	1.3	3.3	1.8	5.1
1314841PIP	2008	13	80	5.1	4.8	2.6	0.6	0.8	1.6	3.1	2.4	5.5
1314841PIP	2008	38	81	9.5	10.8	18.3	3.3	3.5	1.8	21.7	5.3	26.9
1314841PIP	2008	38	82	8.7	10.4	14.9	2.7	2.7	1.5	17.6	4.2	21.9
1314841PIP	2008	13	84	4.6	4.4	2.0	0.4	0.7	1.4	2.4	2.0	4.4
1314841PIP	2008	38	85	8.2	10.1	12.9	2.4	2.3	1.4	15.3	3.7	19.0
1314911PIP	2008	38	1	18.0	18.2	98.6	16.7	16.2	4.3	115.3	20.5	135.8
1314911PIP	2008	38	2	10.9	14.9	30.4	5.4	4.0	1.7	35.8	5.7	41.5
1314911PIP	2008	38	3	7.4	12.0	11.8	2.2	1.4	0.9	13.9	2.3	16.3
1314911PIP	2008	3	4	22.9	18.9	153.0	12.1	14.9	8.8	165.1	23.7	188.8
1314911PIP	2008	3	5	28.3	19.6	228.8	17.4	27.5	12.8	246.3	40.3	286.5
1314911PIP	2008	3	6	17.6	17.6	89.8	7.6	7.1	5.5	97.4	12.6	110.0
1314911PIP	2008	38	7	14.9	17.1	63.9	11.0	9.4	3.0	74.9	12.4	87.3
1314911PIP	2008	13	8	5.0	6.1	3.2	0.6	0.5	1.1	3.8	1.6	5.4
1314911PIP	2008	13	10	5.0	6.1	3.2	0.6	0.5	1.1	3.8	1.6	5.4
1314911PIP	2008	38	11	12.6	15.9	43.0	7.5	5.9	2.2	50.5	8.1	58.6
1314911PIP	2008	13	12	14.0	14.7	46.5	6.7	4.5	4.6	53.2	9.1	62.3
1314911PIP	2008	38	13	8.9	13.4	18.6	3.4	2.3	1.2	22.0	3.5	25.5
1314911PIP	2008	13	14	14.1	14.8	47.4	6.8	4.5	4.6	54.2	9.2	63.4
1314911PIP	2008	13	15	12.9	13.8	37.8	5.6	3.8	4.1	43.4	7.8	51.2
1314911PIP	2008	13	16	6.7	7.9	6.9	1.2	1.0	1.6	8.1	2.6	10.7
1314911PIP	2008	38	17	9.8	14.1	23.5	4.2	3.0	1.4	27.7	4.4	32.1
1314911PIP	2008	13	18	5.7	6.8	4.5	0.8	0.7	1.3	5.3	2.0	7.3
1314911PIP	2008	13	19	11.4	12.5	27.6	4.2	2.9	3.4	31.8	6.3	38.1
1314911PIP	2008	13	20	15.6	16.0	61.2	8.5	5.7	5.4	69.8	11.1	80.8
1314911PIP	2008	13	22	16.8	16.8	73.2	10.0	6.7	6.1	83.2	12.8	96.1
1314911PIP	2008	13	23	23.7	21.1	168.1	21.2	14.9	10.9	189.3	25.8	215.1
1314911PIP	2008	13	25	15.0	15.5	55.4	7.8	5.2	5.1	63.2	10.3	73.5
1314911PIP	2008	13	26	15.6	16.0	61.2	8.5	5.7	5.4	69.8	11.1	80.8
1314911PIP	2008	74	27	11.5	15.6	29.5	6.3	3.2	1.4	35.8	4.6	40.4
1314911PIP	2008	38	29	9.8	14.1	23.5	4.2	3.0	1.4	27.7	4.4	32.1
1314911PIP	2008	13	30	21.6	20.0	135.4	17.4	11.9	9.2	152.8	21.1	173.9
1314911PIP	2008	13	32	11.4	12.5	27.6	4.2	2.9	3.4	31.8	6.3	38.1
1314911PIP	2008	13	34	22.8	20.6	153.4	19.5	13.6	10.2	172.9	23.8	196.6
1314911PIP	2008	20	35	16.0	15.1	49.8	8.4	5.8	6.4	58.3	12.2	70.5
1314911PIP	2008	3	38	24.9	19.2	179.7	14.0	19.0	10.2	193.7	29.1	222.9
1314911PIP	2008	38	39	6.6	11.1	8.8	1.7	1.1	0.7	10.4	1.8	12.3
1314911PIP	2008	12	40	4.3	4.6	1.6	0.4	0.5	1.2	2.0	1.7	3.7
1314911PIP	2008	38	41	11.3	15.1	33.1	5.9	4.4	1.8	39.0	6.2	45.2
1314911PIP	2008	13	44	8.9	10.1	14.4	2.4	1.7	2.4	16.8	4.1	21.0
1314911PIP	2008	13	46	19.4	18.6	104.3	13.8	9.3	7.7	118.1	17.0	135.1
1314911PIP	2008	13	49	17.6	17.4	82.3	11.1	7.4	6.6	93.4	14.0	107.4
1314911PIP	2008	38	50	8.4	12.9	16.1	2.9	2.0	1.1	19.0	3.1	22.1
1314911PIP	2008	38	52	15.0	17.1	64.8	11.2	9.6	3.1	75.9	12.7	88.6
1314911PIP	2008	13	53	10.1	11.3	20.2	3.2	2.3	2.8	23.4	5.1	28.5
1314911PIP	2008	38	55	7.5	12.1	12.2	2.3	1.5	0.9	14.4	2.4	16.8
1314911PIP	2008	38	56	9.4	13.8	21.2	3.8	2.7	1.3	25.1	4.0	29.1
1314911PIP	2008	38	57	7.1	11.7	10.6	2.0	1.3	0.8	12.6	2.1	14.7
1314911PIP	2008	3	58	26.4	19.4	200.9	15.5	22.4	11.3	216.4	33.7	250.2
1314911PIP	2008	13	59	20.3	19.2	116.6	15.2	10.3	8.3	131.8	18.6	150.4
1314911PIP	2008	3	61	22.9	18.9	153.0	12.1	14.9	8.8	165.1	23.7	188.8
1314911PIP	2008	13	62	15.5	15.9	60.2	8.4	5.6	5.4	68.6	11.0	79.5
1314911PIP	2008	20	65	2.9	3.6	0.6	0.1	0.1	0.4	0.7	0.5	1.3
1314911PIP	2008	38	66	4.9	9.1	4.1	0.8	0.5	0.5	4.9	1.0	5.9
1314911PIP	2008	12	68	13.6	12.4	33.3	5.3	5.7	6.2	38.6	11.8	50.4
1314911PIP	2008	38	69	10.9	14.9	30.4	5.4	4.0	1.7	35.8	5.7	41.5
1314911PIP	2008	38	70	5.7	10.1	6.1	1.2	0.7	0.6	7.2	1.3	8.6
1314911PIP	2008	38	71	12.8	16.0	44.6	7.8	6.2	2.3	52.4	8.5	60.8
1314911PIP	2008	13	72	20.2	19.1	115.0	15.0	10.2	8.3	130.0	18.5	148.5
1314911PIP	2008	13	73	13.8	14.5	44.8	6.5	4.4	4.5	51.2	8.9	60.1
1314911PIP	2008	13	75	2.8	3.7	0.7	0.2	0.2	0.5	0.9	0.7	1.5
1314911PIP	2008	38	76	6.3	10.8	7.8	1.5	0.9	0.7	9.3	1.6	11.0
1314911PIP	2008	3	77	17.2	17.5	85.7	7.3	6.7	5.3	93.1	12.0	105.0
1314911PIP	2008	13	79	12.7	13.6	36.3	5.4	3.6	4.0	41.6	7.6	49.3
1314911PIP	2008	38	80	9.8	14.1	23.5	4.2	3.0	1.4	27.7	4.4	32.1
1314911PIP	2008	20	81	9.2	10.1	12.7	2.1	1.4	2.5	14.8	3.9	18.7
1314911PIP	2008	13	82	14.5	15.1	50.8	7.2	4.8	4.9	58.1	9.7	67.8
1314921PIP	2008	13	340	6.5	6.6	5.4	1.0	1.2	1.9	6.5	3.1	9.5
1314921PIP	2008	74	341	7.2	8.8	6.5	1.6	1.1	0.7	8.1	1.8	9.9
1314921PIP	2008	74	342	6.5	8.3	5.0	1.3	0.9	0.6	6.3	1.4	7.7
1314921PIP	2008	13	343	7.9	7.8	9.0	1.6	1.7	2.5	10.7	4.2	14.9
1314921PIP	2008	13	344	6.9	7.0	6.4	1.2	1.3	2.1	7.6	3.3	10.9
1314921PIP	2008	13	345	7.8	7.7	8.7	1.6	1.7	2.5	10.3	4.2	14.5
1314921PIP	2008	13	346	2.5	3.1	0.5	0.1	0.2	0.5	0.6	0.6	1.2
1314921PIP	2008	13	347	6.8	6.9	6.2	1.2	1.3	2.0	7.3	3.3	10.6
1314921PIP	2008	20	348	5.4	5.2	2.7	0.5	0.5	1.4	3.2	1.9	5.1
1314921PIP	2008	13	349	3.8	4.2	1.3	0.3	0.4	0.9	1.7	1.3	2.9
1314921PIP	2008	20	350	2.5	2.8	0.4	0.1	0.1	0.4	0.5	0.5	0.9
1314921PIP	2008	20	351	3.0	3.2	0.6	0.1	0.1	0.5	0.7	0.7	1.4
1314921PIP	2008	20	352	4.8	4.7	2.0	0.3	0.4	1.1	2.3	1.5	3.9
1314921PIP	2008	13	353	4.9	5.2	2.6	0.5	0.6	1.3	3.2	1.9	5.1
1314921PIP	2008	20	354	2.7	3.0	0.5	0.1	0.1	0.4	0.6	0.5	1.1
1314921PIP	2008	20	355	3.0	3.2	0.6	0.1	0.1	0.5	0.7	0.7	1.4
1314921PIP	2008	20	357	5.9	5.7	3.4	0.6	0.6	1.6	4.0	2.2	6.2
1314921PIP	2008	13	358	3.3	3.8	1.0	0.2	0.3	0.7	1.2	1.0	2.2
1314921PIP	2008	20	359	6.4	6.1	4.2	0.7	0.8	1.8	5.0	2.5	7.5
1314921PIP	2008	74	360	8.3	9.5	9.3	2.3	1.7	0.8	11.6	2.5	14.1
1314921PIP	2008	20	361	3.6	3.7	1.0	0.2	0.2	0.7	1.1	0.9	2.0
1314921PIP	2008	13	362	7.2	7.2	7.1	1.3	1.4	2.2	8.4	3.6	12.0
1314921PIP	2008	13	363	8.4	8.3	10.7	1.9	1.9	2.7	12.6	4.6	17.2
1314921PIP	2008	13	364	4.3	4.7	1.9	0.4	0.5	1.1	2.3	1.5	3.8
1314921PIP	2008	13	365	9.8	9.4	15.9	2.7	2.7	3.4	18.6	6.0	24.6
1314921PIP	2008	13	367	3.9	4.3	1.4	0.3	0.4	0.9	1.8	1.3	3.1
1314921PIP	2008	13	368	7.7	7.7	8.5	1.5	1.6	2.4	10.1	4.0	14.1
1314921PIP	2008	13	369	4.4	4.8	2.0	0.4	0.5	1.1	2.4	1.6	4.0
1314921PIP	2008	13	370	9.1	8.8	13.1	2.3	2.3	3.1	15.3	5.4	20.7
1314921PIP	2008	13	371	3.6	4.0	1.2	0.3	0.3	0.8	1.4	1.2	2.6
1314921PIP	2008	13	372	10.0	9.6	16.8	2.8	2.7	3.5	19.6	6.2	25.9
1314921PIP	2008	13	373	9.3	9.0	13.9	2.4	2.4	3.1	16.3	5.5	21.8
1314921PIP	2008	13	374	5.2	5.5	3.1	0.6	0.7	1.4	3.7	2.1	5.8
1314921PIP	2008	13	375	4.3	4.7	1.9	0.4	0.5	1.1	2.3	1.5	3.8
1314921PIP	2008	13	376	11.1	10.4	21.9	3.5	3.4	4.1	25.5	7.5	33.0
1314921PIP	2008	13	377	6.1	6.3	4.6	0.9	1.0	1.7	5.5	2.7	8.3
1314921PIP	2008	13	378	7.6	7.6	8.2	1.5	1.6	2.4	9.7	3.9	13.7
1314921PIP	2008	13	379	5.2	5.5	3.1	0.6	0.7	1.4	3.7	2.1	5.8
1314921PIP	2008	13	380	9.8	9.4	15.9	2.7	2.7	3.4	18.6	6.0	24.6
1314921PIP	2008	13	381	6.6	6.7	5.7	1.1	1.2	1.9	6.7	3.1	9.9
1314921PIP	2008	13	382	4.2	4.6	1.8	0.4	0.5	1.0	2.1	1.5	3.6
1314921PIP	2008	13	383	6.5	6.6	5.4	1.0	1.2	1.9	6.5	3.1	9.5
1314921PIP	2008	13	384	9.9	9.5	16.4	2.7	2.7	3.4	19.1	6.1	25.2
1314921PIP	2008	13	385	4.8	5.1	2.5	0.5	0.6	1.2	3.0	1.9	4.9
1314921PIP	2008	13	386	7.0	7.1	6.7	1.2	1.3	2.1	7.9	3.4	11.3
1314921PIP	2008	13	387	5.2	5.5	3.1	0.6	0.7	1.4	3.7	2.1	5.8
1314921PIP	2008	13	388	4.7	5.0	2.3	0.5	0.6	1.2	2.8	1.8	4.6
1314921PIP	2008	13	389	9.2	8.9	13.5	2.3	2.3	3.1	15.8	5.4	21.2
1314921PIP	2008	13	390	8.5	8.3	10.9	1.9	2.0	2.8	12.9	4.8	17.7
1314921PIP	2008	13	391	7.0	7.1	6.7	1.2	1.3	2.1	7.9	3.4	11.3
1314921PIP	2008	13	392	3.3	3.8	1.0	0.2	0.3	0.7	1.2	1.0	2.2
1314921PIP	2008	13	393	8.5	8.3	10.9	1.9	2.0	2.8	12.9	4.8	17.7
1314921PIP	2008	20	395	3.5	3.6	0.9	0.2	0.2	0.7	1.0	0.9	1.9
1314921PIP	2008	13	396	10.1	9.7	17.3	2.9	2.8	3.5	20.2	6.3	26.5
1314921PIP	2008	20	397	3.1	3.3	0.7	0.1	0.1	0.6	0.8	0.7	1.5
1314921PIP	2008	13	398	4.4	4.8	2.0	0.4	0.5	1.1	2.4	1.6	4.0
1314921PIP	2008	13	399	11.3	10.6	23.0	3.7	3.6	4.2	26.7	7.7	34.5
1314921PIP	2008	13	400	6.6	6.7	5.7	1.1	1.2	1.9	6.7	3.1	9.9
1314921PIP	2008	38	401	22.9	12.4	124.7	20.8	49.9	11.6	145.5	61.5	207.0
1314921PIP	2008	13	403	5.2	5.5	3.1	0.6	0.7	1.4	3.7	2.1	5.8
1314921PIP	2008	13	404	5.6	5.8	3.7	0.7	0.9	1.6	4.4	2.4	6.8
1314921PIP	2008	13	405	10.8	10.2	20.5	3.3	3.2	3.9	23.8	7.1	31.0
1314921PIP	2008	13	406	4.2	4.6	1.8	0.4	0.5	1.0	2.1	1.5	3.6
1314921PIP	2008	38	407	3.8	6.0	1.8	0.4	0.3	0.4	2.2	0.7	3.0
1314921PIP	2008	20	408	5.9	5.7	3.4	0.6	0.6	1.6	4.0	2.2	6.2
1314921PIP	2008	38	409	8.1	9.2	11.8	2.2	2.4	1.5	14.0	3.9	17.9
1314921PIP	2008	38	410	6.1	7.9	5.9	1.1	1.1	0.9	7.0	2.1	9.1
1314921PIP	2008	13	412	6.5	6.6	5.4	1.0	1.2	1.9	6.5	3.1	9.5
1314921PIP	2008	13	413	2.6	3.2	0.5	0.1	0.2	0.5	0.7	0.7	1.3
1314921PIP	2008	13	415	7.7	7.7	8.5	1.5	1.6	2.4	10.1	4.0	14.1
1314921PIP	2008	38	416	7.6	8.9	10.1	1.9	2.1	1.3	12.0	3.4	15.4
1314921PIP	2008	38	417	5.3	7.3	4.2	0.8	0.8	0.7	5.0	1.5	6.5
1314921PIP	2008	20	419	10.1	8.7	13.3	2.3	2.4	3.7	15.6	6.1	21.7
1314921PIP	2008	74	420	12.1	11.2	23.0	5.6	4.5	1.5	28.6	6.0	34.6
1314921PIP	2008	13	421	8.9	8.7	12.4	2.1	2.2	2.9	14.6	5.1	19.7
1314921PIP	2008	13	422	6.1	6.3	4.6	0.9	1.0	1.7	5.5	2.7	8.3
1314921PIP	2008	74	423	5.2	7.3	2.8	0.7	0.5	0.4	3.6	0.9	4.5
1314921PIP	2008	20	424	5.5	5.3	2.8	0.5	0.5	1.4	3.3	1.9	5.3
1314921PIP	2008	74	425	6.1	8.0	4.3	1.1	0.7	0.5	5.3	1.3	6.6
1314921PIP	2008	13	426	11.2	10.5	22.5	3.6	3.5	4.1	26.1	7.6	33.7
1314921PIP	2008	13	427	13.6	12.3	37.0	5.6	5.3	5.5	42.6	10.7	53.4
1314921PIP	2008	20	428	2.5	2.8	0.4	0.1	0.1	0.4	0.5	0.5	0.9
1314921PIP	2008	20	429	6.7	6.3	4.7	0.8	0.8	1.9	5.6	2.8	8.3
1314921PIP	2008	13	430	12.3	11.4	28.7	4.5	4.2	4.7	33.3	8.9	42.2
1314921PIP	2008	38	431	4.8	6.9	3.3	0.6	0.6	0.6	3.9	1.2	5.1
1314921PIP	2008	20	432	3.2	3.4	0.7	0.1	0.1	0.6	0.8	0.7	1.6
1314921PIP	2008	74	433	7.4	9.0	7.0	1.7	1.2	0.7	8.8	1.9	10.7
1314921PIP	2008	74	434	3.7	5.9	1.2	0.3	0.2	0.2	1.5	0.4	1.9
1314921PIP	2008	20	435	4.9	4.8	2.1	0.4	0.4	1.2	2.5	1.6	4.1
1314921PIP	2008	38	436	5.7	7.6	5.0	1.0	1.0	0.8	6.0	1.8	7.7
1314921PIP	2008	20	437	6.2	5.9	3.9	0.7	0.7	1.7	4.6	2.4	7.0
1314921PIP	2008	20	438	4.3	4.3	1.5	0.3	0.3	1.0	1.8	1.3	3.0
1314921PIP	2008	38	439	6.5	8.2	6.9	1.3	1.4	1.0	8.2	2.4	10.6
1314921PIP	2008	20	441	11.7	9.7	19.1	3.4	3.4	4.8	22.5	8.2	30.8
1314921PIP	2008	20	442	11.4	9.5	17.9	3.2	3.2	4.6	21.1	7.8	28.9
1314921PIP	2008	20	444	5.7	5.5	3.1	0.5	0.6	1.5	3.7	2.1	5.7
1314921PIP	2008	20	445	6.6	6.2	4.5	0.8	0.8	1.9	5.3	2.7	8.0
1314921PIP	2008	20	446	2.8	3.1	0.5	0.1	0.1	0.5	0.6	0.6	1.2
1314921PIP	2008	20	447	3.3	3.5	0.8	0.1	0.2	0.6	0.9	0.8	1.7
1314921PIP	2008	20	448	2.9	3.1	0.6	0.1	0.1	0.5	0.6	0.6	1.3
1314921PIP	2008	13	450	5.6	5.8	3.7	0.7	0.9	1.6	4.4	2.4	6.8
1314921PIP	2008	13	451	11.1	10.4	21.9	3.5	3.4	4.1	25.5	7.5	33.0
1314921PIP	2008	13	452	9.4	9.1	14.3	2.4	2.4	3.2	16.8	5.6	22.4
1314921PIP	2008	13	453	4.5	4.8	2.1	0.4	0.5	1.1	2.5	1.7	4.2
1314921PIP	2008	13	454	3.7	4.1	1.3	0.3	0.4	0.9	1.5	1.2	2.8
1314921PIP	2008	20	455	7.0	6.5	5.3	0.9	0.9	2.1	6.2	3.0	9.2
1314921PIP	2008	20	457	9.7	8.5	12.1	2.1	2.1	3.5	14.2	5.6	19.8
1314921PIP	2008	20	458	6.4	6.1	4.2	0.7	0.8	1.8	5.0	2.5	7.5
1314921PIP	2008	13	459	7.9	7.8	9.0	1.6	1.7	2.5	10.7	4.2	14.9
1314921PIP	2008	20	460	16.7	11.9	43.9	8.0	9.1	9.4	51.9	18.5	70.4
1314921PIP	2008	13	461	15.3	13.5	49.9	7.4	6.8	6.5	57.3	13.3	70.6
1314921PIP	2008	13	462	2.6	3.2	0.5	0.1	0.2	0.5	0.7	0.7	1.3
1314921PIP	2008	13	463	6.0	6.2	4.4	0.9	1.0	1.7	5.3	2.7	8.0
1314921PIP	2008	13	464	8.4	8.3	10.7	1.9	1.9	2.7	12.6	4.6	17.2
1314921PIP	2008	13	465	11.0	10.4	21.6	3.5	3.3	4.0	25.1	7.3	32.4
1314921PIP	2008	13	467	5.5	5.7	3.5	0.7	0.8	1.5	4.2	2.3	6.6
1314921PIP	2008	13	468	4.8	5.1	2.5	0.5	0.6	1.2	3.0	1.9	4.9
1314921PIP	2008	13	469	11.0	10.4	21.6	3.5	3.3	4.0	25.1	7.3	32.4
1314921PIP	2008	13	470	7.4	7.4	7.7	1.4	1.5	2.3	9.1	3.8	12.8
1314921PIP	2008	13	471	4.3	4.7	1.9	0.4	0.5	1.1	2.3	1.5	3.8
1314921PIP	2008	38	472	19.0	12.1	83.3	14.1	28.2	7.8	97.4	36.0	133.4
1314921PIP	2008	13	474	3.3	3.8	1.0	0.2	0.3	0.7	1.2	1.0	2.2
1314921PIP	2008	13	475	5.2	5.5	3.1	0.6	0.7	1.4	3.7	2.1	5.8
1314921PIP	2008	13	476	8.1	8.0	9.7	1.7	1.8	2.6	11.4	4.4	15.8
1314921PIP	2008	13	477	5.8	6.0	4.0	0.8	0.9	1.6	4.8	2.5	7.4
1314921PIP	2008	13	478	8.8	8.6	12.1	2.1	2.1	2.9	14.1	5.0	19.2
1314921PIP	2008	20	479	3.8	3.9	1.1	0.2	0.2	0.8	1.3	1.0	2.3
1314921PIP	2008	38	480	4.3	6.4	2.5	0.5	0.5	0.5	3.0	1.0	3.9
1314921PIP	2008	38	481	6.2	8.0	6.2	1.2	1.2	0.9	7.3	2.1	9.5
1314921PIP	2008	38	482	3.7	5.9	1.7	0.3	0.3	0.4	2.1	0.7	2.8
1314921PIP	2008	13	483	4.5	4.8	2.1	0.4	0.5	1.1	2.5	1.7	4.2
1314921PIP	2008	13	484	5.4	5.6	3.3	0.7	0.8	1.5	4.0	2.3	6.3
1314921PIP	2008	38	485	10.7	10.3	22.7	4.1	5.3	2.5	26.8	7.8	34.6
1314921PIP	2008	13	487	11.5	10.8	24.2	3.9	3.7	4.2	28.1	7.9	36.0
1314921PIP	2008	38	488	3.0	5.1	1.0	0.2	0.2	0.3	1.2	0.5	1.7
1314921PIP	2008	13	489	6.7	6.8	5.9	1.1	1.2	2.0	7.0	3.2	10.2
1314921PIP	2008	20	490	11.0	9.3	16.5	2.9	2.9	4.3	19.4	7.2	26.6
1314921PIP	2008	38	491	12.1	10.8	30.3	5.4	7.5	3.1	35.6	10.6	46.3
1314921PIP	2008	38	492	6.0	7.8	5.7	1.1	1.1	0.9	6.7	2.0	8.7
1314921PIP	2008	20	493	2.8	3.1	0.5	0.1	0.1	0.5	0.6	0.6	1.2
1314921PIP	2008	13	494	5.1	5.4	2.9	0.6	0.7	1.3	3.5	2.0	5.5
1314921PIP	2008	20	495	4.6	4.6	1.8	0.3	0.3	1.1	2.1	1.4	3.5
1314921PIP	2008	13	496	4.2	4.6	1.8	0.4	0.5	1.0	2.1	1.5	3.6
1314921PIP	2008	20	497	4.5	4.5	1.7	0.3	0.3	1.0	2.0	1.3	3.3
1314921PIP	2008	20	498	5.7	5.5	3.1	0.5	0.6	1.5	3.7	2.1	5.7
1314921PIP	2008	13	499	12.2	11.3	28.1	4.4	4.2	4.6	32.5	8.8	41.3
1314921PIP	2008	13	500	11.7	10.9	25.2	4.0	3.8	4.4	29.2	8.2	37.4
1314921PIP	2008	20	501	4.1	4.2	1.4	0.2	0.3	0.9	1.6	1.1	2.7
1314921PIP	2008	13	502	4.7	5.0	2.3	0.5	0.6	1.2	2.8	1.8	4.6
1314921PIP	2008	13	503	8.4	8.3	10.7	1.9	1.9	2.7	12.6	4.6	17.2
1314921PIP	2008	20	504	2.9	3.1	0.6	0.1	0.1	0.5	0.6	0.6	1.3
1314921PIP	2008	20	505	4.3	4.3	1.5	0.3	0.3	1.0	1.8	1.3	3.0
1314931PIP	2008	20	201	4.3	4.6	1.6	0.3	0.3	0.9	1.9	1.2	3.0
1314931PIP	2008	20	202	4.2	4.5	1.5	0.3	0.3	0.9	1.8	1.1	2.9
1314931PIP	2008	20	203	3.0	3.4	0.6	0.1	0.1	0.5	0.7	0.6	1.4
1314931PIP	2008	20	204	4.3	4.6	1.6	0.3	0.3	0.9	1.9	1.2	3.0
1314931PIP	2008	20	205	4.1	4.4	1.4	0.2	0.2	0.8	1.6	1.1	2.7
1314931PIP	2008	74	206	25.2	19.8	173.9	37.6	27.0	5.0	211.5	32.0	243.5
1314931PIP	2008	20	207	3.8	4.1	1.2	0.2	0.2	0.7	1.3	0.9	2.3
1314931PIP	2008	20	208	2.6	3.0	0.4	0.1	0.1	0.4	0.5	0.5	1.0
1314931PIP	2008	20	209	2.7	3.1	0.5	0.1	0.1	0.4	0.6	0.5	1.1
1314931PIP	2008	20	210	3.5	3.9	1.0	0.2	0.2	0.6	1.1	0.8	1.9
1314931PIP	2008	38	211	11.1	13.7	29.8	5.3	4.6	2.0	35.1	6.5	41.6
1314931PIP	2008	20	212	3.3	3.7	0.8	0.1	0.1	0.6	1.0	0.7	1.7
1314931PIP	2008	13	213	8.0	7.1	8.4	1.6	2.0	3.0	10.0	5.0	15.0
1314931PIP	2008	20	214	5.8	6.0	3.5	0.6	0.5	1.4	4.1	1.9	6.0
1314931PIP	2008	20	215	2.5	3.0	0.4	0.1	0.1	0.4	0.5	0.4	0.9
1314931PIP	2008	20	216	3.0	3.4	0.6	0.1	0.1	0.5	0.7	0.6	1.4
1314931PIP	2008	20	217	7.3	7.3	6.3	1.1	0.9	2.0	7.4	3.0	10.3
1314931PIP	2008	38	218	13.6	14.8	47.9	8.3	8.1	2.9	56.2	10.9	67.2
1314931PIP	2008	38	219	13.1	14.6	43.9	7.7	7.3	2.7	51.6	9.9	61.5
1314931PIP	2008	20	222	3.0	3.4	0.6	0.1	0.1	0.5	0.7	0.6	1.4
1314931PIP	2008	20	223	6.2	6.3	4.1	0.7	0.6	1.6	4.8	2.2	7.0
1314931PIP	2008	20	224	5.3	5.5	2.7	0.5	0.4	1.2	3.2	1.7	4.9
1314931PIP	2008	20	225	2.9	3.3	0.6	0.1	0.1	0.5	0.7	0.6	1.3
1314931PIP	2008	20	226	2.5	3.0	0.4	0.1	0.1	0.4	0.5	0.4	0.9
1314931PIP	2008	20	227	2.8	3.2	0.5	0.1	0.1	0.5	0.6	0.5	1.2
1314931PIP	2008	20	228	7.4	7.4	6.5	1.1	1.0	2.1	7.6	3.0	10.7
1314931PIP	2008	13	229	3.5	3.6	1.0	0.2	0.4	0.9	1.2	1.3	2.5
1314931PIP	2008	20	230	3.7	4.0	1.1	0.2	0.2	0.7	1.3	0.9	2.2
1314931PIP	2008	20	231	3.6	3.9	1.0	0.2	0.2	0.7	1.2	0.9	2.0
1314931PIP	2008	20	232	3.9	4.2	1.2	0.2	0.2	0.8	1.4	1.0	2.4
1314931PIP	2008	12	234	23.4	18.0	126.8	17.0	19.0	14.8	143.8	33.8	177.6
1314931PIP	2008	20	235	6.5	6.6	4.7	0.8	0.7	1.7	5.5	2.4	7.9
1314931PIP	2008	20	236	3.6	3.9	1.0	0.2	0.2	0.7	1.2	0.9	2.0
1314931PIP	2008	20	240	2.5	3.0	0.4	0.1	0.1	0.4	0.5	0.4	0.9
1314931PIP	2008	20	241	2.8	3.2	0.5	0.1	0.1	0.5	0.6	0.5	1.2
1314931PIP	2008	20	242	3.0	3.4	0.6	0.1	0.1	0.5	0.7	0.6	1.4
1314931PIP	2008	13	243	9.5	8.2	13.1	2.3	2.9	3.8	15.5	6.7	22.1
1314931PIP	2008	38	245	7.5	11.4	11.7	2.2	1.6	1.0	13.8	2.5	16.4
1314931PIP	2008	20	247	11.0	10.1	17.7	3.1	2.6	3.9	20.7	6.5	27.3
1314931PIP	2008	20	248	8.9	8.6	10.4	1.8	1.5	2.8	12.2	4.3	16.5
1314931PIP	2008	38	249	11.8	14.1	34.5	6.1	5.4	2.2	40.6	7.6	48.2
1314931PIP	2008	38	250	12.3	14.3	38.0	6.7	6.1	2.4	44.7	8.4	53.1
1314931PIP	2008	38	251	16.1	15.5	70.1	12.0	13.2	4.0	82.1	17.2	99.4
1314931PIP	2008	38	253	20.8	16.3	123.3	20.6	28.4	6.9	143.9	35.3	179.2
1314931PIP	2008	38	254	12.0	14.1	35.7	6.3	5.7	2.3	42.1	7.9	50.0
1314931PIP	2008	38	255	4.9	8.9	4.1	0.8	0.5	0.5	4.9	1.0	5.9
1314931PIP	2008	20	256	14.4	12.0	33.7	5.9	5.4	6.4	39.6	11.8	51.4
1314931PIP	2008	38	257	18.9	16.0	99.9	16.8	21.3	5.6	116.7	27.0	143.7
1314931PIP	2008	38	259	14.6	15.1	56.2	9.7	9.9	3.3	66.0	13.2	79.2
1314931PIP	2008	20	260	6.2	6.3	4.1	0.7	0.6	1.6	4.8	2.2	7.0
1314931PIP	2008	20	261	6.9	6.9	5.4	0.9	0.8	1.9	6.3	2.7	9.0
1314931PIP	2008	20	262	3.8	4.1	1.2	0.2	0.2	0.7	1.3	0.9	2.3
1314931PIP	2008	20	263	10.6	9.8	16.1	2.8	2.4	3.7	18.9	6.1	25.0
1314931PIP	2008	38	264	17.4	15.8	83.4	14.2	16.6	4.7	97.6	21.3	118.9
1314931PIP	2008	38	265	9.1	12.6	18.7	3.4	2.6	1.4	22.1	4.0	26.0
1314931PIP	2008	20	266	2.8	3.2	0.5	0.1	0.1	0.5	0.6	0.5	1.2
1314931PIP	2008	20	267	9.5	9.0	12.2	2.1	1.8	3.1	14.3	4.9	19.2
1314931PIP	2008	20	268	7.7	7.6	7.2	1.2	1.1	2.2	8.4	3.3	11.7
1314931PIP	2008	20	269	4.2	4.5	1.5	0.3	0.3	0.9	1.8	1.1	2.9
1314931PIP	2008	20	270	8.9	8.6	10.4	1.8	1.5	2.8	12.2	4.3	16.5
1314931PIP	2008	20	271	8.4	8.2	9.0	1.5	1.3	2.5	10.5	3.8	14.4
1314931PIP	2008	38	272	7.9	11.7	13.2	2.4	1.8	1.1	15.7	2.9	18.5
1314931PIP	2008	20	273	2.9	3.3	0.6	0.1	0.1	0.5	0.7	0.6	1.3
1314931PIP	2008	20	274	4.2	4.5	1.5	0.3	0.3	0.9	1.8	1.1	2.9
1314931PIP	2008	20	275	3.4	3.8	0.9	0.1	0.2	0.6	1.0	0.8	1.8
1314931PIP	2008	20	276	2.8	3.2	0.5	0.1	0.1	0.5	0.6	0.5	1.2
1314931PIP	2008	20	277	3.2	3.6	0.8	0.1	0.1	0.6	0.9	0.7	1.6
1314931PIP	2008	20	278	4.2	4.5	1.5	0.3	0.3	0.9	1.8	1.1	2.9
1314931PIP	2008	13	279	13.3	10.7	30.9	5.0	6.0	6.2	35.9	12.2	48.1
1314931PIP	2008	20	280	5.2	5.4	2.6	0.4	0.4	1.2	3.0	1.6	4.7
1314931PIP	2008	20	281	2.8	3.2	0.5	0.1	0.1	0.5	0.6	0.5	1.2
1314931PIP	2008	20	282	2.5	3.0	0.4	0.1	0.1	0.4	0.5	0.4	0.9
1314931PIP	2008	20	283	3.0	3.4	0.6	0.1	0.1	0.5	0.7	0.6	1.4
1314931PIP	2008	20	285	6.4	6.5	4.5	0.8	0.7	1.6	5.2	2.3	7.6
1314931PIP	2008	12	286	9.6	9.6	13.9	2.5	2.6	3.6	16.4	6.2	22.6
1314931PIP	2008	20	287	3.3	3.7	0.8	0.1	0.1	0.6	1.0	0.7	1.7
1314931PIP	2008	20	288	2.5	3.0	0.4	0.1	0.1	0.4	0.5	0.4	0.9
1314931PIP	2008	20	289	3.9	4.2	1.2	0.2	0.2	0.8	1.4	1.0	2.4
1314931PIP	2008	20	292	3.9	4.2	1.2	0.2	0.2	0.8	1.4	1.0	2.4
1314931PIP	2008	20	295	4.0	4.3	1.3	0.2	0.2	0.8	1.5	1.0	2.6
1314931PIP	2008	13	296	3.5	3.6	1.0	0.2	0.4	0.9	1.2	1.3	2.5
1314931PIP	2008	20	297	2.7	3.1	0.5	0.1	0.1	0.4	0.6	0.5	1.1
1314931PIP	2008	13	298	4.0	4.0	1.4	0.3	0.5	1.1	1.7	1.6	3.3
1314931PIP	2008	13	299	14.0	11.1	35.1	5.6	6.7	6.8	40.7	13.5	54.1
1314931PIP	2008	20	300	2.9	3.3	0.6	0.1	0.1	0.5	0.7	0.6	1.3
1314931PIP	2008	20	301	8.3	8.1	8.7	1.5	1.3	2.5	10.2	3.8	14.0
1314931PIP	2008	20	304	9.6	9.1	12.6	2.2	1.9	3.1	14.8	5.0	19.7
1314931PIP	2008	20	305	9.3	8.9	11.7	2.0	1.7	3.0	13.7	4.7	18.3
1314931PIP	2008	20	306	3.3	3.7	0.8	0.1	0.1	0.6	1.0	0.7	1.7
1314931PIP	2008	20	307	11.4	10.3	19.2	3.3	2.9	4.2	22.5	7.1	29.6
1314931PIP	2008	20	308	10.2	9.5	14.6	2.5	2.2	3.5	17.1	5.7	22.8
1314931PIP	2008	20	309	4.9	5.2	2.3	0.4	0.4	1.1	2.6	1.4	4.1
1314931PIP	2008	20	310	4.3	4.6	1.6	0.3	0.3	0.9	1.9	1.2	3.0
1314931PIP	2008	20	312	10.4	9.7	15.4	2.7	2.3	3.6	18.1	5.8	23.9
1314931PIP	2008	20	313	6.0	6.2	3.8	0.6	0.6	1.5	4.5	2.1	6.5
1314931PIP	2008	20	314	6.0	6.2	3.8	0.6	0.6	1.5	4.5	2.1	6.5
1314931PIP	2008	20	315	3.8	4.1	1.2	0.2	0.2	0.7	1.3	0.9	2.3
1314931PIP	2008	20	316	8.2	8.0	8.4	1.4	1.3	2.4	9.9	3.7	13.6
1314931PIP	2008	20	317	3.2	3.6	0.8	0.1	0.1	0.6	0.9	0.7	1.6
1314931PIP	2008	13	318	7.3	6.6	6.7	1.3	1.7	2.6	7.9	4.3	12.2
1314931PIP	2008	20	319	7.5	7.4	6.7	1.1	1.0	2.1	7.8	3.1	11.0
1314931PIP	2008	12	320	3.6	4.1	1.0	0.3	0.3	0.9	1.3	1.2	2.6
1314931PIP	2008	20	321	7.5	7.4	6.7	1.1	1.0	2.1	7.8	3.1	11.0
1314931PIP	2008	20	322	10.8	9.9	16.8	2.9	2.5	3.8	19.7	6.4	26.1
1314931PIP	2008	20	323	3.6	3.9	1.0	0.2	0.2	0.7	1.2	0.9	2.0
1314931PIP	2008	20	324	5.1	5.3	2.5	0.4	0.4	1.2	2.9	1.6	4.5
1314931PIP	2008	12	326	3.0	3.5	0.6	0.2	0.2	0.7	0.8	0.9	1.8
1314931PIP	2008	20	327	6.7	6.8	5.1	0.9	0.8	1.8	5.9	2.5	8.4
1314931PIP	2008	20	328	5.0	5.2	2.3	0.4	0.4	1.1	2.7	1.5	4.3
1314931PIP	2008	20	329	5.4	5.6	2.9	0.5	0.5	1.3	3.4	1.7	5.1
1314931PIP	2008	20	330	2.9	3.3	0.6	0.1	0.1	0.5	0.7	0.6	1.3
1314931PIP	2008	20	331	5.3	5.5	2.7	0.5	0.4	1.2	3.2	1.7	4.9
1314931PIP	2008	20	332	7.0	7.0	5.6	1.0	0.9	1.9	6.6	2.8	9.3
1314931PIP	2008	20	333	6.7	6.8	5.1	0.9	0.8	1.8	5.9	2.5	8.4
1314931PIP	2008	20	334	5.0	5.2	2.3	0.4	0.4	1.1	2.7	1.5	4.3
1314931PIP	2008	20	335	4.2	4.5	1.5	0.3	0.3	0.9	1.8	1.1	2.9
1321796PIP	2008	13	1	3.1	3.5	0.8	0.2	0.3	0.7	1.0	0.9	1.9
1321796PIP	2008	13	2	8.4	8.0	10.3	1.8	2.0	2.8	12.2	4.9	17.0
1321796PIP	2008	13	3	7.3	7.1	7.2	1.3	1.5	2.3	8.5	3.8	12.4
1321796PIP	2008	13	4	2.8	3.3	0.6	0.2	0.2	0.6	0.8	0.8	1.5
1321796PIP	2008	13	5	4.5	4.7	2.0	0.4	0.6	1.2	2.5	1.7	4.2
1321796PIP	2008	13	6	2.8	3.3	0.6	0.2	0.2	0.6	0.8	0.8	1.5
1321796PIP	2008	13	7	5.0	5.1	2.7	0.6	0.7	1.4	3.2	2.1	5.3
1321796PIP	2008	13	8	4.9	5.1	2.6	0.5	0.7	1.3	3.1	2.0	5.1
1321796PIP	2008	13	9	2.7	3.2	0.6	0.1	0.2	0.5	0.7	0.7	1.4
1321796PIP	2008	13	10	4.7	4.9	2.3	0.5	0.6	1.2	2.8	1.9	4.6
1321796PIP	2008	13	11	3.6	3.9	1.1	0.3	0.4	0.9	1.4	1.2	2.6
1321796PIP	2008	13	12	6.1	6.1	4.5	0.9	1.0	1.8	5.4	2.9	8.2
1321796PIP	2008	13	13	5.1	5.2	2.8	0.6	0.7	1.4	3.4	2.2	5.5
1321796PIP	2008	1	14	3.7	3.2	0.7	0.2	0.3	0.5	0.8	0.9	1.7
1321796PIP	2008	13	15	4.8	5.0	2.4	0.5	0.6	1.3	2.9	1.9	4.8
1321796PIP	2008	1	16	2.5	2.5	0.2	0.1	0.1	0.3	0.3	0.4	0.7
1321796PIP	2008	13	17	3.7	4.0	1.2	0.3	0.4	0.9	1.5	1.3	2.8
1321796PIP	2008	13	18	2.7	3.2	0.6	0.1	0.2	0.5	0.7	0.7	1.4
1321796PIP	2008	13	19	3.8	4.1	1.3	0.3	0.4	0.9	1.6	1.3	2.9
1321796PIP	2008	13	20	4.0	4.3	1.5	0.3	0.4	1.0	1.8	1.4	3.3
1321796PIP	2008	13	21	4.9	5.1	2.6	0.5	0.7	1.3	3.1	2.0	5.1
1321796PIP	2008	13	22	3.7	4.0	1.2	0.3	0.4	0.9	1.5	1.3	2.8
1321796PIP	2008	13	23	2.5	3.0	0.5	0.1	0.2	0.5	0.6	0.6	1.2
1321796PIP	2008	13	24	7.0	6.8	6.4	1.2	1.4	2.2	7.6	3.6	11.2
1321796PIP	2008	13	25	3.8	4.1	1.3	0.3	0.4	0.9	1.6	1.3	2.9
1321796PIP	2008	13	26	5.7	5.7	3.7	0.7	0.9	1.7	4.5	2.6	7.1
1321796PIP	2008	1	27	2.8	2.7	0.3	0.1	0.2	0.3	0.4	0.5	0.9
1321796PIP	2008	13	28	4.6	4.8	2.2	0.5	0.6	1.2	2.6	1.8	4.4
1321796PIP	2008	13	29	3.9	4.2	1.4	0.3	0.4	1.0	1.7	1.4	3.1
1321796PIP	2008	13	31	7.4	7.2	7.4	1.4	1.6	2.4	8.8	3.9	12.7
1321796PIP	2008	13	32	7.7	7.4	8.2	1.5	1.7	2.5	9.7	4.2	13.9
1321796PIP	2008	13	33	7.2	7.0	6.9	1.3	1.5	2.3	8.2	3.8	12.0
1321796PIP	2008	13	34	3.8	4.1	1.3	0.3	0.4	0.9	1.6	1.3	2.9
1321796PIP	2008	13	35	9.8	9.1	15.4	2.6	2.8	3.5	18.0	6.3	24.3
1321796PIP	2008	13	36	3.6	3.9	1.1	0.3	0.4	0.9	1.4	1.2	2.6
1321796PIP	2008	13	37	2.8	3.3	0.6	0.2	0.2	0.6	0.8	0.8	1.5
1321796PIP	2008	13	40	2.7	3.2	0.6	0.1	0.2	0.5	0.7	0.7	1.4
1321796PIP	2008	20	41	4.2	4.2	1.4	0.2	0.3	0.9	1.7	1.2	2.9
1321796PIP	2008	13	42	12.3	11.0	27.7	4.4	4.4	4.9	32.1	9.4	41.5
1321796PIP	2008	13	43	8.5	8.1	10.7	1.9	2.1	2.9	12.6	4.9	17.5
1321796PIP	2008	13	44	3.0	3.4	0.7	0.2	0.2	0.6	0.9	0.9	1.8
1321796PIP	2008	13	45	10.2	9.4	17.1	2.9	3.0	3.8	19.9	6.8	26.7
1321796PIP	2008	13	46	6.1	6.1	4.5	0.9	1.0	1.8	5.4	2.9	8.2
1321796PIP	2008	13	47	5.2	5.3	3.0	0.6	0.8	1.5	3.6	2.2	5.8
1321796PIP	2008	13	48	10.6	9.7	18.8	3.1	3.3	4.0	22.0	7.3	29.2
1321796PIP	2008	13	49	4.9	5.1	2.6	0.5	0.7	1.3	3.1	2.0	5.1
1321796PIP	2008	20	50	5.7	5.5	3.1	0.5	0.6	1.5	3.7	2.1	5.7
1321796PIP	2008	20	51	3.8	3.9	1.1	0.2	0.2	0.8	1.3	1.0	2.3
1321796PIP	2008	13	52	9.2	8.6	13.0	2.3	2.4	3.3	15.3	5.7	21.0
1321796PIP	2008	13	53	7.3	7.1	7.2	1.3	1.5	2.3	8.5	3.8	12.4
1321796PIP	2008	13	54	8.3	7.9	10.0	1.8	2.0	2.8	11.8	4.8	16.6
1321796PIP	2008	13	55	3.0	3.4	0.7	0.2	0.2	0.6	0.9	0.9	1.8
1321796PIP	2008	13	56	4.0	4.3	1.5	0.3	0.4	1.0	1.8	1.4	3.3
1321796PIP	2008	13	57	3.4	3.8	1.0	0.2	0.3	0.8	1.2	1.1	2.3
1321796PIP	2008	13	58	3.7	4.0	1.2	0.3	0.4	0.9	1.5	1.3	2.8
1321796PIP	2008	13	59	4.9	5.1	2.6	0.5	0.7	1.3	3.1	2.0	5.1
1321796PIP	2008	13	60	5.5	5.6	3.4	0.7	0.8	1.6	4.1	2.4	6.5
1321796PIP	2008	13	61	5.1	5.2	2.8	0.6	0.7	1.4	3.4	2.2	5.5
1321796PIP	2008	13	62	7.4	7.2	7.4	1.4	1.6	2.4	8.8	3.9	12.7
1321796PIP	2008	13	63	4.8	5.0	2.4	0.5	0.6	1.3	2.9	1.9	4.8
1321796PIP	2008	13	64	6.6	6.5	5.5	1.1	1.2	2.0	6.6	3.3	9.8
1321796PIP	2008	20	65	3.7	3.8	1.0	0.2	0.2	0.8	1.2	1.0	2.2
1321796PIP	2008	13	66	8.3	7.9	10.0	1.8	2.0	2.8	11.8	4.8	16.6
1321796PIP	2008	13	67	5.3	5.4	3.1	0.6	0.8	1.5	3.7	2.3	6.0
1321796PIP	2008	13	68	9.5	8.9	14.3	2.4	2.6	3.4	16.7	6.0	22.7
1321796PIP	2008	13	69	6.2	6.2	4.7	0.9	1.1	1.8	5.6	2.9	8.5
1321796PIP	2008	13	70	10.1	9.3	16.6	2.8	3.0	3.7	19.4	6.7	26.1
1321796PIP	2008	13	71	3.5	3.8	1.1	0.2	0.3	0.8	1.3	1.2	2.5
1321796PIP	2008	20	72	3.3	3.5	0.8	0.1	0.2	0.6	0.9	0.8	1.7
1321796PIP	2008	13	73	5.7	5.7	3.7	0.7	0.9	1.7	4.5	2.6	7.1
1321796PIP	2008	13	74	4.3	4.5	1.8	0.4	0.5	1.1	2.2	1.6	3.8
1321796PIP	2008	13	75	8.0	7.7	9.1	1.6	1.8	2.6	10.8	4.5	15.2
1321796PIP	2008	13	76	2.7	3.2	0.6	0.1	0.2	0.5	0.7	0.7	1.4
1321796PIP	2008	13	77	4.8	5.0	2.4	0.5	0.6	1.3	2.9	1.9	4.8
1321796PIP	2008	13	78	8.6	8.2	11.0	1.9	2.1	2.9	13.0	5.0	18.0
1321796PIP	2008	13	79	7.0	6.8	6.4	1.2	1.4	2.2	7.6	3.6	11.2
1321796PIP	2008	13	80	5.6	5.7	3.6	0.7	0.9	1.6	4.3	2.5	6.8
1321796PIP	2008	13	81	8.4	8.0	10.3	1.8	2.0	2.8	12.2	4.9	17.0
1321796PIP	2008	13	82	5.1	5.2	2.8	0.6	0.7	1.4	3.4	2.2	5.5
1321796PIP	2008	13	83	3.2	3.6	0.9	0.2	0.3	0.7	1.1	1.0	2.0
1321796PIP	2008	13	84	7.3	7.1	7.2	1.3	1.5	2.3	8.5	3.8	12.4
1321796PIP	2008	13	85	5.6	5.7	3.6	0.7	0.9	1.6	4.3	2.5	6.8
1321796PIP	2008	13	86	6.3	6.2	4.8	0.9	1.1	1.9	5.8	3.1	8.8
1321796PIP	2008	13	87	9.0	8.5	12.4	2.2	2.3	3.1	14.6	5.4	20.0
1321796PIP	2008	13	88	7.2	7.0	6.9	1.3	1.5	2.3	8.2	3.8	12.0
1321796PIP	2008	13	89	4.3	4.5	1.8	0.4	0.5	1.1	2.2	1.6	3.8
1321796PIP	2008	13	90	5.1	5.2	2.8	0.6	0.7	1.4	3.4	2.2	5.5
1321796PIP	2008	13	91	7.6	7.3	7.9	1.5	1.7	2.5	9.4	4.2	13.5
1321796PIP	2008	13	92	4.9	5.1	2.6	0.5	0.7	1.3	3.1	2.0	5.1
1321796PIP	2008	13	93	7.4	7.2	7.4	1.4	1.6	2.4	8.8	3.9	12.7
1321796PIP	2008	13	94	4.4	4.6	1.9	0.4	0.5	1.1	2.3	1.7	4.0
1321796PIP	2008	13	95	4.4	4.6	1.9	0.4	0.5	1.1	2.3	1.7	4.0
1321796PIP	2008	13	96	5.8	5.8	3.9	0.8	1.0	1.7	4.7	2.7	7.4
1321796PIP	2008	13	97	2.6	3.1	0.5	0.1	0.2	0.5	0.6	0.7	1.3
1321796PIP	2008	13	99	2.8	3.3	0.6	0.2	0.2	0.6	0.8	0.8	1.5
1321796PIP	2008	13	100	4.6	4.8	2.2	0.5	0.6	1.2	2.6	1.8	4.4
1321796PIP	2008	13	102	9.5	8.9	14.3	2.4	2.6	3.4	16.7	6.0	22.7
1321796PIP	2008	1	103	13.4	8.0	18.2	3.7	7.7	5.6	22.0	13.3	35.3
1321796PIP	2008	13	105	10.2	9.4	17.1	2.9	3.0	3.8	19.9	6.8	26.7
1321796PIP	2008	13	106	8.8	8.3	11.6	2.0	2.2	3.0	13.7	5.3	19.0
1321796PIP	2008	13	107	5.1	5.2	2.8	0.6	0.7	1.4	3.4	2.2	5.5
1321796PIP	2008	38	109	3.9	5.8	1.9	0.4	0.4	0.5	2.3	0.8	3.1
1321796PIP	2008	13	110	3.8	4.1	1.3	0.3	0.4	0.9	1.6	1.3	2.9
1321796PIP	2008	13	111	4.8	5.0	2.4	0.5	0.6	1.3	2.9	1.9	4.8
1321796PIP	2008	13	112	3.4	3.8	1.0	0.2	0.3	0.8	1.2	1.1	2.3
1328591PIP	2008	20	1	4.5	4.5	1.7	0.3	0.3	1.0	2.0	1.3	3.3
1328591PIP	2008	20	2	4.2	4.3	1.4	0.2	0.3	0.9	1.7	1.2	2.9
1328591PIP	2008	20	3	3.8	3.9	1.1	0.2	0.2	0.8	1.3	1.0	2.3
1328591PIP	2008	74	4	12.8	15.5	36.1	7.8	4.3	1.7	43.9	6.0	49.9
1328591PIP	2008	20	5	3.2	3.4	0.7	0.1	0.1	0.6	0.8	0.7	1.6
1328591PIP	2008	20	7	4.2	4.3	1.4	0.2	0.3	0.9	1.7	1.2	2.9
1328591PIP	2008	20	8	5.5	5.4	2.9	0.5	0.5	1.4	3.4	1.9	5.3
1328591PIP	2008	20	10	10.6	9.2	15.2	2.7	2.6	4.0	17.9	6.6	24.5
1328591PIP	2008	20	12	5.1	5.1	2.4	0.4	0.4	1.2	2.8	1.6	4.4
1328591PIP	2008	20	13	12.6	10.3	23.1	4.1	4.1	5.4	27.2	9.5	36.7
1328591PIP	2008	20	14	9.4	8.4	11.3	2.0	1.9	3.3	13.3	5.2	18.4
1328591PIP	2008	20	15	10.0	8.8	13.2	2.3	2.2	3.6	15.5	5.8	21.3
1328591PIP	2008	20	16	10.4	9.1	14.6	2.6	2.5	3.8	17.1	6.3	23.4
1328591PIP	2008	20	17	7.3	6.9	6.0	1.0	1.0	2.1	7.0	3.2	10.2
1328591PIP	2008	20	18	4.8	4.8	2.0	0.4	0.4	1.1	2.4	1.5	3.9
1328591PIP	2008	20	19	7.7	7.2	6.9	1.2	1.2	2.3	8.1	3.5	11.6
1328591PIP	2008	74	20	6.6	11.2	7.1	1.6	0.8	0.6	8.7	1.3	10.0
1328591PIP	2008	74	21	2.8	6.3	0.7	0.2	0.1	0.1	0.9	0.2	1.1
1328591PIP	2008	20	22	4.5	4.5	1.7	0.3	0.3	1.0	2.0	1.3	3.3
1328591PIP	2008	20	23	9.9	8.7	12.8	2.2	2.2	3.6	15.1	5.8	20.8
1328591PIP	2008	20	24	5.9	5.7	3.4	0.6	0.6	1.6	4.0	2.2	6.2
1328591PIP	2008	20	25	3.0	3.3	0.6	0.1	0.1	0.5	0.7	0.6	1.4
1328591PIP	2008	20	26	7.5	7.0	6.4	1.1	1.1	2.3	7.5	3.4	10.8
1328591PIP	2008	20	27	2.5	2.8	0.4	0.1	0.1	0.4	0.5	0.5	0.9
1328591PIP	2008	20	29	8.9	8.0	9.8	1.7	1.7	3.0	11.5	4.7	16.2
1328591PIP	2008	13	30	11.3	9.7	21.1	3.5	4.0	4.7	24.6	8.7	33.3
1328591PIP	2008	20	31	6.5	6.2	4.4	0.8	0.8	1.8	5.2	2.6	7.8
1328591PIP	2008	38	32	15.4	14.2	60.2	10.4	12.5	4.0	70.6	16.5	87.0
1328591PIP	2008	20	33	3.0	3.3	0.6	0.1	0.1	0.5	0.7	0.6	1.4
1328591PIP	2008	20	34	8.0	7.4	7.5	1.3	1.3	2.5	8.8	3.8	12.6
1328591PIP	2008	20	35	5.9	5.7	3.4	0.6	0.6	1.6	4.0	2.2	6.2
1328591PIP	2008	20	36	5.2	5.1	2.5	0.4	0.5	1.3	2.9	1.7	4.6
1328591PIP	2008	20	38	4.7	4.7	1.9	0.3	0.4	1.1	2.2	1.4	3.7
1328591PIP	2008	20	39	3.1	3.3	0.7	0.1	0.1	0.6	0.8	0.7	1.5
1328591PIP	2008	74	40	29.4	18.5	218.2	49.5	44.3	6.4	267.8	50.7	318.5
1328591PIP	2008	20	41	2.5	2.8	0.4	0.1	0.1	0.4	0.5	0.5	0.9
1328591PIP	2008	20	42	3.8	3.9	1.1	0.2	0.2	0.8	1.3	1.0	2.3
1328591PIP	2008	20	43	3.8	3.9	1.1	0.2	0.2	0.8	1.3	1.0	2.3
1328591PIP	2008	20	44	3.1	3.3	0.7	0.1	0.1	0.6	0.8	0.7	1.5
1328591PIP	2008	20	45	3.2	3.4	0.7	0.1	0.1	0.6	0.8	0.7	1.6
1328591PIP	2008	20	46	2.8	3.1	0.5	0.1	0.1	0.5	0.6	0.6	1.2
1328591PIP	2008	20	47	5.3	5.2	2.6	0.5	0.5	1.3	3.1	1.8	4.9
1328591PIP	2008	20	48	6.5	6.2	4.4	0.8	0.8	1.8	5.2	2.6	7.8
1328591PIP	2008	20	49	7.8	7.2	7.0	1.2	1.2	2.4	8.2	3.6	11.9
1328591PIP	2008	20	50	5.4	5.3	2.7	0.5	0.5	1.3	3.2	1.8	5.1
1328591PIP	2008	20	51	3.9	4.0	1.2	0.2	0.2	0.8	1.4	1.0	2.4
1328591PIP	2008	20	52	4.5	4.5	1.7	0.3	0.3	1.0	2.0	1.3	3.3
1328591PIP	2008	20	53	7.3	6.9	6.0	1.0	1.0	2.1	7.0	3.2	10.2
1328591PIP	2008	38	54	8.0	11.1	13.1	2.4	2.0	1.2	15.5	3.1	18.6
1328591PIP	2008	20	55	2.8	3.1	0.5	0.1	0.1	0.5	0.6	0.6	1.2
1328591PIP	2008	38	56	8.2	11.2	13.9	2.6	2.1	1.2	16.4	3.3	19.7
1328591PIP	2008	13	58	8.2	7.5	9.3	1.7	2.0	2.9	11.0	5.0	15.9
1328591PIP	2008	20	59	3.7	3.9	1.1	0.2	0.2	0.7	1.2	0.9	2.2
1328591PIP	2008	74	60	7.6	12.2	10.2	2.2	1.1	0.7	12.4	1.8	14.3
1328591PIP	2008	20	62	7.9	7.3	7.3	1.3	1.2	2.5	8.5	3.7	12.2
1328591PIP	2008	20	63	5.3	5.2	2.6	0.5	0.5	1.3	3.1	1.8	4.9
1328591PIP	2008	20	64	5.5	5.4	2.9	0.5	0.5	1.4	3.4	1.9	5.3
1328591PIP	2008	74	65	14.6	16.2	48.8	10.6	6.2	2.1	59.4	8.3	67.6
1328591PIP	2008	20	66	3.3	3.5	0.8	0.1	0.2	0.6	0.9	0.8	1.7
1328591PIP	2008	38	67	10.4	12.5	24.5	4.4	4.0	1.9	28.9	5.9	34.8
1328591PIP	2008	20	69	15.1	11.5	35.4	6.4	6.7	7.6	41.8	14.3	56.1
1328591PIP	2008	3	70	16.1	18.4	81.6	6.8	5.2	4.7	88.4	9.9	98.3
1328591PIP	2008	74	71	25.5	18.2	162.8	36.4	29.5	5.1	199.2	34.6	233.8
1328591PIP	2008	20	72	6.5	6.2	4.4	0.8	0.8	1.8	5.2	2.6	7.8
1328591PIP	2008	20	73	13.5	10.8	27.3	4.9	4.9	6.1	32.2	11.0	43.2
1328591PIP	2008	20	74	8.0	7.4	7.5	1.3	1.3	2.5	8.8	3.8	12.6
1328591PIP	2008	20	75	2.7	3.0	0.5	0.1	0.1	0.4	0.6	0.5	1.1
1328591PIP	2008	13	76	10.1	8.9	15.9	2.7	3.2	4.0	18.6	7.1	25.7
1328591PIP	2008	38	77	15.4	14.2	60.2	10.4	12.5	4.0	70.6	16.5	87.0
1328591PIP	2008	20	78	2.5	2.8	0.4	0.1	0.1	0.4	0.5	0.5	0.9
1328591PIP	2008	20	79	3.3	3.5	0.8	0.1	0.2	0.6	0.9	0.8	1.7
1328591PIP	2008	20	80	3.3	3.5	0.8	0.1	0.2	0.6	0.9	0.8	1.7
1328591PIP	2008	20	81	4.0	4.1	1.3	0.2	0.2	0.8	1.5	1.1	2.6
1328591PIP	2008	13	82	9.3	8.3	12.8	2.2	2.7	3.5	15.1	6.2	21.2
1328591PIP	2008	74	83	17.1	17.0	69.8	15.2	9.6	2.7	84.9	12.2	97.2
1328591PIP	2008	20	84	4.0	4.1	1.3	0.2	0.2	0.8	1.5	1.1	2.6
1328591PIP	2008	38	85	2.6	5.5	0.8	0.2	0.1	0.2	1.0	0.3	1.3
1328591PIP	2008	20	86	3.9	4.0	1.2	0.2	0.2	0.8	1.4	1.0	2.4
1328591PIP	2008	20	87	5.4	5.3	2.7	0.5	0.5	1.3	3.2	1.8	5.1
1328591PIP	2008	20	88	2.7	3.0	0.5	0.1	0.1	0.4	0.6	0.5	1.1
1328591PIP	2008	38	89	3.1	6.2	1.2	0.3	0.2	0.2	1.5	0.4	1.9
1328591PIP	2008	20	90	4.2	4.3	1.4	0.2	0.3	0.9	1.7	1.2	2.9
1328591PIP	2008	20	91	4.1	4.2	1.4	0.2	0.3	0.9	1.6	1.1	2.7
1328591PIP	2008	20	92	3.8	3.9	1.1	0.2	0.2	0.8	1.3	1.0	2.3
1328591PIP	2008	20	93	6.4	6.1	4.2	0.7	0.8	1.8	5.0	2.5	7.5
1328591PIP	2008	20	94	5.6	5.5	3.0	0.5	0.5	1.4	3.6	2.0	5.5
1328591PIP	2008	20	95	3.7	3.9	1.1	0.2	0.2	0.7	1.2	0.9	2.2
1328591PIP	2008	20	96	5.3	5.2	2.6	0.5	0.5	1.3	3.1	1.8	4.9
1328591PIP	2008	20	97	4.1	4.2	1.4	0.2	0.3	0.9	1.6	1.1	2.7
1328591PIP	2008	20	98	4.8	4.8	2.0	0.4	0.4	1.1	2.4	1.5	3.9
1328591PIP	2008	20	99	3.5	3.7	0.9	0.2	0.2	0.7	1.1	0.8	1.9
1328591PIP	2008	20	100	3.1	3.3	0.7	0.1	0.1	0.6	0.8	0.7	1.5
1328591PIP	2008	20	101	3.5	3.7	0.9	0.2	0.2	0.7	1.1	0.8	1.9
1328591PIP	2008	20	102	2.9	3.2	0.6	0.1	0.1	0.5	0.7	0.6	1.3
1328591PIP	2008	20	103	4.1	4.2	1.4	0.2	0.3	0.9	1.6	1.1	2.7
1328591PIP	2008	20	104	6.2	6.0	3.9	0.7	0.7	1.7	4.6	2.3	7.0
1328591PIP	2008	20	105	5.9	5.7	3.4	0.6	0.6	1.6	4.0	2.2	6.2
1328591PIP	2008	20	106	4.1	4.2	1.4	0.2	0.3	0.9	1.6	1.1	2.7
1328591PIP	2008	20	107	4.0	4.1	1.3	0.2	0.2	0.8	1.5	1.1	2.6
1328591PIP	2008	20	108	3.0	3.3	0.6	0.1	0.1	0.5	0.7	0.6	1.4
1328591PIP	2008	20	109	4.5	4.5	1.7	0.3	0.3	1.0	2.0	1.3	3.3
1328591PIP	2008	20	110	3.0	3.3	0.6	0.1	0.1	0.5	0.7	0.6	1.4
1328591PIP	2008	20	111	4.3	4.4	1.5	0.3	0.3	0.9	1.8	1.2	3.0
1328591PIP	2008	20	112	5.4	5.3	2.7	0.5	0.5	1.3	3.2	1.8	5.1
1328591PIP	2008	20	113	5.4	5.3	2.7	0.5	0.5	1.3	3.2	1.8	5.1
1328591PIP	2008	20	114	9.3	8.3	11.0	1.9	1.9	3.2	12.9	5.1	18.0
1328591PIP	2008	20	115	6.9	6.5	5.1	0.9	0.9	2.0	6.0	2.9	8.9
1328591PIP	2008	74	116	2.5	5.8	0.5	0.1	0.1	0.1	0.7	0.2	0.9
1328591PIP	2008	20	117	6.8	6.5	5.0	0.9	0.9	1.9	5.9	2.8	8.6
1328591PIP	2008	20	118	6.1	5.9	3.8	0.7	0.7	1.6	4.4	2.3	6.7
1328591PIP	2008	20	119	2.9	3.2	0.6	0.1	0.1	0.5	0.7	0.6	1.3
1328591PIP	2008	20	120	3.6	3.8	1.0	0.2	0.2	0.7	1.1	0.9	2.0
1328591PIP	2008	20	121	5.3	5.2	2.6	0.5	0.5	1.3	3.1	1.8	4.9
1328591PIP	2008	20	122	2.9	3.2	0.6	0.1	0.1	0.5	0.7	0.6	1.3
1328591PIP	2008	20	123	5.5	5.4	2.9	0.5	0.5	1.4	3.4	1.9	5.3
1328591PIP	2008	20	124	3.2	3.4	0.7	0.1	0.1	0.6	0.8	0.7	1.6
1328591PIP	2008	20	125	3.2	3.4	0.7	0.1	0.1	0.6	0.8	0.7	1.6
1328591PIP	2008	20	126	3.7	3.9	1.1	0.2	0.2	0.7	1.2	0.9	2.2
1328591PIP	2008	20	127	2.9	3.2	0.6	0.1	0.1	0.5	0.7	0.6	1.3
1328591PIP	2008	20	128	4.2	4.3	1.4	0.2	0.3	0.9	1.7	1.2	2.9
1328591PIP	2008	20	129	2.6	2.9	0.4	0.1	0.1	0.4	0.5	0.5	1.0
1328591PIP	2008	20	130	2.9	3.2	0.6	0.1	0.1	0.5	0.7	0.6	1.3
1328591PIP	2008	20	131	6.6	6.3	4.6	0.8	0.8	1.8	5.4	2.6	8.1
1328611PIP	2008	20	2	8.2	8.7	9.1	1.5	1.1	2.2	10.6	3.3	13.9
1328611PIP	2008	20	3	9.3	9.7	12.6	2.1	1.5	2.7	14.7	4.2	18.9
1328611PIP	2008	20	7	6.2	6.8	4.4	0.7	0.6	1.4	5.1	2.0	7.1
1328611PIP	2008	74	13	13.5	16.6	43.0	9.1	4.9	1.8	52.2	6.7	58.8
1328611PIP	2008	20	15	13.0	12.4	28.7	4.9	3.6	4.8	33.6	8.4	41.9
1328611PIP	2008	20	16	9.5	9.8	13.2	2.2	1.6	2.8	15.4	4.4	19.8
1328611PIP	2008	74	21	22.1	19.1	129.8	27.9	18.8	4.0	157.7	22.9	180.6
1328611PIP	2008	20	22	10.8	10.9	18.3	3.1	2.2	3.4	21.3	5.7	27.0
1328611PIP	2008	20	23	8.2	8.7	9.1	1.5	1.1	2.2	10.6	3.3	13.9
1328611PIP	2008	20	25	13.3	12.6	30.3	5.2	3.8	5.0	35.5	8.8	44.3
1328611PIP	2008	20	27	11.4	11.3	20.8	3.5	2.6	3.8	24.3	6.4	30.7
1328611PIP	2008	74	29	19.0	18.5	93.6	20.0	12.3	3.2	113.6	15.5	129.1
1328611PIP	2008	51	30	3.3	9.9	1.4	0.5	0.3	0.1	1.9	0.4	2.4
1328611PIP	2008	74	35	9.0	13.8	16.1	3.5	1.7	0.9	19.6	2.6	22.2
1328611PIP	2008	20	43	3.4	4.0	0.9	0.2	0.1	0.6	1.1	0.7	1.8
1328611PIP	2008	20	44	3.2	3.8	0.8	0.1	0.1	0.5	0.9	0.6	1.6
1328611PIP	2008	20	46	4.5	5.1	1.9	0.3	0.3	0.9	2.2	1.2	3.4
1328611PIP	2008	20	47	3.3	3.9	0.9	0.1	0.1	0.5	1.0	0.7	1.7
1328611PIP	2008	20	48	4.5	5.1	1.9	0.3	0.3	0.9	2.2	1.2	3.4
1328611PIP	2008	20	49	4.3	4.9	1.7	0.3	0.2	0.8	2.0	1.1	3.0
1328611PIP	2008	74	51	34.5	20.1	324.9	73.0	67.2	8.3	397.9	75.5	473.3
1328611PIP	2008	20	67	13.8	12.9	33.1	5.7	4.2	5.3	38.8	9.5	48.3
1328611PIP	2008	20	68	7.1	7.7	6.3	1.0	0.8	1.8	7.3	2.6	9.9
1328611PIP	2008	74	73	37.4	20.2	381.9	86.6	84.8	9.5	468.5	94.3	562.8
1328611PIP	2008	20	79	16.7	14.5	52.0	9.0	7.1	7.5	61.1	14.6	75.6
1328611PIP	2008	74	84	11.8	15.7	31.3	6.6	3.4	1.5	37.9	4.9	42.7
1328611PIP	2008	74	93	9.5	14.2	18.5	4.0	1.9	1.0	22.4	2.9	25.4
1328611PIP	2008	20	99	7.0	7.6	6.0	1.0	0.8	1.7	7.0	2.5	9.5
1328611PIP	2008	51	100	15.0	10.5	30.0	6.2	6.8	2.1	36.2	8.8	45.1
1328621PIP	2008	13	1	7.4	5.7	5.9	1.2	2.2	3.3	7.1	5.4	12.5
1328621PIP	2008	13	2	7.7	5.8	6.4	1.3	2.4	3.5	7.7	5.9	13.6
1328621PIP	2008	13	3	9.2	6.7	10.1	1.9	3.5	4.6	12.1	8.1	20.1
1328621PIP	2008	13	4	8.1	6.1	7.4	1.4	2.6	3.8	8.8	6.4	15.2
1328621PIP	2008	13	6	7.4	5.7	5.9	1.2	2.2	3.3	7.1	5.4	12.5
1328621PIP	2008	13	7	6.5	5.1	4.2	0.9	1.7	2.7	5.1	4.4	9.5
1328621PIP	2008	25	8	3.4	4.4	1.2	0.2	0.3	0.5	1.4	0.8	2.2
1328621PIP	2008	13	9	5.5	4.5	2.8	0.6	1.2	2.1	3.4	3.3	6.6
1328621PIP	2008	13	10	6.3	5.0	3.9	0.8	1.5	2.6	4.7	4.1	8.8
1328621PIP	2008	74	11	2.6	4.7	0.5	0.1	0.1	0.1	0.6	0.2	0.8
1328621PIP	2008	13	12	8.6	6.4	8.6	1.7	3.0	4.1	10.3	7.1	17.4
1328621PIP	2008	13	14	8.5	6.3	8.3	1.6	2.9	4.1	9.9	7.0	16.9
1328621PIP	2008	13	15	8.4	6.3	8.1	1.6	2.8	3.9	9.7	6.8	16.5
1328621PIP	2008	74	16	4.5	6.7	2.0	0.5	0.3	0.3	2.5	0.7	3.1
1328621PIP	2008	13	17	7.3	5.6	5.7	1.1	2.1	3.2	6.8	5.4	12.1
1328621PIP	2008	20	18	7.6	6.6	6.2	1.1	1.2	2.5	7.3	3.7	11.1
1328621PIP	2008	13	19	5.9	4.7	3.3	0.7	1.4	2.4	4.0	3.7	7.7
1328621PIP	2008	20	20	8.4	7.1	8.0	1.4	1.6	3.0	9.4	4.6	13.9
1328621PIP	2008	13	21	5.1	4.2	2.3	0.5	1.0	1.9	2.8	2.9	5.7
1328621PIP	2008	13	22	5.9	4.7	3.3	0.7	1.4	2.4	4.0	3.7	7.7
1328621PIP	2008	13	23	6.1	4.9	3.6	0.8	1.4	2.4	4.4	3.9	8.2
1328621PIP	2008	13	24	6.5	5.1	4.2	0.9	1.7	2.7	5.1	4.4	9.5
1328621PIP	2008	74	27	3.1	5.3	0.7	0.2	0.1	0.2	0.9	0.3	1.2
1328621PIP	2008	74	30	2.6	4.7	0.5	0.1	0.1	0.1	0.6	0.2	0.8
1328621PIP	2008	20	31	11.3	8.9	16.7	3.0	3.4	4.9	19.7	8.2	27.9
1328621PIP	2008	20	33	11.3	8.9	16.7	3.0	3.4	4.9	19.7	8.2	27.9
1328621PIP	2008	20	34	6.4	5.7	4.0	0.7	0.8	1.9	4.7	2.7	7.4
1328621PIP	2008	20	36	7.6	6.6	6.2	1.1	1.2	2.5	7.3	3.7	11.1
1328621PIP	2008	13	37	3.0	2.9	0.6	0.2	0.3	0.8	0.8	1.1	1.9
1328621PIP	2008	20	38	2.9	3.0	0.5	0.1	0.1	0.5	0.6	0.6	1.3
1328621PIP	2008	1	39	3.6	3.4	0.7	0.2	0.3	0.5	0.9	0.8	1.6
1328621PIP	2008	22	41	45.3	14.8	247.1	36.0	69.3	45.5	283.1	114.8	397.9
1328621PIP	2008	13	42	5.5	4.5	2.8	0.6	1.2	2.1	3.4	3.3	6.6
1328621PIP	2008	13	43	5.3	4.3	2.5	0.5	1.1	2.0	3.0	3.1	6.1
1328621PIP	2008	20	44	3.2	3.2	0.7	0.1	0.2	0.6	0.8	0.8	1.6
1328621PIP	2008	13	45	3.6	3.3	1.0	0.2	0.5	1.1	1.2	1.5	2.7
1328621PIP	2008	1	46	7.3	5.6	4.1	1.0	1.6	1.8	5.1	3.4	8.5
1328621PIP	2008	20	48	4.7	4.4	1.8	0.3	0.4	1.2	2.1	1.6	3.7
1328621PIP	2008	20	49	4.8	4.5	1.9	0.3	0.4	1.2	2.3	1.6	3.9
1328621PIP	2008	20	50	4.1	3.9	1.3	0.2	0.3	0.9	1.5	1.2	2.7
1328621PIP	2008	20	51	5.9	5.3	3.2	0.6	0.7	1.7	3.8	2.4	6.2
1328621PIP	2008	20	52	10.6	8.5	14.2	2.6	2.9	4.3	16.8	7.2	24.0
1328621PIP	2008	20	53	4.5	4.3	1.6	0.3	0.3	1.1	1.9	1.4	3.3
1328621PIP	2008	13	54	5.9	4.7	3.3	0.7	1.4	2.4	4.0	3.7	7.7
1328621PIP	2008	20	57	7.0	6.2	5.1	0.9	1.0	2.2	6.0	3.2	9.1
1328621PIP	2008	20	58	4.8	4.5	1.9	0.3	0.4	1.2	2.3	1.6	3.9
1328621PIP	2008	13	59	3.5	3.2	0.9	0.2	0.4	1.0	1.1	1.5	2.6
1328621PIP	2008	13	60	5.9	4.7	3.3	0.7	1.4	2.4	4.0	3.7	7.7
1328621PIP	2008	20	61	4.5	4.3	1.6	0.3	0.3	1.1	1.9	1.4	3.3
1328621PIP	2008	20	62	3.7	3.6	1.0	0.2	0.2	0.8	1.2	1.0	2.2
1328621PIP	2008	1	63	5.9	4.8	2.4	0.6	1.0	1.2	3.0	2.2	5.2
1328621PIP	2008	13	64	5.3	4.3	2.5	0.5	1.1	2.0	3.0	3.1	6.1
1328621PIP	2008	13	65	4.5	3.8	1.6	0.4	0.8	1.6	2.0	2.3	4.4
1328621PIP	2008	13	66	6.2	4.9	3.7	0.8	1.5	2.5	4.5	4.1	8.6
1328621PIP	2008	13	67	4.1	3.6	1.3	0.3	0.6	1.3	1.6	1.9	3.6
1328621PIP	2008	20	68	4.9	4.6	2.0	0.4	0.4	1.2	2.4	1.7	4.1
1328621PIP	2008	13	69	5.1	4.2	2.3	0.5	1.0	1.9	2.8	2.9	5.7
1328621PIP	2008	13	70	5.5	4.5	2.8	0.6	1.2	2.1	3.4	3.3	6.6
1328621PIP	2008	13	71	5.3	4.3	2.5	0.5	1.1	2.0	3.0	3.1	6.1
1328621PIP	2008	20	72	10.1	8.2	12.6	2.3	2.5	4.0	14.9	6.5	21.4
1328621PIP	2008	20	73	7.4	6.4	5.8	1.0	1.2	2.4	6.8	3.6	10.4
1328621PIP	2008	20	74	3.3	3.3	0.7	0.1	0.2	0.7	0.9	0.8	1.7
1328621PIP	2008	20	75	5.0	4.6	2.1	0.4	0.5	1.3	2.5	1.8	4.2
1328621PIP	2008	13	76	3.7	3.3	1.0	0.2	0.5	1.2	1.3	1.7	2.9
1328621PIP	2008	20	77	4.5	4.3	1.6	0.3	0.3	1.1	1.9	1.4	3.3
1328621PIP	2008	20	78	2.5	2.7	0.4	0.1	0.1	0.4	0.4	0.5	0.9
1328621PIP	2008	13	79	5.3	4.3	2.5	0.5	1.1	2.0	3.0	3.1	6.1
1328621PIP	2008	1	80	9.3	6.8	7.9	1.8	2.9	2.7	9.7	5.6	15.3
1328621PIP	2008	13	81	5.1	4.2	2.3	0.5	1.0	1.9	2.8	2.9	5.7
1328621PIP	2008	13	82	4.2	3.6	1.4	0.3	0.7	1.4	1.7	2.1	3.8
1328621PIP	2008	13	84	4.9	4.1	2.1	0.5	0.9	1.8	2.5	2.7	5.2
1328621PIP	2008	13	85	6.5	5.1	4.2	0.9	1.7	2.7	5.1	4.4	9.5
1328621PIP	2008	13	86	7.3	5.6	5.7	1.1	2.1	3.2	6.8	5.4	12.1
1328621PIP	2008	20	87	6.5	5.8	4.2	0.7	0.8	1.9	4.9	2.8	7.7
1328621PIP	2008	20	88	6.4	5.7	4.0	0.7	0.8	1.9	4.7	2.7	7.4
1328621PIP	2008	13	89	3.2	3.0	0.7	0.2	0.4	0.9	0.9	1.3	2.2
1328621PIP	2008	13	90	8.4	6.3	8.1	1.6	2.8	3.9	9.7	6.8	16.5
1328621PIP	2008	13	91	6.1	4.9	3.6	0.8	1.4	2.4	4.4	3.9	8.2
1328621PIP	2008	22	92	29.7	12.3	101.1	15.1	28.2	20.6	116.3	48.8	165.1
1328621PIP	2008	13	94	4.9	4.1	2.1	0.5	0.9	1.8	2.5	2.7	5.2
1328621PIP	2008	20	95	6.8	6.0	4.7	0.8	1.0	2.1	5.5	3.0	8.5
1328621PIP	2008	20	96	4.9	4.6	2.0	0.4	0.4	1.2	2.4	1.7	4.1
1328621PIP	2008	13	97	5.4	4.4	2.6	0.6	1.1	2.1	3.2	3.2	6.4
1328621PIP	2008	13	98	8.9	6.6	9.4	1.8	3.2	4.3	11.2	7.5	18.7
1328621PIP	2008	20	99	7.4	6.4	5.8	1.0	1.2	2.4	6.8	3.6	10.4
1328621PIP	2008	13	100	4.9	4.1	2.1	0.5	0.9	1.8	2.5	2.7	5.2
1328621PIP	2008	13	101	2.5	2.6	0.4	0.1	0.2	0.6	0.5	0.8	1.3
1328621PIP	2008	13	102	5.1	4.2	2.3	0.5	1.0	1.9	2.8	2.9	5.7
1328621PIP	2008	13	103	6.9	5.4	4.9	1.0	1.9	2.9	5.9	4.8	10.7
1328621PIP	2008	13	104	6.1	4.9	3.6	0.8	1.4	2.4	4.4	3.9	8.2
1328621PIP	2008	13	105	4.1	3.6	1.3	0.3	0.6	1.3	1.6	1.9	3.6
1328621PIP	2008	13	106	8.9	6.6	9.4	1.8	3.2	4.3	11.2	7.5	18.7
1328681PIP	2008	20	1	12.4	12.4	26.3	4.4	3.0	4.2	30.7	7.3	38.0
1328681PIP	2008	20	2	5.5	6.3	3.3	0.5	0.4	1.2	3.8	1.6	5.4
1328681PIP	2008	20	3	4.7	5.5	2.2	0.4	0.3	0.9	2.6	1.2	3.8
1328681PIP	2008	74	5	29.5	22.2	266.4	56.3	39.9	6.5	322.6	46.4	369.0
1328681PIP	2008	20	6	3.1	3.8	0.7	0.1	0.1	0.5	0.9	0.6	1.5
1328681PIP	2008	20	7	5.2	6.0	2.9	0.5	0.4	1.1	3.3	1.4	4.8
1328681PIP	2008	20	9	8.4	9.2	9.9	1.6	1.1	2.2	11.6	3.4	15.0
1328681PIP	2008	38	10	16.7	16.1	77.6	13.2	14.3	4.2	90.9	18.5	109.4
1328681PIP	2008	20	11	15.0	14.1	41.7	7.1	5.0	5.9	48.8	10.9	59.7
1328681PIP	2008	20	12	16.0	14.6	48.4	8.3	6.0	6.7	56.7	12.7	69.4
1328681PIP	2008	20	13	13.6	13.2	32.9	5.6	3.9	5.0	38.5	8.9	47.3
1328681PIP	2008	20	14	4.8	5.6	2.3	0.4	0.3	0.9	2.7	1.2	4.0
1328681PIP	2008	20	15	3.7	4.4	1.2	0.2	0.2	0.6	1.4	0.8	2.2
1328681PIP	2008	20	16	6.0	6.8	4.1	0.7	0.5	1.3	4.8	1.8	6.7
1328681PIP	2008	20	17	11.1	11.5	20.1	3.4	2.3	3.5	23.5	5.8	29.2
1328681PIP	2008	20	18	3.5	4.2	1.0	0.2	0.1	0.6	1.2	0.7	1.9
1328681PIP	2008	20	20	2.7	3.4	0.5	0.1	0.1	0.4	0.6	0.5	1.1
1328681PIP	2008	20	21	4.4	5.1	1.8	0.3	0.3	0.8	2.1	1.1	3.2
1328681PIP	2008	20	22	2.9	3.6	0.6	0.1	0.1	0.4	0.7	0.5	1.3
1328681PIP	2008	20	23	6.0	6.8	4.1	0.7	0.5	1.3	4.8	1.8	6.7
1328681PIP	2008	20	24	4.5	5.3	2.0	0.3	0.3	0.9	2.3	1.1	3.4
1328681PIP	2008	20	25	6.5	7.3	5.1	0.8	0.6	1.5	5.9	2.1	8.1
1328681PIP	2008	20	26	4.1	4.8	1.5	0.3	0.2	0.8	1.8	1.0	2.7
1328681PIP	2008	20	27	9.4	10.1	13.3	2.2	1.5	2.6	15.5	4.1	19.6
1328681PIP	2008	38	28	7.9	11.8	13.3	2.5	1.8	1.1	15.8	2.8	18.6
1328681PIP	2008	20	29	3.7	4.4	1.2	0.2	0.2	0.6	1.4	0.8	2.2
1328681PIP	2008	20	30	11.2	11.5	20.5	3.4	2.4	3.6	23.9	5.9	29.8
1328681PIP	2008	20	31	11.5	11.8	22.0	3.7	2.5	3.7	25.6	6.2	31.8
1328681PIP	2008	20	32	4.3	5.0	1.7	0.3	0.2	0.8	2.0	1.1	3.1
1328681PIP	2008	20	33	6.4	7.2	4.9	0.8	0.6	1.5	5.7	2.1	7.8
1328681PIP	2008	20	34	2.8	3.5	0.6	0.1	0.1	0.4	0.7	0.5	1.2
1328681PIP	2008	20	35	8.0	8.8	8.8	1.4	1.0	2.1	10.2	3.1	13.3
1328681PIP	2008	20	36	2.8	3.5	0.6	0.1	0.1	0.4	0.7	0.5	1.2
1328681PIP	2008	38	37	8.0	11.9	13.7	2.5	1.8	1.1	16.3	2.9	19.2
1328681PIP	2008	20	38	5.3	6.1	3.0	0.5	0.4	1.1	3.5	1.5	5.0
1328681PIP	2008	20	40	7.1	7.9	6.4	1.1	0.8	1.7	7.5	2.5	10.0
1328681PIP	2008	38	41	6.1	10.1	7.0	1.3	0.9	0.7	8.3	1.6	9.9
1328681PIP	2008	20	42	10.4	10.9	17.0	2.8	1.9	3.1	19.9	5.1	25.0
1328681PIP	2008	20	43	6.6	7.4	5.3	0.9	0.7	1.5	6.2	2.2	8.4
1328681PIP	2008	20	44	13.3	13.0	31.2	5.3	3.7	4.8	36.4	8.4	44.9
1328681PIP	2008	20	46	18.0	15.6	63.6	11.0	8.4	8.4	74.6	16.7	91.3
1328681PIP	2008	20	47	4.5	5.3	2.0	0.3	0.3	0.9	2.3	1.1	3.4
1328681PIP	2008	13	48	26.6	20.9	203.9	25.7	22.0	14.9	229.6	36.8	266.4
1328681PIP	2008	20	51	4.9	5.7	2.4	0.4	0.3	1.0	2.9	1.3	4.1
1328681PIP	2008	20	52	8.3	9.1	9.6	1.6	1.1	2.2	11.2	3.3	14.5
1328681PIP	2008	38	53	14.8	15.6	59.2	10.2	10.1	3.3	69.4	13.3	82.7
1328681PIP	2008	20	54	7.4	8.2	7.1	1.2	0.9	1.8	8.3	2.7	11.0
1328681PIP	2008	20	55	3.5	4.2	1.0	0.2	0.1	0.6	1.2	0.7	1.9
1328681PIP	2008	20	56	10.4	10.9	17.0	2.8	1.9	3.1	19.9	5.1	25.0
1328681PIP	2008	20	57	7.1	7.9	6.4	1.1	0.8	1.7	7.5	2.5	10.0
1328681PIP	2008	13	58	5.0	5.7	3.0	0.6	0.6	1.2	3.6	1.8	5.4
1328681PIP	2008	20	59	6.2	7.0	4.5	0.7	0.6	1.4	5.2	2.0	7.2
1328681PIP	2008	20	60	5.8	6.6	3.8	0.6	0.5	1.3	4.4	1.7	6.2
1328681PIP	2008	20	61	13.3	13.0	31.2	5.3	3.7	4.8	36.4	8.4	44.9
1328681PIP	2008	20	64	5.2	6.0	2.9	0.5	0.4	1.1	3.3	1.4	4.8
1328681PIP	2008	20	65	2.9	3.6	0.6	0.1	0.1	0.4	0.7	0.5	1.3
1328681PIP	2008	13	67	7.2	7.8	7.7	1.4	1.3	2.0	9.1	3.2	12.3
1328681PIP	2008	20	68	8.0	8.8	8.8	1.4	1.0	2.1	10.2	3.1	13.3
1328681PIP	2008	20	69	3.2	3.9	0.8	0.1	0.1	0.5	0.9	0.6	1.6
1328681PIP	2008	13	70	2.7	3.4	0.6	0.1	0.2	0.5	0.7	0.7	1.4
1328681PIP	2008	20	71	6.3	7.1	4.7	0.8	0.6	1.4	5.5	2.0	7.5
1328681PIP	2008	13	72	17.2	15.9	72.2	10.1	7.8	7.0	82.3	14.9	97.1
1328681PIP	2008	20	73	7.4	8.2	7.1	1.2	0.9	1.8	8.3	2.7	11.0
1328681PIP	2008	13	74	22.4	18.9	136.4	17.9	14.5	11.0	154.3	25.4	179.7
1328681PIP	2008	20	75	9.1	9.8	12.2	2.0	1.4	2.5	14.2	3.9	18.1
1328681PIP	2008	20	76	5.5	6.3	3.3	0.5	0.4	1.2	3.8	1.6	5.4
1328681PIP	2008	20	77	7.5	8.3	7.4	1.2	0.9	1.9	8.6	2.7	11.4
1328681PIP	2008	13	78	9.6	10.0	16.3	2.7	2.3	3.0	19.0	5.2	24.2
1328681PIP	2008	38	79	12.2	14.5	37.7	6.6	5.8	2.3	44.4	8.1	52.5
1328681PIP	2008	13	80	3.6	4.3	1.3	0.3	0.3	0.8	1.5	1.1	2.6
1328681PIP	2008	13	81	17.8	16.2	78.1	10.8	8.5	7.5	88.9	16.0	105.0
1328681PIP	2008	13	82	4.2	4.9	1.9	0.4	0.4	0.9	2.3	1.4	3.6
1328681PIP	2008	38	83	11.8	14.3	34.9	6.2	5.3	2.1	41.0	7.5	48.5
1328681PIP	2008	13	84	7.0	7.6	7.1	1.3	1.2	1.9	8.4	3.1	11.5
1328681PIP	2008	38	85	8.8	12.5	17.3	3.2	2.4	1.3	20.5	3.6	24.1
1328681PIP	2008	38	86	9.0	12.6	18.2	3.3	2.5	1.3	21.6	3.9	25.4
1328681PIP	2008	20	87	14.2	13.6	36.6	6.2	4.3	5.4	42.8	9.7	52.5
1328681PIP	2008	13	88	7.1	7.7	7.4	1.3	1.2	1.9	8.7	3.2	11.9
1328681PIP	2008	13	90	13.4	13.1	38.4	5.7	4.6	4.8	44.1	9.4	53.5
1328681PIP	2008	20	91	10.7	11.2	18.4	3.1	2.1	3.3	21.5	5.3	26.8
1328681PIP	2008	38	92	14.8	15.6	59.2	10.2	10.1	3.3	69.4	13.3	82.7
1328681PIP	2008	20	93	17.7	15.5	61.3	10.6	7.9	8.1	71.9	16.0	87.9
1328681PIP	2008	38	94	13.1	14.9	44.5	7.8	7.1	2.6	52.3	9.7	62.0
1328681PIP	2008	20	95	3.2	3.9	0.8	0.1	0.1	0.5	0.9	0.6	1.6
1328681PIP	2008	20	96	8.2	9.0	9.3	1.5	1.1	2.1	10.9	3.2	14.1
1328681PIP	2008	20	97	4.0	4.7	1.4	0.2	0.2	0.7	1.7	0.9	2.6
1328681PIP	2008	20	98	8.3	9.1	9.6	1.6	1.1	2.2	11.2	3.3	14.5
1328681PIP	2008	20	99	9.5	10.2	13.6	2.3	1.5	2.7	15.9	4.2	20.1
1328681PIP	2008	20	100	14.6	13.8	39.0	6.6	4.7	5.7	45.6	10.4	55.9
1328681PIP	2008	38	101	8.2	12.0	14.5	2.7	2.0	1.1	17.2	3.1	20.3
1328681PIP	2008	38	102	5.1	9.0	4.5	0.9	0.6	0.5	5.3	1.1	6.4
1328681PIP	2008	13	103	8.7	9.2	12.6	2.1	1.9	2.6	14.8	4.4	19.2
1328681PIP	2008	38	104	12.7	14.7	41.4	7.3	6.5	2.5	48.6	9.0	57.6
1328681PIP	2008	13	105	10.1	10.4	18.6	3.0	2.5	3.2	21.6	5.7	27.3
1328681PIP	2008	20	106	4.3	5.0	1.7	0.3	0.2	0.8	2.0	1.1	3.1
1328681PIP	2008	20	107	3.4	4.1	0.9	0.2	0.1	0.6	1.1	0.7	1.8
1328681PIP	2008	20	108	8.6	9.4	10.6	1.8	1.2	2.3	12.3	3.5	15.8
1328681PIP	2008	20	109	7.6	8.4	7.7	1.3	0.9	1.9	8.9	2.8	11.7
1328681PIP	2008	38	110	10.1	13.4	24.2	4.3	3.4	1.6	28.5	5.1	33.6
1328681PIP	2008	38	111	13.2	15.0	45.4	7.9	7.3	2.6	53.4	9.9	63.3
1328681PIP	2008	20	112	2.6	3.3	0.5	0.1	0.1	0.4	0.6	0.4	1.0
1328681PIP	2008	20	113	7.4	8.2	7.1	1.2	0.9	1.8	8.3	2.7	11.0
1328681PIP	2008	20	115	2.6	3.3	0.5	0.1	0.1	0.4	0.6	0.4	1.0
1328681PIP	2008	20	116	8.5	9.3	10.3	1.7	1.2	2.3	12.0	3.4	15.4
1328681PIP	2008	20	117	4.7	5.5	2.2	0.4	0.3	0.9	2.6	1.2	3.8
1328681PIP	2008	20	118	13.0	12.8	29.5	5.0	3.4	4.6	34.5	8.0	42.5
1328681PIP	2008	38	119	17.2	16.2	82.9	14.1	15.6	4.4	97.0	20.1	117.1
1328681PIP	2008	38	120	5.1	9.0	4.5	0.9	0.6	0.5	5.3	1.1	6.4
1328681PIP	2008	20	121	15.7	14.5	46.5	7.9	5.7	6.4	54.4	12.1	66.5
1328681PIP	2008	20	122	7.6	8.4	7.7	1.3	0.9	1.9	8.9	2.8	11.7
1328681PIP	2008	20	123	12.3	12.4	25.9	4.3	3.0	4.1	30.3	7.1	37.4
1328681PIP	2008	20	124	15.8	14.5	47.0	8.0	5.8	6.5	55.0	12.3	67.4
1328681PIP	2008	20	125	5.5	6.3	3.3	0.5	0.4	1.2	3.8	1.6	5.4
1328681PIP	2008	20	126	4.1	4.8	1.5	0.3	0.2	0.8	1.8	1.0	2.7
1328681PIP	2008	38	127	11.0	13.9	29.6	5.3	4.4	1.9	34.8	6.3	41.1
1328681PIP	2008	20	129	6.9	7.7	5.9	1.0	0.7	1.6	6.9	2.4	9.3
1328681PIP	2008	20	130	10.0	10.6	15.5	2.6	1.8	2.9	18.1	4.7	22.7
1328681PIP	2008	20	131	11.4	11.7	21.4	3.6	2.4	3.6	25.0	6.1	31.1
1328681PIP	2008	38	133	12.8	14.8	42.2	7.4	6.7	2.5	49.6	9.2	58.8
1328681PIP	2008	20	134	10.4	10.9	17.0	2.8	1.9	3.1	19.9	5.1	25.0
1328681PIP	2008	38	135	7.5	11.4	11.7	2.2	1.6	1.0	13.8	2.5	16.4
1328681PIP	2008	20	137	10.8	11.2	18.7	3.1	2.1	3.3	21.8	5.5	27.3
1328681PIP	2008	20	138	12.6	12.6	27.5	4.6	3.2	4.3	32.1	7.5	39.6
1328681PIP	2008	20	139	5.4	6.2	3.1	0.5	0.4	1.1	3.7	1.5	5.2
1328681PIP	2008	20	140	5.7	6.5	3.6	0.6	0.5	1.2	4.2	1.7	5.9
1328681PIP	2008	20	141	10.3	10.8	16.6	2.8	1.9	3.1	19.4	5.0	24.4
1328681PIP	2008	20	142	5.2	6.0	2.9	0.5	0.4	1.1	3.3	1.4	4.8
1328681PIP	2008	20	143	7.1	7.9	6.4	1.1	0.8	1.7	7.5	2.5	10.0
1328681PIP	2008	20	144	10.2	10.8	16.3	2.7	1.8	3.0	19.0	4.9	23.9
1328681PIP	2008	20	145	12.7	12.6	27.9	4.7	3.2	4.4	32.6	7.7	40.2
1328681PIP	2008	20	146	9.3	10.0	12.9	2.1	1.5	2.6	15.0	4.1	19.1
1328681PIP	2008	20	147	4.2	4.9	1.6	0.3	0.2	0.8	1.9	1.0	2.9
1328681PIP	2008	20	148	6.3	7.1	4.7	0.8	0.6	1.4	5.5	2.0	7.5
1328681PIP	2008	20	149	6.4	7.2	4.9	0.8	0.6	1.5	5.7	2.1	7.8
1328681PIP	2008	20	150	15.5	14.4	45.1	7.7	5.5	6.3	52.8	11.8	64.6
1328681PIP	2008	20	151	13.5	13.2	32.5	5.5	3.8	4.9	37.9	8.7	46.6
1328681PIP	2008	20	152	15.3	14.3	43.8	7.5	5.3	6.1	51.2	11.4	62.6
1328681PIP	2008	20	153	12.2	12.3	25.4	4.3	2.9	4.1	29.6	7.0	36.6
1328681PIP	2008	20	154	4.2	4.9	1.6	0.3	0.2	0.8	1.9	1.0	2.9
1328681PIP	2008	20	155	16.4	14.8	51.2	8.8	6.5	7.0	60.0	13.5	73.5
1328681PIP	2008	20	156	4.3	5.0	1.7	0.3	0.2	0.8	2.0	1.1	3.1
1225496PIP	2011	38	1	6.8	9.2	8.2	1.5	1.4	1.0	9.8	2.4	12.2
1225496PIP	2011	38	2	2.9	5.2	1.0	0.2	0.2	0.3	1.1	0.4	1.6
1225496PIP	2011	38	6	8.5	10.5	14.3	2.6	2.5	1.4	16.9	3.9	20.8
1225496PIP	2011	38	7	3.5	5.9	1.5	0.3	0.3	0.3	1.8	0.6	2.4
1225496PIP	2011	74	8	23.1	19.6	145.3	31.1	21.1	4.3	176.5	25.4	201.9
1225496PIP	2011	13	9	14.7	13.2	45.5	6.8	6.1	6.1	52.3	12.2	64.5
1225496PIP	2011	38	10	7.8	10.0	11.6	2.1	2.0	1.2	13.7	3.2	16.9
1225496PIP	2011	13	11	20.2	16.5	99.3	13.6	12.6	10.1	113.0	22.7	135.6
1225496PIP	2011	38	12	4.0	6.5	2.2	0.4	0.4	0.4	2.6	0.8	3.4
1225496PIP	2011	13	13	9.4	9.2	14.5	2.5	2.4	3.1	16.9	5.5	22.5
1225496PIP	2011	38	15	12.6	12.7	36.8	6.5	7.3	2.8	43.3	10.2	53.5
1225496PIP	2011	13	16	10.4	10.0	18.8	3.1	2.9	3.6	21.9	6.6	28.5
1225496PIP	2011	13	19	18.5	15.5	80.0	11.2	10.3	8.8	91.2	19.1	110.3
1225496PIP	2011	13	21	8.3	8.3	10.5	1.8	1.8	2.6	12.3	4.5	16.8
1225496PIP	2011	38	22	12.4	12.7	35.6	6.3	7.0	2.7	41.9	9.7	51.6
1225496PIP	2011	38	23	11.2	12.1	27.9	5.0	5.3	2.3	32.9	7.6	40.4
1225496PIP	2011	13	24	9.9	9.6	16.5	2.8	2.7	3.4	19.3	6.0	25.3
1225496PIP	2011	13	26	17.7	15.1	72.1	10.2	9.3	8.1	82.3	17.4	99.7
1225496PIP	2011	13	27	20.3	16.5	100.2	13.8	12.8	10.2	113.9	23.0	136.9
1225496PIP	2011	38	32	12.6	12.7	36.8	6.5	7.3	2.8	43.3	10.2	53.5
1225496PIP	2011	38	36	3.7	6.1	1.8	0.4	0.3	0.4	2.1	0.7	2.8
1225496PIP	2011	38	37	4.7	7.2	3.2	0.6	0.5	0.6	3.9	1.1	5.0
1225496PIP	2011	38	39	8.1	10.2	12.7	2.3	2.2	1.3	15.0	3.5	18.5
1225496PIP	2011	74	42	19.1	18.7	95.6	20.3	12.4	3.2	116.0	15.6	131.6
1225496PIP	2011	13	43	11.8	11.1	26.0	4.1	3.8	4.4	30.1	8.2	38.3
1225496PIP	2011	74	45	2.9	6.2	0.8	0.2	0.1	0.2	1.0	0.3	1.2
1225496PIP	2011	74	47	20.7	19.1	114.3	24.4	15.5	3.6	138.7	19.2	157.9
1225496PIP	2011	74	48	17.8	18.3	81.5	17.3	10.3	2.9	98.8	13.1	112.0
1225496PIP	2011	74	49	25.8	20.0	184.0	39.7	28.8	5.2	223.7	34.0	257.7
1225496PIP	2011	38	50	3.0	5.3	1.0	0.2	0.2	0.3	1.2	0.5	1.7
1225496PIP	2011	38	51	3.1	5.4	1.1	0.2	0.2	0.3	1.4	0.5	1.8
1225496PIP	2011	38	52	8.2	10.3	13.1	2.4	2.3	1.3	15.5	3.6	19.1
1225496PIP	2011	38	53	2.6	4.8	0.7	0.2	0.1	0.2	0.9	0.3	1.2
1225496PIP	2011	74	54	9.9	14.2	20.0	4.3	2.2	1.1	24.3	3.3	27.6
1225496PIP	2011	74	56	20.5	19.0	111.6	23.8	15.2	3.6	135.4	18.7	154.1
1225496PIP	2011	13	57	3.8	4.3	1.4	0.3	0.4	0.9	1.7	1.2	2.9
1225496PIP	2011	13	59	11.9	11.2	26.7	4.2	3.9	4.4	30.9	8.3	39.1
1225496PIP	2011	13	60	19.0	15.8	85.4	11.9	10.9	9.2	97.3	20.1	117.4
1225496PIP	2011	13	61	12.4	11.6	29.7	4.6	4.2	4.7	34.3	8.9	43.2
1225496PIP	2011	38	63	2.5	4.7	0.7	0.1	0.1	0.2	0.8	0.3	1.1
1225496PIP	2011	20	64	3.5	3.9	1.0	0.2	0.2	0.6	1.1	0.8	1.9
1225496PIP	2011	38	65	3.1	5.4	1.1	0.2	0.2	0.3	1.4	0.5	1.8
1225496PIP	2011	13	66	4.0	4.5	1.6	0.3	0.4	0.9	1.9	1.3	3.3
1225496PIP	2011	13	67	18.0	15.3	75.2	10.6	9.6	8.3	85.9	17.9	103.8
1225496PIP	2011	13	68	19.3	16.0	88.9	12.3	11.3	9.4	101.3	20.7	121.9
1225496PIP	2011	74	69	12.3	15.8	34.1	7.3	3.8	1.6	41.4	5.4	46.7
1225496PIP	2011	13	70	4.0	4.5	1.6	0.3	0.4	0.9	1.9	1.3	3.3
1266666PIP	2011	3	1	6.6	8.9	7.3	1.1	0.7	0.9	8.4	1.6	10.0
1266666PIP	2011	13	2	2.7	3.3	0.6	0.1	0.2	0.5	0.7	0.7	1.4
1266666PIP	2011	3	3	7.0	9.2	8.4	1.2	0.8	1.1	9.6	1.9	11.5
1266666PIP	2011	3	4	12.3	11.7	29.5	3.4	3.6	2.9	32.9	6.5	39.3
1266666PIP	2011	3	5	13.7	12.2	37.3	4.1	4.8	3.5	41.4	8.3	49.6
1266666PIP	2011	3	6	6.5	8.8	7.0	1.0	0.7	0.9	8.1	1.6	9.7
1266666PIP	2011	3	7	3.0	5.6	1.1	0.2	0.1	0.2	1.3	0.3	1.6
1266666PIP	2011	3	8	3.5	6.2	1.6	0.3	0.1	0.3	1.9	0.4	2.4
1266666PIP	2011	3	9	10.0	10.8	18.8	2.3	2.0	2.0	21.1	4.0	25.2
1266666PIP	2011	3	10	3.6	6.3	1.7	0.3	0.2	0.3	2.0	0.5	2.5
1266666PIP	2011	3	11	5.3	7.9	4.4	0.7	0.4	0.6	5.1	1.0	6.1
1266666PIP	2011	3	12	10.5	11.1	21.1	2.5	2.3	2.2	23.7	4.5	28.2
1266666PIP	2011	3	13	13.4	12.1	35.5	4.0	4.5	3.4	39.5	7.8	47.3
1266666PIP	2011	3	14	3.0	5.6	1.1	0.2	0.1	0.2	1.3	0.3	1.6
1266666PIP	2011	3	15	11.7	11.5	26.5	3.1	3.1	2.6	29.6	5.8	35.4
1266666PIP	2011	3	20	5.7	8.2	5.2	0.8	0.5	0.7	6.0	1.2	7.2
1266666PIP	2011	3	21	6.7	9.0	7.6	1.1	0.7	1.0	8.7	1.7	10.4
1266666PIP	2011	3	22	7.8	9.7	10.8	1.5	1.1	1.3	12.3	2.3	14.6
1266666PIP	2011	3	23	3.5	6.2	1.6	0.3	0.1	0.3	1.9	0.4	2.4
1266666PIP	2011	3	24	3.4	6.1	1.5	0.3	0.1	0.3	1.8	0.4	2.2
1266666PIP	2011	3	28	7.7	9.6	10.4	1.4	1.0	1.2	11.9	2.3	14.2
1266666PIP	2011	3	29	6.3	8.7	6.6	1.0	0.6	0.9	7.6	1.5	9.0
1266666PIP	2011	13	30	3.8	4.3	1.4	0.3	0.4	0.9	1.7	1.2	2.9
1266666PIP	2011	3	31	3.5	6.2	1.6	0.3	0.1	0.3	1.9	0.4	2.4
1266666PIP	2011	3	32	7.5	9.5	9.9	1.4	1.0	1.2	11.2	2.2	13.4
1266666PIP	2011	3	33	2.7	5.3	0.8	0.2	0.1	0.2	1.0	0.3	1.3
1266666PIP	2011	3	34	7.1	9.2	8.6	1.2	0.8	1.1	9.9	1.9	11.8
1266666PIP	2011	3	35	7.8	9.7	10.8	1.5	1.1	1.3	12.3	2.3	14.6
1266666PIP	2011	3	36	3.3	6.0	1.4	0.3	0.1	0.3	1.7	0.4	2.1
1266666PIP	2011	3	38	5.4	8.0	4.6	0.7	0.4	0.7	5.3	1.1	6.4
1266666PIP	2011	3	39	10.5	11.1	21.1	2.5	2.3	2.2	23.7	4.5	28.2
1266666PIP	2011	3	40	4.0	6.7	2.2	0.4	0.2	0.4	2.6	0.6	3.2
1266666PIP	2011	3	41	7.5	9.5	9.9	1.4	1.0	1.2	11.2	2.2	13.4
1266666PIP	2011	3	42	5.3	7.9	4.4	0.7	0.4	0.6	5.1	1.0	6.1
1266666PIP	2011	3	43	5.7	8.2	5.2	0.8	0.5	0.7	6.0	1.2	7.2
1266666PIP	2011	3	44	3.0	5.6	1.1	0.2	0.1	0.2	1.3	0.3	1.6
1266666PIP	2011	3	45	4.3	7.0	2.6	0.5	0.2	0.4	3.1	0.7	3.8
1266666PIP	2011	3	46	8.0	9.8	11.4	1.5	1.1	1.3	13.0	2.5	15.4
1266666PIP	2011	3	47	8.6	10.1	13.4	1.7	1.4	1.5	15.2	2.9	18.1
1266666PIP	2011	3	48	3.9	6.6	2.1	0.4	0.2	0.4	2.5	0.6	3.0
1266666PIP	2011	3	49	5.6	8.1	4.9	0.8	0.5	0.7	5.7	1.2	6.9
1266666PIP	2011	3	50	3.4	6.1	1.5	0.3	0.1	0.3	1.8	0.4	2.2
1266666PIP	2011	3	51	5.7	8.2	5.2	0.8	0.5	0.7	6.0	1.2	7.2
1266666PIP	2011	3	52	4.7	7.4	3.3	0.6	0.3	0.5	3.8	0.8	4.6
1266666PIP	2011	3	53	4.5	7.2	2.9	0.5	0.3	0.5	3.5	0.7	4.2
1266666PIP	2011	3	55	3.3	6.0	1.4	0.3	0.1	0.3	1.7	0.4	2.1
1266666PIP	2011	3	56	2.6	5.2	0.8	0.2	0.1	0.2	1.0	0.2	1.2
1266666PIP	2011	3	57	7.6	9.6	10.2	1.4	1.0	1.2	11.6	2.2	13.8
1266666PIP	2011	3	58	4.2	6.9	2.5	0.4	0.2	0.4	2.9	0.6	3.6
1266666PIP	2011	3	59	9.9	10.8	18.5	2.3	2.0	2.0	20.8	3.9	24.7
1266666PIP	2011	3	60	4.2	6.9	2.5	0.4	0.2	0.4	2.9	0.6	3.6
1266666PIP	2011	3	61	3.4	6.1	1.5	0.3	0.1	0.3	1.8	0.4	2.2
1266666PIP	2011	3	27	6.1	8.5	6.1	0.9	0.6	0.8	7.0	1.4	8.4
1266666PIP	2011	3	26	6.4	8.8	6.9	1.0	0.6	0.9	7.9	1.5	9.4
1266666PIP	2011	3	25	9.5	10.6	16.9	2.1	1.8	1.8	19.0	3.6	22.6
1266666PIP	2011	3	18	9.0	10.4	15.0	1.9	1.5	1.7	16.9	3.2	20.1
1266666PIP	2011	3	17	8.8	10.3	14.3	1.8	1.5	1.6	16.1	3.0	19.2
1266666PIP	2011	3	16	10.9	11.2	22.8	2.7	2.6	2.3	25.5	4.9	30.4
1266666PIP	2011	3	62	6.5	8.8	7.0	1.0	0.7	0.9	8.1	1.6	9.7
1266666PIP	2011	3	63	11.4	11.4	25.1	2.9	2.9	2.5	28.0	5.4	33.5
1266666PIP	2011	3	65	6.7	9.0	7.6	1.1	0.7	1.0	8.7	1.7	10.4
1266666PIP	2011	3	66	7.3	9.4	9.3	1.3	0.9	1.1	10.6	2.0	12.6
1266666PIP	2011	3	67	4.6	7.3	3.1	0.5	0.3	0.5	3.6	0.8	4.4
1266666PIP	2011	3	68	3.6	6.3	1.7	0.3	0.2	0.3	2.0	0.5	2.5
1266666PIP	2011	3	69	7.9	9.7	11.1	1.5	1.1	1.3	12.5	2.4	15.0
1266666PIP	2011	3	70	6.6	8.9	7.3	1.1	0.7	0.9	8.4	1.6	10.0
1266666PIP	2011	3	71	4.7	7.4	3.3	0.6	0.3	0.5	3.8	0.8	4.6
1266666PIP	2011	3	72	2.7	5.3	0.8	0.2	0.1	0.2	1.0	0.3	1.3
1266666PIP	2011	3	73	9.8	10.7	18.0	2.2	1.9	1.9	20.2	3.9	24.1
1266666PIP	2011	3	74	10.7	11.1	21.8	2.6	2.5	2.3	24.4	4.7	29.1
1266666PIP	2011	3	75	5.6	8.1	4.9	0.8	0.5	0.7	5.7	1.2	6.9
1266666PIP	2011	3	76	10.4	11.0	20.6	2.5	2.3	2.1	23.1	4.4	27.5
1266666PIP	2011	3	77	9.8	10.7	18.0	2.2	1.9	1.9	20.2	3.9	24.1
1266666PIP	2011	3	78	11.1	11.3	23.7	2.8	2.7	2.4	26.5	5.1	31.6
1266666PIP	2011	3	79	8.2	9.9	12.1	1.6	1.2	1.4	13.7	2.6	16.3
1266666PIP	2011	3	80	7.7	9.6	10.4	1.4	1.0	1.2	11.9	2.3	14.2
1266666PIP	2011	3	81	10.2	10.9	19.7	2.4	2.2	2.1	22.1	4.2	26.3
1266666PIP	2011	3	82	7.4	9.4	9.5	1.3	0.9	1.2	10.8	2.1	12.9
1266666PIP	2011	3	83	13.8	12.2	37.7	4.2	4.9	3.5	41.9	8.4	50.3
1266666PIP	2011	3	84	10.3	11.0	20.2	2.5	2.2	2.1	22.7	4.3	27.0
1266666PIP	2011	3	85	7.1	9.2	8.6	1.2	0.8	1.1	9.9	1.9	11.8
1266666PIP	2011	3	86	8.2	9.9	12.1	1.6	1.2	1.4	13.7	2.6	16.3
1266666PIP	2011	3	87	6.5	8.8	7.0	1.0	0.7	0.9	8.1	1.6	9.7
1266666PIP	2011	3	88	9.6	10.7	17.4	2.2	1.8	1.9	19.5	3.7	23.2
1266666PIP	2011	3	89	12.5	11.8	30.6	3.5	3.7	3.0	34.1	6.7	40.8
1266666PIP	2011	3	90	13.3	12.1	35.1	3.9	4.4	3.3	39.0	7.7	46.7
1266666PIP	2011	3	91	8.3	10.0	12.5	1.6	1.2	1.4	14.1	2.7	16.8
1266666PIP	2011	3	92	9.6	10.7	17.4	2.2	1.8	1.9	19.5	3.7	23.2
1266666PIP	2011	3	93	4.5	7.2	2.9	0.5	0.3	0.5	3.5	0.7	4.2
1266666PIP	2011	3	94	8.0	9.8	11.4	1.5	1.1	1.3	13.0	2.5	15.4
1266666PIP	2011	3	95	11.4	11.4	25.1	2.9	2.9	2.5	28.0	5.4	33.5
1266666PIP	2011	3	96	9.3	10.5	16.1	2.0	1.7	1.8	18.1	3.4	21.5
1266666PIP	2011	3	97	13.1	12.0	33.8	3.8	4.2	3.2	37.6	7.4	45.1
1266666PIP	2011	3	98	6.5	8.8	7.0	1.0	0.7	0.9	8.1	1.6	9.7
1266666PIP	2011	3	99	8.2	9.9	12.1	1.6	1.2	1.4	13.7	2.6	16.3
1266666PIP	2011	3	100	5.2	7.8	4.2	0.7	0.4	0.6	4.8	1.0	5.8
1266666PIP	2011	3	101	12.8	11.9	32.2	3.6	4.0	3.1	35.8	7.1	42.9
1266666PIP	2011	3	102	7.8	9.7	10.8	1.5	1.1	1.3	12.3	2.3	14.6
1266666PIP	2011	3	103	14.0	12.3	39.0	4.3	5.0	3.6	43.3	8.7	52.0
1266666PIP	2011	3	104	11.1	11.3	23.7	2.8	2.7	2.4	26.5	5.1	31.6
1266666PIP	2011	3	105	9.8	10.7	18.0	2.2	1.9	1.9	20.2	3.9	24.1
1266666PIP	2011	3	106	3.7	6.4	1.8	0.3	0.2	0.3	2.2	0.5	2.7
1266666PIP	2011	3	107	7.3	9.4	9.3	1.3	0.9	1.1	10.6	2.0	12.6
1266666PIP	2011	3	108	14.6	12.4	42.3	4.6	5.7	3.9	46.9	9.6	56.5
1266666PIP	2011	3	109	7.9	9.7	11.1	1.5	1.1	1.3	12.5	2.4	15.0
1266666PIP	2011	3	110	10.4	11.0	20.6	2.5	2.3	2.1	23.1	4.4	27.5
1266666PIP	2011	3	111	10.0	10.8	18.8	2.3	2.0	2.0	21.1	4.0	25.2
1266666PIP	2011	3	112	8.6	10.1	13.4	1.7	1.4	1.5	15.2	2.9	18.1
1266666PIP	2011	3	113	11.9	11.6	27.6	3.2	3.2	2.7	30.8	6.0	36.7
1266666PIP	2011	3	114	8.0	9.8	11.4	1.5	1.1	1.3	13.0	2.5	15.4
1266666PIP	2011	3	115	2.8	5.4	0.9	0.2	0.1	0.2	1.1	0.3	1.4
1266666PIP	2011	3	116	5.1	7.7	4.0	0.6	0.4	0.6	4.6	1.0	5.6
1266666PIP	2011	3	117	10.2	10.9	19.7	2.4	2.2	2.1	22.1	4.2	26.3
1266666PIP	2011	3	118	11.5	11.5	25.8	3.0	3.0	2.6	28.8	5.5	34.3
1266666PIP	2011	3	119	7.9	9.7	11.1	1.5	1.1	1.3	12.5	2.4	15.0
1266666PIP	2011	3	120	5.9	8.4	5.6	0.9	0.5	0.8	6.5	1.3	7.8
1266666PIP	2011	3	121	12.6	11.8	31.0	3.5	3.8	3.0	34.6	6.8	41.4
1266666PIP	2011	3	122	13.1	12.0	33.8	3.8	4.2	3.2	37.6	7.4	45.1
1266666PIP	2011	3	123	9.7	10.7	17.7	2.2	1.9	1.9	19.9	3.8	23.6
1266666PIP	2011	3	124	10.0	10.8	18.8	2.3	2.0	2.0	21.1	4.0	25.2
1266666PIP	2011	3	125	12.9	11.9	32.6	3.7	4.1	3.1	36.3	7.2	43.5
1266666PIP	2011	3	126	3.3	6.0	1.4	0.3	0.1	0.3	1.7	0.4	2.1
1266666PIP	2011	3	127	15.3	12.6	46.7	5.0	6.5	4.3	51.7	10.7	62.5
1266666PIP	2011	3	128	9.1	10.4	15.3	1.9	1.6	1.7	17.2	3.3	20.5
1266666PIP	2011	3	129	7.2	9.3	9.0	1.3	0.9	1.1	10.2	2.0	12.2
1266666PIP	2011	3	130	12.4	11.8	30.2	3.4	3.6	2.9	33.6	6.6	40.2
1266666PIP	2011	3	131	12.4	11.8	30.2	3.4	3.6	2.9	33.6	6.6	40.2
1266666PIP	2011	3	132	12.3	11.7	29.5	3.4	3.6	2.9	32.9	6.5	39.3
1266666PIP	2011	3	133	11.3	11.4	24.7	2.9	2.8	2.5	27.6	5.3	32.9
1266666PIP	2011	3	134	13.8	12.2	37.7	4.2	4.9	3.5	41.9	8.4	50.3
1266666PIP	2011	3	135	9.4	10.6	16.6	2.1	1.7	1.8	18.6	3.5	22.1
1266666PIP	2011	3	136	12.8	11.9	32.2	3.6	4.0	3.1	35.8	7.1	42.9
1266666PIP	2011	3	137	7.5	9.5	9.9	1.4	1.0	1.2	11.2	2.2	13.4
1266666PIP	2011	3	138	7.6	9.6	10.2	1.4	1.0	1.2	11.6	2.2	13.8
1266666PIP	2011	3	139	8.2	9.9	12.1	1.6	1.2	1.4	13.7	2.6	16.3
1266666PIP	2011	3	140	4.5	7.2	2.9	0.5	0.3	0.5	3.5	0.7	4.2
1266666PIP	2011	3	141	11.0	11.3	23.4	2.8	2.6	2.4	26.1	5.0	31.1
1266666PIP	2011	3	142	6.4	8.8	6.9	1.0	0.6	0.9	7.9	1.5	9.4
1266666PIP	2011	3	143	3.3	6.0	1.4	0.3	0.1	0.3	1.7	0.4	2.1
1266666PIP	2011	3	144	7.3	9.4	9.3	1.3	0.9	1.1	10.6	2.0	12.6
1266666PIP	2011	3	145	9.5	10.6	16.9	2.1	1.8	1.8	19.0	3.6	22.6
1266666PIP	2011	3	146	11.8	11.6	27.2	3.1	3.2	2.7	30.3	5.8	36.2
1266666PIP	2011	3	147	7.7	9.6	10.4	1.4	1.0	1.2	11.9	2.3	14.2
1266666PIP	2011	3	148	8.7	10.2	13.8	1.8	1.4	1.6	15.6	3.0	18.6
1266666PIP	2011	3	149	8.9	10.3	14.6	1.9	1.5	1.6	16.4	3.1	19.6
1266666PIP	2011	3	150	3.6	6.3	1.7	0.3	0.2	0.3	2.0	0.5	2.5
1266666PIP	2011	3	151	3.6	6.3	1.7	0.3	0.2	0.3	2.0	0.5	2.5
1266666PIP	2011	3	152	10.5	11.1	21.1	2.5	2.3	2.2	23.7	4.5	28.2
1266666PIP	2011	3	153	13.7	12.2	37.3	4.1	4.8	3.5	41.4	8.3	49.6
1184156PIP	2011	13	1	15.2	12.6	46.1	7.0	7.3	7.0	53.0	14.3	67.3
1184156PIP	2011	13	2	6.6	6.4	5.4	1.0	1.3	2.1	6.5	3.3	9.8
1184156PIP	2011	3	3	9.9	11.5	20.0	2.4	1.9	2.0	22.4	3.8	26.2
1184156PIP	2011	13	4	20.6	15.5	96.6	13.5	14.6	11.6	110.1	26.2	136.3
1184156PIP	2011	13	5	15.1	12.5	45.2	6.8	7.2	7.0	52.0	14.2	66.2
1184156PIP	2011	13	6	18.7	14.6	76.8	11.0	11.6	9.8	87.8	21.4	109.2
1184156PIP	2011	13	9	19.5	15.0	84.9	12.0	12.8	10.5	96.9	23.3	120.2
1184156PIP	2011	13	11	9.0	8.3	12.1	2.1	2.4	3.2	14.2	5.6	19.9
1184156PIP	2011	13	12	5.4	5.4	3.2	0.7	0.8	1.6	3.9	2.4	6.3
1184156PIP	2011	13	13	9.3	8.5	13.1	2.3	2.6	3.4	15.4	6.0	21.4
1184156PIP	2011	13	14	4.8	4.9	2.4	0.5	0.7	1.3	2.9	2.0	4.8
1184156PIP	2011	13	15	2.6	3.1	0.5	0.1	0.2	0.5	0.6	0.7	1.3
1184156PIP	2011	13	16	20.9	15.7	100.3	14.0	15.1	11.8	114.3	26.9	141.2
1184156PIP	2011	13	17	25.2	17.5	155.2	20.8	23.7	16.5	176.1	40.2	216.3
1184156PIP	2011	13	18	4.0	4.2	1.5	0.3	0.5	1.0	1.8	1.5	3.3
1184156PIP	2011	13	19	5.1	5.1	2.7	0.6	0.8	1.5	3.3	2.2	5.5
1184156PIP	2011	13	20	2.9	3.3	0.7	0.2	0.2	0.6	0.8	0.8	1.7
1156756PIP	2011	13	1	12.0	9.0	21.7	3.7	5.5	6.1	25.4	11.5	36.9
1156756PIP	2011	13	3	12.4	9.3	23.8	4.0	5.8	6.3	27.8	12.1	39.9
1156756PIP	2011	13	4	5.1	4.5	2.4	0.5	0.9	1.7	3.0	2.6	5.6
1156756PIP	2011	13	5	9.5	7.5	12.0	2.2	3.3	4.3	14.2	7.6	21.8
1156756PIP	2011	13	7	4.1	3.8	1.4	0.3	0.6	1.2	1.7	1.8	3.5
1156756PIP	2011	13	8	11.0	8.4	17.4	3.0	4.5	5.3	20.4	9.9	30.3
1156756PIP	2011	13	10	9.0	7.2	10.5	1.9	2.9	3.9	12.4	6.9	19.3
1156756PIP	2011	13	11	14.4	10.4	34.6	5.6	8.0	8.0	40.2	16.0	56.1
1156756PIP	2011	13	12	15.2	10.8	39.5	6.3	9.1	8.7	45.8	17.8	63.5
1156756PIP	2011	13	13	8.3	6.7	8.5	1.6	2.5	3.5	10.1	6.0	16.1
1156756PIP	2011	13	14	4.3	4.0	1.6	0.4	0.6	1.3	2.0	1.9	3.9
1156756PIP	2011	13	15	9.9	7.7	13.3	2.4	3.6	4.6	15.7	8.2	23.9
1156756PIP	2011	13	17	5.2	4.6	2.6	0.6	0.9	1.8	3.1	2.7	5.8
1156756PIP	2011	13	18	12.1	9.1	22.3	3.8	5.5	6.1	26.1	11.6	37.7
1156756PIP	2011	13	19	11.7	8.9	20.6	3.5	5.1	5.8	24.1	10.9	34.9
1156756PIP	2011	13	20	3.7	3.5	1.1	0.3	0.5	1.1	1.3	1.5	2.9
1156756PIP	2011	13	21	8.3	6.7	8.5	1.6	2.5	3.5	10.1	6.0	16.1
1156756PIP	2011	13	22	12.9	9.6	26.3	4.4	6.3	6.7	30.7	13.0	43.7
1156756PIP	2011	13	23	10.0	7.8	13.7	2.4	3.7	4.6	16.1	8.3	24.4
1156756PIP	2011	13	24	13.1	9.7	27.3	4.5	6.5	6.9	31.8	13.4	45.2
1156756PIP	2011	13	25	3.3	3.3	0.8	0.2	0.3	0.9	1.0	1.2	2.2
1156756PIP	2011	13	27	16.1	11.3	45.7	7.2	10.3	9.5	52.8	19.7	72.6
1156756PIP	2011	13	28	9.1	7.2	10.7	2.0	3.0	4.0	12.7	7.1	19.8
1156756PIP	2011	13	29	7.3	6.0	6.1	1.2	1.9	2.9	7.2	4.9	12.1
1156756PIP	2011	13	30	14.3	10.3	33.8	5.5	8.0	7.9	39.3	15.9	55.2
1156756PIP	2011	13	31	9.0	7.2	10.5	1.9	2.9	3.9	12.4	6.9	19.3
1156756PIP	2011	13	32	14.4	10.4	34.6	5.6	8.0	8.0	40.2	16.0	56.1
1156756PIP	2011	13	33	9.6	7.6	12.4	2.2	3.4	4.3	14.6	7.7	22.3
1156756PIP	2011	13	35	4.4	4.0	1.7	0.4	0.7	1.4	2.0	2.0	4.1
1156756PIP	2011	13	36	10.5	8.1	15.5	2.7	4.1	5.0	18.2	9.1	27.3
1156756PIP	2011	13	37	7.2	6.0	5.9	1.2	1.8	2.8	7.1	4.7	11.8
1156756PIP	2011	13	38	12.0	9.0	21.7	3.7	5.5	6.1	25.4	11.5	36.9
1156756PIP	2011	25	39	3.3	4.6	1.2	0.2	0.2	0.4	1.4	0.7	2.1
1156756PIP	2011	13	40	11.2	8.6	18.4	3.2	4.6	5.4	21.6	10.1	31.6
1156756PIP	2011	13	42	8.2	6.6	8.2	1.6	2.5	3.5	9.7	5.9	15.7
1156756PIP	2011	13	45	2.8	2.9	0.5	0.1	0.2	0.7	0.7	0.9	1.6
1156756PIP	2011	13	47	10.8	8.3	16.7	2.9	4.3	5.2	19.6	9.5	29.1
1156756PIP	2011	13	48	8.5	6.8	9.0	1.7	2.6	3.7	10.7	6.3	17.0
1156756PIP	2011	13	49	10.7	8.2	16.2	2.8	4.3	5.1	19.0	9.4	28.5
1156756PIP	2011	13	50	5.4	4.7	2.8	0.6	1.0	1.9	3.4	2.9	6.3
1156756PIP	2011	13	51	6.7	5.6	4.9	1.0	1.6	2.6	5.8	4.2	10.0
1156756PIP	2011	13	52	2.5	2.7	0.4	0.1	0.2	0.6	0.5	0.7	1.3
1156756PIP	2011	13	55	12.5	9.3	24.1	4.1	5.9	6.4	28.2	12.4	40.6
1156756PIP	2011	13	56	9.9	7.7	13.3	2.4	3.6	4.6	15.7	8.2	23.9
1156756PIP	2011	13	57	7.2	6.0	5.9	1.2	1.8	2.8	7.1	4.7	11.8
1156756PIP	2011	13	59	5.9	5.1	3.5	0.7	1.2	2.1	4.3	3.3	7.6
1156756PIP	2011	13	60	4.8	4.3	2.1	0.5	0.8	1.6	2.5	2.4	4.9
1156756PIP	2011	13	61	12.3	9.2	23.2	3.9	5.7	6.3	27.1	12.0	39.1
1156756PIP	2011	13	62	8.5	6.8	9.0	1.7	2.6	3.7	10.7	6.3	17.0
1156756PIP	2011	13	63	12.0	9.0	21.7	3.7	5.5	6.1	25.4	11.5	36.9
1156756PIP	2011	13	64	3.4	3.3	0.9	0.2	0.4	0.9	1.1	1.3	2.4
1156756PIP	2011	13	67	10.9	8.4	17.1	3.0	4.4	5.2	20.1	9.6	29.7
1156756PIP	2011	13	68	11.0	8.4	17.4	3.0	4.5	5.3	20.4	9.9	30.3
1156756PIP	2011	13	69	10.6	8.2	15.9	2.8	4.2	5.0	18.7	9.2	27.9
1156756PIP	2011	13	70	5.5	4.8	2.9	0.6	1.1	1.9	3.6	3.0	6.6
1156756PIP	2011	13	71	4.1	3.8	1.4	0.3	0.6	1.2	1.7	1.8	3.5
1156756PIP	2011	13	72	5.9	5.1	3.5	0.7	1.2	2.1	4.3	3.3	7.6
1156756PIP	2011	13	73	14.1	10.2	32.7	5.3	7.7	7.7	38.0	15.5	53.4
1156756PIP	2011	13	74	9.5	7.5	12.0	2.2	3.3	4.3	14.2	7.6	21.8
1156756PIP	2011	13	75	15.5	11.0	41.6	6.6	9.4	8.9	48.2	18.3	66.5
1156756PIP	2011	13	76	6.4	5.4	4.3	0.9	1.5	2.4	5.2	3.9	9.1
1156756PIP	2011	13	77	10.2	7.9	14.3	2.6	3.9	4.8	16.9	8.6	25.5
1156756PIP	2011	13	78	5.3	4.7	2.7	0.6	1.0	1.8	3.3	2.8	6.0
1156756PIP	2011	13	79	7.7	6.3	7.0	1.4	2.1	3.2	8.3	5.3	13.6
1156756PIP	2011	13	80	4.1	3.8	1.4	0.3	0.6	1.2	1.7	1.8	3.5
1156756PIP	2011	13	81	11.8	8.9	20.9	3.6	5.2	5.9	24.4	11.1	35.6
1156756PIP	2011	13	82	11.8	8.9	20.9	3.6	5.2	5.9	24.4	11.1	35.6
1156756PIP	2011	13	83	12.6	9.4	24.7	4.1	6.0	6.5	28.9	12.5	41.4
1156756PIP	2011	13	84	3.7	3.5	1.1	0.3	0.5	1.1	1.3	1.5	2.9
1156756PIP	2011	13	85	5.1	4.5	2.4	0.5	0.9	1.7	3.0	2.6	5.6
1156756PIP	2011	13	86	10.0	7.8	13.7	2.4	3.7	4.6	16.1	8.3	24.4
1156756PIP	2011	13	88	5.5	4.8	2.9	0.6	1.1	1.9	3.6	3.0	6.6
1156756PIP	2011	13	89	5.9	5.1	3.5	0.7	1.2	2.1	4.3	3.3	7.6
1156756PIP	2011	13	90	4.2	3.9	1.5	0.3	0.6	1.3	1.8	1.9	3.7
1156756PIP	2011	13	91	7.9	6.4	7.4	1.4	2.3	3.3	8.8	5.6	14.4
1156756PIP	2011	13	92	7.1	5.9	5.7	1.1	1.8	2.8	6.8	4.6	11.4
1156756PIP	2011	13	93	3.5	3.4	0.9	0.2	0.4	1.0	1.2	1.4	2.5
1156756PIP	2011	13	94	4.8	4.3	2.1	0.5	0.8	1.6	2.5	2.4	4.9
1156756PIP	2011	13	95	6.3	5.4	4.2	0.9	1.4	2.3	5.1	3.7	8.8
1156756PIP	2011	13	96	13.7	10.0	30.5	5.0	7.2	7.4	35.4	14.6	50.1
1156756PIP	2011	13	97	9.2	7.3	11.1	2.0	3.1	4.1	13.1	7.2	20.3
1156756PIP	2011	13	98	13.7	10.0	30.5	5.0	7.2	7.4	35.4	14.6	50.1
1156756PIP	2011	13	99	3.0	3.0	0.6	0.2	0.3	0.8	0.8	1.1	1.9
1156756PIP	2011	13	100	9.4	7.4	11.6	2.1	3.3	4.2	13.8	7.5	21.2
1156756PIP	2011	13	101	8.1	6.6	8.0	1.5	2.4	3.4	9.5	5.7	15.2
1156756PIP	2011	13	102	5.8	5.0	3.4	0.7	1.2	2.1	4.1	3.3	7.3
1156756PIP	2011	13	103	18.2	12.3	61.6	9.4	13.6	11.6	71.0	25.1	96.2
1156756PIP	2011	13	104	9.7	7.6	12.6	2.3	3.5	4.4	14.9	7.9	22.8
1156756PIP	2011	13	105	8.7	7.0	9.6	1.8	2.7	3.7	11.4	6.5	17.9
1156756PIP	2011	13	106	7.5	6.2	6.6	1.3	2.0	3.0	7.8	5.0	12.9
1156756PIP	2011	13	107	9.1	7.2	10.7	2.0	3.0	4.0	12.7	7.1	19.8
1156756PIP	2011	13	108	11.3	8.6	18.7	3.2	4.8	5.5	21.9	10.3	32.2
1156756PIP	2011	13	109	10.6	8.2	15.9	2.8	4.2	5.0	18.7	9.2	27.9
1156756PIP	2011	13	110	13.2	9.7	27.7	4.6	6.7	7.0	32.3	13.7	45.9
1156756PIP	2011	13	111	4.5	4.1	1.8	0.4	0.7	1.4	2.2	2.1	4.3
1156756PIP	2011	13	112	10.5	8.1	15.5	2.7	4.1	5.0	18.2	9.1	27.3
1156756PIP	2011	13	113	3.1	3.1	0.7	0.2	0.3	0.8	0.9	1.1	2.0
1156756PIP	2011	25	114	4.4	5.5	2.3	0.4	0.5	0.7	2.7	1.2	3.9
1156756PIP	2011	13	115	3.2	3.2	0.8	0.2	0.3	0.8	0.9	1.2	2.1
1184156PIP	2011	13	22	24.4	17.2	144.2	19.5	21.9	15.5	163.7	37.4	201.1
1184156PIP	2011	3	23	22.5	15.1	112.3	10.3	17.6	8.5	122.6	26.1	148.7
1184156PIP	2011	13	24	8.3	7.7	9.7	1.8	2.0	2.9	11.5	5.0	16.5
1184156PIP	2011	13	25	9.9	9.0	15.5	2.6	2.9	3.7	18.2	6.6	24.8
1184156PIP	2011	13	26	3.5	3.8	1.1	0.2	0.3	0.8	1.3	1.2	2.5
1184156PIP	2011	13	27	5.0	5.0	2.6	0.5	0.7	1.4	3.1	2.2	5.3
1184156PIP	2011	13	28	6.8	6.5	5.8	1.1	1.4	2.2	6.9	3.6	10.5
1184156PIP	2011	13	29	13.5	11.5	34.1	5.3	5.6	5.9	39.5	11.5	51.0
1184156PIP	2011	13	30	10.7	9.6	19.0	3.2	3.4	4.1	22.1	7.6	29.7
1184156PIP	2011	13	31	6.5	6.3	5.2	1.0	1.2	2.0	6.2	3.3	9.5
1184156PIP	2011	13	32	10.7	9.6	19.0	3.2	3.4	4.1	22.1	7.6	29.7
1184156PIP	2011	13	33	7.5	7.1	7.5	1.4	1.7	2.5	8.9	4.2	13.1
1184156PIP	2011	13	34	15.8	12.9	50.5	7.6	8.0	7.5	58.0	15.5	73.6
1184156PIP	2011	13	35	6.8	6.5	5.8	1.1	1.4	2.2	6.9	3.6	10.5
1184156PIP	2011	13	36	5.4	5.4	3.2	0.7	0.8	1.6	3.9	2.4	6.3
1184156PIP	2011	13	38	8.9	8.2	11.7	2.1	2.4	3.2	13.8	5.5	19.3
1184156PIP	2011	3	39	19.0	14.6	80.9	7.7	10.8	6.3	88.7	17.1	105.8
1184156PIP	2011	13	40	4.2	4.4	1.7	0.4	0.5	1.1	2.1	1.6	3.6
1184156PIP	2011	13	41	11.1	9.8	20.6	3.4	3.7	4.4	24.1	8.2	32.2
1184156PIP	2011	13	42	2.8	3.2	0.6	0.1	0.2	0.6	0.8	0.8	1.5
1184156PIP	2011	13	44	3.1	3.5	0.8	0.2	0.3	0.7	1.0	0.9	1.9
1184156PIP	2011	13	45	5.9	5.8	4.0	0.8	1.0	1.8	4.8	2.8	7.6
1184156PIP	2011	13	46	4.0	4.2	1.5	0.3	0.5	1.0	1.8	1.5	3.3
1184156PIP	2011	13	47	14.2	11.9	38.6	6.0	6.3	6.4	44.6	12.7	57.3
1184156PIP	2011	13	48	5.5	5.5	3.4	0.7	0.9	1.6	4.1	2.5	6.5
1184156PIP	2011	13	49	7.4	7.0	7.2	1.4	1.6	2.5	8.6	4.1	12.7
1184156PIP	2011	13	50	3.5	3.8	1.1	0.2	0.3	0.8	1.3	1.2	2.5
1184156PIP	2011	13	51	11.2	9.9	21.2	3.5	3.8	4.5	24.7	8.3	32.9
1184156PIP	2011	13	52	3.6	3.9	1.1	0.3	0.4	0.9	1.4	1.2	2.6
1184156PIP	2011	13	53	7.0	6.7	6.3	1.2	1.4	2.3	7.5	3.7	11.2
1184156PIP	2011	13	54	6.7	6.4	5.6	1.1	1.3	2.2	6.6	3.5	10.1
1184156PIP	2011	13	60	6.5	6.3	5.2	1.0	1.2	2.0	6.2	3.3	9.5
1184156PIP	2011	13	61	11.0	9.8	20.3	3.4	3.6	4.3	23.7	8.0	31.6
1184156PIP	2011	13	62	17.5	13.9	65.0	9.5	10.0	8.8	74.5	18.9	93.4
1184156PIP	2011	13	63	7.5	7.1	7.5	1.4	1.7	2.5	8.9	4.2	13.1
1184156PIP	2011	13	64	12.9	11.1	30.4	4.8	5.1	5.5	35.2	10.6	45.8
1184156PIP	2011	13	65	3.6	3.9	1.1	0.3	0.4	0.9	1.4	1.2	2.6
1184156PIP	2011	13	66	14.8	12.3	42.9	6.5	6.9	6.8	49.4	13.7	63.2
1184156PIP	2011	13	67	12.1	10.6	26.0	4.2	4.4	5.0	30.1	9.4	39.5
1184156PIP	2011	13	71	11.1	9.8	20.6	3.4	3.7	4.4	24.1	8.2	32.2
1184156PIP	2011	13	73	8.2	7.7	9.5	1.7	2.0	2.8	11.3	4.8	16.0
1184156PIP	2011	13	74	3.2	3.5	0.8	0.2	0.3	0.7	1.0	1.0	2.0
1184156PIP	2011	13	75	15.0	12.4	44.3	6.7	7.1	6.9	51.0	14.1	65.1
1184156PIP	2011	13	76	17.1	13.7	61.6	9.0	9.5	8.5	70.6	18.0	88.6
1184166PIP	2011	13	1	11.6	10.4	23.7	3.8	4.0	4.6	27.5	8.5	36.0
1184166PIP	2011	25	2	10.6	12.3	25.3	2.9	3.0	2.1	28.2	5.2	33.3
1184166PIP	2011	25	3	10.2	12.0	23.0	2.7	2.8	2.0	25.7	4.8	30.5
1184166PIP	2011	13	4	10.0	9.2	16.1	2.7	2.9	3.7	18.9	6.6	25.5
1184166PIP	2011	13	5	3.1	3.5	0.8	0.2	0.3	0.7	1.0	0.9	1.9
1184166PIP	2011	13	6	5.0	5.1	2.7	0.6	0.7	1.4	3.2	2.1	5.3
1184166PIP	2011	13	7	13.2	11.6	33.1	5.2	5.2	5.5	38.3	10.7	48.9
1184166PIP	2011	25	8	15.5	15.1	60.4	6.2	7.8	4.0	66.6	11.8	78.4
1184166PIP	2011	13	10	11.4	10.3	22.7	3.7	3.8	4.4	26.4	8.2	34.7
1184166PIP	2011	13	12	9.1	8.5	12.6	2.2	2.4	3.2	14.8	5.6	20.5
1184166PIP	2011	13	13	11.3	10.2	22.2	3.6	3.8	4.4	25.8	8.1	33.9
1184166PIP	2011	13	14	7.1	6.9	6.6	1.2	1.4	2.3	7.9	3.7	11.6
1184166PIP	2011	13	15	6.3	6.3	4.9	1.0	1.1	1.9	5.9	3.0	8.9
1184166PIP	2011	13	16	7.4	7.2	7.4	1.4	1.6	2.4	8.8	3.9	12.7
1184166PIP	2011	13	17	11.4	10.3	22.7	3.7	3.8	4.4	26.4	8.2	34.7
1184166PIP	2011	13	19	10.1	9.3	16.6	2.8	3.0	3.7	19.4	6.7	26.1
1184166PIP	2011	13	21	5.8	5.8	3.9	0.8	1.0	1.7	4.7	2.7	7.4
1184166PIP	2011	13	22	4.1	4.4	1.6	0.4	0.5	1.0	2.0	1.5	3.4
1184166PIP	2011	13	23	7.7	7.4	8.2	1.5	1.7	2.5	9.7	4.2	13.9
1184166PIP	2011	13	24	15.6	13.1	50.1	7.5	7.5	7.1	57.6	14.6	72.2
1184166PIP	2011	13	25	9.4	8.8	13.8	2.4	2.5	3.3	16.2	5.9	22.1
1184166PIP	2011	13	27	9.3	8.7	13.4	2.3	2.5	3.3	15.8	5.8	21.5
1184166PIP	2011	13	28	5.5	5.6	3.4	0.7	0.8	1.6	4.1	2.4	6.5
1184166PIP	2011	13	29	10.6	9.7	18.8	3.1	3.3	4.0	22.0	7.3	29.2
1184166PIP	2011	13	30	9.7	9.0	15.0	2.6	2.7	3.5	17.5	6.2	23.8
1184166PIP	2011	13	31	9.2	8.6	13.0	2.3	2.4	3.3	15.3	5.7	21.0
1184166PIP	2011	13	32	17.6	14.3	67.6	9.8	9.8	8.6	77.4	18.4	95.8
1184166PIP	2011	13	33	11.6	10.4	23.7	3.8	4.0	4.6	27.5	8.5	36.0
1184166PIP	2011	13	34	12.2	10.9	27.1	4.3	4.4	4.9	31.4	9.3	40.7
1184166PIP	2011	13	35	14.4	12.4	41.2	6.3	6.3	6.3	47.5	12.5	60.0
1184166PIP	2011	13	36	5.5	5.6	3.4	0.7	0.8	1.6	4.1	2.4	6.5
1184166PIP	2011	13	37	9.0	8.5	12.4	2.2	2.3	3.1	14.6	5.4	20.0
1184166PIP	2011	13	38	7.6	7.3	7.9	1.5	1.7	2.5	9.4	4.2	13.5
1184166PIP	2011	13	39	12.2	10.9	27.1	4.3	4.4	4.9	31.4	9.3	40.7
1184166PIP	2011	13	40	13.1	11.5	32.4	5.1	5.1	5.4	37.4	10.6	48.0
1184166PIP	2011	13	41	12.9	11.4	31.3	4.9	4.9	5.3	36.2	10.2	46.4
1184166PIP	2011	13	42	15.5	13.1	49.6	7.4	7.4	7.0	56.9	14.4	71.3
1184166PIP	2011	25	43	10.0	11.9	22.1	2.6	2.6	2.0	24.7	4.6	29.2
1184166PIP	2011	13	44	3.6	3.9	1.1	0.3	0.4	0.9	1.4	1.2	2.6
1184166PIP	2011	13	45	7.3	7.1	7.2	1.3	1.5	2.3	8.5	3.8	12.4
1184166PIP	2011	13	46	3.6	3.9	1.1	0.3	0.4	0.9	1.4	1.2	2.6
1184166PIP	2011	13	47	12.5	11.1	28.8	4.6	4.6	5.1	33.4	9.7	43.0
1184166PIP	2011	13	48	15.8	13.3	52.0	7.7	7.7	7.2	59.7	14.9	74.6
1184166PIP	2011	25	49	6.5	9.0	7.8	1.0	0.9	1.0	8.9	1.9	10.8
1184166PIP	2011	13	50	11.0	10.0	20.7	3.4	3.5	4.2	24.1	7.7	31.9
1184166PIP	2011	13	51	6.7	6.6	5.7	1.1	1.3	2.1	6.8	3.3	10.2
1184166PIP	2011	13	52	4.1	4.4	1.6	0.4	0.5	1.0	2.0	1.5	3.4
1184166PIP	2011	13	53	11.5	10.4	23.3	3.8	3.9	4.5	27.1	8.3	35.4
1184166PIP	2011	13	20	16.9	13.9	61.2	8.9	9.0	8.1	70.1	17.0	87.2
1184166PIP	2011	13	18	14.9	12.7	44.8	6.8	6.8	6.6	51.6	13.4	65.0
1184166PIP	2011	13	11	3.9	4.2	1.4	0.3	0.4	1.0	1.7	1.4	3.1
1184166PIP	2011	13	9	11.5	10.4	23.3	3.8	3.9	4.5	27.1	8.3	35.4
1184156PIP	2011	13	70	8.9	8.2	11.7	2.1	2.4	3.2	13.8	5.5	19.3
1184156PIP	2011	3	68	15.2	13.7	51.3	5.2	5.8	4.2	56.5	10.0	66.5
1184156PIP	2011	13	59	5.8	5.7	3.8	0.8	1.0	1.7	4.6	2.7	7.3
1184156PIP	2011	13	58	2.9	3.3	0.7	0.2	0.2	0.6	0.8	0.8	1.7
1184156PIP	2011	13	57	9.3	8.5	13.1	2.3	2.6	3.4	15.4	6.0	21.4
1184156PIP	2011	13	56	10.1	9.1	16.2	2.8	3.1	3.8	19.0	6.9	25.9
1184156PIP	2011	13	55	7.9	7.4	8.6	1.6	1.8	2.7	10.2	4.5	14.7
1184156PIP	2011	3	21	14.5	13.5	46.5	4.8	5.1	3.9	51.3	9.0	60.3
1184166PIP	2011	13	54	6.6	6.5	5.5	1.1	1.2	2.0	6.6	3.3	9.8
1184166PIP	2011	25	55	12.5	13.5	37.1	4.0	4.5	2.8	41.1	7.3	48.4
1184166PIP	2011	13	56	18.0	14.5	71.3	10.2	10.4	9.0	81.5	19.3	100.9
1184166PIP	2011	13	57	16.4	13.6	56.8	8.4	8.4	7.7	65.2	16.1	81.2
1184166PIP	2011	13	58	9.1	8.5	12.6	2.2	2.4	3.2	14.8	5.6	20.5
1184166PIP	2011	13	59	7.8	7.5	8.5	1.5	1.7	2.6	10.1	4.3	14.4
1184166PIP	2011	13	60	10.6	9.7	18.8	3.1	3.3	4.0	22.0	7.3	29.2
1184166PIP	2011	13	61	12.5	11.1	28.8	4.6	4.6	5.1	33.4	9.7	43.0
1184166PIP	2011	13	62	23.3	17.1	132.2	17.9	19.0	13.9	150.1	32.9	183.0
1184166PIP	2011	13	63	14.1	12.2	39.1	6.0	6.0	6.1	45.1	12.0	57.1
1184166PIP	2011	13	64	11.3	10.2	22.2	3.6	3.8	4.4	25.8	8.1	33.9
1184166PIP	2011	13	65	6.0	6.0	4.3	0.8	1.0	1.8	5.1	2.8	7.9
1184166PIP	2011	13	66	15.8	13.3	52.0	7.7	7.7	7.2	59.7	14.9	74.6
1184166PIP	2011	13	67	7.1	6.9	6.6	1.2	1.4	2.3	7.9	3.7	11.6
1184166PIP	2011	13	68	7.4	7.2	7.4	1.4	1.6	2.4	8.8	3.9	12.7
1184166PIP	2011	13	69	8.6	8.2	11.0	1.9	2.1	2.9	13.0	5.0	18.0
1184166PIP	2011	13	70	20.6	15.9	99.0	13.8	14.1	11.2	112.8	25.3	138.1
1184166PIP	2011	13	72	10.0	9.2	16.1	2.7	2.9	3.7	18.9	6.6	25.5
1184166PIP	2011	13	73	15.7	13.2	51.1	7.6	7.6	7.2	58.7	14.8	73.4
1184166PIP	2011	13	74	11.5	10.4	23.3	3.8	3.9	4.5	27.1	8.3	35.4
1184166PIP	2011	13	76	15.2	12.9	47.2	7.1	7.1	6.8	54.2	13.9	68.1
1184166PIP	2011	13	77	11.9	10.7	25.5	4.1	4.1	4.7	29.5	8.8	38.4
1184166PIP	2011	13	78	9.1	8.5	12.6	2.2	2.4	3.2	14.8	5.6	20.5
1184166PIP	2011	13	79	13.7	11.9	36.3	5.6	5.6	5.8	41.8	11.5	53.3
1184166PIP	2011	13	81	7.2	7.0	6.9	1.3	1.5	2.3	8.2	3.8	12.0
1184166PIP	2011	13	82	8.3	7.9	10.0	1.8	2.0	2.8	11.8	4.8	16.6
1184166PIP	2011	13	83	7.8	7.5	8.5	1.5	1.7	2.6	10.1	4.3	14.4
1184166PIP	2011	13	85	11.0	10.0	20.7	3.4	3.5	4.2	24.1	7.7	31.9
1184166PIP	2011	13	86	17.2	14.1	64.0	9.3	9.3	8.3	73.3	17.6	90.9
1184166PIP	2011	13	87	3.0	3.4	0.7	0.2	0.2	0.6	0.9	0.9	1.8
1184166PIP	2011	13	88	18.0	14.5	71.3	10.2	10.4	9.0	81.5	19.3	100.9
1184166PIP	2011	13	89	7.2	7.0	6.9	1.3	1.5	2.3	8.2	3.8	12.0
1184166PIP	2011	13	90	18.8	15.0	79.6	11.3	11.4	9.6	90.9	21.0	111.9
1184166PIP	2011	13	91	19.5	15.3	86.6	12.2	12.5	10.2	98.8	22.7	121.5
1184166PIP	2011	13	92	11.3	10.2	22.2	3.6	3.8	4.4	25.8	8.1	33.9
1184166PIP	2011	13	93	10.6	9.7	18.8	3.1	3.3	4.0	22.0	7.3	29.2
1184166PIP	2011	13	94	17.0	14.0	62.3	9.1	9.0	8.1	71.3	17.2	88.5
1184166PIP	2011	13	95	14.5	12.4	41.7	6.3	6.4	6.4	48.1	12.8	60.8
1184166PIP	2011	13	96	9.0	8.5	12.4	2.2	2.3	3.1	14.6	5.4	20.0
1184166PIP	2011	13	97	11.1	10.1	21.3	3.5	3.6	4.2	24.8	7.8	32.6
1184166PIP	2011	13	98	16.3	13.6	56.2	8.3	8.2	7.6	64.5	15.8	80.3
1184166PIP	2011	13	99	6.2	6.2	4.7	0.9	1.1	1.8	5.6	2.9	8.5
1184166PIP	2011	13	100	16.2	13.5	55.2	8.1	8.1	7.5	63.3	15.7	79.0
1184166PIP	2011	13	103	4.6	4.8	2.2	0.5	0.6	1.2	2.6	1.8	4.4
1184166PIP	2011	13	104	13.7	11.9	36.3	5.6	5.6	5.8	41.8	11.5	53.3
1184166PIP	2011	13	105	11.8	10.6	24.9	4.0	4.1	4.6	28.9	8.7	37.6
1184166PIP	2011	13	106	13.8	12.0	37.0	5.7	5.7	5.9	42.7	11.6	54.3
1184166PIP	2011	13	107	15.1	12.8	46.2	7.0	7.0	6.8	53.2	13.7	67.0
1184166PIP	2011	13	108	14.0	12.1	38.3	5.9	5.9	6.0	44.2	11.9	56.1
1184166PIP	2011	13	109	6.1	6.1	4.5	0.9	1.0	1.8	5.4	2.9	8.2
1184166PIP	2011	13	110	15.0	12.8	45.7	6.9	6.8	6.7	52.6	13.5	66.1
1184166PIP	2011	13	111	12.0	10.7	25.8	4.1	4.3	4.8	30.0	9.1	39.0
1184166PIP	2011	13	112	6.5	6.4	5.3	1.0	1.2	2.0	6.3	3.2	9.5
1184166PIP	2011	13	113	7.2	7.0	6.9	1.3	1.5	2.3	8.2	3.8	12.0
1184166PIP	2011	38	114	2.9	4.9	0.9	0.2	0.2	0.3	1.1	0.4	1.6
1184166PIP	2011	38	115	3.6	5.7	1.6	0.3	0.3	0.4	1.9	0.7	2.6
1184166PIP	2011	13	116	2.7	3.2	0.6	0.1	0.2	0.5	0.7	0.7	1.4
1184166PIP	2011	13	117	11.9	10.7	25.5	4.1	4.1	4.7	29.5	8.8	38.4
1184166PIP	2011	13	118	4.5	4.7	2.0	0.4	0.6	1.2	2.5	1.7	4.2
1184166PIP	2011	13	119	13.6	11.8	35.5	5.5	5.6	5.8	41.0	11.4	52.3
1184166PIP	2011	13	120	5.2	5.3	3.0	0.6	0.8	1.5	3.6	2.2	5.8
1184166PIP	2011	13	121	9.9	9.2	15.9	2.7	2.8	3.6	18.5	6.4	24.9
1184166PIP	2011	13	122	13.2	11.6	33.1	5.2	5.2	5.5	38.3	10.7	48.9
1184166PIP	2011	13	123	12.9	11.4	31.3	4.9	4.9	5.3	36.2	10.2	46.4
1184166PIP	2011	13	124	10.2	9.4	17.1	2.9	3.0	3.8	19.9	6.8	26.7
1184166PIP	2011	13	125	12.5	11.1	28.8	4.6	4.6	5.1	33.4	9.7	43.0
1184166PIP	2011	13	126	3.7	4.0	1.2	0.3	0.4	0.9	1.5	1.3	2.8
1184166PIP	2011	13	128	19.8	15.5	90.1	12.6	12.9	10.5	102.7	23.3	126.0
1184166PIP	2011	13	129	13.3	11.6	33.5	5.2	5.3	5.6	38.8	10.9	49.7
1184166PIP	2011	13	130	13.2	11.6	33.1	5.2	5.2	5.5	38.3	10.7	48.9
1184166PIP	2011	13	131	3.3	3.7	0.9	0.2	0.3	0.7	1.1	1.0	2.2
1184166PIP	2011	38	132	3.4	5.5	1.4	0.3	0.3	0.4	1.7	0.6	2.3
1184166PIP	2011	13	133	12.0	10.7	25.8	4.1	4.3	4.8	30.0	9.1	39.0
1184166PIP	2011	13	134	8.1	7.7	9.3	1.7	1.9	2.7	11.0	4.6	15.6
1184166PIP	2011	13	135	11.0	10.0	20.7	3.4	3.5	4.2	24.1	7.7	31.9
1184166PIP	2011	13	136	6.1	6.1	4.5	0.9	1.0	1.8	5.4	2.9	8.2
1184166PIP	2011	13	137	3.0	3.4	0.7	0.2	0.2	0.6	0.9	0.9	1.8
1184166PIP	2011	25	138	11.5	12.9	30.6	3.4	3.7	2.4	34.0	6.1	40.1
1184166PIP	2011	13	139	18.1	14.6	72.5	10.4	10.4	9.0	82.9	19.5	102.3
1184166PIP	2011	13	140	4.2	4.5	1.7	0.4	0.5	1.1	2.1	1.5	3.6
1184166PIP	2011	13	141	6.5	6.4	5.3	1.0	1.2	2.0	6.3	3.2	9.5
1184166PIP	2011	13	142	9.9	9.2	15.9	2.7	2.8	3.6	18.5	6.4	24.9
1184166PIP	2011	13	143	4.2	4.5	1.7	0.4	0.5	1.1	2.1	1.5	3.6
1184166PIP	2011	13	144	15.8	13.3	52.0	7.7	7.7	7.2	59.7	14.9	74.6
1184166PIP	2011	13	145	4.5	4.7	2.0	0.4	0.6	1.2	2.5	1.7	4.2
1184166PIP	2011	13	146	15.5	13.1	49.6	7.4	7.4	7.0	56.9	14.4	71.3
1184166PIP	2011	13	147	14.6	12.5	42.6	6.5	6.5	6.4	49.0	12.9	61.9
1184166PIP	2011	13	148	11.3	10.2	22.2	3.6	3.8	4.4	25.8	8.1	33.9
1184166PIP	2011	13	149	14.0	12.1	38.3	5.9	5.9	6.0	44.2	11.9	56.1
1184166PIP	2011	13	150	8.0	7.7	9.1	1.6	1.8	2.6	10.8	4.5	15.2
1184166PIP	2011	13	151	15.5	13.1	49.6	7.4	7.4	7.0	56.9	14.4	71.3
1184166PIP	2011	13	152	4.3	4.5	1.8	0.4	0.5	1.1	2.2	1.6	3.8
1184166PIP	2011	13	153	7.0	6.8	6.4	1.2	1.4	2.2	7.6	3.6	11.2
1184166PIP	2011	13	154	14.6	12.5	42.6	6.5	6.5	6.4	49.0	12.9	61.9
1184166PIP	2011	13	155	7.8	7.5	8.5	1.5	1.7	2.6	10.1	4.3	14.4
1184166PIP	2011	13	156	14.9	12.7	44.8	6.8	6.8	6.6	51.6	13.4	65.0
1184166PIP	2011	13	157	11.1	10.1	21.3	3.5	3.6	4.2	24.8	7.8	32.6
1184166PIP	2011	13	158	17.3	14.1	64.7	9.4	9.5	8.4	74.1	17.9	92.0
1184166PIP	2011	13	159	3.8	4.1	1.3	0.3	0.4	0.9	1.6	1.3	2.9
1184166PIP	2011	13	160	2.6	3.1	0.5	0.1	0.2	0.5	0.6	0.7	1.3
1184166PIP	2011	13	161	16.5	13.7	57.8	8.5	8.5	7.7	66.3	16.2	82.5
1191081PIP	2011	13	1	9.5	7.8	12.5	2.2	3.1	4.0	14.7	7.2	21.9
1191081PIP	2011	13	2	8.5	7.1	9.4	1.7	2.5	3.5	11.1	5.9	17.0
1191081PIP	2011	25	3	11.5	10.6	24.4	3.1	4.6	2.9	27.5	7.5	35.0
1191081PIP	2011	13	4	9.5	7.8	12.5	2.2	3.1	4.0	14.7	7.2	21.9
1191081PIP	2011	25	5	6.8	7.6	6.9	1.0	1.3	1.3	8.0	2.6	10.6
1191081PIP	2011	13	6	4.3	4.1	1.6	0.4	0.6	1.3	2.0	1.9	3.9
1191081PIP	2011	13	7	9.9	8.1	14.0	2.5	3.4	4.3	16.4	7.7	24.1
1191081PIP	2011	13	8	6.8	5.9	5.3	1.0	1.6	2.5	6.3	4.1	10.4
1191081PIP	2011	13	11	7.7	6.6	7.3	1.4	2.0	3.0	8.7	5.0	13.7
1191081PIP	2011	13	13	11.2	8.9	19.0	3.3	4.4	5.2	22.3	9.6	31.9
1191081PIP	2011	13	16	3.3	3.4	0.9	0.2	0.3	0.8	1.1	1.2	2.2
1191081PIP	2011	13	17	7.2	6.2	6.1	1.2	1.8	2.7	7.3	4.5	11.8
1191081PIP	2011	13	18	3.5	3.5	1.0	0.2	0.4	0.9	1.2	1.3	2.5
1191081PIP	2011	13	19	2.7	2.9	0.5	0.1	0.2	0.6	0.6	0.8	1.5
1191081PIP	2011	13	20	11.4	9.1	20.1	3.4	4.5	5.2	23.5	9.8	33.3
1191081PIP	2011	13	21	7.7	6.6	7.3	1.4	2.0	3.0	8.7	5.0	13.7
1191081PIP	2011	13	22	4.8	4.5	2.2	0.5	0.7	1.5	2.7	2.2	4.9
1191081PIP	2011	25	23	11.6	10.6	24.8	3.1	4.7	3.0	27.9	7.7	35.6
1191081PIP	2011	13	24	10.9	8.7	17.7	3.1	4.2	5.0	20.8	9.1	29.9
1191081PIP	2011	13	25	9.0	7.5	10.9	2.0	2.8	3.7	12.9	6.5	19.4
1191081PIP	2011	13	26	13.3	10.2	29.5	4.8	6.4	6.7	34.3	13.0	47.3
1191081PIP	2011	13	27	6.5	5.7	4.7	0.9	1.4	2.3	5.6	3.8	9.4
1191081PIP	2011	13	28	7.8	6.6	7.5	1.4	2.1	3.1	8.9	5.1	14.1
1191081PIP	2011	13	29	5.4	4.9	2.9	0.6	1.0	1.8	3.5	2.7	6.3
1191081PIP	2011	13	30	9.3	7.7	11.9	2.1	3.0	3.9	14.0	6.9	20.9
1191081PIP	2011	13	31	3.1	3.2	0.7	0.2	0.3	0.8	0.9	1.1	2.0
1191081PIP	2011	13	32	12.7	9.9	26.4	4.3	5.7	6.2	30.7	11.9	42.6
1191081PIP	2011	13	33	4.3	4.1	1.6	0.4	0.6	1.3	2.0	1.9	3.9
1191081PIP	2011	13	34	3.5	3.5	1.0	0.2	0.4	0.9	1.2	1.3	2.5
1191081PIP	2011	13	36	6.0	5.3	3.8	0.8	1.2	2.1	4.6	3.3	7.9
1191081PIP	2011	13	37	9.1	7.6	11.3	2.0	2.8	3.8	13.3	6.6	19.9
1191081PIP	2011	13	38	8.8	7.3	10.2	1.9	2.7	3.6	12.1	6.3	18.4
1191081PIP	2011	13	39	12.6	9.8	25.8	4.3	5.7	6.1	30.0	11.8	41.8
1191081PIP	2011	13	40	3.5	3.5	1.0	0.2	0.4	0.9	1.2	1.3	2.5
1191081PIP	2011	13	41	9.2	7.6	11.5	2.1	2.9	3.9	13.6	6.8	20.4
1191081PIP	2011	13	42	7.1	6.1	5.9	1.1	1.7	2.7	7.0	4.4	11.4
1191081PIP	2011	13	43	15.0	11.2	40.0	6.3	8.3	8.0	46.3	16.2	62.5
1191081PIP	2011	13	44	2.9	3.1	0.6	0.2	0.2	0.7	0.8	0.9	1.7
1191081PIP	2011	13	45	2.9	3.1	0.6	0.2	0.2	0.7	0.8	0.9	1.7
1191081PIP	2011	13	46	3.8	3.7	1.2	0.3	0.5	1.1	1.5	1.5	3.0
1191081PIP	2011	13	47	13.0	10.0	27.8	4.6	6.1	6.5	32.3	12.5	44.9
1191081PIP	2011	25	50	18.5	13.3	70.2	7.8	15.8	6.5	78.0	22.3	100.3
1191081PIP	2011	13	51	5.9	5.3	3.7	0.8	1.1	2.0	4.4	3.2	7.6
1191081PIP	2011	13	52	3.7	3.6	1.1	0.3	0.4	1.0	1.4	1.5	2.8
1191081PIP	2011	13	53	8.4	7.1	9.2	1.7	2.4	3.4	10.9	5.7	16.6
1191081PIP	2011	25	54	4.8	6.0	3.0	0.5	0.6	0.8	3.4	1.3	4.8
1191081PIP	2011	13	55	5.4	4.9	2.9	0.6	1.0	1.8	3.5	2.7	6.3
1191081PIP	2011	13	56	8.5	7.1	9.4	1.7	2.5	3.5	11.1	5.9	17.0
1191081PIP	2011	13	57	5.5	5.0	3.1	0.6	1.0	1.8	3.7	2.8	6.5
1191081PIP	2011	13	58	3.0	3.1	0.7	0.2	0.3	0.7	0.8	1.0	1.8
1191081PIP	2011	13	60	2.6	2.9	0.5	0.1	0.2	0.6	0.6	0.7	1.3
1191081PIP	2011	13	61	3.7	3.6	1.1	0.3	0.4	1.0	1.4	1.5	2.8
1191081PIP	2011	13	62	11.8	9.3	21.8	3.7	4.9	5.6	25.5	10.5	36.0
1191081PIP	2011	13	64	6.4	5.6	4.5	0.9	1.4	2.3	5.4	3.7	9.1
1191081PIP	2011	13	65	3.2	3.3	0.8	0.2	0.3	0.8	1.0	1.1	2.1
1191081PIP	2011	13	66	8.2	6.9	8.5	1.6	2.3	3.3	10.1	5.6	15.7
1191081PIP	2011	13	67	12.0	9.4	22.7	3.8	5.1	5.7	26.5	10.8	37.3
1191081PIP	2011	13	68	9.1	7.6	11.3	2.0	2.8	3.8	13.3	6.6	19.9
1191081PIP	2011	13	72	14.8	11.1	38.7	6.1	8.0	7.8	44.8	15.8	60.6
1191081PIP	2011	25	73	16.8	12.8	57.2	6.5	12.2	5.5	63.7	17.7	81.3
1191081PIP	2011	13	74	6.5	5.7	4.7	0.9	1.4	2.3	5.6	3.8	9.4
1191081PIP	2011	13	75	16.3	11.9	49.2	7.6	9.9	9.1	56.7	19.0	75.8
1191081PIP	2011	13	76	3.1	3.2	0.7	0.2	0.3	0.8	0.9	1.1	2.0
1191081PIP	2011	13	77	4.0	3.9	1.4	0.3	0.5	1.1	1.7	1.6	3.3
1191081PIP	2011	13	78	6.1	5.4	4.0	0.8	1.2	2.1	4.8	3.4	8.2
1191081PIP	2011	13	79	7.1	6.1	5.9	1.1	1.7	2.7	7.0	4.4	11.4
1191081PIP	2011	13	80	8.3	7.0	8.9	1.6	2.3	3.3	10.5	5.7	16.2
1191081PIP	2011	13	81	8.7	7.3	10.0	1.8	2.6	3.5	11.9	6.1	18.0
1191081PIP	2011	13	82	4.0	3.9	1.4	0.3	0.5	1.1	1.7	1.6	3.3
1191141PIP	2011	13	1	6.1	6.2	4.6	0.9	1.0	1.8	5.5	2.8	8.3
1191141PIP	2011	13	2	8.2	8.0	9.9	1.8	1.9	2.7	11.7	4.5	16.2
1191141PIP	2011	13	3	3.8	4.2	1.3	0.3	0.4	0.9	1.7	1.3	2.9
1191141PIP	2011	13	4	3.1	3.6	0.8	0.2	0.2	0.7	1.0	0.9	1.9
1191141PIP	2011	13	5	5.1	5.3	2.9	0.6	0.7	1.4	3.4	2.1	5.5
1191141PIP	2011	13	6	5.7	5.9	3.9	0.8	0.9	1.6	4.6	2.5	7.1
1191141PIP	2011	13	7	6.5	6.6	5.4	1.0	1.2	1.9	6.5	3.1	9.5
1191141PIP	2011	13	8	3.9	4.3	1.4	0.3	0.4	0.9	1.8	1.3	3.1
1191141PIP	2011	13	9	4.1	4.5	1.7	0.4	0.4	1.0	2.0	1.4	3.4
1191141PIP	2011	13	10	4.9	5.2	2.6	0.5	0.6	1.3	3.2	1.9	5.1
1191141PIP	2011	13	11	4.5	4.8	2.1	0.4	0.5	1.1	2.5	1.7	4.2
1191141PIP	2011	13	12	8.6	8.4	11.3	2.0	2.0	2.8	13.3	4.9	18.1
1191141PIP	2011	13	13	3.3	3.7	0.9	0.2	0.3	0.7	1.1	1.0	2.2
1191141PIP	2011	13	14	3.6	4.0	1.2	0.3	0.3	0.8	1.4	1.2	2.6
1191141PIP	2011	25	15	3.2	4.0	0.9	0.2	0.3	0.5	1.1	0.7	1.9
1191141PIP	2011	13	16	7.2	7.2	7.1	1.3	1.4	2.2	8.4	3.6	12.0
1191141PIP	2011	13	17	8.3	8.1	10.2	1.8	1.9	2.7	12.1	4.6	16.7
1191141PIP	2011	25	18	2.8	3.7	0.7	0.1	0.2	0.4	0.8	0.6	1.4
1191141PIP	2011	25	19	8.0	7.4	8.8	1.3	2.2	1.9	10.2	4.1	14.3
1191141PIP	2011	13	20	3.6	4.0	1.2	0.3	0.3	0.8	1.4	1.2	2.6
1191141PIP	2011	13	21	3.4	3.8	1.0	0.2	0.3	0.8	1.2	1.1	2.3
1191141PIP	2011	13	22	6.9	6.9	6.3	1.2	1.3	2.1	7.5	3.4	10.9
1191141PIP	2011	13	23	5.4	5.6	3.3	0.7	0.8	1.5	4.0	2.3	6.3
1191141PIP	2011	13	24	7.1	7.1	6.8	1.3	1.4	2.2	8.1	3.6	11.7
1191141PIP	2011	13	25	6.5	6.6	5.4	1.0	1.2	1.9	6.5	3.1	9.5
1191141PIP	2011	13	26	3.3	3.7	0.9	0.2	0.3	0.7	1.1	1.0	2.2
1191141PIP	2011	13	27	8.0	7.9	9.4	1.7	1.8	2.6	11.0	4.3	15.3
1191141PIP	2011	13	28	3.4	3.8	1.0	0.2	0.3	0.8	1.2	1.1	2.3
1191141PIP	2011	13	29	3.0	3.5	0.7	0.2	0.2	0.6	0.9	0.9	1.8
1191141PIP	2011	13	30	3.5	3.9	1.1	0.2	0.3	0.8	1.3	1.1	2.5
1191141PIP	2011	13	31	4.7	5.0	2.3	0.5	0.6	1.2	2.8	1.8	4.6
1191141PIP	2011	13	32	3.4	3.8	1.0	0.2	0.3	0.8	1.2	1.1	2.3
1191141PIP	2011	13	33	3.8	4.2	1.3	0.3	0.4	0.9	1.7	1.3	2.9
1191141PIP	2011	13	35	8.0	7.9	9.4	1.7	1.8	2.6	11.0	4.3	15.3
1191141PIP	2011	13	36	7.0	7.0	6.6	1.2	1.3	2.1	7.8	3.5	11.3
1191141PIP	2011	13	37	4.8	5.1	2.5	0.5	0.6	1.2	3.0	1.9	4.9
1191141PIP	2011	13	38	3.0	3.5	0.7	0.2	0.2	0.6	0.9	0.9	1.8
1191141PIP	2011	13	39	8.4	8.2	10.6	1.9	1.9	2.8	12.5	4.7	17.2
1191141PIP	2011	13	40	6.9	6.9	6.3	1.2	1.3	2.1	7.5	3.4	10.9
1191141PIP	2011	13	41	5.8	6.0	4.0	0.8	0.9	1.6	4.8	2.5	7.4
1191141PIP	2011	13	42	3.6	4.0	1.2	0.3	0.3	0.8	1.4	1.2	2.6
1191141PIP	2011	13	43	5.4	5.6	3.3	0.7	0.8	1.5	4.0	2.3	6.3
1191141PIP	2011	13	44	4.5	4.8	2.1	0.4	0.5	1.1	2.5	1.7	4.2
1191141PIP	2011	13	45	4.5	4.8	2.1	0.4	0.5	1.1	2.5	1.7	4.2
1191141PIP	2011	13	46	2.8	3.3	0.6	0.2	0.2	0.6	0.8	0.8	1.5
1191141PIP	2011	13	47	3.9	4.3	1.4	0.3	0.4	0.9	1.8	1.3	3.1
1191141PIP	2011	13	48	2.7	3.2	0.6	0.1	0.2	0.5	0.7	0.7	1.4
1191141PIP	2011	13	49	4.7	5.0	2.3	0.5	0.6	1.2	2.8	1.8	4.6
1191141PIP	2011	13	50	4.0	4.4	1.5	0.3	0.4	1.0	1.9	1.4	3.3
1191141PIP	2011	13	51	5.4	5.6	3.3	0.7	0.8	1.5	4.0	2.3	6.3
1191141PIP	2011	13	52	4.2	4.5	1.7	0.4	0.5	1.1	2.1	1.5	3.6
1191141PIP	2011	13	53	4.6	4.9	2.2	0.5	0.6	1.2	2.7	1.8	4.4
1191141PIP	2011	13	54	5.4	5.6	3.3	0.7	0.8	1.5	4.0	2.3	6.3
1191141PIP	2011	13	55	3.7	4.1	1.3	0.3	0.4	0.9	1.5	1.2	2.8
1191141PIP	2011	13	56	6.8	6.8	6.1	1.1	1.3	2.1	7.2	3.3	10.5
1191141PIP	2011	13	57	3.6	4.0	1.2	0.3	0.3	0.8	1.4	1.2	2.6
1191141PIP	2011	13	58	5.5	5.7	3.5	0.7	0.8	1.5	4.2	2.3	6.6
1191141PIP	2011	13	59	3.0	3.5	0.7	0.2	0.2	0.6	0.9	0.9	1.8
1191141PIP	2011	13	60	7.8	7.7	8.7	1.6	1.7	2.5	10.3	4.2	14.5
1191141PIP	2011	13	61	9.0	8.7	12.7	2.2	2.2	3.0	14.9	5.3	20.1
1191141PIP	2011	13	62	8.0	7.9	9.4	1.7	1.8	2.6	11.0	4.3	15.3
1191141PIP	2011	13	63	4.5	4.8	2.1	0.4	0.5	1.1	2.5	1.7	4.2
1191141PIP	2011	13	64	3.2	3.7	0.9	0.2	0.3	0.7	1.1	0.9	2.0
1191141PIP	2011	13	65	4.6	4.9	2.2	0.5	0.6	1.2	2.7	1.8	4.4
1191141PIP	2011	13	66	9.7	9.3	15.5	2.6	2.6	3.4	18.1	6.0	24.0
1191141PIP	2011	13	67	3.5	3.9	1.1	0.2	0.3	0.8	1.3	1.1	2.5
1191141PIP	2011	13	68	4.0	4.4	1.5	0.3	0.4	1.0	1.9	1.4	3.3
1191141PIP	2011	13	69	6.1	6.2	4.6	0.9	1.0	1.8	5.5	2.8	8.3
1191141PIP	2011	13	70	7.4	7.3	7.6	1.4	1.5	2.3	8.9	3.8	12.8
1191141PIP	2011	13	71	3.7	4.1	1.3	0.3	0.4	0.9	1.5	1.2	2.8
1191141PIP	2011	13	72	4.5	4.8	2.1	0.4	0.5	1.1	2.5	1.7	4.2
1191141PIP	2011	13	73	5.5	5.7	3.5	0.7	0.8	1.5	4.2	2.3	6.6
1191141PIP	2011	13	74	3.5	3.9	1.1	0.2	0.3	0.8	1.3	1.1	2.5
1191141PIP	2011	13	75	3.0	3.5	0.7	0.2	0.2	0.6	0.9	0.9	1.8
1191141PIP	2011	13	76	6.1	6.2	4.6	0.9	1.0	1.8	5.5	2.8	8.3
1191141PIP	2011	13	77	4.1	4.5	1.7	0.4	0.4	1.0	2.0	1.4	3.4
1191141PIP	2011	13	78	7.5	7.4	7.8	1.4	1.6	2.4	9.3	3.9	13.2
1191141PIP	2011	13	79	4.1	4.5	1.7	0.4	0.4	1.0	2.0	1.4	3.4
1191141PIP	2011	13	80	7.5	7.4	7.8	1.4	1.6	2.4	9.3	3.9	13.2
1191141PIP	2011	13	81	7.7	7.6	8.4	1.5	1.6	2.4	10.0	4.1	14.0
1191141PIP	2011	13	82	7.0	7.0	6.6	1.2	1.3	2.1	7.8	3.5	11.3
1191141PIP	2011	13	83	9.2	8.9	13.5	2.3	2.3	3.1	15.8	5.4	21.2
1191141PIP	2011	13	84	4.5	4.8	2.1	0.4	0.5	1.1	2.5	1.7	4.2
1191141PIP	2011	13	85	7.0	7.0	6.6	1.2	1.3	2.1	7.8	3.5	11.3
1191141PIP	2011	13	86	4.5	4.8	2.1	0.4	0.5	1.1	2.5	1.7	4.2
1191141PIP	2011	13	87	5.2	5.4	3.0	0.6	0.7	1.4	3.6	2.2	5.8
1191141PIP	2011	13	88	5.3	5.5	3.2	0.6	0.8	1.5	3.8	2.2	6.0
1191141PIP	2011	13	89	2.8	3.3	0.6	0.2	0.2	0.6	0.8	0.8	1.5
1191141PIP	2011	13	90	4.3	4.6	1.8	0.4	0.5	1.1	2.2	1.6	3.8
1191141PIP	2011	13	91	5.0	5.2	2.7	0.6	0.7	1.3	3.3	2.0	5.3
1191141PIP	2011	13	92	4.2	4.5	1.7	0.4	0.5	1.1	2.1	1.5	3.6
1191141PIP	2011	25	93	9.1	8.0	12.0	1.7	3.1	2.3	13.7	5.3	19.1
1191141PIP	2011	13	94	3.4	3.8	1.0	0.2	0.3	0.8	1.2	1.1	2.3
1191141PIP	2011	13	95	9.8	9.3	15.7	2.7	2.7	3.4	18.4	6.1	24.5
1191141PIP	2011	13	96	6.8	6.8	6.1	1.1	1.3	2.1	7.2	3.3	10.5
1191141PIP	2011	13	97	3.3	3.7	0.9	0.2	0.3	0.7	1.1	1.0	2.2
1191141PIP	2011	13	98	4.5	4.8	2.1	0.4	0.5	1.1	2.5	1.7	4.2
1191141PIP	2011	13	99	3.2	3.7	0.9	0.2	0.3	0.7	1.1	0.9	2.0
1191141PIP	2011	13	100	3.0	3.5	0.7	0.2	0.2	0.6	0.9	0.9	1.8
1191141PIP	2011	13	101	2.7	3.2	0.6	0.1	0.2	0.5	0.7	0.7	1.4
1191141PIP	2011	13	102	4.2	4.5	1.7	0.4	0.5	1.1	2.1	1.5	3.6
1191141PIP	2011	13	103	9.7	9.3	15.5	2.6	2.6	3.4	18.1	6.0	24.0
1191141PIP	2011	13	104	8.4	8.2	10.6	1.9	1.9	2.8	12.5	4.7	17.2
1191141PIP	2011	13	105	5.2	5.4	3.0	0.6	0.7	1.4	3.6	2.2	5.8
1191141PIP	2011	13	106	5.1	5.3	2.9	0.6	0.7	1.4	3.4	2.1	5.5
1191141PIP	2011	13	107	5.1	5.3	2.9	0.6	0.7	1.4	3.4	2.1	5.5
1191141PIP	2011	13	108	7.5	7.4	7.8	1.4	1.6	2.4	9.3	3.9	13.2
1191141PIP	2011	13	109	6.4	6.5	5.2	1.0	1.1	1.9	6.2	3.0	9.2
1191141PIP	2011	13	110	5.9	6.0	4.2	0.8	1.0	1.7	5.0	2.7	7.7
1191141PIP	2011	13	111	3.6	4.0	1.2	0.3	0.3	0.8	1.4	1.2	2.6
1191141PIP	2011	13	112	6.7	6.7	5.8	1.1	1.2	2.0	6.9	3.3	10.2
1191141PIP	2011	13	113	8.8	8.5	11.9	2.1	2.2	3.0	14.0	5.1	19.1
1191141PIP	2011	13	114	5.1	5.3	2.9	0.6	0.7	1.4	3.4	2.1	5.5
1191141PIP	2011	13	115	3.8	4.2	1.3	0.3	0.4	0.9	1.7	1.3	2.9
1191141PIP	2011	13	116	5.4	5.6	3.3	0.7	0.8	1.5	4.0	2.3	6.3
1191141PIP	2011	13	117	4.6	4.9	2.2	0.5	0.6	1.2	2.7	1.8	4.4
1191141PIP	2011	13	118	6.0	6.1	4.4	0.9	1.0	1.7	5.2	2.7	8.0
1191141PIP	2011	13	119	6.1	6.2	4.6	0.9	1.0	1.8	5.5	2.8	8.3
1191141PIP	2011	13	120	5.0	5.2	2.7	0.6	0.7	1.3	3.3	2.0	5.3
1191141PIP	2011	13	121	5.0	5.2	2.7	0.6	0.7	1.3	3.3	2.0	5.3
1191141PIP	2011	13	122	4.8	5.1	2.5	0.5	0.6	1.2	3.0	1.9	4.9
1191141PIP	2011	13	123	7.5	7.4	7.8	1.4	1.6	2.4	9.3	3.9	13.2
1191141PIP	2011	13	124	8.2	8.0	9.9	1.8	1.9	2.7	11.7	4.5	16.2
1191141PIP	2011	13	125	8.7	8.4	11.5	2.0	2.1	2.9	13.6	5.0	18.6
1191141PIP	2011	13	126	4.6	4.9	2.2	0.5	0.6	1.2	2.7	1.8	4.4
1191141PIP	2011	13	127	5.3	5.5	3.2	0.6	0.8	1.5	3.8	2.2	6.0
1191141PIP	2011	13	128	9.6	9.2	15.0	2.5	2.6	3.3	17.6	5.9	23.4
1191141PIP	2011	13	129	10.9	10.2	20.8	3.4	3.3	4.0	24.2	7.3	31.5
1191141PIP	2011	13	130	8.6	8.4	11.3	2.0	2.0	2.8	13.3	4.9	18.1
1191141PIP	2011	13	131	4.8	5.1	2.5	0.5	0.6	1.2	3.0	1.9	4.9
1191141PIP	2011	13	132	5.8	6.0	4.0	0.8	0.9	1.6	4.8	2.5	7.4
1191141PIP	2011	13	133	3.8	4.2	1.3	0.3	0.4	0.9	1.7	1.3	2.9
1191141PIP	2011	13	134	9.5	9.1	14.6	2.5	2.5	3.3	17.1	5.8	22.9
1191141PIP	2011	13	135	4.3	4.6	1.8	0.4	0.5	1.1	2.2	1.6	3.8
1191141PIP	2011	13	136	10.8	10.1	20.3	3.3	3.3	3.9	23.6	7.2	30.8
1191141PIP	2011	13	137	3.2	3.7	0.9	0.2	0.3	0.7	1.1	0.9	2.0
1191141PIP	2011	13	138	4.2	4.5	1.7	0.4	0.5	1.1	2.1	1.5	3.6
1191141PIP	2011	13	139	2.7	3.2	0.6	0.1	0.2	0.5	0.7	0.7	1.4
1191141PIP	2011	13	140	2.5	3.1	0.5	0.1	0.2	0.5	0.6	0.6	1.2
1191141PIP	2011	13	141	4.9	5.2	2.6	0.5	0.6	1.3	3.2	1.9	5.1
1191141PIP	2011	13	142	4.5	4.8	2.1	0.4	0.5	1.1	2.5	1.7	4.2
1191141PIP	2011	13	143	2.9	3.4	0.7	0.2	0.2	0.6	0.8	0.8	1.7
1191141PIP	2011	13	144	4.2	4.5	1.7	0.4	0.5	1.1	2.1	1.5	3.6
1191141PIP	2011	13	145	4.7	5.0	2.3	0.5	0.6	1.2	2.8	1.8	4.6
1191141PIP	2011	13	146	9.9	9.4	16.2	2.7	2.7	3.5	18.9	6.2	25.1
1191141PIP	2011	13	147	9.5	9.1	14.6	2.5	2.5	3.3	17.1	5.8	22.9
1191141PIP	2011	13	148	8.8	8.5	11.9	2.1	2.2	3.0	14.0	5.1	19.1
1191141PIP	2011	25	149	12.2	9.5	23.8	3.2	6.3	3.6	27.0	9.9	36.9
1191141PIP	2011	13	150	3.9	4.3	1.4	0.3	0.4	0.9	1.8	1.3	3.1
1191141PIP	2011	13	151	8.3	8.1	10.2	1.8	1.9	2.7	12.1	4.6	16.7
1191141PIP	2011	13	152	7.0	7.0	6.6	1.2	1.3	2.1	7.8	3.5	11.3
1191141PIP	2011	13	153	9.1	8.8	13.1	2.3	2.3	3.1	15.3	5.4	20.7
1191141PIP	2011	13	154	5.7	5.9	3.9	0.8	0.9	1.6	4.6	2.5	7.1
1191141PIP	2011	13	155	6.7	6.7	5.8	1.1	1.2	2.0	6.9	3.3	10.2
1191141PIP	2011	13	156	5.5	5.7	3.5	0.7	0.8	1.5	4.2	2.3	6.6
1191141PIP	2011	13	157	7.2	7.2	7.1	1.3	1.4	2.2	8.4	3.6	12.0
1191141PIP	2011	13	158	3.8	4.2	1.3	0.3	0.4	0.9	1.7	1.3	2.9
1191141PIP	2011	13	159	2.8	3.3	0.6	0.2	0.2	0.6	0.8	0.8	1.5
1191141PIP	2011	13	160	4.6	4.9	2.2	0.5	0.6	1.2	2.7	1.8	4.4
1191141PIP	2011	13	161	5.8	6.0	4.0	0.8	0.9	1.6	4.8	2.5	7.4
1191141PIP	2011	13	162	8.3	8.1	10.2	1.8	1.9	2.7	12.1	4.6	16.7
1191141PIP	2011	13	163	6.6	6.7	5.7	1.1	1.2	1.9	6.7	3.1	9.9
1191141PIP	2011	13	164	7.7	7.6	8.4	1.5	1.6	2.4	10.0	4.1	14.0
1191141PIP	2011	13	165	8.0	7.9	9.4	1.7	1.8	2.6	11.0	4.3	15.3
1191141PIP	2011	13	166	8.0	7.9	9.4	1.7	1.8	2.6	11.0	4.3	15.3
1191141PIP	2011	13	167	3.2	3.7	0.9	0.2	0.3	0.7	1.1	0.9	2.0
1191141PIP	2011	13	168	5.8	6.0	4.0	0.8	0.9	1.6	4.8	2.5	7.4
1191141PIP	2011	13	169	4.8	5.1	2.5	0.5	0.6	1.2	3.0	1.9	4.9
1191141PIP	2011	13	170	6.3	6.4	5.0	1.0	1.1	1.8	6.0	2.9	8.9
1191141PIP	2011	13	171	5.0	5.2	2.7	0.6	0.7	1.3	3.3	2.0	5.3
1191141PIP	2011	13	172	8.6	8.4	11.3	2.0	2.0	2.8	13.3	4.9	18.1
1191141PIP	2011	13	173	9.5	9.1	14.6	2.5	2.5	3.3	17.1	5.8	22.9
1191141PIP	2011	13	174	9.9	9.4	16.2	2.7	2.7	3.5	18.9	6.2	25.1
1191141PIP	2011	13	175	3.0	3.5	0.7	0.2	0.2	0.6	0.9	0.9	1.8
1191141PIP	2011	13	176	7.1	7.1	6.8	1.3	1.4	2.2	8.1	3.6	11.7
1191141PIP	2011	13	177	3.1	3.6	0.8	0.2	0.2	0.7	1.0	0.9	1.9
1191141PIP	2011	13	178	4.7	5.0	2.3	0.5	0.6	1.2	2.8	1.8	4.6
1191141PIP	2011	13	180	6.0	6.1	4.4	0.9	1.0	1.7	5.2	2.7	8.0
1191141PIP	2011	13	181	3.2	3.7	0.9	0.2	0.3	0.7	1.1	0.9	2.0
1191141PIP	2011	13	182	3.2	3.7	0.9	0.2	0.3	0.7	1.1	0.9	2.0
1191141PIP	2011	13	183	4.1	4.5	1.7	0.4	0.4	1.0	2.0	1.4	3.4
1191141PIP	2011	13	184	6.0	6.1	4.4	0.9	1.0	1.7	5.2	2.7	8.0
1191141PIP	2011	13	185	5.2	5.4	3.0	0.6	0.7	1.4	3.6	2.2	5.8
1191141PIP	2011	13	186	2.7	3.2	0.6	0.1	0.2	0.5	0.7	0.7	1.4
1191141PIP	2011	13	187	3.3	3.7	0.9	0.2	0.3	0.7	1.1	1.0	2.2
1191141PIP	2011	13	188	2.6	3.1	0.5	0.1	0.2	0.5	0.6	0.7	1.3
1191141PIP	2011	13	189	7.4	7.3	7.6	1.4	1.5	2.3	8.9	3.8	12.8
1191141PIP	2011	13	190	5.5	5.7	3.5	0.7	0.8	1.5	4.2	2.3	6.6
1191141PIP	2011	13	191	4.2	4.5	1.7	0.4	0.5	1.1	2.1	1.5	3.6
1191141PIP	2011	13	192	6.3	6.4	5.0	1.0	1.1	1.8	6.0	2.9	8.9
1191141PIP	2011	13	193	4.1	4.5	1.7	0.4	0.4	1.0	2.0	1.4	3.4
1191141PIP	2011	13	194	4.8	5.1	2.5	0.5	0.6	1.2	3.0	1.9	4.9
1191141PIP	2011	13	195	6.4	6.5	5.2	1.0	1.1	1.9	6.2	3.0	9.2
1191141PIP	2011	13	196	8.2	8.0	9.9	1.8	1.9	2.7	11.7	4.5	16.2
1191141PIP	2011	25	197	7.9	7.3	8.5	1.3	2.2	1.8	9.8	4.0	13.8
1191141PIP	2011	13	198	8.0	7.9	9.4	1.7	1.8	2.6	11.0	4.3	15.3
1191141PIP	2011	13	199	5.7	5.9	3.9	0.8	0.9	1.6	4.6	2.5	7.1
1191141PIP	2011	13	201	2.8	3.3	0.6	0.2	0.2	0.6	0.8	0.8	1.5
1191141PIP	2011	13	202	4.7	5.0	2.3	0.5	0.6	1.2	2.8	1.8	4.6
1191141PIP	2011	13	203	4.5	4.8	2.1	0.4	0.5	1.1	2.5	1.7	4.2
1191141PIP	2011	13	204	3.9	4.3	1.4	0.3	0.4	0.9	1.8	1.3	3.1
1191141PIP	2011	13	205	3.5	3.9	1.1	0.2	0.3	0.8	1.3	1.1	2.5
1191141PIP	2011	13	206	6.9	6.9	6.3	1.2	1.3	2.1	7.5	3.4	10.9
1191141PIP	2011	13	207	4.4	4.7	2.0	0.4	0.5	1.1	2.4	1.6	4.0
1191141PIP	2011	13	208	4.4	4.7	2.0	0.4	0.5	1.1	2.4	1.6	4.0
1191141PIP	2011	13	209	2.5	3.1	0.5	0.1	0.2	0.5	0.6	0.6	1.2
1191141PIP	2011	13	210	3.0	3.5	0.7	0.2	0.2	0.6	0.9	0.9	1.8
1191141PIP	2011	13	211	4.8	5.1	2.5	0.5	0.6	1.2	3.0	1.9	4.9
1191141PIP	2011	13	212	4.5	4.8	2.1	0.4	0.5	1.1	2.5	1.7	4.2
1191141PIP	2011	13	213	7.8	7.7	8.7	1.6	1.7	2.5	10.3	4.2	14.5
1191141PIP	2011	13	214	5.4	5.6	3.3	0.7	0.8	1.5	4.0	2.3	6.3
1191141PIP	2011	13	215	6.0	6.1	4.4	0.9	1.0	1.7	5.2	2.7	8.0
1191141PIP	2011	13	216	4.6	4.9	2.2	0.5	0.6	1.2	2.7	1.8	4.4
1191141PIP	2011	13	217	6.4	6.5	5.2	1.0	1.1	1.9	6.2	3.0	9.2
1191141PIP	2011	13	218	5.2	5.4	3.0	0.6	0.7	1.4	3.6	2.2	5.8
1191141PIP	2011	13	219	4.2	4.5	1.7	0.4	0.5	1.1	2.1	1.5	3.6
1191141PIP	2011	13	220	4.7	5.0	2.3	0.5	0.6	1.2	2.8	1.8	4.6
1191141PIP	2011	13	221	3.2	3.7	0.9	0.2	0.3	0.7	1.1	0.9	2.0
1191141PIP	2011	13	222	4.8	5.1	2.5	0.5	0.6	1.2	3.0	1.9	4.9
1191141PIP	2011	13	223	6.3	6.4	5.0	1.0	1.1	1.8	6.0	2.9	8.9
1191141PIP	2011	13	224	4.3	4.6	1.8	0.4	0.5	1.1	2.2	1.6	3.8
1191141PIP	2011	13	225	4.1	4.5	1.7	0.4	0.4	1.0	2.0	1.4	3.4
1191141PIP	2011	13	226	4.2	4.5	1.7	0.4	0.5	1.1	2.1	1.5	3.6
1191141PIP	2011	13	227	3.1	3.6	0.8	0.2	0.2	0.7	1.0	0.9	1.9
1191141PIP	2011	13	228	5.2	5.4	3.0	0.6	0.7	1.4	3.6	2.2	5.8
1191141PIP	2011	13	229	5.8	6.0	4.0	0.8	0.9	1.6	4.8	2.5	7.4
1191141PIP	2011	13	230	4.8	5.1	2.5	0.5	0.6	1.2	3.0	1.9	4.9
1191141PIP	2011	13	231	3.0	3.5	0.7	0.2	0.2	0.6	0.9	0.9	1.8
1191141PIP	2011	13	232	3.3	3.7	0.9	0.2	0.3	0.7	1.1	1.0	2.2
1191141PIP	2011	13	233	5.7	5.9	3.9	0.8	0.9	1.6	4.6	2.5	7.1
1191141PIP	2011	13	234	6.0	6.1	4.4	0.9	1.0	1.7	5.2	2.7	8.0
1191141PIP	2011	13	235	5.0	5.2	2.7	0.6	0.7	1.3	3.3	2.0	5.3
1191141PIP	2011	25	236	8.2	7.5	9.3	1.4	2.4	1.9	10.7	4.3	15.1
1191141PIP	2011	13	237	5.3	5.5	3.2	0.6	0.8	1.5	3.8	2.2	6.0
1191141PIP	2011	13	238	3.6	4.0	1.2	0.3	0.3	0.8	1.4	1.2	2.6
1191141PIP	2011	13	239	8.0	7.9	9.4	1.7	1.8	2.6	11.0	4.3	15.3
1191141PIP	2011	13	240	4.2	4.5	1.7	0.4	0.5	1.1	2.1	1.5	3.6
1191141PIP	2011	13	241	7.2	7.2	7.1	1.3	1.4	2.2	8.4	3.6	12.0
1191141PIP	2011	13	242	3.9	4.3	1.4	0.3	0.4	0.9	1.8	1.3	3.1
1191141PIP	2011	13	243	4.5	4.8	2.1	0.4	0.5	1.1	2.5	1.7	4.2
1191141PIP	2011	13	244	7.1	7.1	6.8	1.3	1.4	2.2	8.1	3.6	11.7
1191141PIP	2011	13	245	6.9	6.9	6.3	1.2	1.3	2.1	7.5	3.4	10.9
1191141PIP	2011	13	246	4.5	4.8	2.1	0.4	0.5	1.1	2.5	1.7	4.2
1191141PIP	2011	13	247	2.8	3.3	0.6	0.2	0.2	0.6	0.8	0.8	1.5
1191141PIP	2011	13	248	3.9	4.3	1.4	0.3	0.4	0.9	1.8	1.3	3.1
1191141PIP	2011	13	249	4.6	4.9	2.2	0.5	0.6	1.2	2.7	1.8	4.4
1191141PIP	2011	13	250	4.7	5.0	2.3	0.5	0.6	1.2	2.8	1.8	4.6
1191141PIP	2011	13	251	4.2	4.5	1.7	0.4	0.5	1.1	2.1	1.5	3.6
1191141PIP	2011	13	252	5.7	5.9	3.9	0.8	0.9	1.6	4.6	2.5	7.1
1191141PIP	2011	13	253	4.1	4.5	1.7	0.4	0.4	1.0	2.0	1.4	3.4
1191141PIP	2011	13	254	2.6	3.1	0.5	0.1	0.2	0.5	0.6	0.7	1.3
1191141PIP	2011	13	255	5.2	5.4	3.0	0.6	0.7	1.4	3.6	2.2	5.8
1191141PIP	2011	13	257	2.7	3.2	0.6	0.1	0.2	0.5	0.7	0.7	1.4
1191141PIP	2011	13	258	8.0	7.9	9.4	1.7	1.8	2.6	11.0	4.3	15.3
1191141PIP	2011	13	259	4.0	4.4	1.5	0.3	0.4	1.0	1.9	1.4	3.3
1191141PIP	2011	13	260	3.5	3.9	1.1	0.2	0.3	0.8	1.3	1.1	2.5
1191141PIP	2011	13	261	6.9	6.9	6.3	1.2	1.3	2.1	7.5	3.4	10.9
1191141PIP	2011	13	262	5.5	5.7	3.5	0.7	0.8	1.5	4.2	2.3	6.6
1191141PIP	2011	13	263	4.2	4.5	1.7	0.4	0.5	1.1	2.1	1.5	3.6
1191141PIP	2011	13	264	9.3	8.9	13.7	2.4	2.4	3.2	16.1	5.6	21.7
1191141PIP	2011	13	265	3.4	3.8	1.0	0.2	0.3	0.8	1.2	1.1	2.3
1191141PIP	2011	13	266	7.0	7.0	6.6	1.2	1.3	2.1	7.8	3.5	11.3
1191141PIP	2011	13	267	3.1	3.6	0.8	0.2	0.2	0.7	1.0	0.9	1.9
1191141PIP	2011	25	268	9.8	8.4	14.3	2.0	3.7	2.5	16.4	6.2	22.6
1191141PIP	2011	13	269	7.0	7.0	6.6	1.2	1.3	2.1	7.8	3.5	11.3
1191141PIP	2011	13	270	5.0	5.2	2.7	0.6	0.7	1.3	3.3	2.0	5.3
1191141PIP	2011	13	271	4.5	4.8	2.1	0.4	0.5	1.1	2.5	1.7	4.2
1191141PIP	2011	13	272	3.6	4.0	1.2	0.3	0.3	0.8	1.4	1.2	2.6
1191141PIP	2011	13	273	3.1	3.6	0.8	0.2	0.2	0.7	1.0	0.9	1.9
1191141PIP	2011	13	274	3.2	3.7	0.9	0.2	0.3	0.7	1.1	0.9	2.0
1191141PIP	2011	13	275	5.6	5.8	3.7	0.7	0.9	1.6	4.4	2.4	6.8
1191141PIP	2011	13	276	5.2	5.4	3.0	0.6	0.7	1.4	3.6	2.2	5.8
1191141PIP	2011	13	277	6.1	6.2	4.6	0.9	1.0	1.8	5.5	2.8	8.3
1191141PIP	2011	13	278	4.1	4.5	1.7	0.4	0.4	1.0	2.0	1.4	3.4
1191141PIP	2011	13	279	2.9	3.4	0.7	0.2	0.2	0.6	0.8	0.8	1.7
1191141PIP	2011	13	280	4.5	4.8	2.1	0.4	0.5	1.1	2.5	1.7	4.2
1191141PIP	2011	13	281	6.0	6.1	4.4	0.9	1.0	1.7	5.2	2.7	8.0
1191141PIP	2011	13	282	2.6	3.1	0.5	0.1	0.2	0.5	0.6	0.7	1.3
1191141PIP	2011	13	283	4.2	4.5	1.7	0.4	0.5	1.1	2.1	1.5	3.6
1191141PIP	2011	13	284	8.0	7.9	9.4	1.7	1.8	2.6	11.0	4.3	15.3
1191141PIP	2011	13	285	4.6	4.9	2.2	0.5	0.6	1.2	2.7	1.8	4.4
1191141PIP	2011	13	286	4.7	5.0	2.3	0.5	0.6	1.2	2.8	1.8	4.6
1191141PIP	2011	13	287	3.7	4.1	1.3	0.3	0.4	0.9	1.5	1.2	2.8
1191141PIP	2011	13	288	11.4	10.6	23.4	3.8	3.7	4.2	27.2	7.9	35.1
1191141PIP	2011	13	289	4.5	4.8	2.1	0.4	0.5	1.1	2.5	1.7	4.2
1191141PIP	2011	13	290	6.2	6.3	4.8	0.9	1.1	1.8	5.7	2.9	8.6
1191141PIP	2011	13	291	4.7	5.0	2.3	0.5	0.6	1.2	2.8	1.8	4.6
1191141PIP	2011	13	292	5.5	5.7	3.5	0.7	0.8	1.5	4.2	2.3	6.6
1191141PIP	2011	13	293	6.8	6.8	6.1	1.1	1.3	2.1	7.2	3.3	10.5
1197886PIP	2011	13	1	20.1	19.0	113.4	14.8	10.1	8.2	128.2	18.3	146.6
1197886PIP	2011	13	2	17.6	17.4	82.3	11.1	7.4	6.6	93.4	14.0	107.4
1197886PIP	2011	13	5	9.8	11.0	18.6	3.0	2.1	2.7	21.6	4.9	26.4
1197886PIP	2011	13	6	8.2	9.4	11.6	2.0	1.5	2.1	13.6	3.6	17.2
1197886PIP	2011	13	8	8.8	10.0	14.0	2.3	1.7	2.4	16.3	4.1	20.4
1197886PIP	2011	13	9	23.7	21.1	168.1	21.2	14.9	10.9	189.3	25.8	215.1
1197886PIP	2011	13	10	13.6	14.4	43.3	6.3	4.2	4.4	49.6	8.6	58.2
1197886PIP	2011	3	11	20.5	18.9	126.9	10.2	10.6	7.2	137.1	17.8	154.9
1197886PIP	2011	3	12	22.7	19.5	156.7	12.2	14.1	8.6	168.9	22.7	191.6
1197886PIP	2011	13	13	5.6	6.7	4.3	0.8	0.7	1.3	5.1	2.0	7.0
1197886PIP	2011	13	17	3.6	4.6	1.3	0.3	0.3	0.7	1.6	1.0	2.6
1197886PIP	2011	13	18	24.8	21.6	186.4	23.3	16.7	11.9	209.6	28.5	238.2
1197886PIP	2011	13	19	15.7	16.0	61.9	8.6	5.8	5.5	70.5	11.3	81.8
1197886PIP	2011	13	20	19.2	18.5	101.9	13.5	9.0	7.6	115.4	16.6	132.0
1197886PIP	2011	13	22	7.5	8.7	9.2	1.6	1.2	1.9	10.8	3.1	13.9
1197886PIP	2011	13	23	19.8	18.9	109.9	14.4	9.7	8.0	124.3	17.7	141.9
1197886PIP	2011	13	25	5.7	6.8	4.5	0.8	0.7	1.3	5.3	2.0	7.3
1197886PIP	2011	3	26	19.5	18.7	115.1	9.3	9.2	6.6	124.4	15.8	140.2
1197886PIP	2011	13	29	8.6	9.8	13.2	2.2	1.6	2.3	15.4	3.9	19.3
1197886PIP	2011	13	30	21.5	19.9	133.7	17.2	11.8	9.2	150.9	21.0	171.8
1197886PIP	2011	13	32	13.7	14.4	43.9	6.3	4.3	4.5	50.2	8.8	59.0
1197886PIP	2011	13	33	17.0	17.0	75.6	10.3	6.9	6.2	85.9	13.1	99.0
1197886PIP	2011	13	34	18.1	17.7	87.9	11.8	7.9	6.9	99.7	14.9	114.6
1197886PIP	2011	13	37	14.4	15.0	49.9	7.1	4.8	4.8	57.0	9.6	66.6
1197886PIP	2011	13	39	14.1	14.8	47.4	6.8	4.5	4.6	54.2	9.2	63.4
1197886PIP	2011	13	40	11.5	12.6	28.2	4.3	2.9	3.4	32.5	6.4	38.9
1197886PIP	2011	13	41	14.7	15.3	52.8	7.5	5.0	4.9	60.2	9.9	70.1
1197886PIP	2011	13	42	19.8	18.9	109.9	14.4	9.7	8.0	124.3	17.7	141.9
1197886PIP	2011	13	43	14.4	15.0	49.9	7.1	4.8	4.8	57.0	9.6	66.6
1197886PIP	2011	13	44	13.8	14.5	44.8	6.5	4.4	4.5	51.2	8.9	60.1
1197886PIP	2011	3	45	14.5	16.8	61.1	5.5	4.1	3.9	66.5	8.0	74.5
1197886PIP	2011	13	46	14.6	15.2	51.8	7.3	4.9	4.9	59.1	9.8	68.9
1197886PIP	2011	13	47	23.7	21.1	168.1	21.2	14.9	10.9	189.3	25.8	215.1
1197886PIP	2011	13	48	19.8	18.9	109.9	14.4	9.7	8.0	124.3	17.7	141.9
1197886PIP	2011	13	49	9.3	10.5	16.2	2.6	1.9	2.5	18.8	4.5	23.3
1197886PIP	2011	13	50	24.0	21.2	172.7	21.7	15.4	11.2	194.4	26.6	221.0
1197886PIP	2011	13	51	22.5	20.4	148.4	18.9	13.2	10.0	167.3	23.2	190.5
1197886PIP	2011	13	53	19.3	18.5	102.8	13.6	9.2	7.7	116.4	16.9	133.3
1197886PIP	2011	13	54	20.6	19.3	120.3	15.7	10.7	8.6	135.9	19.3	155.2
1197886PIP	2011	13	55	16.6	16.7	71.3	9.8	6.5	6.0	81.0	12.5	93.5
1197886PIP	2011	13	56	22.3	20.3	145.4	18.6	12.9	9.8	163.9	22.7	186.7
1197886PIP	2011	3	57	20.1	18.8	121.9	9.8	10.0	6.9	131.8	17.0	148.8
1197886PIP	2011	13	58	13.6	14.4	43.3	6.3	4.2	4.4	49.6	8.6	58.2
1197886PIP	2011	13	60	5.9	7.0	4.9	0.9	0.8	1.4	5.8	2.1	7.9
1197886PIP	2011	3	61	17.8	18.2	95.4	7.9	7.2	5.6	103.3	12.7	116.1
1197886PIP	2011	3	62	16.8	17.8	84.2	7.1	6.1	5.0	91.3	11.2	102.5
1197886PIP	2011	13	66	19.4	18.6	104.3	13.8	9.3	7.7	118.1	17.0	135.1
1197886PIP	2011	13	68	14.9	15.4	54.4	7.7	5.1	5.1	62.0	10.2	72.3
1197886PIP	2011	13	69	22.0	20.2	141.3	18.1	12.4	9.5	159.3	22.0	181.3
1197886PIP	2011	13	72	10.1	11.3	20.2	3.2	2.3	2.8	23.4	5.1	28.5
1197886PIP	2011	13	74	9.2	10.4	15.8	2.6	1.9	2.5	18.3	4.4	22.7
1197886PIP	2011	13	75	22.9	20.7	155.3	19.7	13.7	10.2	175.0	23.9	198.9
1197886PIP	2011	13	76	14.5	15.1	50.8	7.2	4.8	4.9	58.1	9.7	67.8
1197886PIP	2011	13	78	19.8	18.9	109.9	14.4	9.7	8.0	124.3	17.7	141.9
1197886PIP	2011	13	79	13.6	14.4	43.3	6.3	4.2	4.4	49.6	8.6	58.2
1197986PIP	2011	20	1	8.3	7.0	7.7	1.4	1.6	2.9	9.1	4.5	13.5
1197986PIP	2011	13	2	6.3	6.5	5.1	1.0	1.1	1.8	6.0	2.9	8.9
1197986PIP	2011	13	3	3.0	3.5	0.7	0.2	0.2	0.6	0.9	0.9	1.8
1197986PIP	2011	13	4	8.0	8.0	9.5	1.7	1.7	2.5	11.2	4.2	15.4
1197986PIP	2011	13	5	15.8	13.8	54.0	7.9	7.3	6.9	61.9	14.1	76.0
1197986PIP	2011	13	6	6.8	6.9	6.2	1.2	1.3	2.0	7.3	3.3	10.6
1197986PIP	2011	13	7	15.0	13.3	47.5	7.0	6.5	6.3	54.6	12.8	67.3
1197986PIP	2011	13	8	15.1	13.4	48.4	7.2	6.5	6.4	55.6	12.9	68.5
1197986PIP	2011	13	11	9.9	9.6	16.5	2.8	2.7	3.4	19.3	6.0	25.3
1197986PIP	2011	13	14	3.9	4.3	1.4	0.3	0.4	0.9	1.8	1.3	3.1
1197986PIP	2011	13	15	19.0	15.8	85.4	11.9	10.9	9.2	97.3	20.1	117.4
1197986PIP	2011	13	17	8.5	8.4	11.1	1.9	2.0	2.7	13.0	4.7	17.7
1197986PIP	2011	13	18	5.7	6.0	3.9	0.8	0.9	1.6	4.7	2.4	7.1
1197986PIP	2011	13	19	11.9	11.1	26.4	4.2	3.9	4.5	30.6	8.4	39.0
1197986PIP	2011	13	20	17.9	15.1	73.5	10.4	9.6	8.4	84.0	18.0	101.9
1197986PIP	2011	13	21	6.5	6.7	5.5	1.0	1.1	1.9	6.6	3.0	9.6
1197986PIP	2011	13	22	4.4	4.8	2.0	0.4	0.5	1.1	2.4	1.6	4.0
1197986PIP	2011	13	24	16.7	14.4	62.1	9.0	8.2	7.5	71.0	15.7	86.7
1197986PIP	2011	13	28	13.9	12.6	39.4	6.0	5.5	5.6	45.3	11.0	56.4
1197986PIP	2011	13	32	15.8	13.8	54.0	7.9	7.3	6.9	61.9	14.1	76.0
1197986PIP	2011	13	36	5.7	6.0	3.9	0.8	0.9	1.6	4.7	2.4	7.1
1197986PIP	2011	13	38	18.5	15.5	80.0	11.2	10.3	8.8	91.2	19.1	110.3
1197986PIP	2011	13	42	3.3	3.8	1.0	0.2	0.3	0.7	1.2	1.0	2.2
1197986PIP	2011	13	43	5.9	6.1	4.2	0.8	0.9	1.7	5.1	2.6	7.7
1197986PIP	2011	13	46	9.4	9.2	14.5	2.5	2.4	3.1	16.9	5.5	22.5
1211756PIP	2011	38	1	4.1	6.2	2.2	0.4	0.4	0.5	2.6	0.9	3.5
1211756PIP	2011	38	2	3.1	5.1	1.1	0.2	0.2	0.3	1.3	0.5	1.8
1211756PIP	2011	38	3	5.2	7.2	4.0	0.8	0.8	0.7	4.8	1.4	6.2
1211756PIP	2011	38	4	4.2	6.3	2.3	0.5	0.4	0.5	2.8	0.9	3.7
1211756PIP	2011	38	5	4.2	6.3	2.3	0.5	0.4	0.5	2.8	0.9	3.7
1211756PIP	2011	74	6	10.3	12.8	19.3	4.4	2.6	1.2	23.7	3.8	27.5
1211756PIP	2011	13	7	18.7	13.5	71.0	10.4	13.0	10.9	81.4	23.9	105.3
1211756PIP	2011	13	8	11.6	9.5	21.6	3.6	4.5	5.2	25.2	9.7	34.9
1211756PIP	2011	38	9	5.9	7.8	5.5	1.0	1.0	0.9	6.5	1.9	8.4
1211756PIP	2011	13	10	8.2	7.1	8.8	1.6	2.2	3.1	10.4	5.4	15.8
1211756PIP	2011	74	11	2.9	5.8	0.7	0.2	0.1	0.2	0.9	0.3	1.2
1211756PIP	2011	38	12	7.9	9.1	11.1	2.1	2.3	1.4	13.2	3.7	16.9
1211756PIP	2011	74	13	4.4	7.7	2.2	0.5	0.3	0.3	2.7	0.6	3.3
1211756PIP	2011	13	14	21.8	14.9	102.5	14.6	18.6	14.1	117.1	32.7	149.8
1211756PIP	2011	13	15	19.6	13.9	79.3	11.6	14.5	11.8	90.9	26.4	117.3
1211756PIP	2011	38	16	4.5	6.6	2.8	0.5	0.5	0.6	3.3	1.1	4.4
1211756PIP	2011	38	17	3.4	5.5	1.4	0.3	0.3	0.4	1.7	0.6	2.3
1211756PIP	2011	74	18	5.5	9.0	4.0	0.9	0.5	0.4	4.9	0.9	5.8
1211756PIP	2011	38	19	16.1	12.2	59.5	10.2	16.6	5.2	69.7	21.8	91.5
1211756PIP	2011	38	20	2.7	4.7	0.8	0.2	0.1	0.2	0.9	0.4	1.3
1211756PIP	2011	74	21	3.0	5.9	0.8	0.2	0.1	0.2	1.0	0.3	1.3
1211756PIP	2011	74	22	2.7	5.5	0.6	0.2	0.1	0.1	0.7	0.2	1.0
1197996PIP	2011	13	1	8.8	8.0	11.2	2.0	2.3	3.2	13.2	5.6	18.8
1197996PIP	2011	13	2	14.6	12.0	40.9	6.3	6.9	6.8	47.2	13.6	60.8
1197996PIP	2011	13	3	3.1	3.4	0.8	0.2	0.3	0.7	0.9	1.0	1.9
1197996PIP	2011	13	4	19.3	14.7	81.7	11.7	12.8	10.5	93.4	23.3	116.6
1197996PIP	2011	13	8	21.7	15.8	107.8	15.0	16.9	12.9	122.8	29.8	152.6
1197996PIP	2011	13	10	6.1	5.9	4.3	0.9	1.1	1.9	5.2	3.0	8.2
1197996PIP	2011	13	11	7.1	6.7	6.4	1.2	1.5	2.4	7.7	3.9	11.5
1197996PIP	2011	13	13	19.0	14.5	78.4	11.3	12.4	10.3	89.6	22.7	112.3
1197996PIP	2011	13	14	14.5	12.0	40.4	6.2	6.7	6.7	46.6	13.4	60.0
1197996PIP	2011	13	15	9.6	8.6	14.0	2.4	2.8	3.6	16.5	6.4	22.9
1197996PIP	2011	13	16	14.9	12.2	43.1	6.6	7.2	7.0	49.6	14.1	63.8
1197996PIP	2011	13	17	6.2	6.0	4.6	0.9	1.1	1.9	5.4	3.1	8.5
1197996PIP	2011	13	18	5.8	5.6	3.8	0.8	1.0	1.8	4.5	2.8	7.3
1197996PIP	2011	13	19	12.3	10.5	26.5	4.3	4.7	5.2	30.7	10.0	40.7
1197996PIP	2011	13	20	5.3	5.2	3.0	0.6	0.8	1.6	3.6	2.4	6.0
1197996PIP	2011	13	21	8.7	7.9	10.9	1.9	2.3	3.2	12.8	5.5	18.3
1197996PIP	2011	13	22	6.5	6.2	5.1	1.0	1.3	2.1	6.1	3.3	9.4
1197996PIP	2011	13	24	15.4	12.5	46.7	7.1	7.7	7.4	53.8	15.1	68.9
1197996PIP	2011	13	25	5.0	5.0	2.6	0.5	0.7	1.4	3.1	2.2	5.3
1197996PIP	2011	13	26	4.3	4.4	1.8	0.4	0.5	1.2	2.1	1.7	3.8
1197996PIP	2011	13	27	2.9	3.3	0.7	0.2	0.2	0.6	0.8	0.8	1.7
1197996PIP	2011	13	29	10.0	8.9	15.6	2.7	3.1	3.9	18.3	6.9	25.2
1197996PIP	2011	13	30	8.4	7.7	9.9	1.8	2.1	3.0	11.7	5.1	16.9
1197996PIP	2011	13	31	16.8	13.3	57.9	8.6	9.4	8.5	66.5	17.8	84.3
1197996PIP	2011	13	34	11.5	10.0	22.4	3.7	4.1	4.7	26.1	8.8	34.9
1197996PIP	2011	22	36	8.1	5.6	5.3	0.9	2.1	2.2	6.2	4.3	10.5
1197996PIP	2011	22	37	5.6	4.4	2.2	0.4	1.0	1.2	2.6	2.2	4.8
1197996PIP	2011	13	38	7.6	7.1	7.7	1.4	1.7	2.6	9.1	4.3	13.4
1197996PIP	2011	22	39	3.5	3.3	0.8	0.1	0.4	0.5	0.9	0.9	1.8
1197996PIP	2011	22	40	4.8	4.0	1.6	0.3	0.8	0.9	1.9	1.7	3.5
1197996PIP	2011	13	41	16.8	13.3	57.9	8.6	9.4	8.5	66.5	17.8	84.3
1197996PIP	2011	13	42	12.4	10.6	27.1	4.4	4.8	5.3	31.5	10.1	41.6
1197996PIP	2011	13	43	7.1	6.7	6.4	1.2	1.5	2.4	7.7	3.9	11.5
1197996PIP	2011	13	44	11.4	9.9	21.8	3.6	4.0	4.7	25.4	8.7	34.1
1197996PIP	2011	22	45	10.2	6.5	9.0	1.5	3.3	3.2	10.5	6.5	17.0
1197996PIP	2011	22	46	4.5	3.9	1.4	0.3	0.7	0.8	1.6	1.4	3.1
1197996PIP	2011	22	47	3.9	3.5	1.0	0.2	0.5	0.6	1.2	1.1	2.3
1197996PIP	2011	13	49	10.2	9.1	16.5	2.8	3.2	3.9	19.3	7.1	26.4
1197996PIP	2011	22	50	2.7	2.9	0.4	0.1	0.2	0.3	0.5	0.6	1.1
1197996PIP	2011	22	51	4.0	3.6	1.0	0.2	0.5	0.6	1.2	1.2	2.4
1197996PIP	2011	13	52	7.3	6.8	6.9	1.3	1.6	2.5	8.2	4.1	12.2
1197996PIP	2011	13	53	15.2	12.4	45.3	6.9	7.5	7.2	52.2	14.7	66.9
1197996PIP	2011	22	54	4.5	3.9	1.4	0.3	0.7	0.8	1.6	1.4	3.1
1197996PIP	2011	13	56	8.0	7.4	8.8	1.6	1.9	2.8	10.4	4.7	15.1
1197996PIP	2011	13	57	15.6	12.6	48.2	7.3	7.9	7.5	55.5	15.5	70.9
1197996PIP	2011	13	58	18.2	14.1	70.7	10.3	11.2	9.6	80.9	20.8	101.7
1197996PIP	2011	22	59	2.9	3.0	0.5	0.1	0.3	0.4	0.6	0.6	1.2
1197996PIP	2011	22	61	2.9	3.0	0.5	0.1	0.3	0.4	0.6	0.6	1.2
1197996PIP	2011	13	62	12.6	10.7	28.1	4.5	5.0	5.4	32.7	10.4	43.1
1197996PIP	2011	13	64	12.8	10.9	29.5	4.7	5.1	5.5	34.2	10.6	44.8
1197996PIP	2011	22	65	4.4	3.8	1.3	0.2	0.6	0.8	1.5	1.4	2.9
1197996PIP	2011	22	67	2.6	2.8	0.4	0.1	0.2	0.3	0.5	0.5	1.0
1197996PIP	2011	13	68	11.7	10.1	23.3	3.8	4.3	4.9	27.1	9.1	36.3
1197996PIP	2011	22	69	4.8	4.0	1.6	0.3	0.8	0.9	1.9	1.7	3.5
1197996PIP	2011	13	70	11.8	10.2	23.9	3.9	4.3	4.9	27.8	9.2	37.0
1197996PIP	2011	22	71	7.7	5.4	4.7	0.8	1.9	2.0	5.5	3.9	9.4
1197996PIP	2011	22	72	4.1	3.7	1.1	0.2	0.6	0.7	1.3	1.2	2.5
1197996PIP	2011	22	74	4.2	3.7	1.2	0.2	0.6	0.7	1.4	1.3	2.7
1197996PIP	2011	22	75	3.1	3.1	0.6	0.1	0.3	0.4	0.7	0.7	1.4
1197996PIP	2011	13	76	9.8	8.8	14.9	2.6	2.9	3.7	17.5	6.6	24.1
1197996PIP	2011	13	77	3.8	4.0	1.3	0.3	0.4	1.0	1.6	1.4	2.9
1197996PIP	2011	22	78	4.9	4.1	1.7	0.3	0.8	0.9	2.0	1.7	3.7
1197996PIP	2011	13	79	13.1	11.1	31.3	4.9	5.4	5.7	36.2	11.1	47.3
1197996PIP	2011	22	80	6.4	4.8	3.1	0.5	1.4	1.4	3.6	2.8	6.4
1197996PIP	2011	22	81	4.0	3.6	1.0	0.2	0.5	0.6	1.2	1.2	2.4
1197996PIP	2011	22	82	7.4	5.3	4.3	0.8	1.8	1.8	5.0	3.6	8.7
1197996PIP	2011	22	83	3.7	3.4	0.9	0.2	0.5	0.6	1.0	1.0	2.1
1197996PIP	2011	22	84	3.5	3.3	0.8	0.1	0.4	0.5	0.9	0.9	1.8
1197996PIP	2011	22	85	2.9	3.0	0.5	0.1	0.3	0.4	0.6	0.6	1.2
1197996PIP	2011	22	87	4.3	3.8	1.2	0.2	0.6	0.7	1.5	1.3	2.8
1197996PIP	2011	22	88	3.2	3.2	0.6	0.1	0.3	0.4	0.8	0.8	1.5
1197996PIP	2011	22	89	3.6	3.4	0.8	0.2	0.4	0.5	1.0	1.0	1.9
1197996PIP	2011	22	90	10.5	6.7	9.7	1.6	3.5	3.3	11.3	6.8	18.2
1197996PIP	2011	13	92	5.8	5.6	3.8	0.8	1.0	1.8	4.5	2.8	7.3
1197996PIP	2011	13	93	10.7	9.4	18.6	3.1	3.5	4.3	21.7	7.8	29.5
1197996PIP	2011	13	94	2.8	3.2	0.6	0.1	0.2	0.6	0.8	0.8	1.5
1197996PIP	2011	13	95	12.6	10.7	28.1	4.5	5.0	5.4	32.7	10.4	43.1
1197996PIP	2011	13	96	3.7	3.9	1.2	0.3	0.4	0.9	1.5	1.3	2.8
1197996PIP	2011	13	97	5.0	5.0	2.6	0.5	0.7	1.4	3.1	2.2	5.3
1197996PIP	2011	13	98	4.4	4.5	1.9	0.4	0.6	1.2	2.3	1.7	4.0
1197996PIP	2011	13	99	7.1	6.7	6.4	1.2	1.5	2.4	7.7	3.9	11.5
1197996PIP	2011	13	100	12.4	10.6	27.1	4.4	4.8	5.3	31.5	10.1	41.6
1197996PIP	2011	13	101	3.1	3.4	0.8	0.2	0.3	0.7	0.9	1.0	1.9
1218631PIP	2011	13	101	5.3	4.8	2.8	0.6	0.9	1.8	3.4	2.7	6.0
1218631PIP	2011	13	102	2.9	3.1	0.6	0.2	0.2	0.7	0.8	0.9	1.7
1218631PIP	2011	25	103	2.5	3.0	0.4	0.1	0.2	0.4	0.6	0.5	1.1
1218631PIP	2011	13	104	6.0	5.3	3.8	0.8	1.2	2.1	4.6	3.3	7.9
1218631PIP	2011	25	105	3.8	3.9	1.2	0.3	0.5	0.7	1.5	1.1	2.6
1218631PIP	2011	25	106	3.7	3.8	1.1	0.2	0.4	0.7	1.4	1.1	2.5
1218631PIP	2011	25	107	6.5	5.4	4.4	0.8	1.7	1.6	5.1	3.3	8.4
1218631PIP	2011	13	108	3.5	3.5	1.0	0.2	0.4	0.9	1.2	1.3	2.5
1218631PIP	2011	25	109	4.0	4.0	1.4	0.3	0.5	0.7	1.7	1.3	2.9
1218631PIP	2011	13	110	5.4	4.9	2.9	0.6	1.0	1.8	3.5	2.7	6.3
1218631PIP	2011	13	111	2.9	3.1	0.6	0.2	0.2	0.7	0.8	0.9	1.7
1218631PIP	2011	25	112	2.7	3.2	0.6	0.1	0.2	0.4	0.7	0.6	1.3
1218631PIP	2011	25	113	4.5	4.3	1.8	0.4	0.7	0.9	2.2	1.6	3.8
1218631PIP	2011	13	114	3.6	3.6	1.1	0.2	0.4	1.0	1.3	1.4	2.7
1218631PIP	2011	25	115	4.8	4.5	2.1	0.4	0.8	1.0	2.5	1.8	4.3
1218631PIP	2011	25	116	3.0	3.4	0.7	0.2	0.3	0.5	0.9	0.7	1.6
1218631PIP	2011	25	117	3.8	3.9	1.2	0.3	0.5	0.7	1.5	1.1	2.6
1218631PIP	2011	25	119	4.7	4.4	2.0	0.4	0.8	0.9	2.4	1.7	4.1
1218631PIP	2011	13	120	10.5	8.5	16.2	2.8	3.8	4.7	19.1	8.5	27.5
1218631PIP	2011	13	121	4.0	3.9	1.4	0.3	0.5	1.1	1.7	1.6	3.3
1218631PIP	2011	25	122	4.0	4.0	1.4	0.3	0.5	0.7	1.7	1.3	2.9
1218631PIP	2011	13	123	4.6	4.3	1.9	0.4	0.7	1.4	2.4	2.1	4.5
1218631PIP	2011	25	124	4.6	4.4	1.9	0.4	0.7	0.9	2.3	1.6	3.9
1218631PIP	2011	13	125	5.4	4.9	2.9	0.6	1.0	1.8	3.5	2.7	6.3
1218631PIP	2011	13	126	4.8	4.4	2.1	0.5	0.8	1.5	2.6	2.3	4.9
1218631PIP	2011	25	129	5.7	5.0	3.2	0.6	1.2	1.3	3.8	2.5	6.3
1218631PIP	2011	13	130	8.8	7.3	10.2	1.9	2.7	3.6	12.1	6.3	18.4
1218631PIP	2011	13	131	5.5	5.0	3.1	0.6	1.0	1.8	3.7	2.8	6.5
1218631PIP	2011	13	132	5.3	4.8	2.8	0.6	0.9	1.8	3.4	2.7	6.0
1218631PIP	2011	13	133	3.9	3.8	1.3	0.3	0.5	1.1	1.6	1.6	3.1
1218631PIP	2011	25	134	3.4	3.6	0.9	0.2	0.4	0.6	1.1	0.9	2.1
1218631PIP	2011	13	135	6.4	5.6	4.5	0.9	1.4	2.3	5.4	3.7	9.1
1218631PIP	2011	25	136	6.1	5.2	3.7	0.7	1.4	1.4	4.4	2.9	7.3
1218631PIP	2011	25	137	3.6	3.7	1.1	0.2	0.4	0.6	1.3	1.0	2.3
1218631PIP	2011	25	138	2.7	3.2	0.6	0.1	0.2	0.4	0.7	0.6	1.3
1218631PIP	2011	25	139	3.0	3.4	0.7	0.2	0.3	0.5	0.9	0.7	1.6
1218631PIP	2011	13	140	3.6	3.6	1.1	0.2	0.4	1.0	1.3	1.4	2.7
1218631PIP	2011	13	141	3.0	3.1	0.7	0.2	0.3	0.7	0.8	1.0	1.8
1218631PIP	2011	25	142	4.1	4.1	1.5	0.3	0.5	0.8	1.8	1.3	3.1
1204841PIP	2011	3	101	5.4	5.0	2.5	0.5	0.7	0.7	3.1	1.3	4.4
1204841PIP	2011	3	102	4.4	4.5	1.6	0.4	0.4	0.5	1.9	0.9	2.8
1204841PIP	2011	3	103	6.8	5.5	4.2	0.8	1.2	1.0	5.1	2.2	7.3
1204841PIP	2011	3	104	5.1	4.8	2.2	0.5	0.6	0.6	2.7	1.2	3.9
1204841PIP	2011	3	105	6.3	5.3	3.6	0.7	1.0	0.9	4.3	1.9	6.2
1204841PIP	2011	3	107	6.0	5.2	3.2	0.7	0.9	0.8	3.9	1.7	5.5
1204841PIP	2011	3	108	4.2	4.4	1.4	0.3	0.3	0.4	1.8	0.8	2.5
1204841PIP	2011	3	109	5.3	4.9	2.4	0.5	0.6	0.6	2.9	1.3	4.2
1204841PIP	2011	3	110	6.3	5.3	3.6	0.7	1.0	0.9	4.3	1.9	6.2
1204841PIP	2011	3	111	3.6	4.1	1.0	0.3	0.2	0.3	1.3	0.6	1.8
1204841PIP	2011	3	112	5.9	5.2	3.1	0.6	0.8	0.8	3.7	1.6	5.4
1204841PIP	2011	3	113	5.4	5.0	2.5	0.5	0.7	0.7	3.1	1.3	4.4
1204841PIP	2011	3	114	4.5	4.6	1.7	0.4	0.4	0.5	2.1	0.9	3.0
1204841PIP	2011	3	115	3.5	4.0	0.9	0.2	0.2	0.3	1.2	0.5	1.7
1204841PIP	2011	3	117	3.8	4.2	1.1	0.3	0.3	0.4	1.4	0.6	2.0
1204841PIP	2011	3	118	5.4	5.0	2.5	0.5	0.7	0.7	3.1	1.3	4.4
1204841PIP	2011	3	119	5.2	4.9	2.3	0.5	0.6	0.6	2.8	1.2	4.1
1204841PIP	2011	3	120	3.6	4.1	1.0	0.3	0.2	0.3	1.3	0.6	1.8
1204841PIP	2011	3	121	6.8	5.5	4.2	0.8	1.2	1.0	5.1	2.2	7.3
1204841PIP	2011	3	122	2.6	3.5	0.5	0.1	0.1	0.2	0.6	0.3	0.9
1204841PIP	2011	3	123	3.4	4.0	0.9	0.2	0.2	0.3	1.1	0.5	1.6
1204841PIP	2011	3	124	7.2	5.6	4.8	0.9	1.4	1.1	5.7	2.5	8.2
1204841PIP	2011	3	126	2.9	3.7	0.6	0.2	0.1	0.2	0.8	0.4	1.1
1204841PIP	2011	3	127	6.5	5.4	3.8	0.8	1.1	0.9	4.6	2.0	6.6
1204841PIP	2011	74	129	3.4	4.4	0.7	0.2	0.2	0.2	0.9	0.4	1.3
1204841PIP	2011	74	130	4.9	5.5	1.9	0.5	0.5	0.4	2.4	0.9	3.3
1204841PIP	2011	74	131	4.9	5.5	1.9	0.5	0.5	0.4	2.4	0.9	3.3
1204841PIP	2011	74	132	2.7	3.9	0.4	0.1	0.1	0.1	0.5	0.2	0.8
1204841PIP	2011	74	133	2.8	3.9	0.4	0.1	0.1	0.1	0.6	0.3	0.8
1204841PIP	2011	74	134	4.8	5.4	1.8	0.5	0.5	0.3	2.3	0.8	3.1
1204841PIP	2011	74	135	6.7	6.6	4.2	1.2	1.1	0.6	5.3	1.7	7.0
1204841PIP	2011	74	136	4.0	4.9	1.1	0.3	0.3	0.3	1.4	0.5	2.0
1204841PIP	2011	74	137	3.5	4.5	0.8	0.2	0.2	0.2	1.0	0.4	1.4
1204841PIP	2011	74	138	3.7	4.7	0.9	0.3	0.2	0.2	1.2	0.5	1.7
1204841PIP	2011	3	139	4.5	4.6	1.7	0.4	0.4	0.5	2.1	0.9	3.0
1204841PIP	2011	38	140	3.1	3.9	0.9	0.2	0.3	0.4	1.1	0.7	1.8
1204841PIP	2011	38	141	7.3	6.2	7.3	1.4	2.5	1.8	8.6	4.3	13.0
1204841PIP	2011	38	142	5.7	5.5	4.0	0.8	1.3	1.2	4.8	2.5	7.2
1204841PIP	2011	38	144	3.9	4.5	1.6	0.3	0.5	0.6	1.9	1.1	3.0
1204841PIP	2011	38	145	2.7	3.6	0.6	0.1	0.2	0.3	0.8	0.5	1.3
1204841PIP	2011	38	146	4.5	4.8	2.2	0.4	0.7	0.8	2.7	1.5	4.2
1204841PIP	2011	38	147	3.6	4.3	1.3	0.3	0.4	0.5	1.6	0.9	2.5
1204841PIP	2011	3	148	4.0	4.3	1.3	0.3	0.3	0.4	1.6	0.7	2.3
1204841PIP	2011	3	149	5.0	4.8	2.1	0.5	0.5	0.6	2.6	1.1	3.7
1204841PIP	2011	3	150	6.5	5.4	3.8	0.8	1.1	0.9	4.6	2.0	6.6
1204841PIP	2011	3	151	3.1	3.8	0.7	0.2	0.2	0.2	0.9	0.4	1.3
1204841PIP	2011	3	152	2.7	3.5	0.5	0.1	0.1	0.2	0.7	0.3	1.0
1204841PIP	2011	3	153	5.2	4.9	2.3	0.5	0.6	0.6	2.8	1.2	4.1
1204841PIP	2011	3	154	5.9	5.2	3.1	0.6	0.8	0.8	3.7	1.6	5.4
1204841PIP	2011	3	155	4.6	4.6	1.8	0.4	0.4	0.5	2.2	0.9	3.1
1204841PIP	2011	3	156	5.4	5.0	2.5	0.5	0.7	0.7	3.1	1.3	4.4
1204841PIP	2011	3	157	6.3	5.3	3.6	0.7	1.0	0.9	4.3	1.9	6.2
1204841PIP	2011	38	158	4.3	4.7	2.0	0.4	0.6	0.7	2.4	1.3	3.7
1204841PIP	2011	38	159	2.8	3.7	0.7	0.1	0.2	0.4	0.8	0.5	1.4
1204841PIP	2011	38	160	3.9	4.5	1.6	0.3	0.5	0.6	1.9	1.1	3.0
1204841PIP	2011	3	161	5.9	5.2	3.1	0.6	0.8	0.8	3.7	1.6	5.4
1204841PIP	2011	3	162	4.6	4.6	1.8	0.4	0.4	0.5	2.2	0.9	3.1
1204841PIP	2011	3	163	7.4	5.7	5.1	1.0	1.5	1.2	6.1	2.7	8.8
1204841PIP	2011	3	164	51.0	7.3	180.8	24.8	438.7	36.7	205.6	475.4	681.0
1204841PIP	2011	3	165	3.9	4.3	1.2	0.3	0.3	0.4	1.5	0.7	2.2
1204841PIP	2011	3	166	6.7	5.5	4.1	0.8	1.2	1.0	4.9	2.1	7.1
1204841PIP	2011	3	167	5.1	4.8	2.2	0.5	0.6	0.6	2.7	1.2	3.9
1204841PIP	2011	3	168	7.1	5.6	4.7	0.9	1.4	1.1	5.6	2.4	8.0
1204841PIP	2011	3	169	4.2	4.4	1.4	0.3	0.3	0.4	1.8	0.8	2.5
1204841PIP	2011	3	170	5.8	5.1	2.9	0.6	0.8	0.8	3.6	1.6	5.1
1204841PIP	2011	3	171	6.4	5.3	3.6	0.7	1.1	0.9	4.4	1.9	6.3
1204841PIP	2011	3	172	3.1	3.8	0.7	0.2	0.2	0.2	0.9	0.4	1.3
1204841PIP	2011	3	173	2.9	3.7	0.6	0.2	0.1	0.2	0.8	0.4	1.1
1204841PIP	2011	3	174	3.0	3.7	0.6	0.2	0.1	0.2	0.8	0.4	1.2
1204841PIP	2011	3	175	4.9	4.7	2.0	0.5	0.5	0.6	2.5	1.1	3.5
1204841PIP	2011	3	176	6.0	5.2	3.2	0.7	0.9	0.8	3.9	1.7	5.5
1204841PIP	2011	3	177	6.1	5.2	3.3	0.7	0.9	0.8	4.0	1.7	5.7
1204841PIP	2011	3	179	4.6	4.6	1.8	0.4	0.4	0.5	2.2	0.9	3.1
1204841PIP	2011	3	180	6.7	5.5	4.1	0.8	1.2	1.0	4.9	2.1	7.1
1204841PIP	2011	3	181	2.7	3.5	0.5	0.1	0.1	0.2	0.7	0.3	1.0
1204841PIP	2011	3	183	4.6	4.6	1.8	0.4	0.4	0.5	2.2	0.9	3.1
1204841PIP	2011	3	185	5.6	5.0	2.7	0.6	0.7	0.7	3.3	1.4	4.7
1204841PIP	2011	3	186	6.0	5.2	3.2	0.7	0.9	0.8	3.9	1.7	5.5
1204841PIP	2011	3	187	5.2	4.9	2.3	0.5	0.6	0.6	2.8	1.2	4.1
1204841PIP	2011	3	188	5.1	4.8	2.2	0.5	0.6	0.6	2.7	1.2	3.9
1204841PIP	2011	3	189	2.6	3.5	0.5	0.1	0.1	0.2	0.6	0.3	0.9
1204841PIP	2011	3	190	3.3	3.9	0.8	0.2	0.2	0.3	1.0	0.5	1.5
1211746PIP	2011	25	1	3.9	4.6	1.5	0.3	0.4	0.6	1.8	1.0	2.9
1211746PIP	2011	13	2	3.1	3.1	0.7	0.2	0.3	0.8	0.9	1.1	2.0
1211746PIP	2011	25	3	3.3	4.1	1.0	0.2	0.3	0.5	1.2	0.8	2.0
1211746PIP	2011	22	5	6.8	4.3	3.1	0.6	1.7	1.8	3.6	3.5	7.2
1211746PIP	2011	13	6	11.8	9.0	21.1	3.6	5.2	5.8	24.7	11.0	35.7
1211746PIP	2011	13	7	3.1	3.1	0.7	0.2	0.3	0.8	0.9	1.1	2.0
1211746PIP	2011	25	9	2.9	3.8	0.8	0.2	0.2	0.4	0.9	0.6	1.5
1211746PIP	2011	25	10	5.0	5.4	2.8	0.5	0.7	0.9	3.3	1.6	4.9
1211746PIP	2011	25	11	5.5	5.8	3.6	0.6	0.9	1.0	4.2	2.0	6.1
1211746PIP	2011	13	13	3.5	3.4	0.9	0.2	0.4	1.0	1.2	1.4	2.5
1211746PIP	2011	13	14	8.6	7.0	9.4	1.8	2.6	3.6	11.2	6.3	17.4
1211746PIP	2011	13	15	6.5	5.5	4.5	0.9	1.5	2.5	5.4	3.9	9.4
1211746PIP	2011	13	16	4.3	4.0	1.6	0.4	0.6	1.3	2.0	1.9	3.9
1211746PIP	2011	13	17	7.0	5.9	5.5	1.1	1.7	2.7	6.6	4.4	11.0
1211746PIP	2011	13	18	2.8	2.9	0.5	0.1	0.2	0.7	0.7	0.9	1.6
1211746PIP	2011	13	19	6.3	5.4	4.2	0.9	1.4	2.3	5.1	3.7	8.8
1211746PIP	2011	13	20	2.6	2.8	0.5	0.1	0.2	0.6	0.6	0.8	1.4
1211746PIP	2011	13	21	3.5	3.4	0.9	0.2	0.4	1.0	1.2	1.4	2.5
1211746PIP	2011	25	22	6.5	6.4	5.3	0.9	1.4	1.4	6.1	2.7	8.9
1211746PIP	2011	25	23	4.9	5.3	2.7	0.5	0.7	0.9	3.1	1.6	4.7
1211746PIP	2011	25	24	5.4	5.7	3.4	0.6	0.9	1.0	4.0	1.9	5.9
1211746PIP	2011	25	25	4.0	4.7	1.6	0.3	0.4	0.6	2.0	1.1	3.0
1211746PIP	2011	25	26	3.9	4.6	1.5	0.3	0.4	0.6	1.8	1.0	2.9
1211746PIP	2011	13	27	3.2	3.2	0.8	0.2	0.3	0.8	0.9	1.2	2.1
1211746PIP	2011	13	29	2.6	2.8	0.5	0.1	0.2	0.6	0.6	0.8	1.4
1211746PIP	2011	13	30	2.9	3.0	0.6	0.2	0.3	0.7	0.8	1.0	1.7
1211746PIP	2011	25	33	3.1	3.9	0.9	0.2	0.2	0.4	1.1	0.7	1.7
1211746PIP	2011	25	34	5.2	5.6	3.1	0.5	0.8	1.0	3.7	1.8	5.4
1211746PIP	2011	25	35	4.8	5.3	2.6	0.5	0.7	0.8	3.0	1.5	4.5
1211746PIP	2011	25	36	5.3	5.6	3.2	0.6	0.9	1.0	3.8	1.8	5.6
1211746PIP	2011	25	37	2.8	3.7	0.7	0.1	0.2	0.4	0.8	0.6	1.4
1211746PIP	2011	25	38	4.7	5.2	2.4	0.4	0.6	0.8	2.9	1.5	4.3
1211746PIP	2011	25	39	4.1	4.7	1.7	0.3	0.5	0.7	2.0	1.1	3.2
1211746PIP	2011	13	40	7.1	6.0	5.8	1.1	1.8	2.7	6.9	4.5	11.4
1211746PIP	2011	13	41	3.8	3.6	1.2	0.3	0.5	1.1	1.4	1.6	3.0
1211746PIP	2011	13	42	3.0	3.1	0.7	0.2	0.3	0.7	0.8	1.0	1.8
1211746PIP	2011	13	43	2.5	2.7	0.4	0.1	0.2	0.6	0.5	0.7	1.3
1211746PIP	2011	13	44	8.2	6.7	8.3	1.6	2.4	3.4	9.9	5.8	15.7
1211746PIP	2011	13	46	9.0	7.3	10.6	2.0	2.9	3.9	12.6	6.7	19.3
1211746PIP	2011	13	47	11.2	8.7	18.6	3.2	4.6	5.3	21.8	9.9	31.7
1211746PIP	2011	22	48	16.2	7.4	22.3	3.8	9.6	8.0	26.1	17.6	43.7
1211746PIP	2011	13	49	5.0	4.5	2.3	0.5	0.8	1.6	2.8	2.5	5.3
1211746PIP	2011	13	50	3.1	3.1	0.7	0.2	0.3	0.8	0.9	1.1	2.0
1211746PIP	2011	13	51	3.1	3.1	0.7	0.2	0.3	0.8	0.9	1.1	2.0
1211746PIP	2011	20	52	4.2	4.3	1.4	0.2	0.3	0.9	1.7	1.2	2.9
1211746PIP	2011	13	54	4.4	4.1	1.7	0.4	0.6	1.3	2.1	2.0	4.1
1211746PIP	2011	13	55	12.0	9.2	22.2	3.8	5.3	5.9	26.0	11.2	37.1
1211746PIP	2011	13	56	15.6	11.2	42.8	6.7	9.4	8.8	49.6	18.2	67.8
1211746PIP	2011	13	57	3.2	3.2	0.8	0.2	0.3	0.8	0.9	1.2	2.1
1211746PIP	2011	13	58	6.6	5.6	4.7	1.0	1.5	2.5	5.7	4.0	9.7
1211746PIP	2011	13	59	9.1	7.3	10.8	2.0	3.0	4.0	12.8	6.9	19.8
1211746PIP	2011	13	60	14.8	10.8	37.7	6.0	8.3	8.1	43.7	16.4	60.1
1211746PIP	2011	13	61	10.5	8.2	15.7	2.8	4.0	4.9	18.4	8.9	27.3
1211746PIP	2011	13	62	10.1	8.0	14.3	2.5	3.7	4.6	16.8	8.3	25.1
1211746PIP	2011	13	63	9.3	7.5	11.6	2.1	3.1	4.0	13.7	7.1	20.8
1211746PIP	2011	13	64	8.7	7.1	9.8	1.8	2.7	3.7	11.6	6.3	17.9
1211746PIP	2011	13	65	5.7	5.0	3.3	0.7	1.1	2.0	4.0	3.1	7.1
1211746PIP	2011	13	66	5.0	4.5	2.3	0.5	0.8	1.6	2.8	2.5	5.3
1211746PIP	2011	13	67	3.1	3.1	0.7	0.2	0.3	0.8	0.9	1.1	2.0
1211746PIP	2011	25	68	7.2	6.9	6.8	1.1	1.8	1.6	7.9	3.3	11.2
1211746PIP	2011	25	70	4.3	4.9	2.0	0.4	0.5	0.7	2.3	1.2	3.5
1211746PIP	2011	25	71	8.9	7.9	11.4	1.7	2.9	2.2	13.0	5.1	18.1
1211746PIP	2011	25	73	4.7	5.2	2.4	0.4	0.6	0.8	2.9	1.5	4.3
1211746PIP	2011	25	75	4.2	4.8	1.8	0.3	0.5	0.7	2.2	1.2	3.4
1211746PIP	2011	25	76	6.1	6.2	4.6	0.8	1.2	1.2	5.3	2.4	7.7
1211746PIP	2011	25	77	4.0	4.7	1.6	0.3	0.4	0.6	2.0	1.1	3.0
1211746PIP	2011	25	78	6.9	6.7	6.2	1.0	1.6	1.5	7.1	3.1	10.2
1211746PIP	2011	13	79	2.5	2.7	0.4	0.1	0.2	0.6	0.5	0.7	1.3
1211746PIP	2011	25	80	3.9	4.6	1.5	0.3	0.4	0.6	1.8	1.0	2.9
1211746PIP	2011	25	81	4.1	4.7	1.7	0.3	0.5	0.7	2.0	1.1	3.2
1211746PIP	2011	25	82	2.9	3.8	0.8	0.2	0.2	0.4	0.9	0.6	1.5
1211746PIP	2011	13	83	4.2	3.9	1.5	0.3	0.6	1.3	1.8	1.9	3.7
1211746PIP	2011	25	84	7.8	7.3	8.3	1.3	2.1	1.8	9.6	3.9	13.5
1211746PIP	2011	25	85	5.5	5.8	3.6	0.6	0.9	1.0	4.2	2.0	6.1
1211746PIP	2011	25	86	5.1	5.5	3.0	0.5	0.8	0.9	3.5	1.7	5.2
1211746PIP	2011	22	87	5.1	3.6	1.6	0.3	1.0	1.1	1.9	2.1	4.0
1211746PIP	2011	25	88	6.4	6.4	5.1	0.8	1.3	1.3	6.0	2.6	8.6
1211746PIP	2011	25	89	4.4	5.0	2.1	0.4	0.5	0.7	2.5	1.3	3.7
1211746PIP	2011	25	90	5.6	5.8	3.7	0.6	1.0	1.1	4.3	2.1	6.4
1211746PIP	2011	25	91	3.9	4.6	1.5	0.3	0.4	0.6	1.8	1.0	2.9
1211746PIP	2011	25	92	3.6	4.3	1.2	0.2	0.3	0.6	1.5	0.9	2.4
1211746PIP	2011	25	93	4.2	4.8	1.8	0.3	0.5	0.7	2.2	1.2	3.4
1211746PIP	2011	25	94	2.8	3.7	0.7	0.1	0.2	0.4	0.8	0.6	1.4
1211746PIP	2011	13	96	4.0	3.8	1.3	0.3	0.5	1.2	1.6	1.7	3.3
1211746PIP	2011	25	97	3.8	4.5	1.4	0.3	0.4	0.6	1.7	1.0	2.7
1211746PIP	2011	13	98	5.2	4.6	2.6	0.6	0.9	1.8	3.1	2.7	5.8
1211746PIP	2011	13	99	9.1	7.3	10.8	2.0	3.0	4.0	12.8	6.9	19.8
1211746PIP	2011	13	100	11.2	8.7	18.6	3.2	4.6	5.3	21.8	9.9	31.7
1211746PIP	2011	13	101	8.6	7.0	9.4	1.8	2.6	3.6	11.2	6.3	17.4
1211746PIP	2011	13	102	4.7	4.3	2.0	0.4	0.7	1.5	2.5	2.2	4.7
1211746PIP	2011	13	103	12.5	9.5	24.6	4.1	5.8	6.3	28.8	12.0	40.8
1211746PIP	2011	13	104	13.5	10.0	29.7	4.9	6.9	7.1	34.5	14.0	48.5
1211746PIP	2011	13	105	3.9	3.7	1.2	0.3	0.5	1.1	1.5	1.6	3.2
1211746PIP	2011	13	106	8.3	6.8	8.6	1.6	2.4	3.4	10.2	5.9	16.1
1211746PIP	2011	25	108	5.9	6.0	4.2	0.7	1.1	1.2	4.9	2.3	7.1
1211746PIP	2011	25	109	3.8	4.5	1.4	0.3	0.4	0.6	1.7	1.0	2.7
1211746PIP	2011	25	110	5.5	5.8	3.6	0.6	0.9	1.0	4.2	2.0	6.1
1211746PIP	2011	25	111	2.8	3.7	0.7	0.1	0.2	0.4	0.8	0.6	1.4
1211746PIP	2011	13	112	2.6	2.8	0.5	0.1	0.2	0.6	0.6	0.8	1.4
1211746PIP	2011	13	113	7.3	6.1	6.2	1.2	1.9	2.9	7.4	4.8	12.1
1211746PIP	2011	25	115	3.4	4.2	1.1	0.2	0.3	0.5	1.3	0.8	2.1
1211746PIP	2011	25	116	2.7	3.6	0.6	0.1	0.2	0.4	0.8	0.5	1.3
1211746PIP	2011	25	117	2.8	3.7	0.7	0.1	0.2	0.4	0.8	0.6	1.4
1211746PIP	2011	25	118	5.4	5.7	3.4	0.6	0.9	1.0	4.0	1.9	5.9
1211746PIP	2011	13	119	5.8	5.1	3.4	0.7	1.1	2.0	4.2	3.2	7.3
1211746PIP	2011	25	120	3.9	4.6	1.5	0.3	0.4	0.6	1.8	1.0	2.9
1211746PIP	2011	25	121	2.7	3.6	0.6	0.1	0.2	0.4	0.8	0.5	1.3
1211746PIP	2011	25	122	4.8	5.3	2.6	0.5	0.7	0.8	3.0	1.5	4.5
1211746PIP	2011	25	123	4.5	5.0	2.2	0.4	0.6	0.8	2.6	1.4	3.9
1211746PIP	2011	13	125	4.7	4.3	2.0	0.4	0.7	1.5	2.5	2.2	4.7
1211746PIP	2011	25	126	3.5	4.3	1.2	0.2	0.3	0.5	1.4	0.8	2.3
1211746PIP	2011	22	127	6.4	4.1	2.6	0.5	1.6	1.6	3.1	3.2	6.3
1204881PIP	2011	13	1	5.9	6.5	4.5	0.9	0.9	1.5	5.4	2.4	7.8
1204881PIP	2011	74	2	25.9	19.7	182.4	39.6	29.4	5.2	222.1	34.6	256.7
1204881PIP	2011	13	3	5.2	5.9	3.3	0.7	0.7	1.3	3.9	1.9	5.8
1204881PIP	2011	20	4	19.5	12.1	59.2	11.2	15.4	13.6	70.4	29.0	99.4
1204881PIP	2011	20	5	2.7	2.8	0.4	0.1	0.1	0.5	0.5	0.6	1.1
1204881PIP	2011	13	6	6.5	7.1	5.9	1.1	1.0	1.7	6.9	2.8	9.7
1204881PIP	2011	13	7	3.5	4.2	1.2	0.3	0.3	0.7	1.4	1.0	2.4
1204881PIP	2011	20	8	3.3	3.2	0.7	0.1	0.2	0.7	0.8	0.9	1.7
1204881PIP	2011	13	9	18.1	16.4	81.4	11.2	8.9	7.7	92.7	16.5	109.2
1204881PIP	2011	20	10	3.7	3.5	1.0	0.2	0.2	0.8	1.1	1.1	2.2
1204881PIP	2011	13	13	11.8	11.9	27.9	4.3	3.5	4.0	32.2	7.4	39.7
1204881PIP	2011	13	14	19.7	17.4	100.2	13.5	10.7	8.8	113.8	19.5	133.3
1204881PIP	2011	13	15	19.8	17.4	101.1	13.6	10.9	8.9	114.8	19.8	134.6
1204881PIP	2011	13	16	2.8	3.5	0.7	0.2	0.2	0.5	0.8	0.7	1.5
1204881PIP	2011	13	17	5.9	6.5	4.5	0.9	0.9	1.5	5.4	2.4	7.8
1204881PIP	2011	13	18	5.3	6.0	3.5	0.7	0.7	1.3	4.1	2.0	6.1
1204881PIP	2011	13	19	4.8	5.5	2.7	0.5	0.6	1.1	3.2	1.7	4.9
1204881PIP	2011	13	21	9.8	10.2	17.3	2.8	2.4	3.0	20.1	5.4	25.5
1204881PIP	2011	13	22	7.0	7.6	7.1	1.3	1.2	1.9	8.4	3.1	11.5
1204881PIP	2011	13	23	11.1	11.3	23.8	3.7	3.1	3.6	27.6	6.7	34.2
1204881PIP	2011	13	24	3.7	4.4	1.3	0.3	0.3	0.8	1.6	1.1	2.8
1204881PIP	2011	13	26	22.1	18.7	131.8	17.3	14.1	10.7	149.1	24.8	173.9
1204881PIP	2011	13	27	15.1	14.4	52.0	7.5	5.9	5.8	59.6	11.7	71.2
1204881PIP	2011	13	29	18.4	16.6	84.8	11.6	9.2	7.9	96.5	17.1	113.6
1204881PIP	2011	13	31	9.0	9.4	13.7	2.3	2.0	2.7	16.0	4.7	20.7
1204881PIP	2011	20	32	7.4	6.3	5.7	1.0	1.2	2.5	6.7	3.7	10.4
1204881PIP	2011	13	33	15.2	14.5	53.0	7.6	6.0	5.8	60.6	11.8	72.4
1204881PIP	2011	13	34	3.9	4.6	1.5	0.3	0.4	0.8	1.9	1.2	3.1
1204881PIP	2011	13	35	4.4	5.1	2.1	0.4	0.5	1.0	2.6	1.5	4.0
1204881PIP	2011	13	36	9.0	9.4	13.7	2.3	2.0	2.7	16.0	4.7	20.7
1204881PIP	2011	13	37	5.1	5.8	3.1	0.6	0.6	1.2	3.7	1.9	5.6
1204881PIP	2011	13	38	18.7	16.8	88.3	12.1	9.5	8.1	100.4	17.6	118.0
1204881PIP	2011	20	39	9.7	7.8	11.2	2.0	2.4	3.8	13.3	6.2	19.4
1204881PIP	2011	13	40	2.7	3.4	0.6	0.1	0.2	0.5	0.7	0.7	1.4
1204881PIP	2011	13	41	3.1	3.8	0.9	0.2	0.2	0.6	1.1	0.8	1.9
1225536PIP	2011	13	2	11.2	9.2	19.7	3.3	4.2	4.9	23.0	9.2	32.2
1225536PIP	2011	13	3	2.5	2.8	0.4	0.1	0.2	0.5	0.5	0.7	1.2
1225536PIP	2011	13	4	8.4	7.3	9.4	1.7	2.3	3.2	11.2	5.5	16.7
1225536PIP	2011	13	5	5.0	4.7	2.4	0.5	0.8	1.6	3.0	2.3	5.3
1225536PIP	2011	13	6	7.9	6.9	8.0	1.5	2.0	3.0	9.5	5.0	14.5
1225536PIP	2011	13	7	15.7	12.0	46.4	7.1	8.7	8.2	53.6	16.9	70.4
1225536PIP	2011	13	8	17.0	12.7	56.5	8.5	10.4	9.3	65.0	19.7	84.7
1225536PIP	2011	13	9	7.1	6.3	6.1	1.2	1.6	2.6	7.2	4.2	11.4
1225536PIP	2011	13	10	14.8	11.5	40.1	6.3	7.6	7.4	46.4	15.1	61.4
1225536PIP	2011	13	11	13.7	10.8	32.9	5.2	6.5	6.6	38.1	13.1	51.3
1225536PIP	2011	13	12	10.0	8.4	14.7	2.6	3.3	4.2	17.3	7.5	24.8
1225536PIP	2011	13	13	6.5	5.9	4.9	1.0	1.4	2.2	5.8	3.6	9.4
1225536PIP	2011	13	14	7.5	6.6	7.0	1.3	1.8	2.8	8.3	4.6	12.9
1225536PIP	2011	13	15	10.0	8.4	14.7	2.6	3.3	4.2	17.3	7.5	24.8
1225536PIP	2011	13	16	13.4	10.6	31.1	5.0	6.2	6.4	36.0	12.6	48.7
1225536PIP	2011	13	17	14.5	11.3	38.0	6.0	7.3	7.2	44.0	14.5	58.5
1225536PIP	2011	13	18	10.9	9.0	18.4	3.1	4.0	4.7	21.5	8.7	30.2
1225536PIP	2011	13	19	4.0	4.0	1.4	0.3	0.5	1.1	1.7	1.6	3.3
1225536PIP	2011	13	20	3.8	3.8	1.2	0.3	0.4	1.0	1.5	1.5	3.0
1225536PIP	2011	13	21	7.5	6.6	7.0	1.3	1.8	2.8	8.3	4.6	12.9
1225536PIP	2011	13	23	9.9	8.4	14.5	2.5	3.2	4.1	17.0	7.3	24.3
1225536PIP	2011	13	24	9.0	7.7	11.2	2.0	2.7	3.6	13.2	6.2	19.5
1225536PIP	2011	13	25	9.2	7.9	12.0	2.1	2.8	3.7	14.1	6.4	20.5
1225536PIP	2011	13	26	3.9	3.9	1.3	0.3	0.5	1.1	1.6	1.5	3.1
1225536PIP	2011	13	28	5.5	5.1	3.1	0.7	1.0	1.8	3.8	2.7	6.5
1225536PIP	2011	13	29	11.7	9.6	22.2	3.7	4.6	5.2	25.9	9.8	35.6
1225536PIP	2011	13	30	19.7	14.0	80.6	11.7	14.6	11.9	92.4	26.5	118.8
1225536PIP	2011	13	31	20.8	14.5	91.9	13.2	16.6	13.0	105.0	29.6	134.6
1225536PIP	2011	13	32	3.0	3.2	0.7	0.2	0.3	0.7	0.8	1.0	1.8
1225536PIP	2011	13	33	9.1	7.8	11.6	2.1	2.7	3.6	13.7	6.3	20.0
1225536PIP	2011	13	34	5.8	5.4	3.6	0.7	1.1	1.9	4.4	2.9	7.3
1225536PIP	2011	13	35	4.1	4.1	1.5	0.3	0.5	1.1	1.8	1.6	3.5
1225536PIP	2011	13	36	4.9	4.7	2.4	0.5	0.7	1.5	2.9	2.2	5.1
1225536PIP	2011	13	37	13.2	10.5	30.0	4.8	6.0	6.3	34.8	12.3	47.0
1225536PIP	2011	13	38	8.5	7.4	9.8	1.8	2.3	3.3	11.5	5.6	17.1
1225536PIP	2011	13	39	16.5	12.4	52.3	7.9	9.8	8.9	60.3	18.6	78.9
1225536PIP	2011	13	40	11.9	9.7	23.1	3.8	4.8	5.4	26.9	10.1	37.0
1225536PIP	2011	13	42	14.6	11.3	38.5	6.0	7.5	7.4	44.5	14.8	59.4
1225536PIP	2011	13	43	19.9	14.1	82.7	12.0	14.9	12.1	94.6	27.0	121.7
1225536PIP	2011	13	44	10.3	8.6	15.9	2.7	3.5	4.4	18.6	7.9	26.5
1225536PIP	2011	13	45	3.2	3.4	0.8	0.2	0.3	0.8	1.0	1.1	2.1
1225536PIP	2011	13	46	11.7	9.6	22.2	3.7	4.6	5.2	25.9	9.8	35.6
1225536PIP	2011	13	47	3.4	3.5	0.9	0.2	0.3	0.9	1.1	1.2	2.4
1225536PIP	2011	13	48	4.5	4.4	1.9	0.4	0.6	1.3	2.3	1.9	4.2
1225536PIP	2011	13	49	3.6	3.7	1.1	0.3	0.4	0.9	1.3	1.3	2.6
1225536PIP	2011	13	50	16.2	12.2	49.9	7.6	9.4	8.7	57.5	18.1	75.5
1225536PIP	2011	13	51	19.7	14.0	80.6	11.7	14.6	11.9	92.4	26.5	118.8
1225536PIP	2011	13	52	3.8	3.8	1.2	0.3	0.4	1.0	1.5	1.5	3.0
1225536PIP	2011	13	53	6.3	5.7	4.4	0.9	1.3	2.2	5.3	3.4	8.8
1225536PIP	2011	13	54	12.7	10.2	27.2	4.4	5.5	5.9	31.6	11.4	43.0
1225536PIP	2011	13	55	18.4	13.4	68.5	10.1	12.5	10.6	78.6	23.0	101.6
1225536PIP	2011	13	57	14.8	11.5	40.1	6.3	7.6	7.4	46.4	15.1	61.4
1225536PIP	2011	13	58	13.3	10.6	30.7	4.9	6.0	6.3	35.6	12.4	47.9
1225536PIP	2011	13	59	9.7	8.2	13.6	2.4	3.1	4.0	16.0	7.1	23.1
1225536PIP	2011	13	60	15.8	12.0	46.9	7.2	8.9	8.3	54.2	17.2	71.3
1225536PIP	2011	13	61	18.0	13.2	64.9	9.6	11.8	10.2	74.5	22.0	96.6
1225536PIP	2011	20	62	9.8	8.4	12.2	2.2	2.2	3.6	14.4	5.8	20.2
1225536PIP	2011	13	64	10.6	8.8	17.1	2.9	3.8	4.5	20.0	8.3	28.3
1225536PIP	2011	13	65	8.3	7.2	9.1	1.7	2.3	3.2	10.8	5.4	16.2
1225536PIP	2011	13	66	12.7	10.2	27.2	4.4	5.5	5.9	31.6	11.4	43.0
1225536PIP	2011	13	67	20.7	14.4	90.5	13.0	16.5	13.0	103.5	29.5	132.9
1225536PIP	2011	13	68	5.8	5.4	3.6	0.7	1.1	1.9	4.4	2.9	7.3
1225536PIP	2011	13	69	5.0	4.7	2.4	0.5	0.8	1.6	3.0	2.3	5.3
1225536PIP	2011	13	70	17.1	12.7	57.1	8.6	10.6	9.4	65.7	20.0	85.7
1225536PIP	2011	13	71	2.8	3.1	0.6	0.1	0.2	0.6	0.7	0.8	1.6
1225536PIP	2011	13	72	6.1	5.6	4.1	0.8	1.2	2.0	5.0	3.2	8.2
1225536PIP	2011	13	73	6.9	6.2	5.7	1.1	1.5	2.4	6.8	4.0	10.7
1225536PIP	2011	13	74	7.9	6.9	8.0	1.5	2.0	3.0	9.5	5.0	14.5
1225536PIP	2011	13	75	10.1	8.5	15.2	2.6	3.4	4.2	17.8	7.6	25.4
1225536PIP	2011	13	76	8.2	7.1	8.8	1.6	2.2	3.1	10.4	5.4	15.8
1225536PIP	2011	13	77	5.9	5.4	3.8	0.8	1.1	2.0	4.5	3.1	7.6
1225536PIP	2011	13	78	15.1	11.6	41.9	6.5	8.0	7.7	48.4	15.8	64.2
1225536PIP	2011	13	79	5.0	4.7	2.4	0.5	0.8	1.6	3.0	2.3	5.3
1225536PIP	2011	13	80	2.8	3.1	0.6	0.1	0.2	0.6	0.7	0.8	1.6
1225536PIP	2011	13	81	5.1	4.8	2.6	0.6	0.8	1.6	3.1	2.4	5.5
1225536PIP	2011	13	82	7.9	6.9	8.0	1.5	2.0	3.0	9.5	5.0	14.5
1211766PIP	2011	13	301	14.2	13.8	44.8	6.6	5.1	5.2	51.3	10.3	61.7
1211766PIP	2011	13	302	18.4	16.7	85.4	11.7	9.1	7.8	97.0	16.9	114.0
1211766PIP	2011	13	303	11.4	11.6	25.6	4.0	3.2	3.8	29.6	7.0	36.6
1211766PIP	2011	13	304	12.9	12.8	35.1	5.3	4.2	4.5	40.4	8.7	49.1
1211766PIP	2011	13	305	16.3	15.3	63.2	8.9	7.0	6.5	72.2	13.4	85.6
1211766PIP	2011	13	306	18.5	16.7	86.2	11.8	9.3	7.9	98.0	17.2	115.2
1211766PIP	2011	13	307	12.2	12.2	30.3	4.6	3.7	4.2	35.0	7.9	42.9
1211766PIP	2011	13	308	15.3	14.6	54.0	7.8	6.0	5.8	61.8	11.9	73.6
1211766PIP	2011	13	309	11.1	11.3	23.8	3.7	3.1	3.6	27.6	6.7	34.2
1211766PIP	2011	13	310	8.0	8.6	10.2	1.8	1.6	2.3	12.0	3.8	15.8
1211766PIP	2011	13	311	9.4	9.9	15.6	2.6	2.2	2.8	18.2	5.0	23.1
1211766PIP	2011	13	312	13.5	13.3	39.5	5.9	4.6	4.8	45.4	9.4	54.8
1211766PIP	2011	13	313	17.4	16.0	74.1	10.3	8.1	7.2	84.5	15.2	99.7
1211766PIP	2011	13	314	15.6	14.8	56.6	8.1	6.3	6.0	64.7	12.3	77.1
1211766PIP	2011	13	315	15.7	14.9	57.7	8.2	6.4	6.1	65.9	12.5	78.3
1211766PIP	2011	13	316	11.6	11.8	26.9	4.2	3.3	3.8	31.0	7.2	38.2
1211766PIP	2011	13	319	18.3	16.6	84.0	11.5	9.0	7.8	95.6	16.8	112.4
1211766PIP	2011	13	321	17.3	16.0	73.4	10.2	7.9	7.1	83.6	15.0	98.6
1211766PIP	2011	13	322	5.3	6.0	3.5	0.7	0.7	1.3	4.1	2.0	6.1
1211766PIP	2011	13	323	3.7	4.4	1.3	0.3	0.3	0.8	1.6	1.1	2.8
1211766PIP	2011	13	324	2.7	3.5	0.6	0.1	0.2	0.5	0.8	0.6	1.4
1211766PIP	2011	38	325	6.8	8.2	7.6	1.4	1.6	1.1	9.0	2.7	11.7
1211766PIP	2011	38	326	4.0	5.8	2.0	0.4	0.4	0.5	2.4	0.9	3.3
1211766PIP	2011	13	327	3.4	4.1	1.1	0.2	0.3	0.7	1.3	1.0	2.3
1211766PIP	2011	13	328	7.3	7.9	8.0	1.4	1.3	2.0	9.4	3.3	12.7
1211766PIP	2011	13	330	3.7	4.4	1.3	0.3	0.3	0.8	1.6	1.1	2.8
1211766PIP	2011	13	331	4.3	5.0	2.0	0.4	0.4	1.0	2.4	1.4	3.8
1211766PIP	2011	38	333	26.0	13.6	172.8	28.4	68.5	14.0	201.2	82.5	283.7
1211766PIP	2011	13	334	7.5	8.1	8.6	1.5	1.4	2.1	10.1	3.5	13.6
1211766PIP	2011	13	335	7.1	7.7	7.4	1.3	1.2	1.9	8.7	3.2	11.9
1211766PIP	2011	13	336	2.6	3.4	0.6	0.1	0.1	0.4	0.7	0.6	1.3
1211766PIP	2011	13	337	12.2	12.2	30.3	4.6	3.7	4.2	35.0	7.9	42.9
1211766PIP	2011	13	338	3.5	4.2	1.2	0.3	0.3	0.7	1.4	1.0	2.4
1211766PIP	2011	13	341	17.4	16.0	74.1	10.3	8.1	7.2	84.5	15.2	99.7
1211766PIP	2011	13	342	14.3	13.9	45.7	6.7	5.2	5.3	52.3	10.5	62.8
1197926PIP	2011	13	1	3.6	3.8	1.1	0.3	0.4	0.9	1.4	1.3	2.6
1197926PIP	2011	13	3	11.2	9.6	20.5	3.4	4.0	4.6	24.0	8.6	32.6
1197926PIP	2011	13	4	6.3	6.0	4.7	0.9	1.2	2.0	5.6	3.2	8.8
1197926PIP	2011	13	6	23.5	16.2	127.1	17.5	21.1	15.3	144.7	36.4	181.1
1197926PIP	2011	13	7	25.1	16.9	148.9	20.2	24.6	17.1	169.1	41.7	210.8
1197926PIP	2011	13	8	6.0	5.7	4.1	0.8	1.1	1.9	4.9	3.0	7.9
1197926PIP	2011	13	9	7.4	6.8	7.0	1.3	1.7	2.6	8.4	4.2	12.6
1197926PIP	2011	13	10	21.3	15.3	101.1	14.2	16.6	12.9	115.3	29.5	144.7
1197926PIP	2011	13	11	22.7	15.9	117.4	16.3	19.3	14.4	133.7	33.7	167.4
1197926PIP	2011	13	12	19.1	14.3	78.0	11.3	12.8	10.6	89.3	23.5	112.7
1197926PIP	2011	13	13	3.1	3.4	0.8	0.2	0.3	0.7	0.9	1.0	1.9
1197926PIP	2011	13	14	21.0	15.2	97.9	13.8	16.0	12.5	111.8	28.5	140.3
1197926PIP	2011	13	15	5.3	5.2	3.0	0.6	0.8	1.6	3.6	2.4	6.0
1197926PIP	2011	13	16	7.9	7.2	8.4	1.5	1.9	2.8	9.9	4.7	14.6
1197926PIP	2011	13	17	15.8	12.5	48.9	7.4	8.4	7.9	56.3	16.2	72.5
1197926PIP	2011	13	18	20.6	15.0	93.4	13.3	15.3	12.1	106.7	27.4	134.1
1197926PIP	2011	13	19	17.6	13.5	63.8	9.4	10.7	9.3	73.2	20.0	93.2
1197926PIP	2011	13	20	5.2	5.1	2.8	0.6	0.8	1.5	3.4	2.3	5.8
1197926PIP	2011	13	21	19.7	14.6	84.1	12.0	13.8	11.2	96.1	25.0	121.1
1197926PIP	2011	13	22	2.5	2.9	0.4	0.1	0.2	0.5	0.6	0.7	1.2
1197926PIP	2011	13	23	5.9	5.6	3.9	0.8	1.1	1.9	4.7	2.9	7.6
1197926PIP	2011	13	24	10.7	9.3	18.4	3.1	3.6	4.3	21.5	7.9	29.4
1197926PIP	2011	13	25	12.5	10.5	27.2	4.4	5.0	5.5	31.6	10.5	42.1
1197926PIP	2011	13	26	25.4	17.0	152.9	20.7	25.4	17.5	173.6	42.9	216.5
1197926PIP	2011	13	27	14.4	11.7	38.9	6.0	6.8	6.8	44.9	13.6	58.5
1197926PIP	2011	13	29	8.8	7.9	11.1	2.0	2.4	3.3	13.0	5.7	18.7
1197926PIP	2011	13	31	25.6	17.0	155.0	21.0	26.0	17.9	176.0	43.9	219.9
1197926PIP	2011	13	33	21.3	15.3	101.1	14.2	16.6	12.9	115.3	29.5	144.7
1197926PIP	2011	13	34	18.1	13.8	68.5	10.0	11.3	9.7	78.5	21.1	99.6
1197926PIP	2011	13	35	13.7	11.3	34.4	5.4	6.1	6.2	39.8	12.3	52.2
1197926PIP	2011	13	36	4.5	4.5	1.9	0.4	0.6	1.3	2.4	1.9	4.2
1197926PIP	2011	13	37	9.2	8.2	12.4	2.2	2.6	3.5	14.6	6.1	20.7
1197926PIP	2011	13	38	17.7	13.6	64.9	9.5	10.7	9.4	74.5	20.1	94.6
1197926PIP	2011	13	39	17.1	13.2	59.3	8.8	10.0	8.9	68.1	19.0	87.1
1197926PIP	2011	13	40	16.4	12.9	53.9	8.1	9.0	8.3	61.9	17.3	79.3
1197926PIP	2011	13	41	12.2	10.3	25.6	4.2	4.8	5.3	29.8	10.0	39.8
1197926PIP	2011	13	42	5.1	5.0	2.7	0.6	0.8	1.5	3.3	2.3	5.5
1197926PIP	2011	13	43	4.0	4.1	1.4	0.3	0.5	1.1	1.8	1.5	3.3
1197926PIP	2011	13	44	2.8	3.2	0.6	0.1	0.2	0.6	0.8	0.8	1.5
1197926PIP	2011	13	45	2.8	3.2	0.6	0.1	0.2	0.6	0.8	0.8	1.5
1197926PIP	2011	13	46	6.8	6.4	5.7	1.1	1.4	2.2	6.8	3.6	10.4
1197926PIP	2011	13	48	14.5	11.8	39.7	6.1	6.9	6.8	45.8	13.7	59.5
1197926PIP	2011	13	50	10.5	9.1	17.4	3.0	3.5	4.2	20.3	7.7	28.0
1197926PIP	2011	13	51	15.0	12.1	43.2	6.6	7.4	7.2	49.8	14.6	64.4
1197926PIP	2011	13	52	4.9	4.8	2.4	0.5	0.7	1.4	2.9	2.2	5.1
1197926PIP	2011	13	53	5.5	5.3	3.3	0.7	0.9	1.7	3.9	2.6	6.5
1197926PIP	2011	13	54	8.4	7.6	9.8	1.8	2.2	3.1	11.6	5.2	16.8
1197926PIP	2011	13	55	3.6	3.8	1.1	0.3	0.4	0.9	1.4	1.3	2.6
1197926PIP	2011	13	56	2.6	3.0	0.5	0.1	0.2	0.5	0.6	0.7	1.3
1197926PIP	2011	13	57	8.5	7.7	10.2	1.8	2.2	3.1	12.0	5.3	17.3
1197926PIP	2011	13	58	19.2	14.3	78.7	11.4	13.0	10.8	90.1	23.8	113.9
1197926PIP	2011	13	59	8.7	7.8	10.7	1.9	2.3	3.2	12.6	5.6	18.2
1197926PIP	2011	13	60	4.2	4.3	1.6	0.4	0.5	1.1	2.0	1.6	3.6
1197926PIP	2011	13	63	6.2	5.9	4.5	0.9	1.2	2.0	5.4	3.1	8.5
1197926PIP	2011	13	64	27.0	17.5	175.2	23.5	29.7	19.7	198.7	49.4	248.1
1197926PIP	2011	13	65	12.4	10.4	26.6	4.3	4.9	5.4	30.9	10.4	41.3
1197926PIP	2011	13	66	17.1	13.2	59.3	8.8	10.0	8.9	68.1	19.0	87.1
1197926PIP	2011	13	67	11.1	9.5	20.0	3.3	3.9	4.6	23.4	8.5	31.9
1197926PIP	2011	13	68	9.5	8.4	13.5	2.4	2.8	3.7	15.8	6.5	22.3
1197926PIP	2011	13	69	9.3	8.3	12.8	2.2	2.7	3.5	15.1	6.2	21.2
1197926PIP	2011	13	70	5.5	5.3	3.3	0.7	0.9	1.7	3.9	2.6	6.5
1197926PIP	2011	13	71	12.3	10.4	26.2	4.2	4.8	5.3	30.5	10.1	40.6
1197926PIP	2011	13	72	7.3	6.7	6.8	1.3	1.6	2.5	8.0	4.2	12.2
1197926PIP	2011	13	73	6.0	5.7	4.1	0.8	1.1	1.9	4.9	3.0	7.9
1197926PIP	2011	13	74	3.8	3.9	1.3	0.3	0.4	1.0	1.5	1.4	3.0
1197926PIP	2011	13	75	9.1	8.1	12.0	2.1	2.6	3.4	14.2	6.0	20.2
1197926PIP	2011	13	76	3.6	3.8	1.1	0.3	0.4	0.9	1.4	1.3	2.6
1197926PIP	2011	13	77	9.6	8.5	13.9	2.4	2.9	3.7	16.3	6.6	22.8
1197926PIP	2011	13	78	17.0	13.2	58.7	8.7	9.8	8.8	67.4	18.6	86.1
1197926PIP	2011	13	80	13.6	11.2	33.7	5.3	6.0	6.2	39.0	12.2	51.2
1197926PIP	2011	13	81	12.5	10.5	27.2	4.4	5.0	5.5	31.6	10.5	42.1
1197926PIP	2011	13	82	17.2	13.3	60.4	8.9	10.1	9.0	69.3	19.1	88.4
1197926PIP	2011	13	83	18.9	14.2	76.1	11.0	12.5	10.5	87.1	23.0	110.0
1197926PIP	2011	13	84	6.3	6.0	4.7	0.9	1.2	2.0	5.6	3.2	8.8
1197926PIP	2011	13	85	15.2	12.2	44.6	6.8	7.6	7.4	51.4	15.0	66.4
1197926PIP	2011	13	86	11.0	9.5	19.7	3.3	3.8	4.5	23.0	8.3	31.3
1197926PIP	2011	13	87	8.7	7.8	10.7	1.9	2.3	3.2	12.6	5.6	18.2
1197926PIP	2011	13	89	16.7	13.0	56.0	8.4	9.5	8.6	64.4	18.1	82.5
1197926PIP	2011	13	90	24.5	16.6	140.1	19.2	23.3	16.5	159.3	39.8	199.1
1197926PIP	2011	13	91	6.8	6.4	5.7	1.1	1.4	2.2	6.8	3.6	10.4
1197926PIP	2011	13	92	5.2	5.1	2.8	0.6	0.8	1.5	3.4	2.3	5.8
1197926PIP	2011	13	93	4.5	4.5	1.9	0.4	0.6	1.3	2.4	1.9	4.2
1197926PIP	2011	13	94	14.3	11.6	38.1	5.9	6.7	6.7	44.0	13.5	57.5
1197926PIP	2011	13	95	25.0	16.8	146.9	20.0	24.5	17.1	167.0	41.6	208.5
1198026PIP	2011	22	1	2.5	3.2	0.4	0.1	0.2	0.2	0.5	0.4	0.9
1198026PIP	2011	22	2	2.7	3.3	0.5	0.1	0.2	0.3	0.6	0.5	1.1
1198026PIP	2011	22	3	34.2	15.2	157.0	22.2	33.4	23.9	179.2	57.2	236.4
1198026PIP	2011	20	4	4.0	3.8	1.2	0.2	0.3	0.9	1.4	1.2	2.6
1198026PIP	2011	22	5	5.1	4.9	2.1	0.4	0.7	0.9	2.5	1.6	4.1
1198026PIP	2011	20	6	3.4	3.3	0.8	0.1	0.2	0.7	0.9	0.9	1.8
1198026PIP	2011	22	7	31.0	14.6	127.9	18.1	27.0	19.8	146.0	46.8	192.8
1198026PIP	2011	13	8	4.0	4.4	1.5	0.3	0.4	1.0	1.9	1.4	3.3
1198026PIP	2011	22	9	15.1	10.0	26.3	4.0	6.2	5.4	30.3	11.6	41.9
1198026PIP	2011	20	10	6.2	5.6	3.7	0.7	0.8	1.8	4.4	2.5	6.9
1198026PIP	2011	20	11	9.1	7.7	9.9	1.8	1.9	3.3	11.6	5.2	16.9
1198026PIP	2011	22	12	43.6	16.5	256.5	35.9	57.2	38.4	292.4	95.6	388.0
1198026PIP	2011	22	13	36.5	15.6	179.7	25.3	38.4	27.0	205.0	65.4	270.5
1198026PIP	2011	22	14	3.3	3.7	0.8	0.1	0.3	0.4	0.9	0.7	1.6
1198026PIP	2011	20	15	2.7	2.8	0.4	0.1	0.1	0.5	0.5	0.6	1.1
1198026PIP	2011	22	17	32.4	14.9	140.5	19.9	29.6	21.5	160.4	51.2	211.5
1198026PIP	2011	22	18	14.4	9.7	23.6	3.6	5.6	5.0	27.2	10.6	37.8
1198026PIP	2011	22	19	8.3	6.8	6.6	1.1	1.9	2.0	7.7	3.9	11.5
1198026PIP	2011	22	20	4.4	4.5	1.5	0.3	0.6	0.7	1.8	1.2	3.0
1198026PIP	2011	22	21	6.7	5.9	4.0	0.7	1.3	1.4	4.7	2.6	7.3
1198026PIP	2011	22	22	10.0	7.7	10.2	1.6	2.7	2.7	11.8	5.4	17.2
1198026PIP	2011	22	23	3.7	4.0	1.0	0.2	0.4	0.5	1.2	0.9	2.1
1198026PIP	2011	22	24	10.0	7.7	10.2	1.6	2.7	2.7	11.8	5.4	17.2
1198026PIP	2011	22	25	11.9	8.6	15.2	2.4	3.9	3.6	17.6	7.5	25.0
1198026PIP	2011	22	26	13.1	9.1	18.9	2.9	4.7	4.3	21.8	8.9	30.7
1198026PIP	2011	22	27	17.6	10.9	37.0	5.5	8.4	7.1	42.5	15.5	58.1
1198026PIP	2011	22	28	23.9	12.9	73.1	10.6	15.6	12.3	83.6	27.9	111.6
1198026PIP	2011	22	29	3.7	4.0	1.0	0.2	0.4	0.5	1.2	0.9	2.1
1198026PIP	2011	20	30	5.3	4.8	2.4	0.4	0.5	1.4	2.9	2.0	4.8
1198026PIP	2011	20	31	2.8	2.9	0.5	0.1	0.1	0.5	0.6	0.6	1.2
1198026PIP	2011	20	32	6.1	5.5	3.5	0.6	0.7	1.8	4.2	2.5	6.7
1198026PIP	2011	12	34	4.1	3.9	1.3	0.3	0.5	1.3	1.6	1.8	3.4
1198026PIP	2011	13	35	3.8	4.2	1.3	0.3	0.4	0.9	1.7	1.3	2.9
1198026PIP	2011	20	36	2.5	2.7	0.4	0.1	0.1	0.4	0.4	0.5	0.9
1198026PIP	2011	20	37	4.3	4.0	1.4	0.3	0.3	1.0	1.7	1.4	3.0
1198026PIP	2011	20	38	3.6	3.5	0.9	0.2	0.2	0.8	1.1	1.0	2.0
1198026PIP	2011	22	39	23.8	12.9	72.6	10.5	15.5	12.2	83.0	27.6	110.7
1198026PIP	2011	22	40	27.4	13.8	98.3	14.1	20.8	15.8	112.3	36.6	148.9
1198026PIP	2011	22	41	31.4	14.7	131.5	18.6	27.7	20.3	150.2	48.0	198.2
1198026PIP	2011	22	42	26.6	13.6	92.2	13.2	19.5	14.9	105.4	34.5	139.8
1198026PIP	2011	20	43	5.8	5.2	3.1	0.5	0.7	1.6	3.6	2.3	5.9
1198026PIP	2011	20	44	2.7	2.8	0.4	0.1	0.1	0.5	0.5	0.6	1.1
1198026PIP	2011	20	45	4.8	4.4	1.9	0.3	0.4	1.2	2.2	1.7	3.9
1198026PIP	2011	22	46	27.2	13.8	97.1	13.9	20.4	15.5	110.9	35.9	146.8
1198026PIP	2011	20	47	6.1	5.5	3.5	0.6	0.7	1.8	4.2	2.5	6.7
1198026PIP	2011	20	48	2.8	2.9	0.5	0.1	0.1	0.5	0.6	0.6	1.2
1198026PIP	2011	22	49	38.0	15.8	194.8	27.4	42.0	29.3	222.2	71.3	293.5
1198026PIP	2011	20	50	6.9	6.1	4.9	0.9	1.0	2.1	5.7	3.1	8.8
1198026PIP	2011	20	51	6.0	5.4	3.4	0.6	0.7	1.7	4.0	2.4	6.4
1198026PIP	2011	22	52	16.8	10.6	33.3	5.0	7.7	6.6	38.3	14.2	52.5
1198026PIP	2011	20	53	3.7	3.6	1.0	0.2	0.2	0.8	1.2	1.0	2.2
1198026PIP	2011	20	55	9.5	8.0	11.1	2.0	2.1	3.5	13.0	5.6	18.7
1198026PIP	2011	20	56	5.7	5.2	3.0	0.5	0.6	1.6	3.5	2.2	5.7
1198026PIP	2011	22	57	3.4	3.8	0.8	0.2	0.3	0.4	1.0	0.8	1.8
1198026PIP	2011	13	58	4.1	4.4	1.6	0.4	0.5	1.0	2.0	1.5	3.4
1198026PIP	2011	22	59	8.5	6.9	7.0	1.1	2.0	2.0	8.1	4.0	12.1
1211776PIP	2011	13	1	2.8	3.2	0.6	0.1	0.2	0.6	0.8	0.8	1.5
1211776PIP	2011	13	2	20.3	15.6	94.7	13.3	13.8	11.1	108.0	24.9	132.8
1211776PIP	2011	13	3	12.4	10.9	27.9	4.4	4.6	5.1	32.3	9.7	42.0
1211776PIP	2011	13	4	14.5	12.3	41.4	6.3	6.5	6.4	47.7	12.9	60.6
1211776PIP	2011	38	7	2.7	4.8	0.8	0.2	0.1	0.2	0.9	0.4	1.3
1211776PIP	2011	38	8	4.2	6.5	2.4	0.5	0.4	0.5	2.9	0.9	3.8
1211776PIP	2011	13	9	15.4	12.9	48.2	7.2	7.4	7.0	55.5	14.4	69.9
1211776PIP	2011	13	10	3.3	3.7	0.9	0.2	0.3	0.7	1.1	1.0	2.2
1211776PIP	2011	13	11	11.4	10.2	22.5	3.7	3.9	4.5	26.2	8.3	34.5
1211776PIP	2011	13	12	17.8	14.3	68.9	10.0	10.2	8.9	78.9	19.1	98.0
1211776PIP	2011	13	13	8.6	8.1	10.9	1.9	2.1	3.0	12.8	5.1	17.9
1211776PIP	2011	13	14	3.8	4.1	1.3	0.3	0.4	0.9	1.6	1.3	2.9
1211776PIP	2011	13	15	13.7	11.8	35.9	5.6	5.7	5.9	41.5	11.6	53.1
1211776PIP	2011	13	16	3.0	3.4	0.7	0.2	0.2	0.6	0.9	0.9	1.8
1211776PIP	2011	13	17	2.6	3.1	0.5	0.1	0.2	0.5	0.6	0.7	1.3
1211776PIP	2011	13	18	2.9	3.3	0.7	0.2	0.2	0.6	0.8	0.8	1.7
1211776PIP	2011	38	19	3.0	5.2	1.0	0.2	0.2	0.3	1.2	0.5	1.7
1211776PIP	2011	13	20	12.0	10.6	25.6	4.1	4.3	4.8	29.7	9.2	38.9
1211776PIP	2011	3	21	29.9	17.0	210.3	17.5	37.4	14.1	227.8	51.5	279.3
1211776PIP	2011	13	22	19.4	15.1	84.7	12.0	12.5	10.3	96.7	22.8	119.4
1211776PIP	2011	13	24	16.4	13.5	56.4	8.3	8.5	7.8	64.7	16.3	80.9
1211776PIP	2011	13	26	5.7	5.7	3.7	0.7	0.9	1.7	4.5	2.6	7.1
1211776PIP	2011	13	27	23.6	17.1	135.2	18.3	19.8	14.4	153.5	34.2	187.7
1211776PIP	2011	13	28	17.4	14.1	65.3	9.5	9.7	8.5	74.8	18.2	93.0
1211776PIP	2011	13	29	15.0	12.6	45.0	6.8	7.0	6.8	51.8	13.8	65.6
1211776PIP	2011	13	33	8.3	7.8	9.9	1.8	2.0	2.9	11.6	4.9	16.5
1211776PIP	2011	13	34	4.2	4.4	1.7	0.4	0.5	1.1	2.1	1.6	3.6
1211776PIP	2011	13	35	13.6	11.7	35.2	5.5	5.6	5.8	40.7	11.5	52.1
1211776PIP	2011	13	36	7.8	7.4	8.4	1.5	1.8	2.6	9.9	4.4	14.3
1211776PIP	2011	38	37	4.5	6.8	2.8	0.6	0.5	0.5	3.4	1.0	4.4
1211776PIP	2011	38	38	3.5	5.7	1.5	0.3	0.3	0.4	1.8	0.6	2.4
1211776PIP	2011	13	39	14.2	12.1	39.3	6.0	6.2	6.2	45.3	12.4	57.7
1211776PIP	2011	13	40	4.3	4.5	1.8	0.4	0.5	1.1	2.2	1.6	3.8
1211776PIP	2011	38	41	2.5	4.6	0.6	0.1	0.1	0.2	0.8	0.3	1.1
1211776PIP	2011	13	42	2.7	3.2	0.6	0.1	0.2	0.5	0.7	0.7	1.4
1211776PIP	2011	13	43	13.7	11.8	35.9	5.6	5.7	5.9	41.5	11.6	53.1
1211776PIP	2011	13	44	7.5	7.2	7.6	1.4	1.6	2.5	9.0	4.1	13.1
1211776PIP	2011	13	45	21.0	15.9	102.4	14.2	15.0	11.8	116.7	26.8	143.5
1211776PIP	2011	13	47	16.2	13.4	54.8	8.1	8.2	7.6	62.9	15.8	78.7
1211776PIP	2011	13	48	4.0	4.2	1.5	0.3	0.5	1.0	1.8	1.5	3.3
1211776PIP	2011	13	49	9.0	8.4	12.2	2.1	2.4	3.2	14.4	5.5	19.9
1211776PIP	2011	13	50	5.4	5.4	3.2	0.7	0.8	1.6	3.9	2.4	6.3
1211776PIP	2011	13	51	2.6	3.1	0.5	0.1	0.2	0.5	0.6	0.7	1.3
1211776PIP	2011	13	52	5.4	5.4	3.2	0.7	0.8	1.6	3.9	2.4	6.3
1211776PIP	2011	13	53	4.8	4.9	2.4	0.5	0.7	1.3	2.9	2.0	4.8
1211776PIP	2011	13	54	3.0	3.4	0.7	0.2	0.2	0.6	0.9	0.9	1.8
1211776PIP	2011	13	55	3.4	3.7	1.0	0.2	0.3	0.8	1.2	1.1	2.3
1211776PIP	2011	13	56	12.6	11.0	28.9	4.6	4.8	5.2	33.5	10.0	43.6
1211776PIP	2011	13	58	10.7	9.7	19.2	3.2	3.4	4.1	22.3	7.4	29.8
1211776PIP	2011	13	60	14.4	12.2	40.6	6.2	6.4	6.4	46.8	12.8	59.6
1211776PIP	2011	13	61	9.7	8.9	14.8	2.5	2.8	3.6	17.3	6.3	23.7
1211776PIP	2011	13	62	21.4	16.1	107.2	14.8	15.7	12.1	122.1	27.8	149.9
1211776PIP	2011	13	63	15.2	12.7	46.4	7.0	7.2	7.0	53.4	14.2	67.6
1211776PIP	2011	13	64	20.0	15.4	91.1	12.8	13.4	10.8	103.9	24.2	128.1
1211776PIP	2011	13	65	7.1	6.9	6.6	1.2	1.4	2.3	7.9	3.7	11.6
1211776PIP	2011	13	66	6.5	6.4	5.3	1.0	1.2	2.0	6.3	3.2	9.5
1211776PIP	2011	13	67	7.5	7.2	7.6	1.4	1.6	2.5	9.0	4.1	13.1
1211776PIP	2011	13	68	3.2	3.6	0.9	0.2	0.3	0.7	1.1	1.0	2.0
1211776PIP	2011	13	69	6.8	6.6	5.9	1.1	1.3	2.1	7.0	3.5	10.5
1211776PIP	2011	13	70	16.5	13.5	57.0	8.4	8.6	7.9	65.4	16.5	81.9
1211776PIP	2011	13	71	7.6	7.3	7.9	1.5	1.7	2.5	9.4	4.2	13.5
1211776PIP	2011	13	72	9.4	8.7	13.7	2.4	2.6	3.4	16.1	6.0	22.0
1211776PIP	2011	13	73	4.9	5.0	2.5	0.5	0.7	1.4	3.0	2.0	5.1
1211776PIP	2011	13	74	3.1	3.5	0.8	0.2	0.3	0.7	1.0	0.9	1.9
1211776PIP	2011	13	76	7.5	7.2	7.6	1.4	1.6	2.5	9.0	4.1	13.1
1211776PIP	2011	13	77	6.6	6.4	5.4	1.0	1.3	2.1	6.5	3.3	9.8
1211776PIP	2011	13	79	7.3	7.0	7.1	1.3	1.5	2.4	8.4	3.9	12.3
1211776PIP	2011	13	81	18.7	14.8	77.8	11.1	11.4	9.6	88.9	21.0	109.9
1211776PIP	2011	13	82	15.1	12.7	45.9	6.9	7.1	6.8	52.8	13.9	66.7
1211776PIP	2011	13	83	6.8	6.6	5.9	1.1	1.3	2.1	7.0	3.5	10.5
1211776PIP	2011	13	84	22.3	16.5	118.1	16.2	17.3	13.0	134.3	30.4	164.7
1211776PIP	2011	13	86	9.0	8.4	12.2	2.1	2.4	3.2	14.4	5.5	19.9
1211776PIP	2011	13	87	4.6	4.8	2.2	0.5	0.6	1.2	2.6	1.8	4.4
1211776PIP	2011	13	88	4.6	4.8	2.2	0.5	0.6	1.2	2.6	1.8	4.4
1211776PIP	2011	13	89	2.8	3.2	0.6	0.1	0.2	0.6	0.8	0.8	1.5
1211776PIP	2011	13	90	2.7	3.2	0.6	0.1	0.2	0.5	0.7	0.7	1.4
1211776PIP	2011	13	91	5.0	5.1	2.7	0.6	0.7	1.4	3.2	2.1	5.3
1211776PIP	2011	13	92	6.4	6.3	5.1	1.0	1.2	2.0	6.0	3.1	9.2
1287341PIP	2011	13	1	11.5	11.1	24.9	3.9	3.5	4.1	28.8	7.6	36.4
1287341PIP	2011	13	2	12.0	11.5	27.8	4.3	3.8	4.3	32.1	8.2	40.3
1287341PIP	2011	13	3	12.7	12.0	32.0	4.9	4.4	4.7	36.9	9.1	46.0
1287341PIP	2011	13	4	14.6	13.4	45.6	6.8	5.9	5.8	52.4	11.7	64.1
1287341PIP	2011	13	5	7.5	7.8	8.3	1.5	1.4	2.2	9.7	3.6	13.4
1287341PIP	2011	13	6	12.0	11.5	27.8	4.3	3.8	4.3	32.1	8.2	40.3
1287341PIP	2011	13	9	22.5	18.0	130.9	17.4	15.8	11.8	148.3	27.6	175.9
1287341PIP	2011	13	10	14.3	13.2	43.4	6.5	5.6	5.6	49.8	11.2	61.0
1287341PIP	2011	13	11	5.1	5.6	3.0	0.6	0.7	1.3	3.6	1.9	5.6
1287341PIP	2011	13	12	3.7	4.3	1.3	0.3	0.3	0.8	1.6	1.1	2.8
1287341PIP	2011	13	13	5.8	6.2	4.2	0.8	0.9	1.6	5.0	2.4	7.4
1287341PIP	2011	13	14	19.4	16.4	92.0	12.7	11.1	9.2	104.6	20.3	124.9
1287341PIP	2011	13	15	3.0	3.6	0.8	0.2	0.2	0.6	0.9	0.8	1.8
1287341PIP	2011	20	16	12.1	11.2	23.0	4.0	3.2	4.5	27.0	7.6	34.6
1287341PIP	2011	13	17	9.6	9.6	15.7	2.6	2.4	3.1	18.3	5.5	23.8
1287341PIP	2011	13	18	16.7	14.8	63.8	9.1	7.9	7.2	72.9	15.1	88.0
1287341PIP	2011	13	20	6.7	7.0	6.1	1.1	1.2	1.9	7.2	3.1	10.3
1287341PIP	2011	13	21	15.1	13.7	49.5	7.3	6.3	6.2	56.8	12.5	69.3
1287341PIP	2011	20	22	8.7	8.6	10.0	1.7	1.4	2.6	11.7	4.0	15.7
1287341PIP	2011	25	23	18.1	18.2	96.9	9.1	10.3	4.7	105.9	15.0	120.9
1287341PIP	2011	13	25	13.6	12.7	38.2	5.8	5.0	5.2	44.0	10.2	54.2
1287341PIP	2011	13	27	12.4	11.8	30.2	4.7	4.1	4.6	34.9	8.7	43.5
1287341PIP	2011	13	28	4.4	4.9	2.0	0.4	0.5	1.1	2.5	1.5	4.0
1287341PIP	2011	13	29	17.5	15.3	71.6	10.1	8.8	7.7	81.7	16.5	98.2
1287341PIP	2011	25	30	16.5	17.5	79.3	7.6	8.0	4.0	86.9	12.0	98.9
1287341PIP	2011	13	31	17.8	15.5	74.7	10.5	9.1	8.0	85.2	17.0	102.3
1287341PIP	2011	13	33	21.7	17.6	120.1	16.1	14.5	11.1	136.2	25.6	161.8
1287341PIP	2011	13	34	22.1	17.8	125.4	16.8	15.1	11.5	142.2	26.6	168.8
1287341PIP	2011	13	36	16.5	14.7	62.1	8.9	7.7	7.0	70.9	14.7	85.6
1287341PIP	2011	13	37	13.5	12.6	37.4	5.7	5.0	5.2	43.1	10.1	53.2
1287341PIP	2011	13	38	18.4	15.8	80.7	11.3	9.9	8.4	92.0	18.3	110.3
1287341PIP	2011	13	40	22.5	18.0	130.9	17.4	15.8	11.8	148.3	27.6	175.9
1287341PIP	2011	13	41	16.9	14.9	65.6	9.4	8.1	7.3	75.0	15.5	90.4
1287341PIP	2011	20	42	5.0	5.2	2.3	0.4	0.4	1.1	2.7	1.5	4.3
1287341PIP	2011	13	43	20.3	16.9	102.6	14.0	12.3	9.9	116.6	22.2	138.8
1287341PIP	2011	13	45	3.2	3.8	0.9	0.2	0.3	0.7	1.1	0.9	2.0
1287341PIP	2011	13	46	24.6	19.0	161.6	21.1	19.5	13.8	182.7	33.4	216.0
1287341PIP	2011	13	47	9.9	9.8	16.9	2.8	2.6	3.3	19.7	5.9	25.6
1287341PIP	2011	25	48	36.2	21.9	381.6	32.9	72.6	17.4	414.5	90.0	504.5
1287341PIP	2011	13	49	19.2	16.3	89.8	12.4	10.8	9.0	102.1	19.8	122.0
1287341PIP	2011	13	50	23.0	18.2	137.6	18.2	16.7	12.3	155.8	29.0	184.8
1287341PIP	2011	13	51	3.9	4.4	1.5	0.3	0.4	0.9	1.8	1.3	3.1
1287341PIP	2011	13	52	3.9	4.4	1.5	0.3	0.4	0.9	1.8	1.3	3.1
1287341PIP	2011	13	53	11.7	11.3	26.1	4.1	3.6	4.2	30.2	7.8	38.0
1287341PIP	2011	13	54	3.2	3.8	0.9	0.2	0.3	0.7	1.1	0.9	2.0
1287341PIP	2011	13	55	15.6	14.1	53.9	7.8	6.8	6.4	61.8	13.2	75.0
1287341PIP	2011	13	56	16.2	14.5	59.3	8.5	7.4	6.8	67.8	14.2	82.0
1287341PIP	2011	13	57	20.7	17.1	107.4	14.6	12.9	10.3	122.0	23.2	145.2
1287341PIP	2011	13	58	16.0	14.3	57.2	8.3	7.2	6.7	65.5	14.0	79.4
1287341PIP	2011	13	59	11.7	11.3	26.1	4.1	3.6	4.2	30.2	7.8	38.0
1287341PIP	2011	25	60	4.1	7.2	2.8	0.4	0.3	0.5	3.2	0.7	4.0
1287341PIP	2011	13	61	19.0	16.2	87.6	12.1	10.6	8.9	99.7	19.4	119.1
1287341PIP	2011	13	62	23.8	18.6	149.3	19.6	18.1	13.1	168.9	31.1	200.1
1287341PIP	2011	13	63	19.8	16.6	96.5	13.2	11.7	9.5	109.7	21.2	130.9
1287341PIP	2011	13	64	12.0	11.5	27.8	4.3	3.8	4.3	32.1	8.2	40.3
1252916PIP	2011	3	4	22.3	19.5	152.1	11.9	13.3	8.4	163.9	21.7	185.6
1252916PIP	2011	3	5	19.9	18.8	119.9	9.7	9.7	6.8	129.6	16.6	146.1
1252916PIP	2011	3	6	23.9	19.8	174.2	13.4	16.2	9.5	187.6	25.7	213.3
1252916PIP	2011	13	7	6.5	6.6	5.4	1.0	1.2	1.9	6.5	3.1	9.5
1252916PIP	2011	13	8	27.7	19.4	203.1	26.3	27.9	18.3	229.4	46.1	275.6
1252916PIP	2011	13	9	14.6	12.9	43.9	6.6	6.2	6.1	50.5	12.3	62.9
1252916PIP	2011	13	10	7.9	7.8	9.0	1.6	1.7	2.5	10.7	4.2	14.9
1252916PIP	2011	74	11	26.2	20.5	194.5	41.7	29.7	5.3	236.2	35.0	271.2
1252916PIP	2011	38	12	18.4	16.5	96.5	16.3	19.0	5.1	112.8	24.1	136.9
1252916PIP	2011	38	13	20.8	17.2	128.0	21.4	27.0	6.5	149.3	33.5	182.8
1252916PIP	2011	38	14	19.0	16.7	104.0	17.5	20.8	5.4	121.5	26.3	147.7
1252916PIP	2011	74	15	27.7	20.7	219.0	47.1	34.7	5.8	266.1	40.5	306.6
1252916PIP	2011	3	16	23.2	19.6	163.6	12.7	15.0	9.0	176.3	23.9	200.2
1252916PIP	2011	13	17	11.2	10.5	22.5	3.6	3.5	4.1	26.1	7.6	33.7
1252916PIP	2011	13	18	16.1	13.8	55.8	8.2	7.7	7.2	64.0	14.9	78.9
1252916PIP	2011	3	20	15.0	17.1	66.1	5.8	4.5	4.1	71.9	8.6	80.6
1252916PIP	2011	13	21	10.0	9.5	16.7	2.8	2.8	3.5	19.5	6.3	25.8
1252916PIP	2011	13	26	14.8	13.0	45.4	6.8	6.4	6.3	52.1	12.7	64.8
1252916PIP	2011	13	27	18.0	15.0	73.8	10.5	9.9	8.6	84.2	18.4	102.7
1252916PIP	2011	3	28	26.0	20.2	205.9	15.5	20.6	11.0	221.4	31.6	253.0
1252916PIP	2011	13	29	5.1	5.4	2.9	0.6	0.7	1.3	3.5	2.0	5.5
1252916PIP	2011	13	30	7.5	7.5	7.9	1.4	1.5	2.3	9.4	3.9	13.2
1252916PIP	2011	13	31	14.1	12.6	40.4	6.1	5.7	5.8	46.5	11.5	58.0
1252916PIP	2011	3	33	19.5	18.7	115.1	9.3	9.2	6.6	124.4	15.8	140.2
1252916PIP	2011	3	34	15.8	17.4	73.8	6.4	5.2	4.5	80.1	9.7	89.9
1252916PIP	2011	13	35	8.9	8.7	12.4	2.1	2.2	2.9	14.6	5.1	19.7
1252916PIP	2011	38	36	5.5	8.5	5.0	1.0	0.8	0.7	6.0	1.4	7.4
1252916PIP	2011	13	37	15.3	13.3	49.2	7.3	6.9	6.6	56.5	13.5	70.0
1252916PIP	2011	3	39	22.3	19.5	152.1	11.9	13.3	8.4	163.9	21.7	185.6
1252916PIP	2011	3	40	15.8	17.4	73.8	6.4	5.2	4.5	80.1	9.7	89.9
1252916PIP	2011	38	41	9.8	12.4	21.5	3.9	3.4	1.6	25.4	5.0	30.4
1252916PIP	2011	3	42	19.0	18.6	109.4	8.9	8.5	6.3	118.3	14.8	133.2
1252916PIP	2011	38	43	13.4	14.5	45.8	8.0	7.9	2.8	53.8	10.7	64.5
1252916PIP	2011	3	44	22.6	19.5	155.5	12.1	13.9	8.6	167.7	22.4	190.1
1252916PIP	2011	3	47	27.4	20.4	227.8	16.9	23.9	12.1	244.7	36.0	280.7
1301101PIP	2011	13	1	7.0	7.0	6.6	1.2	1.3	2.1	7.8	3.5	11.3
1301101PIP	2011	13	2	6.9	6.9	6.3	1.2	1.3	2.1	7.5	3.4	10.9
1301101PIP	2011	13	3	6.9	6.9	6.3	1.2	1.3	2.1	7.5	3.4	10.9
1301101PIP	2011	13	4	10.8	10.0	20.1	3.3	3.3	4.0	23.4	7.3	30.7
1301101PIP	2011	13	5	10.7	10.0	19.7	3.2	3.2	3.9	23.0	7.1	30.1
1301101PIP	2011	13	6	5.2	5.4	3.0	0.6	0.7	1.4	3.6	2.2	5.8
1301101PIP	2011	13	7	7.5	7.4	7.8	1.4	1.6	2.4	9.3	3.9	13.2
1301101PIP	2011	13	8	11.2	10.3	22.0	3.6	3.6	4.2	25.6	7.8	33.4
1301101PIP	2011	13	9	10.3	9.7	17.9	3.0	3.0	3.7	20.9	6.7	27.6
1301101PIP	2011	13	10	3.2	3.7	0.9	0.2	0.3	0.7	1.1	0.9	2.0
1301101PIP	2011	25	11	8.3	9.9	13.1	1.7	1.8	1.6	14.8	3.4	18.1
1301101PIP	2011	13	12	3.6	4.0	1.2	0.3	0.3	0.8	1.4	1.2	2.6
1301101PIP	2011	13	13	4.8	5.0	2.4	0.5	0.6	1.3	2.9	1.9	4.8
1301101PIP	2011	13	14	4.8	5.0	2.4	0.5	0.6	1.3	2.9	1.9	4.8
1301101PIP	2011	13	15	2.6	3.1	0.5	0.1	0.2	0.5	0.6	0.7	1.3
1301101PIP	2011	13	16	2.9	3.4	0.7	0.2	0.2	0.6	0.8	0.8	1.7
1301101PIP	2011	13	17	5.7	5.8	3.8	0.8	0.9	1.6	4.6	2.5	7.1
1301101PIP	2011	74	18	7.2	10.3	7.7	1.8	1.0	0.7	9.5	1.7	11.2
1301101PIP	2011	13	19	9.2	8.8	13.3	2.3	2.4	3.2	15.6	5.5	21.2
1301101PIP	2011	13	20	7.2	7.1	7.0	1.3	1.4	2.3	8.3	3.7	12.0
1301101PIP	2011	13	21	9.0	8.6	12.5	2.2	2.3	3.1	14.7	5.4	20.1
1301101PIP	2011	13	22	3.7	4.1	1.3	0.3	0.4	0.9	1.5	1.2	2.8
1301101PIP	2011	13	23	7.0	7.0	6.6	1.2	1.3	2.1	7.8	3.5	11.3
1301101PIP	2011	13	24	2.7	3.2	0.6	0.1	0.2	0.5	0.7	0.7	1.4
1301101PIP	2011	25	25	7.5	9.3	10.3	1.4	1.4	1.3	11.7	2.7	14.4
1301101PIP	2011	25	26	15.0	14.0	52.4	5.6	7.7	4.0	58.0	11.7	69.7
1301101PIP	2011	13	27	7.0	7.0	6.6	1.2	1.3	2.1	7.8	3.5	11.3
1301101PIP	2011	13	28	4.9	5.1	2.6	0.5	0.7	1.3	3.1	2.0	5.1
1301101PIP	2011	13	29	13.0	11.7	32.5	5.1	4.9	5.2	37.6	10.1	47.6
1301101PIP	2011	13	30	2.8	3.3	0.6	0.2	0.2	0.6	0.8	0.8	1.5
1301101PIP	2011	13	31	10.0	9.4	16.5	2.8	2.8	3.6	19.3	6.4	25.7
1301101PIP	2011	13	32	12.5	11.3	29.3	4.6	4.5	4.9	33.9	9.4	43.4
1301101PIP	2011	13	33	5.6	5.7	3.6	0.7	0.9	1.6	4.3	2.5	6.8
1301101PIP	2011	13	34	4.2	4.5	1.7	0.4	0.5	1.1	2.1	1.5	3.6
1301101PIP	2011	13	35	11.4	10.5	23.2	3.7	3.7	4.3	26.9	8.0	34.9
1301101PIP	2011	13	36	6.0	6.1	4.4	0.9	1.0	1.7	5.2	2.7	8.0
1301101PIP	2011	13	37	5.0	5.2	2.7	0.6	0.7	1.3	3.3	2.0	5.3
1301101PIP	2011	13	38	6.0	6.1	4.4	0.9	1.0	1.7	5.2	2.7	8.0
1301101PIP	2011	13	39	9.0	8.6	12.5	2.2	2.3	3.1	14.7	5.4	20.1
1301101PIP	2011	13	40	2.5	3.1	0.5	0.1	0.2	0.5	0.6	0.6	1.2
1301101PIP	2011	13	41	5.1	5.3	2.9	0.6	0.7	1.4	3.4	2.1	5.5
1301101PIP	2011	13	42	6.7	6.7	5.8	1.1	1.2	2.0	6.9	3.3	10.2
1301101PIP	2011	13	43	3.4	3.8	1.0	0.2	0.3	0.8	1.2	1.1	2.3
1301101PIP	2011	25	44	21.3	16.2	111.3	11.2	19.5	7.4	122.5	26.9	149.4
1301101PIP	2011	13	45	2.9	3.4	0.7	0.2	0.2	0.6	0.8	0.8	1.7
1301101PIP	2011	13	47	65.0	25.2	1177.1	137.9	308.9	114.8	1315.0	423.6	1738.6
1301101PIP	2011	13	48	8.5	8.2	10.8	1.9	2.0	2.8	12.7	4.9	17.6
1301101PIP	2011	13	49	4.9	5.1	2.6	0.5	0.7	1.3	3.1	2.0	5.1
1301101PIP	2011	13	50	9.5	9.0	14.4	2.5	2.5	3.3	16.9	5.9	22.8
1301101PIP	2011	13	51	5.0	5.2	2.7	0.6	0.7	1.3	3.3	2.0	5.3
1301101PIP	2011	13	52	2.5	3.1	0.5	0.1	0.2	0.5	0.6	0.6	1.2
1301101PIP	2011	13	53	8.8	8.5	11.9	2.1	2.2	3.0	14.0	5.1	19.1
1301101PIP	2011	13	54	10.6	9.9	19.2	3.2	3.2	3.9	22.4	7.0	29.5
1301101PIP	2011	13	55	8.2	8.0	9.9	1.8	1.9	2.7	11.7	4.5	16.2
1301101PIP	2011	25	56	8.2	9.9	12.8	1.6	1.7	1.5	14.5	3.2	17.7
1301101PIP	2011	13	57	6.6	6.6	5.6	1.1	1.2	2.0	6.6	3.2	9.9
1301101PIP	2011	13	58	14.2	12.5	40.6	6.2	5.9	6.0	46.7	11.9	58.6
1301101PIP	2011	13	59	10.2	9.6	17.4	2.9	2.9	3.7	20.3	6.6	26.9
1301101PIP	2011	13	60	6.1	6.2	4.6	0.9	1.0	1.8	5.5	2.8	8.3
1301101PIP	2011	25	61	9.1	10.5	16.3	2.0	2.2	1.8	18.4	4.0	22.4
1301101PIP	2011	25	62	9.6	10.9	18.7	2.3	2.5	1.9	20.9	4.5	25.4
1301101PIP	2011	13	63	3.9	4.3	1.4	0.3	0.4	0.9	1.8	1.3	3.1
1301101PIP	2011	13	64	7.3	7.2	7.3	1.3	1.5	2.3	8.6	3.8	12.4
1301101PIP	2011	13	65	10.0	9.4	16.5	2.8	2.8	3.6	19.3	6.4	25.7
1301101PIP	2011	13	66	2.8	3.3	0.6	0.2	0.2	0.6	0.8	0.8	1.5
1301101PIP	2011	13	67	12.6	11.4	30.0	4.7	4.6	5.0	34.7	9.5	44.2
1301101PIP	2011	13	68	4.6	4.9	2.2	0.5	0.6	1.2	2.7	1.8	4.4
1301101PIP	2011	25	69	18.0	15.2	78.1	8.1	12.4	5.5	86.2	17.9	104.0
1301101PIP	2011	13	70	6.6	6.6	5.6	1.1	1.2	2.0	6.6	3.2	9.9
1301101PIP	2011	13	71	5.4	5.6	3.3	0.7	0.8	1.5	4.0	2.3	6.3
1301101PIP	2011	13	72	3.9	4.3	1.4	0.3	0.4	0.9	1.8	1.3	3.1
1301101PIP	2011	25	73	14.2	13.6	46.2	5.1	6.7	3.7	51.3	10.4	61.7
1301101PIP	2011	13	75	8.8	8.5	11.9	2.1	2.2	3.0	14.0	5.1	19.1
1301101PIP	2011	13	76	10.6	9.9	19.2	3.2	3.2	3.9	22.4	7.0	29.5
1301101PIP	2011	13	77	6.2	6.3	4.8	0.9	1.1	1.8	5.7	2.9	8.6
1301101PIP	2011	13	78	9.5	9.0	14.4	2.5	2.5	3.3	16.9	5.9	22.8
1301101PIP	2011	13	79	8.8	8.5	11.9	2.1	2.2	3.0	14.0	5.1	19.1
1301101PIP	2011	13	80	10.7	10.0	19.7	3.2	3.2	3.9	23.0	7.1	30.1
1301101PIP	2011	13	81	6.1	6.2	4.6	0.9	1.0	1.8	5.5	2.8	8.3
1301101PIP	2011	13	82	5.3	5.5	3.2	0.6	0.8	1.5	3.8	2.2	6.0
1301101PIP	2011	25	83	16.7	14.7	66.3	7.0	10.2	4.8	73.3	15.0	88.3
1301101PIP	2011	13	84	7.3	7.2	7.3	1.3	1.5	2.3	8.6	3.8	12.4
1301101PIP	2011	13	85	8.7	8.4	11.5	2.0	2.1	2.9	13.6	5.0	18.6
1301101PIP	2011	13	74	10.7	10.0	19.7	3.2	3.2	3.9	23.0	7.1	30.1
1301101PIP	2011	13	86	6.8	6.8	6.1	1.1	1.3	2.1	7.2	3.3	10.5
1301101PIP	2011	13	87	6.2	6.3	4.8	0.9	1.1	1.8	5.7	2.9	8.6
1301101PIP	2011	13	88	8.9	8.5	12.2	2.1	2.2	3.0	14.3	5.3	19.5
1301101PIP	2011	13	89	8.0	7.8	9.3	1.7	1.8	2.6	10.9	4.4	15.3
1301101PIP	2011	13	90	13.1	11.7	33.0	5.1	5.0	5.3	38.1	10.3	48.4
1301101PIP	2011	13	91	4.8	5.0	2.4	0.5	0.6	1.3	2.9	1.9	4.8
1301101PIP	2011	13	92	5.2	5.4	3.0	0.6	0.7	1.4	3.6	2.2	5.8
1301101PIP	2011	13	93	12.2	11.1	27.6	4.4	4.3	4.7	32.0	9.0	41.0
1301101PIP	2011	25	94	2.6	4.4	0.7	0.1	0.1	0.3	0.9	0.4	1.3
1301101PIP	2011	13	95	13.1	11.7	33.0	5.1	5.0	5.3	38.1	10.3	48.4
1301101PIP	2011	13	96	6.0	6.1	4.4	0.9	1.0	1.7	5.2	2.7	8.0
1301101PIP	2011	13	97	6.8	6.8	6.1	1.1	1.3	2.1	7.2	3.3	10.5
1301101PIP	2011	13	98	4.9	5.1	2.6	0.5	0.7	1.3	3.1	2.0	5.1
1301101PIP	2011	13	99	3.1	3.6	0.8	0.2	0.2	0.7	1.0	0.9	1.9
1301101PIP	2011	13	100	6.0	6.1	4.4	0.9	1.0	1.7	5.2	2.7	8.0
1301101PIP	2011	13	101	3.2	3.7	0.9	0.2	0.3	0.7	1.1	0.9	2.0
1301101PIP	2011	25	102	15.4	14.2	55.7	6.0	8.2	4.2	61.6	12.4	74.0
1301101PIP	2011	13	103	9.3	8.9	13.7	2.4	2.4	3.2	16.1	5.6	21.7
1301101PIP	2011	13	104	9.9	9.3	16.0	2.7	2.8	3.5	18.7	6.3	25.0
1301101PIP	2011	13	105	3.5	3.9	1.1	0.2	0.3	0.8	1.3	1.1	2.5
1301101PIP	2011	13	106	6.1	6.2	4.6	0.9	1.0	1.8	5.5	2.8	8.3
1301101PIP	2011	13	107	8.3	8.0	10.1	1.8	1.9	2.8	11.9	4.7	16.6
1301101PIP	2011	13	108	6.0	6.1	4.4	0.9	1.0	1.7	5.2	2.7	8.0
1301101PIP	2011	13	109	4.7	5.0	2.3	0.5	0.6	1.2	2.8	1.8	4.6
1301101PIP	2011	13	110	7.6	7.5	8.1	1.5	1.6	2.4	9.6	4.0	13.6
1301101PIP	2011	13	111	3.7	4.1	1.3	0.3	0.4	0.9	1.5	1.2	2.8
1301101PIP	2011	13	112	3.9	4.3	1.4	0.3	0.4	0.9	1.8	1.3	3.1
1301101PIP	2011	13	113	8.1	7.9	9.6	1.7	1.8	2.6	11.3	4.5	15.7
1301101PIP	2011	13	114	12.3	11.2	28.2	4.5	4.3	4.8	32.7	9.1	41.8
1301101PIP	2011	74	115	6.5	9.7	5.9	1.4	0.8	0.6	7.3	1.4	8.7
1301101PIP	2011	13	116	12.4	11.2	28.6	4.5	4.4	4.9	33.2	9.3	42.5
1301101PIP	2011	13	117	7.4	7.3	7.6	1.4	1.5	2.3	8.9	3.8	12.8
1301101PIP	2011	13	118	10.0	9.4	16.5	2.8	2.8	3.6	19.3	6.4	25.7
1301101PIP	2011	13	119	6.5	6.5	5.4	1.0	1.2	2.0	6.4	3.1	9.5
1301101PIP	2011	13	120	3.0	3.5	0.7	0.2	0.2	0.6	0.9	0.9	1.8
1301101PIP	2011	13	121	7.2	7.1	7.0	1.3	1.4	2.3	8.3	3.7	12.0
1301101PIP	2011	13	122	10.3	9.7	17.9	3.0	3.0	3.7	20.9	6.7	27.6
1301101PIP	2011	13	123	7.9	7.7	8.9	1.6	1.7	2.6	10.5	4.3	14.8
1301101PIP	2011	13	124	4.2	4.5	1.7	0.4	0.5	1.1	2.1	1.5	3.6
1301101PIP	2011	25	125	8.5	10.1	13.9	1.8	1.9	1.6	15.7	3.5	19.2
1301101PIP	2011	13	126	16.7	14.1	60.8	8.8	8.4	7.7	69.6	16.1	85.8
1301101PIP	2011	13	127	15.9	13.6	53.8	7.9	7.6	7.1	61.7	14.7	76.4
1301101PIP	2011	13	128	3.9	4.3	1.4	0.3	0.4	0.9	1.8	1.3	3.1
1301101PIP	2011	25	129	17.4	15.0	72.7	7.6	11.3	5.1	80.2	16.5	96.7
1301101PIP	2011	13	130	6.6	6.6	5.6	1.1	1.2	2.0	6.6	3.2	9.9
1301101PIP	2011	13	131	2.7	3.2	0.6	0.1	0.2	0.5	0.7	0.7	1.4
1301101PIP	2011	13	132	8.8	8.5	11.9	2.1	2.2	3.0	14.0	5.1	19.1
1301101PIP	2011	25	133	10.3	11.4	22.1	2.6	3.0	2.2	24.7	5.2	29.9
1301101PIP	2011	13	134	3.4	3.8	1.0	0.2	0.3	0.8	1.2	1.1	2.3
1301101PIP	2011	13	135	6.6	6.6	5.6	1.1	1.2	2.0	6.6	3.2	9.9
1301101PIP	2011	13	136	4.5	4.8	2.1	0.4	0.5	1.1	2.5	1.7	4.2
1301101PIP	2011	13	137	3.4	3.8	1.0	0.2	0.3	0.8	1.2	1.1	2.3
1301101PIP	2011	13	138	9.0	8.6	12.5	2.2	2.3	3.1	14.7	5.4	20.1
1301101PIP	2011	13	139	13.5	12.0	35.6	5.5	5.3	5.5	41.1	10.9	52.0
1301101PIP	2011	13	141	13.3	11.9	34.4	5.3	5.1	5.4	39.7	10.5	50.2
1301101PIP	2011	13	142	13.9	12.3	38.4	5.9	5.6	5.8	44.3	11.4	55.7
1301101PIP	2011	25	143	19.6	15.7	93.4	9.5	15.6	6.4	103.0	22.0	124.9
1301101PIP	2011	38	144	5.7	8.5	5.4	1.0	0.9	0.7	6.4	1.6	8.0
1301101PIP	2011	13	145	7.5	7.4	7.8	1.4	1.6	2.4	9.3	3.9	13.2
1301101PIP	2011	13	146	4.7	5.0	2.3	0.5	0.6	1.2	2.8	1.8	4.6
1191031PIP	2011	3	1	7.1	11.0	10.8	1.4	0.7	1.1	12.1	1.8	13.9
1191031PIP	2011	3	2	3.8	7.8	2.4	0.4	0.1	0.4	2.9	0.5	3.4
1191031PIP	2011	13	3	5.8	5.6	3.8	0.8	1.0	1.8	4.5	2.8	7.3
1191031PIP	2011	13	4	3.7	3.9	1.2	0.3	0.4	0.9	1.5	1.3	2.8
1191031PIP	2011	13	5	3.1	3.4	0.8	0.2	0.3	0.7	0.9	1.0	1.9
1191031PIP	2011	13	6	8.5	7.8	10.3	1.8	2.2	3.0	12.1	5.2	17.3
1191031PIP	2011	3	7	8.7	12.0	17.0	2.0	1.2	1.6	18.9	2.8	21.7
1191031PIP	2011	13	8	4.8	4.8	2.3	0.5	0.7	1.4	2.8	2.0	4.9
1191031PIP	2011	13	9	4.0	4.1	1.4	0.3	0.5	1.1	1.8	1.5	3.3
1191031PIP	2011	3	10	6.1	10.1	7.5	1.0	0.5	0.8	8.5	1.3	9.8
1191031PIP	2011	13	11	4.2	4.3	1.6	0.4	0.5	1.1	2.0	1.6	3.6
1191031PIP	2011	13	12	3.8	4.0	1.3	0.3	0.4	1.0	1.6	1.4	2.9
1191031PIP	2011	13	13	4.8	4.8	2.3	0.5	0.7	1.4	2.8	2.0	4.9
1191031PIP	2011	13	14	2.5	2.9	0.4	0.1	0.2	0.5	0.6	0.7	1.2
1191031PIP	2011	13	15	5.3	5.2	3.0	0.6	0.8	1.6	3.6	2.4	6.0
1191031PIP	2011	13	16	4.3	4.4	1.8	0.4	0.5	1.2	2.1	1.7	3.8
1191031PIP	2011	13	17	3.8	4.0	1.3	0.3	0.4	1.0	1.6	1.4	2.9
1191031PIP	2011	13	18	2.8	3.2	0.6	0.1	0.2	0.6	0.8	0.8	1.5
1191031PIP	2011	13	19	5.2	5.1	2.8	0.6	0.8	1.5	3.4	2.3	5.8
1191031PIP	2011	13	20	3.1	3.4	0.8	0.2	0.3	0.7	0.9	1.0	1.9
1191031PIP	2011	3	21	5.2	9.3	5.2	0.7	0.3	0.6	5.9	0.9	6.9
1191031PIP	2011	13	22	2.7	3.1	0.5	0.1	0.2	0.6	0.7	0.8	1.4
1191031PIP	2011	13	23	2.6	3.0	0.5	0.1	0.2	0.5	0.6	0.7	1.3
1191031PIP	2011	13	24	5.4	5.3	3.2	0.6	0.9	1.6	3.8	2.5	6.3
1191031PIP	2011	13	25	2.5	2.9	0.4	0.1	0.2	0.5	0.6	0.7	1.2
1191031PIP	2011	13	26	2.6	3.0	0.5	0.1	0.2	0.5	0.6	0.7	1.3
1191031PIP	2011	13	27	4.6	4.6	2.1	0.4	0.6	1.3	2.5	1.9	4.4
1191031PIP	2011	13	28	3.1	3.4	0.8	0.2	0.3	0.7	0.9	1.0	1.9
1191031PIP	2011	13	35	9.0	8.1	11.8	2.1	2.5	3.3	13.9	5.8	19.7
1191031PIP	2011	13	36	3.0	3.3	0.7	0.2	0.2	0.7	0.9	0.9	1.8
1191031PIP	2011	13	37	5.7	5.5	3.6	0.7	1.0	1.8	4.3	2.7	7.1
1191031PIP	2011	13	40	3.5	3.7	1.0	0.2	0.3	0.9	1.3	1.2	2.5
1191031PIP	2011	13	44	20.9	15.5	99.0	13.9	15.3	12.0	112.9	27.4	140.3
1191031PIP	2011	13	45	26.2	17.7	168.1	22.5	26.5	17.9	190.6	44.4	235.0
1191031PIP	2011	13	47	14.2	11.8	38.3	5.9	6.4	6.5	44.2	12.9	57.1
1191031PIP	2011	13	48	23.4	16.6	129.3	17.7	20.1	14.6	147.0	34.7	181.7
1191031PIP	2011	13	50	22.3	16.1	115.3	15.9	17.9	13.5	131.2	31.4	162.6
1191031PIP	2011	13	51	10.1	9.0	16.1	2.7	3.1	3.9	18.8	7.0	25.8
1191031PIP	2011	3	60	4.1	8.1	2.9	0.5	0.2	0.4	3.4	0.6	4.0
1191031PIP	2011	13	62	2.6	3.0	0.5	0.1	0.2	0.5	0.6	0.7	1.3
1191031PIP	2011	3	63	3.8	7.8	2.4	0.4	0.1	0.4	2.9	0.5	3.4
1191031PIP	2011	13	64	3.4	3.7	1.0	0.2	0.3	0.8	1.2	1.1	2.3
1191031PIP	2011	13	65	3.1	3.4	0.8	0.2	0.3	0.7	0.9	1.0	1.9
1191031PIP	2011	13	66	4.1	4.2	1.5	0.3	0.5	1.1	1.9	1.6	3.5
1191031PIP	2011	13	67	2.7	3.1	0.5	0.1	0.2	0.6	0.7	0.8	1.4
1191031PIP	2011	13	68	2.9	3.2	0.6	0.2	0.2	0.6	0.8	0.9	1.7
1191031PIP	2011	13	69	5.6	5.4	3.4	0.7	0.9	1.7	4.1	2.7	6.8
1191031PIP	2011	13	70	4.6	4.6	2.1	0.4	0.6	1.3	2.5	1.9	4.4
1191031PIP	2011	13	71	2.5	2.9	0.4	0.1	0.2	0.5	0.6	0.7	1.2
1191031PIP	2011	13	72	4.2	4.3	1.6	0.4	0.5	1.1	2.0	1.6	3.6
1191031PIP	2011	3	74	7.4	11.2	11.8	1.5	0.8	1.2	13.3	2.0	15.2
1191031PIP	2011	13	75	3.4	3.7	1.0	0.2	0.3	0.8	1.2	1.1	2.3
1191031PIP	2011	13	76	4.3	4.4	1.8	0.4	0.5	1.2	2.1	1.7	3.8
1191031PIP	2011	13	77	2.5	2.9	0.4	0.1	0.2	0.5	0.6	0.7	1.2
1191031PIP	2011	13	78	3.0	3.3	0.7	0.2	0.2	0.7	0.9	0.9	1.8
1191031PIP	2011	13	79	3.1	3.4	0.8	0.2	0.3	0.7	0.9	1.0	1.9
1191031PIP	2011	3	80	3.5	7.4	2.0	0.3	0.1	0.3	2.3	0.4	2.8
1191031PIP	2011	13	81	4.1	4.2	1.5	0.3	0.5	1.1	1.9	1.6	3.5
1191031PIP	2011	13	82	2.8	3.2	0.6	0.1	0.2	0.6	0.8	0.8	1.5
1191031PIP	2011	13	83	3.3	3.6	0.9	0.2	0.3	0.8	1.1	1.1	2.2
1191031PIP	2011	13	84	4.7	4.7	2.2	0.5	0.6	1.3	2.7	2.0	4.6
1191031PIP	2011	13	85	7.2	6.7	6.6	1.3	1.6	2.4	7.9	4.0	11.9
1191031PIP	2011	3	86	4.4	8.5	3.5	0.5	0.2	0.5	4.0	0.7	4.7
1191031PIP	2011	13	87	3.6	3.8	1.1	0.3	0.4	0.9	1.4	1.3	2.6
1191031PIP	2011	13	88	3.3	3.6	0.9	0.2	0.3	0.8	1.1	1.1	2.2
1191031PIP	2011	13	89	3.1	3.4	0.8	0.2	0.3	0.7	0.9	1.0	1.9
1191031PIP	2011	13	90	2.7	3.1	0.5	0.1	0.2	0.6	0.7	0.8	1.4
1191031PIP	2011	13	91	3.8	4.0	1.3	0.3	0.4	1.0	1.6	1.4	2.9
1191031PIP	2011	13	92	2.9	3.2	0.6	0.2	0.2	0.6	0.8	0.9	1.7
1191031PIP	2011	13	93	2.9	3.2	0.6	0.2	0.2	0.6	0.8	0.9	1.7
1191031PIP	2011	3	59	3.1	6.8	1.5	0.3	0.1	0.2	1.7	0.3	2.1
1191031PIP	2011	13	58	2.9	3.2	0.6	0.2	0.2	0.6	0.8	0.9	1.7
1191031PIP	2011	13	57	2.8	3.2	0.6	0.1	0.2	0.6	0.8	0.8	1.5
1191031PIP	2011	13	56	5.8	5.6	3.8	0.8	1.0	1.8	4.5	2.8	7.3
1191031PIP	2011	13	55	2.9	3.2	0.6	0.2	0.2	0.6	0.8	0.9	1.7
1191031PIP	2011	13	54	3.2	3.5	0.8	0.2	0.3	0.7	1.0	1.0	2.0
1191031PIP	2011	3	43	3.8	7.8	2.4	0.4	0.1	0.4	2.9	0.5	3.4
1191031PIP	2011	3	42	3.7	7.6	2.3	0.4	0.1	0.3	2.6	0.5	3.1
1191031PIP	2011	3	41	3.4	7.2	1.8	0.3	0.1	0.3	2.2	0.4	2.6
1191031PIP	2011	13	34	2.5	2.9	0.4	0.1	0.2	0.5	0.6	0.7	1.2
1191031PIP	2011	13	33	2.6	3.0	0.5	0.1	0.2	0.5	0.6	0.7	1.3
1191031PIP	2011	13	32	2.6	3.0	0.5	0.1	0.2	0.5	0.6	0.7	1.3
1191031PIP	2011	13	31	2.5	2.9	0.4	0.1	0.2	0.5	0.6	0.7	1.2
1191031PIP	2011	13	30	3.9	4.1	1.4	0.3	0.4	1.0	1.7	1.4	3.1
1191031PIP	2011	13	29	4.8	4.8	2.3	0.5	0.7	1.4	2.8	2.0	4.9
1191031PIP	2011	13	94	2.8	3.2	0.6	0.1	0.2	0.6	0.8	0.8	1.5
1191031PIP	2011	13	95	3.1	3.4	0.8	0.2	0.3	0.7	0.9	1.0	1.9
1191031PIP	2011	13	96	2.7	3.1	0.5	0.1	0.2	0.6	0.7	0.8	1.4
1191031PIP	2011	13	97	5.0	5.0	2.6	0.5	0.7	1.4	3.1	2.2	5.3
1191031PIP	2011	13	98	4.1	4.2	1.5	0.3	0.5	1.1	1.9	1.6	3.5
1191031PIP	2011	13	99	6.3	6.0	4.7	0.9	1.2	2.0	5.6	3.2	8.8
1191031PIP	2011	13	100	4.1	4.2	1.5	0.3	0.5	1.1	1.9	1.6	3.5
1191031PIP	2011	13	101	5.1	5.0	2.7	0.6	0.8	1.5	3.3	2.3	5.5
1191031PIP	2011	13	102	3.5	3.7	1.0	0.2	0.3	0.9	1.3	1.2	2.5
1191031PIP	2011	3	103	3.1	6.8	1.5	0.3	0.1	0.2	1.7	0.3	2.1
1191031PIP	2011	13	104	5.7	5.5	3.6	0.7	1.0	1.8	4.3	2.7	7.1
1191031PIP	2011	13	105	6.2	5.9	4.5	0.9	1.2	2.0	5.4	3.1	8.5
1191031PIP	2011	3	106	8.4	11.9	15.8	1.9	1.1	1.5	17.7	2.6	20.2
1191031PIP	2011	13	107	3.8	4.0	1.3	0.3	0.4	1.0	1.6	1.4	2.9
1191031PIP	2011	3	108	2.6	6.1	0.9	0.2	0.1	0.2	1.1	0.2	1.4
1191031PIP	2011	13	109	5.4	5.3	3.2	0.6	0.9	1.6	3.8	2.5	6.3
1191031PIP	2011	13	110	4.9	4.9	2.5	0.5	0.7	1.4	3.0	2.1	5.1
1191031PIP	2011	13	111	5.3	5.2	3.0	0.6	0.8	1.6	3.6	2.4	6.0
1191031PIP	2011	13	112	6.4	6.1	4.9	1.0	1.2	2.0	5.8	3.3	9.1
1191031PIP	2011	13	113	3.1	3.4	0.8	0.2	0.3	0.7	0.9	1.0	1.9
1191031PIP	2011	13	114	3.0	3.3	0.7	0.2	0.2	0.7	0.9	0.9	1.8
1191031PIP	2011	13	115	5.9	5.7	4.0	0.8	1.0	1.8	4.8	2.9	7.6
1191031PIP	2011	13	116	5.4	5.3	3.2	0.6	0.9	1.6	3.8	2.5	6.3
1191031PIP	2011	13	117	3.9	4.1	1.4	0.3	0.4	1.0	1.7	1.4	3.1
1191031PIP	2011	13	118	5.2	5.1	2.8	0.6	0.8	1.5	3.4	2.3	5.8
1191031PIP	2011	13	119	2.9	3.2	0.6	0.2	0.2	0.6	0.8	0.9	1.7
1191031PIP	2011	13	120	5.4	5.3	3.2	0.6	0.9	1.6	3.8	2.5	6.3
1191031PIP	2011	3	121	3.9	7.9	2.6	0.4	0.2	0.4	3.0	0.5	3.6
1191031PIP	2011	13	122	6.7	6.3	5.5	1.1	1.4	2.2	6.5	3.6	10.1
1191031PIP	2011	13	123	3.4	3.7	1.0	0.2	0.3	0.8	1.2	1.1	2.3
1191031PIP	2011	13	124	5.6	5.4	3.4	0.7	0.9	1.7	4.1	2.7	6.8
1191031PIP	2011	13	125	5.4	5.3	3.2	0.6	0.9	1.6	3.8	2.5	6.3
1191031PIP	2011	13	126	9.5	8.5	13.6	2.4	2.8	3.6	16.0	6.4	22.4
1191031PIP	2011	13	127	3.8	4.0	1.3	0.3	0.4	1.0	1.6	1.4	2.9
1191031PIP	2011	3	128	24.9	15.7	139.9	12.4	23.1	10.2	152.3	33.3	185.6
1191031PIP	2011	3	129	6.2	10.2	7.8	1.0	0.5	0.8	8.9	1.4	10.2
1191031PIP	2011	13	130	9.9	8.8	15.2	2.6	3.0	3.8	17.8	6.8	24.6
1191031PIP	2011	13	131	4.5	4.5	1.9	0.4	0.6	1.3	2.4	1.9	4.2
1191031PIP	2011	3	132	5.3	9.4	5.4	0.8	0.3	0.6	6.2	1.0	7.2
1191031PIP	2011	13	134	3.3	3.6	0.9	0.2	0.3	0.8	1.1	1.1	2.2
1191031PIP	2011	3	135	4.8	8.9	4.3	0.6	0.3	0.5	4.9	0.8	5.7
1191031PIP	2011	13	136	2.8	3.2	0.6	0.1	0.2	0.6	0.8	0.8	1.5
1191031PIP	2011	13	137	5.5	5.4	3.3	0.7	0.9	1.6	4.0	2.5	6.5
1191031PIP	2011	13	138	10.1	9.0	16.1	2.7	3.1	3.9	18.8	7.0	25.8
1191031PIP	2011	13	139	3.9	4.1	1.4	0.3	0.4	1.0	1.7	1.4	3.1
1191031PIP	2011	13	140	5.0	5.0	2.6	0.5	0.7	1.4	3.1	2.2	5.3
1191031PIP	2011	13	141	2.6	3.0	0.5	0.1	0.2	0.5	0.6	0.7	1.3
1191031PIP	2011	13	142	5.7	5.5	3.6	0.7	1.0	1.8	4.3	2.7	7.1
1191031PIP	2011	13	143	6.4	6.1	4.9	1.0	1.2	2.0	5.8	3.3	9.1
1191031PIP	2011	13	144	2.5	2.9	0.4	0.1	0.2	0.5	0.6	0.7	1.2
1191031PIP	2011	3	145	5.5	9.6	5.9	0.8	0.4	0.7	6.7	1.1	7.8
1191031PIP	2011	13	146	3.1	3.4	0.8	0.2	0.3	0.7	0.9	1.0	1.9
1191031PIP	2011	13	147	4.8	4.8	2.3	0.5	0.7	1.4	2.8	2.0	4.9
1191031PIP	2011	3	148	4.1	8.1	2.9	0.5	0.2	0.4	3.4	0.6	4.0
1191031PIP	2011	13	149	2.7	3.1	0.5	0.1	0.2	0.6	0.7	0.8	1.4
1191031PIP	2011	13	150	4.7	4.7	2.2	0.5	0.6	1.3	2.7	2.0	4.6
1191031PIP	2011	3	151	4.6	8.7	3.9	0.6	0.2	0.5	4.5	0.7	5.2
1191031PIP	2011	13	152	2.9	3.2	0.6	0.2	0.2	0.6	0.8	0.9	1.7
1191031PIP	2011	13	153	2.5	2.9	0.4	0.1	0.2	0.5	0.6	0.7	1.2
1191031PIP	2011	13	154	2.6	3.0	0.5	0.1	0.2	0.5	0.6	0.7	1.3
1191031PIP	2011	13	156	3.1	3.4	0.8	0.2	0.3	0.7	0.9	1.0	1.9
1191031PIP	2011	13	157	5.4	5.3	3.2	0.6	0.9	1.6	3.8	2.5	6.3
1191031PIP	2011	13	158	6.5	6.2	5.1	1.0	1.3	2.1	6.1	3.3	9.4
1191031PIP	2011	13	159	4.4	4.5	1.9	0.4	0.6	1.2	2.3	1.7	4.0
1191031PIP	2011	3	160	7.5	11.3	12.2	1.5	0.8	1.2	13.7	2.0	15.7
1191031PIP	2011	3	161	7.4	11.2	11.8	1.5	0.8	1.2	13.3	2.0	15.2
1191031PIP	2011	3	162	25.2	15.8	143.8	12.7	23.8	10.4	156.6	34.2	190.8
1191031PIP	2011	13	163	2.9	3.2	0.6	0.2	0.2	0.6	0.8	0.9	1.7
1191031PIP	2011	13	164	5.2	5.1	2.8	0.6	0.8	1.5	3.4	2.3	5.8
1191031PIP	2011	3	165	2.9	6.6	1.3	0.2	0.1	0.2	1.5	0.3	1.8
1191031PIP	2011	3	166	5.9	10.0	7.0	1.0	0.4	0.8	8.0	1.2	9.2
1191031PIP	2011	13	168	3.6	3.8	1.1	0.3	0.4	0.9	1.4	1.3	2.6
1191031PIP	2011	13	169	4.1	4.2	1.5	0.3	0.5	1.1	1.9	1.6	3.5
1191031PIP	2011	13	170	3.9	4.1	1.4	0.3	0.4	1.0	1.7	1.4	3.1
1191031PIP	2011	13	171	3.2	3.5	0.8	0.2	0.3	0.7	1.0	1.0	2.0
1191031PIP	2011	13	172	3.6	3.8	1.1	0.3	0.4	0.9	1.4	1.3	2.6
1191031PIP	2011	13	173	7.1	6.7	6.4	1.2	1.5	2.4	7.7	3.9	11.5
1191031PIP	2011	13	174	3.1	3.4	0.8	0.2	0.3	0.7	0.9	1.0	1.9
1191031PIP	2011	13	175	3.9	4.1	1.4	0.3	0.4	1.0	1.7	1.4	3.1
1191031PIP	2011	13	176	2.8	3.2	0.6	0.1	0.2	0.6	0.8	0.8	1.5
1191031PIP	2011	13	177	5.2	5.1	2.8	0.6	0.8	1.5	3.4	2.3	5.8
1191031PIP	2011	13	178	2.9	3.2	0.6	0.2	0.2	0.6	0.8	0.9	1.7
1191031PIP	2011	3	179	4.5	8.6	3.7	0.6	0.2	0.5	4.2	0.7	4.9
1191031PIP	2011	3	180	2.6	6.1	0.9	0.2	0.1	0.2	1.1	0.2	1.4
1191031PIP	2011	3	181	5.0	9.1	4.7	0.7	0.3	0.6	5.4	0.9	6.3
1191031PIP	2011	13	182	4.3	4.4	1.8	0.4	0.5	1.2	2.1	1.7	3.8
1191031PIP	2011	13	184	2.9	3.2	0.6	0.2	0.2	0.6	0.8	0.9	1.7
1191031PIP	2011	13	185	2.6	3.0	0.5	0.1	0.2	0.5	0.6	0.7	1.3
1191031PIP	2011	13	186	3.3	3.6	0.9	0.2	0.3	0.8	1.1	1.1	2.2
1191031PIP	2011	13	187	3.8	4.0	1.3	0.3	0.4	1.0	1.6	1.4	2.9
1191031PIP	2011	13	188	3.1	3.4	0.8	0.2	0.3	0.7	0.9	1.0	1.9
1191031PIP	2011	13	189	3.0	3.3	0.7	0.2	0.2	0.7	0.9	0.9	1.8
1191031PIP	2011	13	190	4.8	4.8	2.3	0.5	0.7	1.4	2.8	2.0	4.9
1191031PIP	2011	13	191	3.9	4.1	1.4	0.3	0.4	1.0	1.7	1.4	3.1
1191031PIP	2011	13	192	3.7	3.9	1.2	0.3	0.4	0.9	1.5	1.3	2.8
1191031PIP	2011	13	193	7.7	7.1	7.9	1.5	1.8	2.7	9.3	4.5	13.8
1191031PIP	2011	13	194	2.6	3.0	0.5	0.1	0.2	0.5	0.6	0.7	1.3
1191031PIP	2011	13	195	2.5	2.9	0.4	0.1	0.2	0.5	0.6	0.7	1.2
1191031PIP	2011	13	196	3.1	3.4	0.8	0.2	0.3	0.7	0.9	1.0	1.9
1191031PIP	2011	13	197	5.2	5.1	2.8	0.6	0.8	1.5	3.4	2.3	5.8
1191031PIP	2011	13	198	4.8	4.8	2.3	0.5	0.7	1.4	2.8	2.0	4.9
1191031PIP	2011	13	199	9.1	8.2	12.2	2.1	2.5	3.4	14.3	5.9	20.2
1191031PIP	2011	13	200	4.1	4.2	1.5	0.3	0.5	1.1	1.9	1.6	3.5
1191031PIP	2011	13	301	5.0	5.0	2.6	0.5	0.7	1.4	3.1	2.2	5.3
1191031PIP	2011	13	302	2.9	3.2	0.6	0.2	0.2	0.6	0.8	0.9	1.7
1191031PIP	2011	13	303	3.0	3.3	0.7	0.2	0.2	0.7	0.9	0.9	1.8
1191031PIP	2011	13	304	2.6	3.0	0.5	0.1	0.2	0.5	0.6	0.7	1.3
1191031PIP	2011	13	305	4.0	4.1	1.4	0.3	0.5	1.1	1.8	1.5	3.3
1191031PIP	2011	13	306	4.3	4.4	1.8	0.4	0.5	1.2	2.1	1.7	3.8
1191031PIP	2011	13	307	2.7	3.1	0.5	0.1	0.2	0.6	0.7	0.8	1.4
1191031PIP	2011	13	308	3.9	4.1	1.4	0.3	0.4	1.0	1.7	1.4	3.1
1191031PIP	2011	13	309	3.1	3.4	0.8	0.2	0.3	0.7	0.9	1.0	1.9
1191031PIP	2011	13	310	3.6	3.8	1.1	0.3	0.4	0.9	1.4	1.3	2.6
1191011PIP	2011	13	1	3.6	4.0	1.2	0.3	0.3	0.8	1.4	1.2	2.6
1191011PIP	2011	13	2	5.4	5.7	3.4	0.7	0.8	1.5	4.1	2.2	6.3
1191011PIP	2011	13	3	3.8	4.2	1.3	0.3	0.4	0.9	1.7	1.3	2.9
1191011PIP	2011	3	4	16.0	17.6	76.4	6.6	5.3	4.6	83.0	10.0	92.9
1191011PIP	2011	13	5	4.8	5.1	2.5	0.5	0.6	1.2	3.0	1.9	4.9
1191011PIP	2011	3	6	20.2	18.8	123.0	9.9	10.2	7.0	132.9	17.2	150.1
1191011PIP	2011	3	8	18.4	18.4	102.3	8.4	7.8	5.9	110.7	13.8	124.5
1191011PIP	2011	3	12	18.4	18.4	102.3	8.4	7.8	5.9	110.7	13.8	124.5
1191011PIP	2011	3	15	14.1	16.8	58.3	5.2	3.8	3.7	63.5	7.5	70.9
1191011PIP	2011	3	16	23.5	19.4	165.1	12.9	15.7	9.2	177.9	24.9	202.9
1191011PIP	2011	13	17	26.0	18.9	177.1	23.1	23.5	16.1	200.3	39.6	239.9
1191011PIP	2011	3	18	20.5	18.9	126.9	10.2	10.6	7.2	137.1	17.8	154.9
1191011PIP	2011	3	19	15.8	17.5	74.3	6.4	5.2	4.5	80.7	9.7	90.4
1191011PIP	2011	3	20	15.0	17.2	66.6	5.8	4.5	4.1	72.4	8.6	81.0
1191011PIP	2011	13	21	2.6	3.2	0.5	0.1	0.2	0.5	0.7	0.7	1.3
1191011PIP	2011	3	24	17.0	17.9	86.5	7.3	6.3	5.1	93.8	11.5	105.2
1191011PIP	2011	13	27	4.2	4.6	1.8	0.4	0.5	1.0	2.1	1.5	3.6
1191011PIP	2011	3	28	15.1	17.3	67.8	5.9	4.5	4.2	73.8	8.7	82.5
1191011PIP	2011	3	30	21.0	19.0	133.0	10.6	11.4	7.5	143.6	18.9	162.5
1191011PIP	2011	13	32	4.3	4.7	1.9	0.4	0.5	1.1	2.3	1.5	3.8
1191011PIP	2011	13	33	2.8	3.3	0.6	0.2	0.2	0.6	0.8	0.8	1.5
1191011PIP	2011	13	35	6.8	6.9	6.2	1.2	1.3	2.0	7.3	3.3	10.6
1191011PIP	2011	13	36	5.1	5.4	2.9	0.6	0.7	1.3	3.5	2.0	5.5
1191011PIP	2011	13	37	4.7	5.0	2.3	0.5	0.6	1.2	2.8	1.8	4.6
1191011PIP	2011	3	39	21.8	19.1	142.6	11.3	12.7	8.0	153.9	20.7	174.7
1191011PIP	2011	13	40	7.9	7.8	9.0	1.6	1.7	2.5	10.7	4.2	14.9
1191011PIP	2011	13	41	7.6	7.6	8.2	1.5	1.6	2.4	9.7	3.9	13.7
1191011PIP	2011	13	42	5.0	5.3	2.8	0.6	0.7	1.3	3.3	2.0	5.3
1191011PIP	2011	13	43	3.5	4.0	1.1	0.3	0.3	0.8	1.4	1.1	2.5
1191011PIP	2011	13	44	4.6	4.9	2.2	0.5	0.6	1.2	2.7	1.8	4.4
1191011PIP	2011	13	45	5.1	5.4	2.9	0.6	0.7	1.3	3.5	2.0	5.5
1191011PIP	2011	13	46	7.6	7.6	8.2	1.5	1.6	2.4	9.7	3.9	13.7
1191011PIP	2011	13	47	5.3	5.6	3.2	0.7	0.7	1.4	3.9	2.2	6.0
1191011PIP	2011	3	49	16.0	17.6	76.4	6.6	5.3	4.6	83.0	10.0	92.9
1191011PIP	2011	3	50	16.8	17.9	84.7	7.2	6.1	5.0	91.9	11.1	103.0
1191011PIP	2011	3	52	20.0	18.8	120.9	9.8	9.9	6.9	130.7	16.8	147.4
1191011PIP	2011	3	53	19.1	18.5	109.7	9.0	8.7	6.3	118.6	15.1	133.7
1191011PIP	2011	13	54	3.3	3.8	1.0	0.2	0.3	0.7	1.2	1.0	2.2
1191011PIP	2011	3	55	16.1	17.6	77.2	6.6	5.4	4.7	83.9	10.1	94.0
1191011PIP	2011	3	56	17.8	18.2	95.4	7.9	7.2	5.6	103.3	12.7	116.1
1191011PIP	2011	13	57	4.2	4.6	1.8	0.4	0.5	1.0	2.1	1.5	3.6
1191011PIP	2011	13	58	3.4	3.9	1.0	0.2	0.3	0.7	1.3	1.0	2.3
1191011PIP	2011	13	59	2.9	3.4	0.7	0.2	0.2	0.6	0.8	0.8	1.7
1191011PIP	2011	3	61	16.9	17.9	85.6	7.2	6.2	5.1	92.8	11.3	104.1
1191011PIP	2011	13	63	4.2	4.6	1.8	0.4	0.5	1.0	2.1	1.5	3.6
1191011PIP	2011	13	65	4.5	4.8	2.1	0.4	0.5	1.1	2.5	1.7	4.2
1191011PIP	2011	13	67	4.6	4.9	2.2	0.5	0.6	1.2	2.7	1.8	4.4
1191011PIP	2011	13	68	4.8	5.1	2.5	0.5	0.6	1.2	3.0	1.9	4.9
1191011PIP	2011	3	69	19.3	18.6	112.3	9.2	9.0	6.5	121.5	15.4	136.9
1191011PIP	2011	13	70	4.0	4.4	1.5	0.3	0.4	1.0	1.9	1.4	3.3
1191011PIP	2011	13	71	2.9	3.4	0.7	0.2	0.2	0.6	0.8	0.8	1.7
1191011PIP	2011	3	72	15.7	17.5	73.5	6.3	5.1	4.5	79.8	9.5	89.4
1191011PIP	2011	3	73	16.8	17.9	84.7	7.2	6.1	5.0	91.9	11.1	103.0
1191011PIP	2011	13	74	14.1	12.6	40.4	6.1	5.7	5.8	46.5	11.5	58.0
1191011PIP	2011	3	75	22.1	19.2	146.9	11.6	13.2	8.2	158.5	21.4	179.9
1191011PIP	2011	13	76	3.9	4.3	1.4	0.3	0.4	0.9	1.8	1.3	3.1
1314861PIP	2011	13	6	2.5	2.9	0.4	0.1	0.2	0.5	0.6	0.7	1.2
1314861PIP	2011	12	7	4.5	3.6	1.4	0.4	0.7	1.7	1.7	2.5	4.2
1314861PIP	2011	13	10	3.3	3.6	0.9	0.2	0.3	0.8	1.1	1.1	2.2
1314861PIP	2011	13	11	3.5	3.7	1.0	0.2	0.3	0.9	1.3	1.2	2.5
1314861PIP	2011	13	13	2.6	3.0	0.5	0.1	0.2	0.5	0.6	0.7	1.3
1314861PIP	2011	13	14	3.2	3.5	0.8	0.2	0.3	0.7	1.0	1.0	2.0
1314861PIP	2011	13	16	3.2	3.5	0.8	0.2	0.3	0.7	1.0	1.0	2.0
1314861PIP	2011	13	17	2.8	3.2	0.6	0.1	0.2	0.6	0.8	0.8	1.5
1314861PIP	2011	13	18	4.0	4.2	1.5	0.3	0.5	1.0	1.8	1.5	3.3
1314861PIP	2011	13	20	3.1	3.4	0.8	0.2	0.3	0.7	0.9	1.0	1.9
1314861PIP	2011	13	21	5.0	5.0	2.6	0.5	0.7	1.4	3.1	2.2	5.3
1314861PIP	2011	13	22	8.3	7.7	9.7	1.8	2.0	2.9	11.5	5.0	16.5
1314861PIP	2011	13	23	4.9	4.9	2.5	0.5	0.7	1.4	3.0	2.1	5.1
1314861PIP	2011	13	24	3.2	3.5	0.8	0.2	0.3	0.7	1.0	1.0	2.0
1314861PIP	2011	22	27	5.3	3.6	1.7	0.3	1.1	1.2	2.0	2.3	4.3
1314861PIP	2011	13	28	7.7	7.2	8.0	1.5	1.8	2.6	9.5	4.4	13.9
1314861PIP	2011	13	8	2.8	3.2	0.6	0.1	0.2	0.6	0.8	0.8	1.5
1294196PIP	2011	73	50	25.4	17.2	130.0	27.4	31.6	5.5	157.4	37.1	194.5
1294196PIP	2011	73	51	20.2	15.9	78.4	17.4	16.5	3.8	95.8	20.2	116.0
1294196PIP	2011	73	52	21.1	16.1	86.1	18.9	18.7	4.0	105.0	22.7	127.7
1294196PIP	2011	73	53	25.5	17.3	131.9	27.7	31.8	5.5	159.6	37.4	196.9
1294196PIP	2011	73	54	12.0	12.5	23.0	6.0	3.9	1.6	29.0	5.5	34.5
1294196PIP	2011	73	56	23.1	16.7	105.8	22.7	24.1	4.7	128.6	28.8	157.3
1294196PIP	2011	73	57	27.2	17.6	151.1	31.4	38.4	6.2	182.5	44.6	227.1
1294196PIP	2011	73	59	24.7	17.1	122.8	26.0	29.1	5.2	148.8	34.3	183.1
1294196PIP	2011	20	60	17.6	12.6	50.8	9.3	10.2	10.0	60.0	20.2	80.3
1294196PIP	2011	20	61	7.3	6.4	5.6	1.0	1.1	2.3	6.6	3.5	10.1
1294196PIP	2011	12	63	22.1	14.4	92.1	13.3	19.8	16.6	105.4	36.3	141.8
1294196PIP	2011	73	64	28.0	17.8	161.4	33.3	41.6	6.5	194.7	48.1	242.8
1294206PIP	2011	13	75	3.2	3.4	0.8	0.2	0.3	0.8	1.0	1.1	2.1
1294206PIP	2011	13	76	3.4	3.6	1.0	0.2	0.3	0.8	1.2	1.2	2.3
1294206PIP	2011	13	77	3.8	3.9	1.3	0.3	0.4	1.0	1.5	1.4	3.0
1294206PIP	2011	13	78	3.1	3.3	0.7	0.2	0.3	0.7	0.9	1.0	1.9
1294206PIP	2011	13	79	3.0	3.3	0.7	0.2	0.2	0.7	0.9	0.9	1.8
1294206PIP	2011	74	80	3.5	3.9	0.7	0.2	0.2	0.2	0.9	0.4	1.3
1294206PIP	2011	13	81	3.7	3.8	1.2	0.3	0.4	1.0	1.4	1.4	2.8
1294206PIP	2011	13	82	3.7	3.8	1.2	0.3	0.4	1.0	1.4	1.4	2.8
1294206PIP	2011	13	83	3.1	3.3	0.7	0.2	0.3	0.7	0.9	1.0	1.9
1321756PIP	2011	13	2	11.5	9.5	21.3	3.6	4.4	5.0	24.8	9.4	34.3
1321756PIP	2011	13	3	11.7	9.6	22.2	3.7	4.6	5.2	25.9	9.8	35.6
1321756PIP	2011	13	4	9.7	8.3	13.8	2.4	3.1	3.9	16.2	7.0	23.2
1321756PIP	2011	13	5	6.8	6.2	5.5	1.1	1.5	2.3	6.6	3.8	10.4
1321756PIP	2011	13	6	11.3	9.4	20.4	3.4	4.2	4.9	23.9	9.1	33.0
1321756PIP	2011	13	7	18.4	13.5	69.0	10.2	12.3	10.5	79.1	22.8	101.9
1321756PIP	2011	13	8	16.1	12.3	49.7	7.6	9.1	8.4	57.3	17.5	74.8
1321756PIP	2011	32	9	2.9	4.8	0.9	0.3	0.3	0.3	1.2	0.6	1.7
1321756PIP	2011	13	10	3.0	3.2	0.7	0.2	0.3	0.7	0.8	1.0	1.8
1321756PIP	2011	13	11	9.7	8.3	13.8	2.4	3.1	3.9	16.2	7.0	23.2
1321756PIP	2011	13	12	11.2	9.3	19.9	3.3	4.2	4.9	23.2	9.0	32.3
1321756PIP	2011	13	13	3.4	3.5	0.9	0.2	0.3	0.9	1.1	1.2	2.4
1321756PIP	2011	13	14	14.2	11.2	36.3	5.7	6.9	6.9	42.1	13.8	55.9
1321756PIP	2011	13	15	3.3	3.5	0.9	0.2	0.3	0.8	1.1	1.1	2.2
1321756PIP	2011	13	16	15.0	11.7	41.8	6.5	7.8	7.5	48.3	15.3	63.5
1321756PIP	2011	13	17	17.5	13.0	60.8	9.1	11.0	9.7	69.9	20.7	90.6
1321756PIP	2011	13	18	16.8	12.7	55.3	8.3	10.0	9.0	63.7	19.0	82.6
1321756PIP	2011	12	19	12.0	9.8	21.2	3.7	4.9	5.9	24.8	10.8	35.7
1321756PIP	2011	13	20	6.7	6.1	5.3	1.0	1.4	2.3	6.3	3.7	10.1
1321756PIP	2011	13	21	8.6	7.5	10.1	1.8	2.4	3.3	11.9	5.7	17.6
1321756PIP	2011	13	22	10.6	8.9	17.3	3.0	3.7	4.5	20.2	8.2	28.4
1321756PIP	2011	13	23	9.5	8.1	13.0	2.3	3.0	3.8	15.3	6.8	22.1
1321756PIP	2011	13	24	15.3	11.9	44.0	6.8	8.1	7.7	50.8	15.8	66.6
1321756PIP	2011	13	25	15.6	12.0	45.9	7.1	8.5	8.0	53.0	16.5	69.5
1321756PIP	2011	13	26	4.2	4.2	1.6	0.4	0.5	1.2	2.0	1.7	3.7
1321756PIP	2011	13	27	6.6	6.0	5.1	1.0	1.4	2.3	6.1	3.7	9.7
1321756PIP	2011	13	28	14.7	11.5	39.6	6.2	7.5	7.3	45.8	14.8	60.6
1321756PIP	2011	13	29	7.0	6.3	5.9	1.1	1.6	2.5	7.1	4.0	11.1
1321756PIP	2011	12	30	16.3	12.3	45.7	7.2	9.6	9.6	52.9	19.1	72.0
1321756PIP	2011	13	31	11.1	9.3	19.6	3.3	4.0	4.7	22.9	8.8	31.7
1321756PIP	2011	13	32	14.3	11.3	37.1	5.8	7.0	7.0	42.9	14.0	56.9
1321756PIP	2011	13	33	4.7	4.5	2.1	0.5	0.7	1.4	2.6	2.1	4.7
1321756PIP	2011	13	34	9.4	8.1	12.7	2.3	2.9	3.7	15.0	6.6	21.6
1321756PIP	2011	38	35	2.8	5.2	0.9	0.2	0.1	0.2	1.1	0.4	1.5
1321756PIP	2011	12	36	3.1	3.2	0.6	0.2	0.3	0.8	0.8	1.1	1.9
1321756PIP	2011	13	37	12.4	10.1	25.8	4.2	5.1	5.6	30.1	10.8	40.8
1321756PIP	2011	13	38	10.6	8.9	17.3	3.0	3.7	4.5	20.2	8.2	28.4
1321756PIP	2011	13	39	3.5	3.6	1.0	0.2	0.4	0.9	1.2	1.3	2.5
1321756PIP	2011	13	40	5.9	5.5	3.8	0.8	1.1	1.9	4.6	3.0	7.6
1321756PIP	2011	13	41	13.6	10.9	32.8	5.2	6.2	6.4	38.0	12.7	50.7
1321756PIP	2011	13	42	4.5	4.4	1.9	0.4	0.6	1.3	2.3	1.9	4.2
1321756PIP	2011	25	43	6.7	8.2	7.4	1.0	1.1	1.2	8.4	2.3	10.7
1321756PIP	2011	13	44	5.1	4.9	2.6	0.6	0.8	1.5	3.2	2.3	5.5
1321756PIP	2011	13	45	4.2	4.2	1.6	0.4	0.5	1.2	2.0	1.7	3.7
1321756PIP	2011	12	46	22.5	15.1	99.6	14.2	19.9	16.4	113.8	36.3	150.1
1321756PIP	2011	32	48	5.2	7.1	3.9	0.9	1.2	0.7	4.8	1.9	6.7
1321756PIP	2011	13	49	6.7	6.1	5.3	1.0	1.4	2.3	6.3	3.7	10.1
1321756PIP	2011	13	50	7.3	6.5	6.6	1.3	1.7	2.6	7.8	4.4	12.2
1321756PIP	2011	38	56	9.0	10.8	16.4	3.0	2.9	1.6	19.4	4.5	23.9
1321756PIP	2011	13	58	4.2	4.2	1.6	0.4	0.5	1.2	2.0	1.7	3.7
1321756PIP	2011	13	59	4.8	4.6	2.2	0.5	0.7	1.4	2.7	2.2	4.9
1321756PIP	2011	13	60	13.4	10.7	31.4	5.0	6.1	6.4	36.4	12.5	48.8
1321756PIP	2011	13	61	15.5	12.0	45.4	7.0	8.3	7.9	52.4	16.2	68.6
1321756PIP	2011	13	64	5.8	5.4	3.6	0.7	1.1	1.9	4.4	2.9	7.3
1321756PIP	2011	38	65	16.3	13.7	66.1	11.3	15.4	4.7	77.4	20.2	97.6
1321756PIP	2011	13	66	17.9	13.2	64.3	9.5	11.6	10.1	73.8	21.7	95.5
1321756PIP	2011	13	67	20.2	14.4	86.7	12.5	15.2	12.2	99.1	27.4	126.5
1314891PIP	2011	25	3	19.1	19.3	113.3	10.3	11.3	5.0	123.6	16.4	140.0
1314891PIP	2011	25	4	15.1	17.4	68.0	6.5	6.1	3.3	74.4	9.5	83.9
1314891PIP	2011	25	5	7.7	11.7	14.0	1.6	1.2	1.1	15.6	2.3	17.9
1314891PIP	2011	25	6	6.1	9.9	7.8	1.0	0.7	0.8	8.8	1.5	10.3
1314891PIP	2011	13	7	12.2	13.3	33.1	4.9	3.3	3.7	38.0	7.0	45.0
1314891PIP	2011	13	9	18.3	18.0	91.1	12.2	8.0	7.0	103.3	15.0	118.3
1314891PIP	2011	25	10	15.6	17.7	73.2	6.9	6.6	3.5	80.1	10.2	90.3
1314891PIP	2011	25	11	9.3	13.2	22.0	2.4	1.8	1.5	24.4	3.4	27.8
1314891PIP	2011	25	13	5.0	8.6	4.8	0.7	0.4	0.6	5.4	1.0	6.5
1314891PIP	2011	25	14	14.4	17.0	61.1	5.9	5.4	3.1	67.0	8.5	75.5
1314891PIP	2011	25	15	11.3	14.9	35.0	3.6	3.0	2.1	38.6	5.0	43.7
1314891PIP	2011	25	16	12.3	15.7	42.9	4.3	3.6	2.4	47.2	6.0	53.2
1314891PIP	2011	25	17	7.5	11.5	13.1	1.5	1.1	1.1	14.7	2.2	16.9
1314891PIP	2011	25	18	11.4	15.0	35.8	3.7	3.0	2.1	39.5	5.1	44.6
1314891PIP	2011	25	19	15.3	17.5	69.9	6.6	6.3	3.4	76.6	9.8	86.3
1314891PIP	2011	25	20	24.7	21.1	192.9	16.8	22.9	8.0	209.7	30.9	240.6
1314891PIP	2011	13	22	4.6	5.7	2.6	0.5	0.5	1.0	3.1	1.4	4.5
1308016PIP	2011	13	1	5.3	5.9	3.4	0.7	0.7	1.3	4.1	2.0	6.1
1308016PIP	2011	38	2	4.3	6.5	2.5	0.5	0.5	0.5	3.0	1.0	4.0
1308016PIP	2011	38	3	2.7	4.7	0.8	0.2	0.1	0.2	0.9	0.4	1.3
1308016PIP	2011	13	4	3.0	3.7	0.8	0.2	0.2	0.6	1.0	0.8	1.8
1308016PIP	2011	38	6	3.6	5.7	1.6	0.3	0.3	0.4	1.9	0.7	2.6
1308016PIP	2011	13	7	6.1	6.7	4.9	0.9	0.9	1.6	5.9	2.5	8.4
1308016PIP	2011	20	8	11.1	10.2	18.1	3.1	2.7	4.0	21.3	6.6	27.9
1308016PIP	2011	13	9	4.0	4.6	1.6	0.4	0.4	0.9	2.0	1.3	3.3
1308016PIP	2011	13	10	6.5	7.0	5.8	1.1	1.1	1.8	6.8	2.8	9.7
1308016PIP	2011	13	11	2.7	3.4	0.6	0.1	0.2	0.5	0.7	0.7	1.4
1308016PIP	2011	38	12	6.6	8.4	7.3	1.4	1.4	1.0	8.6	2.4	11.0
1308016PIP	2011	38	13	8.7	9.8	14.3	2.6	2.9	1.6	16.9	4.5	21.4
1308016PIP	2011	38	14	5.0	7.1	3.6	0.7	0.7	0.6	4.4	1.3	5.7
1308016PIP	2011	13	17	11.3	11.3	24.6	3.9	3.2	3.8	28.4	7.0	35.5
1308016PIP	2011	13	18	16.0	14.9	59.6	8.5	6.8	6.4	68.1	13.2	81.3
1308016PIP	2011	13	19	17.2	15.7	71.3	10.0	8.0	7.2	81.3	15.1	96.4
1308016PIP	2011	38	20	9.6	10.3	18.1	3.3	3.8	1.9	21.4	5.7	27.1
1308016PIP	2011	38	21	6.1	8.1	6.0	1.1	1.1	0.9	7.2	2.0	9.2
1308016PIP	2011	13	22	2.9	3.6	0.7	0.2	0.2	0.5	0.9	0.7	1.6
1308016PIP	2011	13	23	17.4	15.8	73.2	10.2	8.2	7.3	83.4	15.5	99.0
1308016PIP	2011	13	24	20.1	17.4	103.8	14.0	11.5	9.3	117.8	20.7	138.6
1308016PIP	2011	13	25	3.1	3.8	0.9	0.2	0.2	0.6	1.1	0.8	1.9
1308016PIP	2011	13	26	3.1	3.8	0.9	0.2	0.2	0.6	1.1	0.8	1.9
1308016PIP	2011	20	27	3.5	3.8	0.9	0.2	0.2	0.7	1.1	0.8	1.9
1308016PIP	2011	13	28	2.8	3.5	0.7	0.2	0.2	0.5	0.8	0.7	1.5
1308016PIP	2011	13	29	18.7	16.6	87.3	12.0	9.7	8.2	99.3	17.9	117.2
1308016PIP	2011	13	30	8.2	8.6	10.7	1.8	1.7	2.4	12.5	4.1	16.6
1308016PIP	2011	13	31	23.3	19.1	147.7	19.3	16.2	11.9	166.9	28.2	195.1
1308016PIP	2011	13	32	22.3	18.6	133.2	17.5	14.6	11.1	150.7	25.7	176.4
1308016PIP	2011	13	34	5.1	5.7	3.1	0.6	0.6	1.3	3.7	1.9	5.6
1308016PIP	2011	13	35	2.9	3.6	0.7	0.2	0.2	0.5	0.9	0.7	1.6
1308016PIP	2011	13	36	7.2	7.7	7.6	1.4	1.3	2.0	9.0	3.3	12.3
1314891PIP	2011	13	23	2.9	3.9	0.8	0.2	0.2	0.5	1.0	0.7	1.6
1321756PIP	2011	13	54	4.8	4.6	2.2	0.5	0.7	1.4	2.7	2.2	4.9
1321756PIP	2011	13	53	10.9	9.1	18.6	3.1	3.9	4.7	21.7	8.6	30.3
1321756PIP	2011	13	52	2.6	2.9	0.5	0.1	0.2	0.6	0.6	0.7	1.3
1321756PIP	2011	13	51	4.7	4.5	2.1	0.5	0.7	1.4	2.6	2.1	4.7
1308016PIP	2011	13	37	3.5	4.2	1.2	0.3	0.3	0.7	1.4	1.0	2.4
1308016PIP	2011	13	38	7.8	8.3	9.4	1.7	1.5	2.2	11.1	3.7	14.8
1308016PIP	2011	13	39	2.8	3.5	0.7	0.2	0.2	0.5	0.8	0.7	1.5
1308016PIP	2011	13	40	13.2	12.8	36.5	5.5	4.5	4.8	42.0	9.3	51.3
1308016PIP	2011	13	41	14.6	13.9	47.4	6.9	5.6	5.5	54.3	11.1	65.4
1308016PIP	2011	13	44	4.6	5.2	2.3	0.5	0.5	1.1	2.8	1.6	4.4
1308016PIP	2011	1	45	7.2	7.0	5.2	1.2	1.2	1.5	6.4	2.7	9.1
1308016PIP	2011	20	46	4.5	4.8	1.8	0.3	0.3	1.0	2.1	1.2	3.4
1308016PIP	2011	13	47	3.6	4.3	1.3	0.3	0.3	0.8	1.5	1.1	2.6
1308016PIP	2011	13	48	24.2	19.5	161.1	20.9	17.8	12.8	182.0	30.6	212.6
1308016PIP	2011	13	49	2.8	3.5	0.7	0.2	0.2	0.5	0.8	0.7	1.5
1308016PIP	2011	20	50	6.4	6.5	4.5	0.8	0.7	1.6	5.2	2.3	7.6
1308016PIP	2011	13	51	20.8	17.8	112.8	15.1	12.4	9.8	127.9	22.2	150.1
1308016PIP	2011	13	52	4.8	5.4	2.6	0.5	0.6	1.2	3.2	1.7	4.9
1308016PIP	2011	13	53	9.8	10.1	17.1	2.8	2.4	3.1	19.9	5.5	25.4
1308016PIP	2011	13	54	11.3	11.3	24.6	3.9	3.2	3.8	28.4	7.0	35.5
1308016PIP	2011	13	55	4.6	5.2	2.3	0.5	0.5	1.1	2.8	1.6	4.4
1308016PIP	2011	13	56	7.8	8.3	9.4	1.7	1.5	2.2	11.1	3.7	14.8
1308016PIP	2011	13	57	4.6	5.2	2.3	0.5	0.5	1.1	2.8	1.6	4.4
1308016PIP	2011	13	58	24.5	19.7	166.4	21.5	18.3	13.0	187.8	31.3	219.1
1308016PIP	2011	13	59	5.7	6.3	4.1	0.8	0.8	1.5	4.9	2.3	7.2
1308016PIP	2011	13	60	5.2	5.8	3.2	0.6	0.7	1.3	3.9	2.0	5.8
1308016PIP	2011	13	61	3.7	4.4	1.3	0.3	0.3	0.8	1.6	1.1	2.8
1308016PIP	2011	13	63	19.9	17.3	101.4	13.7	11.2	9.1	115.2	20.3	135.5
1308016PIP	2011	13	64	4.3	4.9	2.0	0.4	0.5	1.0	2.4	1.5	3.8
1308016PIP	2011	13	65	4.0	4.6	1.6	0.4	0.4	0.9	2.0	1.3	3.3
1308016PIP	2011	13	67	5.4	6.0	3.6	0.7	0.7	1.4	4.3	2.1	6.4
1308016PIP	2011	38	68	9.5	10.3	17.8	3.2	3.6	1.9	21.0	5.5	26.5
1308016PIP	2011	13	69	10.4	10.6	19.9	3.2	2.7	3.4	23.1	6.1	29.2
1308016PIP	2011	13	70	12.9	12.6	34.5	5.2	4.3	4.6	39.8	8.9	48.7
1308016PIP	2011	38	71	4.7	6.9	3.1	0.6	0.6	0.6	3.8	1.1	4.9
1308016PIP	2011	13	72	22.2	18.6	132.1	17.4	14.4	10.9	149.5	25.3	174.9
1308016PIP	2011	38	73	10.8	10.9	24.1	4.3	5.2	2.4	28.4	7.6	35.9
1308016PIP	2011	38	74	2.6	4.6	0.7	0.1	0.1	0.2	0.8	0.4	1.2
1308016PIP	2011	38	75	10.5	10.8	22.6	4.1	4.8	2.2	26.6	7.0	33.7
1308016PIP	2011	13	76	6.2	6.8	5.2	1.0	0.9	1.6	6.1	2.6	8.7
1308016PIP	2011	13	78	5.9	6.5	4.5	0.9	0.9	1.5	5.4	2.4	7.8
1308016PIP	2011	13	79	5.8	6.4	4.3	0.8	0.8	1.5	5.2	2.3	7.5
1308016PIP	2011	13	80	17.5	15.9	74.4	10.4	8.3	7.3	84.8	15.6	100.4
1308016PIP	2011	13	81	8.3	8.7	11.0	1.9	1.7	2.5	12.9	4.2	17.1
1301141PIP	2011	20	1	5.0	5.2	2.3	0.4	0.4	1.1	2.7	1.5	4.3
1301141PIP	2011	20	2	4.1	4.4	1.4	0.2	0.2	0.8	1.6	1.1	2.7
1301141PIP	2011	20	3	3.5	3.8	0.9	0.2	0.2	0.7	1.1	0.8	1.9
1301141PIP	2011	20	4	5.5	5.7	3.0	0.5	0.5	1.3	3.5	1.8	5.3
1301141PIP	2011	20	5	3.0	3.4	0.6	0.1	0.1	0.5	0.7	0.6	1.4
1301141PIP	2011	74	6	3.2	7.7	1.2	0.3	0.1	0.2	1.4	0.3	1.7
1301141PIP	2011	20	7	2.6	3.0	0.4	0.1	0.1	0.4	0.5	0.5	1.0
1301141PIP	2011	20	8	3.6	3.9	1.0	0.2	0.2	0.7	1.2	0.9	2.0
1301141PIP	2011	20	9	2.8	3.2	0.5	0.1	0.1	0.5	0.6	0.5	1.2
1301141PIP	2011	13	10	24.7	20.4	174.7	22.3	17.9	12.7	197.0	30.6	227.6
1301141PIP	2011	20	11	3.5	3.8	0.9	0.2	0.2	0.7	1.1	0.8	1.9
1301141PIP	2011	13	12	29.3	22.3	257.7	31.8	27.5	17.4	289.5	44.9	334.4
1301141PIP	2011	20	13	3.2	3.5	0.7	0.1	0.1	0.6	0.9	0.7	1.6
1301141PIP	2011	20	14	3.3	3.6	0.8	0.1	0.1	0.6	0.9	0.7	1.7
1301141PIP	2011	20	15	4.3	4.6	1.6	0.3	0.3	0.9	1.9	1.2	3.0
1301141PIP	2011	20	16	3.8	4.1	1.2	0.2	0.2	0.7	1.3	0.9	2.3
1301141PIP	2011	20	17	4.2	4.5	1.5	0.3	0.3	0.9	1.8	1.1	2.9
1301141PIP	2011	20	18	4.7	4.9	2.0	0.3	0.3	1.0	2.3	1.4	3.7
1301141PIP	2011	20	19	2.6	3.0	0.4	0.1	0.1	0.4	0.5	0.5	1.0
1301141PIP	2011	20	20	2.8	3.2	0.5	0.1	0.1	0.5	0.6	0.5	1.2
1301141PIP	2011	20	21	3.4	3.7	0.9	0.1	0.2	0.6	1.0	0.8	1.8
1301141PIP	2011	20	23	3.2	3.5	0.7	0.1	0.1	0.6	0.9	0.7	1.6
1301141PIP	2011	20	24	8.1	8.0	8.2	1.4	1.2	2.4	9.7	3.6	13.2
1301141PIP	2011	38	25	17.5	19.4	97.2	16.4	13.9	3.8	113.7	17.7	131.4
1301141PIP	2011	20	26	2.9	3.3	0.6	0.1	0.1	0.5	0.7	0.6	1.3
1301141PIP	2011	20	27	3.2	3.5	0.7	0.1	0.1	0.6	0.9	0.7	1.6
1301141PIP	2011	13	28	23.9	20.0	161.7	20.8	16.5	12.0	182.5	28.5	210.9
1301141PIP	2011	13	29	27.4	21.6	221.9	27.7	23.1	15.3	249.6	38.4	288.0
1301141PIP	2011	20	30	4.6	4.8	1.9	0.3	0.3	1.0	2.2	1.3	3.5
1301141PIP	2011	13	31	24.3	20.2	168.1	21.5	17.2	12.3	189.6	29.5	219.2
1301141PIP	2011	20	32	4.9	5.1	2.2	0.4	0.4	1.1	2.6	1.5	4.1
1301141PIP	2011	20	34	3.3	3.6	0.8	0.1	0.1	0.6	0.9	0.7	1.7
1301141PIP	2011	20	35	3.9	4.2	1.2	0.2	0.2	0.8	1.4	1.0	2.4
1301141PIP	2011	74	36	40.6	24.8	556.3	117.7	94.9	10.8	674.0	105.8	779.7
1301141PIP	2011	20	37	15.6	13.1	42.1	7.4	6.3	7.1	49.4	13.4	62.9
1301141PIP	2011	74	38	38.4	24.7	497.2	104.5	80.8	9.9	601.7	90.7	692.5
1301141PIP	2011	20	39	2.5	2.9	0.4	0.1	0.1	0.4	0.5	0.5	0.9
1301141PIP	2011	38	40	18.6	19.8	111.9	18.8	16.6	4.3	130.7	20.9	151.5
1301141PIP	2011	20	41	2.7	3.1	0.5	0.1	0.1	0.4	0.6	0.5	1.1
1301141PIP	2011	20	42	2.9	3.3	0.6	0.1	0.1	0.5	0.7	0.6	1.3
1301141PIP	2011	20	43	2.8	3.2	0.5	0.1	0.1	0.5	0.6	0.5	1.2
1301141PIP	2011	20	44	3.0	3.4	0.6	0.1	0.1	0.5	0.7	0.6	1.4
1259871PIP	2011	13	1	4.0	4.3	1.5	0.3	0.4	1.0	1.8	1.4	3.3
1259871PIP	2011	13	2	10.2	9.6	17.4	2.9	2.9	3.7	20.3	6.6	26.9
1259871PIP	2011	13	3	2.7	3.2	0.6	0.1	0.2	0.5	0.7	0.7	1.4
1259871PIP	2011	13	5	9.1	8.7	12.9	2.2	2.3	3.1	15.2	5.4	20.6
1259871PIP	2011	13	6	6.0	6.1	4.4	0.9	1.0	1.7	5.2	2.7	8.0
1259871PIP	2011	13	7	20.2	16.0	96.3	13.4	13.1	10.5	109.7	23.7	133.3
1259871PIP	2011	13	8	4.3	4.6	1.8	0.4	0.5	1.1	2.2	1.6	3.8
1259871PIP	2011	13	9	6.2	6.3	4.8	0.9	1.1	1.8	5.7	2.9	8.6
1259871PIP	2011	13	10	6.1	6.2	4.6	0.9	1.0	1.8	5.5	2.8	8.3
1259871PIP	2011	13	11	5.3	5.5	3.2	0.6	0.8	1.5	3.8	2.2	6.0
1259871PIP	2011	13	12	3.2	3.6	0.9	0.2	0.3	0.7	1.1	1.0	2.0
1259871PIP	2011	13	13	5.6	5.7	3.6	0.7	0.9	1.6	4.3	2.5	6.8
1259871PIP	2011	13	14	7.6	7.4	8.0	1.5	1.6	2.4	9.5	4.1	13.6
1259871PIP	2011	13	15	3.5	3.9	1.1	0.2	0.3	0.8	1.3	1.1	2.5
1259871PIP	2011	13	16	2.5	3.0	0.5	0.1	0.2	0.5	0.6	0.6	1.2
1259871PIP	2011	13	17	7.0	6.9	6.5	1.2	1.4	2.2	7.7	3.6	11.2
1259871PIP	2011	13	18	3.5	3.9	1.1	0.2	0.3	0.8	1.3	1.1	2.5
1252986PIP	2011	3	1	6.6	5.4	3.9	0.8	1.1	0.9	4.7	2.1	6.8
1252986PIP	2011	3	2	5.4	4.9	2.5	0.5	0.7	0.7	3.0	1.3	4.4
1252986PIP	2011	3	3	4.3	4.4	1.5	0.4	0.4	0.4	1.8	0.8	2.6
1252986PIP	2011	3	4	7.2	5.6	4.8	0.9	1.4	1.1	5.7	2.5	8.2
1252986PIP	2011	3	5	7.0	5.5	4.4	0.9	1.3	1.1	5.3	2.4	7.7
1252986PIP	2011	3	6	3.7	4.1	1.1	0.3	0.3	0.3	1.3	0.6	1.9
1252986PIP	2011	3	8	5.2	4.9	2.3	0.5	0.6	0.6	2.8	1.2	4.1
1252986PIP	2011	3	9	7.3	5.6	4.9	0.9	1.5	1.1	5.8	2.6	8.5
1252986PIP	2011	3	10	7.2	5.6	4.8	0.9	1.4	1.1	5.7	2.5	8.2
1252986PIP	2011	3	11	6.1	5.2	3.3	0.7	0.9	0.8	4.0	1.7	5.7
1252986PIP	2011	3	12	4.9	4.7	2.0	0.5	0.5	0.6	2.5	1.1	3.5
1252986PIP	2011	3	14	4.1	4.3	1.3	0.3	0.3	0.4	1.6	0.7	2.4
1252986PIP	2011	74	15	2.7	3.9	0.4	0.1	0.1	0.1	0.5	0.2	0.8
1252986PIP	2011	3	16	7.6	5.7	5.3	1.0	1.7	1.2	6.4	2.9	9.2
1252986PIP	2011	3	17	4.9	4.7	2.0	0.5	0.5	0.6	2.5	1.1	3.5
1252986PIP	2011	3	18	4.2	4.4	1.4	0.3	0.3	0.4	1.8	0.8	2.5
1252986PIP	2011	3	19	2.8	3.6	0.6	0.2	0.1	0.2	0.7	0.3	1.0
1252986PIP	2011	3	20	5.5	5.0	2.6	0.6	0.7	0.7	3.2	1.4	4.6
1252986PIP	2011	3	21	3.0	3.7	0.6	0.2	0.1	0.2	0.8	0.4	1.2
1252986PIP	2011	3	22	4.9	4.7	2.0	0.5	0.5	0.6	2.5	1.1	3.5
1252986PIP	2011	3	23	4.1	4.3	1.3	0.3	0.3	0.4	1.6	0.7	2.4
1252986PIP	2011	3	24	5.0	4.8	2.1	0.5	0.5	0.6	2.6	1.1	3.7
1252986PIP	2011	3	25	8.1	5.9	6.2	1.2	1.9	1.4	7.4	3.3	10.7
1252986PIP	2011	3	26	5.3	4.9	2.4	0.5	0.6	0.6	2.9	1.3	4.2
1252986PIP	2011	3	27	5.2	4.9	2.3	0.5	0.6	0.6	2.8	1.2	4.1
1252986PIP	2011	3	28	4.9	4.7	2.0	0.5	0.5	0.6	2.5	1.1	3.5
1252986PIP	2011	3	29	3.6	4.1	1.0	0.3	0.2	0.3	1.3	0.6	1.8
1252986PIP	2011	3	30	4.3	4.4	1.5	0.4	0.4	0.4	1.8	0.8	2.6
1252986PIP	2011	3	31	8.3	5.9	6.5	1.2	2.1	1.4	7.7	3.5	11.2
1252986PIP	2011	3	32	7.1	5.6	4.7	0.9	1.4	1.1	5.6	2.4	8.0
1252986PIP	2011	3	33	3.3	3.9	0.8	0.2	0.2	0.3	1.0	0.5	1.5
1252986PIP	2011	3	34	3.3	3.9	0.8	0.2	0.2	0.3	1.0	0.5	1.5
1252986PIP	2011	3	35	3.1	3.8	0.7	0.2	0.2	0.2	0.9	0.4	1.3
1252986PIP	2011	3	36	6.2	5.3	3.5	0.7	1.0	0.8	4.2	1.8	6.0
1252986PIP	2011	3	37	5.5	5.0	2.6	0.6	0.7	0.7	3.2	1.4	4.6
1252986PIP	2011	3	39	3.5	4.0	0.9	0.2	0.2	0.3	1.2	0.5	1.7
1252986PIP	2011	3	40	2.7	3.5	0.5	0.1	0.1	0.2	0.7	0.3	1.0
1252986PIP	2011	3	41	2.6	3.5	0.5	0.1	0.1	0.2	0.6	0.3	0.9
1252986PIP	2011	3	42	3.9	4.2	1.2	0.3	0.3	0.4	1.5	0.7	2.1
1252986PIP	2011	3	43	6.7	5.4	4.0	0.8	1.2	1.0	4.8	2.2	7.0
1252986PIP	2011	3	44	7.0	5.5	4.4	0.9	1.3	1.1	5.3	2.4	7.7
1252986PIP	2011	3	45	7.0	5.5	4.4	0.9	1.3	1.1	5.3	2.4	7.7
1252986PIP	2011	3	46	8.7	6.0	7.2	1.3	2.4	1.6	8.5	3.9	12.4
1252986PIP	2011	3	47	4.6	4.6	1.8	0.4	0.4	0.5	2.2	0.9	3.1
1252986PIP	2011	3	48	7.1	5.6	4.7	0.9	1.4	1.1	5.6	2.4	8.0
1252986PIP	2011	3	49	3.6	4.1	1.0	0.3	0.2	0.3	1.3	0.6	1.8
1252986PIP	2011	3	50	5.5	5.0	2.6	0.6	0.7	0.7	3.2	1.4	4.6
1252986PIP	2011	3	51	6.5	5.4	3.8	0.8	1.1	0.9	4.6	2.0	6.6
1252986PIP	2011	3	52	4.8	4.7	1.9	0.4	0.5	0.5	2.4	1.0	3.4
1252986PIP	2011	3	53	4.9	4.7	2.0	0.5	0.5	0.6	2.5	1.1	3.5
1252986PIP	2011	3	54	5.3	4.9	2.4	0.5	0.6	0.6	2.9	1.3	4.2
1252986PIP	2011	3	55	5.7	5.1	2.9	0.6	0.8	0.7	3.5	1.5	5.0
1252986PIP	2011	3	56	6.9	5.5	4.3	0.9	1.3	1.0	5.2	2.3	7.5
1252986PIP	2011	3	57	3.3	3.9	0.8	0.2	0.2	0.3	1.0	0.5	1.5
1252986PIP	2011	3	58	7.0	5.5	4.4	0.9	1.3	1.1	5.3	2.4	7.7
1252986PIP	2011	3	59	5.6	5.0	2.7	0.6	0.7	0.7	3.3	1.4	4.7
1252986PIP	2011	3	60	5.2	4.9	2.3	0.5	0.6	0.6	2.8	1.2	4.1
1252986PIP	2011	3	61	6.5	5.4	3.8	0.8	1.1	0.9	4.6	2.0	6.6
1252986PIP	2011	3	62	6.2	5.3	3.5	0.7	1.0	0.8	4.2	1.8	6.0
1252986PIP	2011	3	63	6.1	5.2	3.3	0.7	0.9	0.8	4.0	1.7	5.7
1252986PIP	2011	3	64	6.4	5.3	3.6	0.7	1.1	0.9	4.4	1.9	6.3
1252986PIP	2011	3	65	4.4	4.5	1.6	0.4	0.4	0.5	1.9	0.9	2.8
1252986PIP	2011	3	66	4.4	4.5	1.6	0.4	0.4	0.5	1.9	0.9	2.8
1252986PIP	2011	3	67	4.2	4.4	1.4	0.3	0.3	0.4	1.8	0.8	2.5
1252986PIP	2011	3	68	4.2	4.4	1.4	0.3	0.3	0.4	1.8	0.8	2.5
1252986PIP	2011	3	69	2.6	3.5	0.5	0.1	0.1	0.2	0.6	0.3	0.9
1252986PIP	2011	3	70	5.0	4.8	2.1	0.5	0.5	0.6	2.6	1.1	3.7
1252986PIP	2011	3	71	5.4	4.9	2.5	0.5	0.7	0.7	3.0	1.3	4.4
1252986PIP	2011	3	72	4.3	4.4	1.5	0.4	0.4	0.4	1.8	0.8	2.6
1252986PIP	2011	3	73	5.7	5.1	2.9	0.6	0.8	0.7	3.5	1.5	5.0
1252986PIP	2011	3	74	4.7	4.6	1.8	0.4	0.5	0.5	2.2	1.0	3.2
1252986PIP	2011	3	75	4.5	4.5	1.6	0.4	0.4	0.5	2.0	0.9	2.9
1252986PIP	2011	3	76	5.1	4.8	2.2	0.5	0.6	0.6	2.7	1.2	3.9
1252986PIP	2011	3	77	3.3	3.9	0.8	0.2	0.2	0.3	1.0	0.5	1.5
1252986PIP	2011	3	78	2.8	3.6	0.6	0.2	0.1	0.2	0.7	0.3	1.0
1252986PIP	2011	3	79	6.7	5.4	4.0	0.8	1.2	1.0	4.8	2.2	7.0
1252986PIP	2011	3	80	2.7	3.5	0.5	0.1	0.1	0.2	0.7	0.3	1.0
1252986PIP	2011	3	81	3.7	4.1	1.1	0.3	0.3	0.3	1.3	0.6	1.9
1252986PIP	2011	3	82	4.6	4.6	1.8	0.4	0.4	0.5	2.2	0.9	3.1
1252986PIP	2011	3	83	6.0	5.2	3.2	0.7	0.9	0.8	3.9	1.7	5.5
1252986PIP	2011	3	84	5.8	5.1	2.9	0.6	0.8	0.8	3.6	1.6	5.1
1252986PIP	2011	3	85	3.4	4.0	0.9	0.2	0.2	0.3	1.1	0.5	1.6
1252986PIP	2011	3	86	3.7	4.1	1.1	0.3	0.3	0.3	1.3	0.6	1.9
1252986PIP	2011	13	87	3.0	3.6	0.8	0.2	0.2	0.6	0.9	0.8	1.8
1252986PIP	2011	3	88	3.3	3.9	0.8	0.2	0.2	0.3	1.0	0.5	1.5
1252986PIP	2011	3	89	3.6	4.1	1.0	0.3	0.2	0.3	1.3	0.6	1.8
1252986PIP	2011	3	90	3.6	4.1	1.0	0.3	0.2	0.3	1.3	0.6	1.8
1252986PIP	2011	3	91	6.8	5.5	4.2	0.8	1.2	1.0	5.1	2.2	7.3
1252986PIP	2011	3	92	3.4	4.0	0.9	0.2	0.2	0.3	1.1	0.5	1.6
1252986PIP	2011	3	93	4.5	4.5	1.6	0.4	0.4	0.5	2.0	0.9	2.9
1252986PIP	2011	3	94	5.3	4.9	2.4	0.5	0.6	0.6	2.9	1.3	4.2
1252986PIP	2011	3	95	4.6	4.6	1.8	0.4	0.4	0.5	2.2	0.9	3.1
1252986PIP	2011	3	96	3.8	4.2	1.1	0.3	0.3	0.4	1.4	0.6	2.0
1252986PIP	2011	3	97	7.0	5.5	4.4	0.9	1.3	1.1	5.3	2.4	7.7
1252986PIP	2011	3	98	8.0	5.8	5.9	1.1	1.9	1.3	7.1	3.2	10.3
1252986PIP	2011	3	99	4.6	4.6	1.8	0.4	0.4	0.5	2.2	0.9	3.1
1252986PIP	2011	3	100	3.7	4.1	1.1	0.3	0.3	0.3	1.3	0.6	1.9
1252986PIP	2011	3	101	5.7	5.1	2.9	0.6	0.8	0.7	3.5	1.5	5.0
1252986PIP	2011	3	102	5.4	4.9	2.5	0.5	0.7	0.7	3.0	1.3	4.4
1252986PIP	2011	3	103	5.6	5.0	2.7	0.6	0.7	0.7	3.3	1.4	4.7
1252986PIP	2011	3	104	6.6	5.4	3.9	0.8	1.1	0.9	4.7	2.1	6.8
1252986PIP	2011	3	105	3.6	4.1	1.0	0.3	0.2	0.3	1.3	0.6	1.8
1252986PIP	2011	3	106	5.4	4.9	2.5	0.5	0.7	0.7	3.0	1.3	4.4
1252986PIP	2011	3	107	4.5	4.5	1.6	0.4	0.4	0.5	2.0	0.9	2.9
1252986PIP	2011	3	108	2.6	3.5	0.5	0.1	0.1	0.2	0.6	0.3	0.9
1252986PIP	2011	3	109	5.9	5.1	3.0	0.6	0.9	0.8	3.7	1.6	5.3
1252986PIP	2011	3	110	3.9	4.2	1.2	0.3	0.3	0.4	1.5	0.7	2.1
1252986PIP	2011	3	111	5.1	4.8	2.2	0.5	0.6	0.6	2.7	1.2	3.9
1252986PIP	2011	3	112	7.2	5.6	4.8	0.9	1.4	1.1	5.7	2.5	8.2
1252986PIP	2011	3	113	5.1	4.8	2.2	0.5	0.6	0.6	2.7	1.2	3.9
1252986PIP	2011	3	114	5.3	4.9	2.4	0.5	0.6	0.6	2.9	1.3	4.2
1252986PIP	2011	3	115	6.2	5.3	3.5	0.7	1.0	0.8	4.2	1.8	6.0
1252986PIP	2011	3	116	5.7	5.1	2.9	0.6	0.8	0.7	3.5	1.5	5.0
1252986PIP	2011	3	117	3.7	4.1	1.1	0.3	0.3	0.3	1.3	0.6	1.9
1252986PIP	2011	3	118	5.4	4.9	2.5	0.5	0.7	0.7	3.0	1.3	4.4
1252986PIP	2011	3	119	4.1	4.3	1.3	0.3	0.3	0.4	1.6	0.7	2.4
1252986PIP	2011	3	120	8.6	6.0	7.0	1.3	2.3	1.5	8.3	3.8	12.1
1252986PIP	2011	3	121	4.4	4.5	1.6	0.4	0.4	0.5	1.9	0.9	2.8
1252986PIP	2011	3	122	3.3	3.9	0.8	0.2	0.2	0.3	1.0	0.5	1.5
1252986PIP	2011	3	123	8.2	5.9	6.3	1.2	2.0	1.4	7.5	3.4	10.9
1252986PIP	2011	3	124	5.9	5.1	3.0	0.6	0.9	0.8	3.7	1.6	5.3
1252986PIP	2011	3	125	6.2	5.3	3.5	0.7	1.0	0.8	4.2	1.8	6.0
1252986PIP	2011	3	126	4.1	4.3	1.3	0.3	0.3	0.4	1.6	0.7	2.4
1252986PIP	2011	3	127	5.1	4.8	2.2	0.5	0.6	0.6	2.7	1.2	3.9
1252986PIP	2011	3	128	3.8	4.2	1.1	0.3	0.3	0.4	1.4	0.6	2.0
1252986PIP	2011	3	129	7.1	5.6	4.7	0.9	1.4	1.1	5.6	2.4	8.0
1252986PIP	2011	3	130	6.5	5.4	3.8	0.8	1.1	0.9	4.6	2.0	6.6
1252986PIP	2011	3	131	7.4	5.7	5.1	1.0	1.5	1.2	6.1	2.7	8.8
1252986PIP	2011	3	132	7.1	5.6	4.7	0.9	1.4	1.1	5.6	2.4	8.0
1252986PIP	2011	3	133	4.3	4.4	1.5	0.4	0.4	0.4	1.8	0.8	2.6
1252986PIP	2011	3	134	5.1	4.8	2.2	0.5	0.6	0.6	2.7	1.2	3.9
1246111PIP	2011	13	1	7.2	7.1	7.0	1.3	1.4	2.3	8.3	3.7	12.0
1246111PIP	2011	13	2	17.9	14.7	71.6	10.2	10.0	8.7	81.8	18.7	100.5
1246111PIP	2011	13	3	7.4	7.3	7.6	1.4	1.5	2.3	8.9	3.8	12.8
1246111PIP	2011	13	4	7.3	7.2	7.3	1.3	1.5	2.3	8.6	3.8	12.4
1246111PIP	2011	13	5	5.5	5.6	3.4	0.7	0.8	1.6	4.1	2.4	6.5
1246111PIP	2011	13	6	10.4	9.7	18.2	3.0	3.1	3.8	21.3	6.9	28.1
1246111PIP	2011	13	7	9.7	9.1	15.1	2.6	2.7	3.5	17.7	6.1	23.8
1246111PIP	2011	13	8	4.5	4.8	2.1	0.4	0.5	1.1	2.5	1.7	4.2
1246111PIP	2011	13	10	8.1	7.9	9.6	1.7	1.8	2.6	11.3	4.5	15.7
1246111PIP	2011	13	11	12.0	10.9	26.3	4.2	4.2	4.7	30.5	8.8	39.3
1246111PIP	2011	13	13	12.0	10.9	26.3	4.2	4.2	4.7	30.5	8.8	39.3
1246111PIP	2011	13	14	18.4	15.0	76.7	10.9	10.6	9.1	87.5	19.7	107.2
1246111PIP	2011	13	15	6.8	6.8	6.1	1.1	1.3	2.1	7.2	3.3	10.5
1246111PIP	2011	38	16	7.1	9.8	9.4	1.8	1.5	1.0	11.1	2.5	13.7
1246111PIP	2011	13	19	5.1	5.3	2.9	0.6	0.7	1.4	3.4	2.1	5.5
1246111PIP	2011	13	20	15.4	13.2	49.4	7.3	7.1	6.8	56.7	14.0	70.7
1246111PIP	2011	13	22	4.2	4.5	1.7	0.4	0.5	1.1	2.1	1.5	3.6
1246111PIP	2011	13	23	10.6	9.8	19.0	3.2	3.2	3.9	22.2	7.1	29.3
1246111PIP	2011	13	24	12.1	11.0	27.0	4.3	4.2	4.7	31.2	8.9	40.2
1246111PIP	2011	13	25	13.4	11.9	34.9	5.4	5.3	5.5	40.3	10.7	51.0
1246111PIP	2011	13	26	17.2	14.3	64.9	9.4	9.1	8.1	74.3	17.2	91.6
1246111PIP	2011	13	28	9.7	9.1	15.1	2.6	2.7	3.5	17.7	6.1	23.8
1246111PIP	2011	13	30	5.2	5.4	3.0	0.6	0.7	1.4	3.6	2.2	5.8
1246111PIP	2011	13	31	9.7	9.1	15.1	2.6	2.7	3.5	17.7	6.1	23.8
1246111PIP	2011	13	32	17.0	14.2	63.2	9.2	8.9	8.0	72.3	16.8	89.1
1246111PIP	2011	13	34	19.5	15.6	88.3	12.4	12.1	10.0	100.6	22.1	122.7
1246111PIP	2011	13	35	8.3	8.0	10.1	1.8	1.9	2.8	11.9	4.7	16.6
1246111PIP	2011	13	36	11.0	10.2	21.1	3.4	3.4	4.1	24.6	7.5	32.1
1246111PIP	2011	13	37	11.1	10.2	21.5	3.5	3.5	4.2	25.0	7.7	32.7
1246111PIP	2011	13	38	4.9	5.1	2.6	0.5	0.7	1.3	3.1	2.0	5.1
1246111PIP	2011	3	39	18.9	15.2	84.3	7.8	10.3	6.2	92.2	16.5	108.7
1246111PIP	2011	13	40	6.5	6.5	5.4	1.0	1.2	2.0	6.4	3.1	9.5
1246111PIP	2011	13	41	2.9	3.4	0.7	0.2	0.2	0.6	0.8	0.8	1.7
1246111PIP	2011	13	43	4.5	4.8	2.1	0.4	0.5	1.1	2.5	1.7	4.2
1246111PIP	2011	13	44	4.3	4.6	1.8	0.4	0.5	1.1	2.2	1.6	3.8
1246111PIP	2011	38	45	7.7	10.3	11.5	2.1	1.9	1.2	13.6	3.0	16.7
1246111PIP	2011	13	46	18.1	14.8	73.5	10.5	10.2	8.8	84.0	19.1	103.1
1246111PIP	2011	13	47	11.5	10.5	23.5	3.8	3.8	4.4	27.3	8.2	35.5
1246111PIP	2011	3	48	14.5	14.1	49.1	4.9	4.9	3.9	54.0	8.8	62.8
1246111PIP	2011	38	49	4.7	7.6	3.4	0.7	0.5	0.5	4.0	1.0	5.1
1246111PIP	2011	13	50	3.3	3.7	0.9	0.2	0.3	0.7	1.1	1.0	2.2
1246111PIP	2011	13	51	19.2	15.4	84.8	11.9	11.7	9.7	96.7	21.5	118.2
1246111PIP	2011	13	52	4.6	4.9	2.2	0.5	0.6	1.2	2.7	1.8	4.4
1246111PIP	2011	13	53	12.4	11.2	28.6	4.5	4.4	4.9	33.2	9.3	42.5
1246111PIP	2011	13	54	9.0	8.6	12.5	2.2	2.3	3.1	14.7	5.4	20.1
1246111PIP	2011	13	56	10.2	9.5	17.3	2.9	3.0	3.7	20.1	6.7	26.8
1246111PIP	2011	13	57	16.1	13.6	55.0	8.1	7.9	7.3	63.1	15.2	78.3
1246111PIP	2011	13	58	4.3	4.6	1.8	0.4	0.5	1.1	2.2	1.6	3.8
1246111PIP	2011	13	59	7.6	7.4	8.0	1.5	1.6	2.4	9.5	4.1	13.6
1246111PIP	2011	38	60	8.2	10.6	13.4	2.5	2.2	1.3	15.8	3.5	19.3
1246111PIP	2011	13	61	14.6	12.7	43.3	6.5	6.3	6.3	49.8	12.6	62.4
1246111PIP	2011	13	63	10.1	9.5	17.0	2.8	2.9	3.6	19.8	6.5	26.3
1246111PIP	2011	13	64	4.3	4.6	1.8	0.4	0.5	1.1	2.2	1.6	3.8
1246111PIP	2011	13	65	8.4	8.1	10.5	1.9	2.0	2.8	12.3	4.8	17.1
1246111PIP	2011	13	66	15.6	13.3	50.9	7.5	7.4	7.0	58.4	14.3	72.8
1246111PIP	2011	13	67	14.3	12.5	41.1	6.2	6.0	6.1	47.3	12.1	59.4
1246111PIP	2011	13	68	10.0	9.4	16.5	2.8	2.8	3.6	19.3	6.4	25.7
1246111PIP	2011	13	69	9.1	8.7	12.9	2.2	2.3	3.1	15.2	5.4	20.6
1246111PIP	2011	13	71	2.9	3.4	0.7	0.2	0.2	0.6	0.8	0.8	1.7
1246111PIP	2011	13	72	9.4	8.9	14.0	2.4	2.5	3.3	16.4	5.8	22.2
1246111PIP	2011	13	73	17.3	14.4	66.0	9.5	9.2	8.2	75.6	17.4	92.9
1246111PIP	2011	13	74	17.3	14.4	66.0	9.5	9.2	8.2	75.6	17.4	92.9
1246111PIP	2011	13	77	12.7	11.4	30.4	4.8	4.7	5.1	35.2	9.8	44.9
1246111PIP	2011	13	79	10.5	9.8	18.7	3.1	3.1	3.8	21.8	7.0	28.8
1246111PIP	2011	13	81	7.2	7.1	7.0	1.3	1.4	2.3	8.3	3.7	12.0
1246111PIP	2011	13	83	13.0	11.6	32.2	5.0	4.9	5.3	37.3	10.2	47.5
1246111PIP	2011	38	85	3.0	5.6	1.1	0.2	0.2	0.3	1.3	0.4	1.7
1246111PIP	2011	13	86	11.0	10.2	21.1	3.4	3.4	4.1	24.6	7.5	32.1
1246111PIP	2011	13	87	5.7	5.8	3.8	0.8	0.9	1.6	4.6	2.5	7.1
1246111PIP	2011	13	88	8.9	8.5	12.2	2.1	2.2	3.0	14.3	5.3	19.5
1246111PIP	2011	38	89	8.7	11.0	15.5	2.8	2.6	1.4	18.3	4.0	22.3
1246111PIP	2011	13	90	5.1	5.3	2.9	0.6	0.7	1.4	3.4	2.1	5.5
1246111PIP	2011	13	91	14.9	12.9	45.5	6.8	6.6	6.5	52.4	13.1	65.4
1246111PIP	2011	13	93	6.2	6.2	4.7	0.9	1.1	1.8	5.6	2.9	8.5
1246111PIP	2011	13	95	10.0	9.4	16.5	2.8	2.8	3.6	19.3	6.4	25.7
1246111PIP	2011	13	96	6.4	6.4	5.1	1.0	1.1	1.9	6.1	3.1	9.2
1246111PIP	2011	13	97	5.3	5.5	3.2	0.6	0.8	1.5	3.8	2.2	6.0
1246111PIP	2011	13	98	3.7	4.1	1.3	0.3	0.4	0.9	1.5	1.2	2.8
1246111PIP	2011	13	99	7.9	7.7	8.9	1.6	1.7	2.6	10.5	4.3	14.8
1246111PIP	2011	13	100	16.3	13.8	57.0	8.3	8.0	7.4	65.4	15.5	80.8
1246111PIP	2011	13	101	4.0	4.3	1.5	0.3	0.4	1.0	1.8	1.4	3.3
1246111PIP	2011	38	105	3.6	6.3	1.7	0.3	0.3	0.3	2.0	0.6	2.7
1246111PIP	2011	13	106	3.3	3.7	0.9	0.2	0.3	0.7	1.1	1.0	2.2
1246111PIP	2011	13	107	21.9	16.8	116.5	15.9	15.9	12.1	132.4	28.1	160.5
1246111PIP	2011	13	108	2.6	3.1	0.5	0.1	0.2	0.5	0.6	0.7	1.3
1246111PIP	2011	3	110	22.7	15.8	120.6	10.8	17.3	8.6	131.3	25.9	157.3
1246111PIP	2011	13	111	3.3	3.7	0.9	0.2	0.3	0.7	1.1	1.0	2.2
1246111PIP	2011	13	112	3.4	3.8	1.0	0.2	0.3	0.8	1.2	1.1	2.3
1246111PIP	2011	13	113	15.4	13.2	49.4	7.3	7.1	6.8	56.7	14.0	70.7
1246111PIP	2011	13	114	9.2	8.8	13.3	2.3	2.4	3.2	15.6	5.5	21.2
1246111PIP	2011	13	115	11.1	10.2	21.5	3.5	3.5	4.2	25.0	7.7	32.7
1246111PIP	2011	13	116	3.7	4.1	1.3	0.3	0.4	0.9	1.5	1.2	2.8
1246111PIP	2011	13	117	4.0	4.3	1.5	0.3	0.4	1.0	1.8	1.4	3.3
1246111PIP	2011	13	118	9.2	8.8	13.3	2.3	2.4	3.2	15.6	5.5	21.2
1246111PIP	2011	13	119	9.5	9.0	14.4	2.5	2.5	3.3	16.9	5.9	22.8
1246111PIP	2011	13	120	15.2	13.1	47.9	7.1	6.9	6.7	55.0	13.6	68.6
1246111PIP	2011	3	121	18.9	15.2	84.3	7.8	10.3	6.2	92.2	16.5	108.7
1246111PIP	2011	13	122	3.4	3.8	1.0	0.2	0.3	0.8	1.2	1.1	2.3
1246111PIP	2011	13	124	3.4	3.8	1.0	0.2	0.3	0.8	1.2	1.1	2.3
1246111PIP	2011	13	125	3.3	3.7	0.9	0.2	0.3	0.7	1.1	1.0	2.2
1246111PIP	2011	13	126	15.2	13.1	47.9	7.1	6.9	6.7	55.0	13.6	68.6
1163631PIP	2011	13	1	5.5	5.5	3.4	0.7	0.9	1.6	4.1	2.5	6.5
1163631PIP	2011	13	2	14.1	11.9	38.1	5.9	6.2	6.3	44.0	12.5	56.5
1163631PIP	2011	13	3	4.4	4.5	1.9	0.4	0.6	1.2	2.3	1.7	4.0
1163631PIP	2011	13	4	5.9	5.8	4.0	0.8	1.0	1.8	4.8	2.8	7.6
1163631PIP	2011	13	5	5.0	5.0	2.6	0.5	0.7	1.4	3.1	2.2	5.3
1163631PIP	2011	13	6	4.9	5.0	2.5	0.5	0.7	1.4	3.0	2.0	5.1
1163631PIP	2011	13	7	5.4	5.4	3.2	0.7	0.8	1.6	3.9	2.4	6.3
1163631PIP	2011	13	8	10.0	9.1	16.0	2.7	3.0	3.7	18.7	6.7	25.4
1163631PIP	2011	13	9	7.0	6.7	6.3	1.2	1.4	2.3	7.5	3.7	11.2
1163631PIP	2011	13	10	5.6	5.5	3.5	0.7	0.9	1.7	4.2	2.6	6.8
1163631PIP	2011	13	11	3.2	3.5	0.8	0.2	0.3	0.7	1.0	1.0	2.0
1163631PIP	2011	13	12	6.6	6.4	5.4	1.0	1.3	2.1	6.5	3.3	9.8
1163631PIP	2011	13	13	8.1	7.6	9.2	1.7	1.9	2.8	10.9	4.7	15.6
1163631PIP	2011	13	14	6.0	5.9	4.2	0.8	1.0	1.8	5.1	2.9	7.9
1163631PIP	2011	13	15	7.9	7.4	8.6	1.6	1.8	2.7	10.2	4.5	14.7
1163631PIP	2011	13	16	7.3	6.9	7.0	1.3	1.6	2.4	8.3	4.0	12.3
1163631PIP	2011	13	17	6.3	6.1	4.8	0.9	1.2	2.0	5.7	3.1	8.8
1163631PIP	2011	13	18	7.1	6.8	6.5	1.2	1.5	2.3	7.8	3.8	11.6
1163631PIP	2011	13	19	6.7	6.5	5.6	1.1	1.3	2.1	6.7	3.4	10.1
1163631PIP	2011	13	20	3.1	3.5	0.8	0.2	0.3	0.7	1.0	0.9	1.9
1163631PIP	2011	13	21	2.8	3.2	0.6	0.1	0.2	0.6	0.8	0.8	1.5
1163631PIP	2011	13	22	10.4	9.4	17.7	3.0	3.2	4.0	20.6	7.2	27.8
1163631PIP	2011	13	23	6.9	6.6	6.0	1.1	1.4	2.2	7.2	3.6	10.8
1163631PIP	2011	13	24	2.8	3.2	0.6	0.1	0.2	0.6	0.8	0.8	1.5
1163631PIP	2011	13	25	3.2	3.5	0.8	0.2	0.3	0.7	1.0	1.0	2.0
1163631PIP	2011	13	26	7.7	7.3	8.1	1.5	1.7	2.6	9.6	4.3	13.9
1163631PIP	2011	13	27	12.5	10.9	28.3	4.5	4.7	5.2	32.8	9.9	42.7
1163631PIP	2011	13	28	12.7	11.0	29.3	4.7	4.9	5.3	34.0	10.3	44.3
1163631PIP	2011	13	29	12.2	10.7	26.6	4.3	4.5	5.0	30.9	9.5	40.4
1163631PIP	2011	13	30	8.5	7.9	10.4	1.9	2.1	3.0	12.3	5.1	17.4
1163631PIP	2011	13	31	3.5	3.8	1.1	0.2	0.3	0.8	1.3	1.2	2.5
1163631PIP	2011	13	32	6.9	6.6	6.0	1.1	1.4	2.2	7.2	3.6	10.8
1163631PIP	2011	13	33	3.2	3.5	0.8	0.2	0.3	0.7	1.0	1.0	2.0
1163631PIP	2011	13	34	9.0	8.3	12.1	2.1	2.4	3.2	14.2	5.6	19.9
1163631PIP	2011	13	35	8.7	8.1	11.1	2.0	2.2	3.1	13.1	5.3	18.4
1163631PIP	2011	13	36	11.5	10.2	22.9	3.7	4.0	4.6	26.6	8.6	35.1
1163631PIP	2011	13	37	8.9	8.2	11.7	2.1	2.4	3.2	13.8	5.5	19.3
1163631PIP	2011	13	38	10.5	9.4	18.0	3.0	3.3	4.1	21.0	7.4	28.3
1163631PIP	2011	13	39	7.0	6.7	6.3	1.2	1.4	2.3	7.5	3.7	11.2
1163631PIP	2011	13	40	3.9	4.1	1.4	0.3	0.4	1.0	1.7	1.4	3.1
1163631PIP	2011	13	41	5.0	5.0	2.6	0.5	0.7	1.4	3.1	2.2	5.3
1163631PIP	2011	13	42	5.9	5.8	4.0	0.8	1.0	1.8	4.8	2.8	7.6
1163631PIP	2011	13	43	2.9	3.3	0.7	0.2	0.2	0.6	0.8	0.8	1.7
1163631PIP	2011	13	44	2.8	3.2	0.6	0.1	0.2	0.6	0.8	0.8	1.5
1163631PIP	2011	13	45	5.0	5.0	2.6	0.5	0.7	1.4	3.1	2.2	5.3
1163631PIP	2011	13	46	5.3	5.3	3.1	0.6	0.8	1.5	3.7	2.3	6.0
1163631PIP	2011	13	47	3.2	3.5	0.8	0.2	0.3	0.7	1.0	1.0	2.0
1163631PIP	2011	13	48	5.5	5.5	3.4	0.7	0.9	1.6	4.1	2.5	6.5
1163631PIP	2011	13	49	12.8	11.1	30.0	4.7	5.0	5.4	34.8	10.4	45.1
1163631PIP	2011	13	50	5.1	5.1	2.7	0.6	0.8	1.5	3.3	2.2	5.5
1163631PIP	2011	13	51	6.7	6.5	5.6	1.1	1.3	2.1	6.7	3.4	10.1
1163631PIP	2011	13	52	3.6	3.9	1.1	0.3	0.4	0.9	1.4	1.2	2.6
1163631PIP	2011	13	54	3.8	4.0	1.3	0.3	0.4	1.0	1.6	1.4	2.9
1163631PIP	2011	13	55	4.9	5.0	2.5	0.5	0.7	1.4	3.0	2.0	5.1
1163631PIP	2011	13	56	3.1	3.5	0.8	0.2	0.3	0.7	1.0	0.9	1.9
1163631PIP	2011	13	57	11.4	10.1	22.3	3.6	3.9	4.5	25.9	8.5	34.4
1163631PIP	2011	13	58	4.9	5.0	2.5	0.5	0.7	1.4	3.0	2.0	5.1
1163631PIP	2011	13	59	4.7	4.8	2.2	0.5	0.6	1.3	2.7	1.9	4.6
1163631PIP	2011	13	60	2.8	3.2	0.6	0.1	0.2	0.6	0.8	0.8	1.5
1163631PIP	2011	13	61	2.7	3.1	0.5	0.1	0.2	0.6	0.7	0.8	1.4
1163631PIP	2011	13	62	3.2	3.5	0.8	0.2	0.3	0.7	1.0	1.0	2.0
1163631PIP	2011	13	63	5.0	5.0	2.6	0.5	0.7	1.4	3.1	2.2	5.3
1163631PIP	2011	13	64	15.2	12.6	46.1	7.0	7.3	7.0	53.0	14.3	67.3
1163631PIP	2011	13	66	8.8	8.1	11.4	2.0	2.3	3.2	13.4	5.5	18.8
1163631PIP	2011	13	67	7.1	6.8	6.5	1.2	1.5	2.3	7.8	3.8	11.6
1163631PIP	2011	13	68	2.7	3.1	0.5	0.1	0.2	0.6	0.7	0.8	1.4
1163631PIP	2011	13	69	8.5	7.9	10.4	1.9	2.1	3.0	12.3	5.1	17.4
1163631PIP	2011	13	70	10.1	9.1	16.2	2.8	3.1	3.8	19.0	6.9	25.9
1163631PIP	2011	13	71	6.2	6.0	4.6	0.9	1.1	1.9	5.4	3.1	8.5
1163631PIP	2011	13	72	11.4	10.1	22.3	3.6	3.9	4.5	25.9	8.5	34.4
1163631PIP	2011	13	73	4.6	4.7	2.1	0.5	0.6	1.3	2.6	1.9	4.4
1163631PIP	2011	13	74	13.7	11.7	35.6	5.5	5.8	6.0	41.2	11.7	52.9
1163631PIP	2011	13	75	4.0	4.2	1.5	0.3	0.5	1.0	1.8	1.5	3.3
1163631PIP	2011	13	76	5.8	5.7	3.8	0.8	1.0	1.7	4.6	2.7	7.3
1163631PIP	2011	13	77	4.2	4.4	1.7	0.4	0.5	1.1	2.1	1.6	3.6
1163631PIP	2011	13	78	4.0	4.2	1.5	0.3	0.5	1.0	1.8	1.5	3.3
1163631PIP	2011	13	79	9.2	8.4	12.7	2.2	2.5	3.4	15.0	5.9	20.8
1163631PIP	2011	13	80	10.8	9.7	19.5	3.2	3.5	4.2	22.7	7.7	30.4
1163631PIP	2011	13	81	11.3	10.0	21.7	3.6	3.9	4.5	25.3	8.4	33.7
1163631PIP	2011	13	82	5.0	5.0	2.6	0.5	0.7	1.4	3.1	2.2	5.3
1163631PIP	2011	13	83	10.6	9.5	18.5	3.1	3.4	4.1	21.5	7.5	29.0
1163631PIP	2011	13	84	6.0	5.9	4.2	0.8	1.0	1.8	5.1	2.9	7.9
1163631PIP	2011	13	85	12.1	10.6	26.0	4.2	4.4	5.0	30.1	9.4	39.5
1163631PIP	2011	13	86	11.5	10.2	22.9	3.7	4.0	4.6	26.6	8.6	35.1
1163631PIP	2011	13	87	7.7	7.3	8.1	1.5	1.7	2.6	9.6	4.3	13.9
1163631PIP	2011	13	88	5.7	5.6	3.7	0.7	0.9	1.7	4.4	2.7	7.1
1163631PIP	2011	13	89	7.9	7.4	8.6	1.6	1.8	2.7	10.2	4.5	14.7
1163631PIP	2011	13	90	6.8	6.5	5.8	1.1	1.4	2.2	6.9	3.6	10.5
1163631PIP	2011	13	91	3.4	3.7	1.0	0.2	0.3	0.8	1.2	1.1	2.3
1163631PIP	2011	13	92	2.6	3.1	0.5	0.1	0.2	0.5	0.6	0.7	1.3
1163631PIP	2011	13	93	10.9	9.7	19.8	3.3	3.6	4.3	23.1	7.9	30.9
1163631PIP	2011	13	94	8.7	8.1	11.1	2.0	2.2	3.1	13.1	5.3	18.4
1163631PIP	2011	13	95	6.4	6.2	5.0	1.0	1.2	2.0	5.9	3.2	9.1
1163631PIP	2011	13	96	2.9	3.3	0.7	0.2	0.2	0.6	0.8	0.8	1.7
1163631PIP	2011	13	97	11.5	10.2	22.9	3.7	4.0	4.6	26.6	8.6	35.1
1163631PIP	2011	13	98	5.5	5.5	3.4	0.7	0.9	1.6	4.1	2.5	6.5
1163631PIP	2011	13	99	3.9	4.1	1.4	0.3	0.4	1.0	1.7	1.4	3.1
1163631PIP	2011	13	100	9.9	9.0	15.5	2.6	2.9	3.7	18.2	6.6	24.8
1163631PIP	2011	13	101	6.8	6.5	5.8	1.1	1.4	2.2	6.9	3.6	10.5
1163631PIP	2011	13	104	12.2	10.7	26.6	4.3	4.5	5.0	30.9	9.5	40.4
1163631PIP	2011	13	105	11.8	10.4	24.4	3.9	4.2	4.8	28.3	9.0	37.3
1163631PIP	2011	13	106	7.2	6.9	6.8	1.3	1.5	2.3	8.1	3.9	11.9
1163631PIP	2011	13	107	10.3	9.3	17.2	2.9	3.2	3.9	20.1	7.1	27.2
1163631PIP	2011	13	108	6.7	6.5	5.6	1.1	1.3	2.1	6.7	3.4	10.1
1163631PIP	2011	13	109	6.1	6.0	4.4	0.9	1.1	1.9	5.3	2.9	8.2
1163631PIP	2011	13	110	13.7	11.7	35.6	5.5	5.8	6.0	41.2	11.7	52.9
1163631PIP	2011	13	111	9.2	8.4	12.7	2.2	2.5	3.4	15.0	5.9	20.8
1163631PIP	2011	13	112	6.6	6.4	5.4	1.0	1.3	2.1	6.5	3.3	9.8
1163631PIP	2011	13	113	3.1	3.5	0.8	0.2	0.3	0.7	1.0	0.9	1.9
1163631PIP	2011	13	114	2.6	3.1	0.5	0.1	0.2	0.5	0.6	0.7	1.3
1163631PIP	2011	13	115	10.6	9.5	18.5	3.1	3.4	4.1	21.5	7.5	29.0
1163631PIP	2011	13	116	13.6	11.6	34.9	5.4	5.7	5.9	40.3	11.6	51.9
1163631PIP	2011	13	117	8.8	8.1	11.4	2.0	2.3	3.2	13.4	5.5	18.8
1163631PIP	2011	13	118	5.1	5.1	2.7	0.6	0.8	1.5	3.3	2.2	5.5
1163631PIP	2011	13	119	2.9	3.3	0.7	0.2	0.2	0.6	0.8	0.8	1.7
1163631PIP	2011	13	120	3.3	3.6	0.9	0.2	0.3	0.8	1.1	1.1	2.2
1163631PIP	2011	13	121	9.4	8.6	13.5	2.3	2.6	3.4	15.9	6.1	21.9
1163631PIP	2011	13	122	5.0	5.0	2.6	0.5	0.7	1.4	3.1	2.2	5.3
1163631PIP	2011	13	123	4.1	4.3	1.6	0.4	0.5	1.1	1.9	1.5	3.5
1163631PIP	2011	13	124	8.0	7.5	8.9	1.6	1.9	2.7	10.5	4.6	15.1
1163631PIP	2011	13	125	4.8	4.9	2.4	0.5	0.7	1.3	2.9	2.0	4.8
1163631PIP	2011	13	126	13.1	11.3	31.8	5.0	5.2	5.6	36.8	10.8	47.6
1163631PIP	2011	13	127	4.0	4.2	1.5	0.3	0.5	1.0	1.8	1.5	3.3
1163631PIP	2011	13	128	15.2	12.6	46.1	7.0	7.3	7.0	53.0	14.3	67.3
1163631PIP	2011	13	129	12.1	10.6	26.0	4.2	4.4	5.0	30.1	9.4	39.5
1163631PIP	2011	13	130	13.2	11.3	32.3	5.1	5.4	5.7	37.3	11.1	48.4
1163631PIP	2011	13	131	3.1	3.5	0.8	0.2	0.3	0.7	1.0	0.9	1.9
1163631PIP	2011	13	132	10.9	9.7	19.8	3.3	3.6	4.3	23.1	7.9	30.9
1163631PIP	2011	13	133	2.9	3.3	0.7	0.2	0.2	0.6	0.8	0.8	1.7
1163631PIP	2011	13	134	3.1	3.5	0.8	0.2	0.3	0.7	1.0	0.9	1.9
1163631PIP	2011	13	135	6.1	6.0	4.4	0.9	1.1	1.9	5.3	2.9	8.2
1163631PIP	2011	13	136	5.1	5.1	2.7	0.6	0.8	1.5	3.3	2.2	5.5
1163631PIP	2011	13	137	9.0	8.3	12.1	2.1	2.4	3.2	14.2	5.6	19.9
1163631PIP	2011	13	138	9.7	8.8	14.6	2.5	2.8	3.6	17.1	6.4	23.6
1163631PIP	2011	13	139	8.4	7.8	10.1	1.8	2.1	2.9	11.9	5.0	16.9
1163631PIP	2011	13	140	5.3	5.3	3.1	0.6	0.8	1.5	3.7	2.3	6.0
1163631PIP	2011	13	141	5.1	5.1	2.7	0.6	0.8	1.5	3.3	2.2	5.5
1163631PIP	2011	13	143	6.2	6.0	4.6	0.9	1.1	1.9	5.4	3.1	8.5
1163631PIP	2011	13	144	2.7	3.1	0.5	0.1	0.2	0.6	0.7	0.8	1.4
1163631PIP	2011	13	145	14.7	12.3	42.4	6.5	6.8	6.7	48.9	13.4	62.3
1163631PIP	2011	13	146	8.1	7.6	9.2	1.7	1.9	2.8	10.9	4.7	15.6
1163631PIP	2011	13	148	9.5	8.7	13.9	2.4	2.7	3.5	16.4	6.2	22.5
1163631PIP	2011	13	149	11.5	10.2	22.9	3.7	4.0	4.6	26.6	8.6	35.1
1163631PIP	2011	13	150	4.0	4.2	1.5	0.3	0.5	1.0	1.8	1.5	3.3
1163631PIP	2011	13	151	9.6	8.8	14.4	2.5	2.7	3.5	16.8	6.2	23.1
1163631PIP	2011	13	152	6.0	5.9	4.2	0.8	1.0	1.8	5.1	2.9	7.9
1163631PIP	2011	13	153	13.7	11.7	35.6	5.5	5.8	6.0	41.2	11.7	52.9
1163631PIP	2011	13	154	6.0	5.9	4.2	0.8	1.0	1.8	5.1	2.9	7.9
1163631PIP	2011	13	155	3.0	3.4	0.7	0.2	0.2	0.6	0.9	0.9	1.8
1163631PIP	2011	13	156	5.1	5.1	2.7	0.6	0.8	1.5	3.3	2.2	5.5
1163631PIP	2011	13	157	12.5	10.9	28.3	4.5	4.7	5.2	32.8	9.9	42.7
1163631PIP	2011	13	158	2.9	3.3	0.7	0.2	0.2	0.6	0.8	0.8	1.7
1163631PIP	2011	13	159	10.2	9.2	16.7	2.8	3.1	3.9	19.5	7.0	26.5
1163631PIP	2011	13	160	6.4	6.2	5.0	1.0	1.2	2.0	5.9	3.2	9.1
1163631PIP	2011	13	161	10.1	9.1	16.2	2.8	3.1	3.8	19.0	6.9	25.9
1163631PIP	2011	13	162	3.0	3.4	0.7	0.2	0.2	0.6	0.9	0.9	1.8
1163631PIP	2011	13	163	9.6	8.8	14.4	2.5	2.7	3.5	16.8	6.2	23.1
1163631PIP	2011	13	164	10.0	9.1	16.0	2.7	3.0	3.7	18.7	6.7	25.4
1163631PIP	2011	13	165	13.7	11.7	35.6	5.5	5.8	6.0	41.2	11.7	52.9
1163631PIP	2011	13	166	13.2	11.3	32.3	5.1	5.4	5.7	37.3	11.1	48.4
1163631PIP	2011	13	167	3.4	3.7	1.0	0.2	0.3	0.8	1.2	1.1	2.3
1163631PIP	2011	13	168	2.5	3.0	0.5	0.1	0.2	0.5	0.6	0.6	1.2
1163631PIP	2011	13	169	4.8	4.9	2.4	0.5	0.7	1.3	2.9	2.0	4.8
1163631PIP	2011	13	170	13.0	11.2	31.1	4.9	5.2	5.5	36.0	10.7	46.7
1163631PIP	2011	13	171	12.3	10.7	27.0	4.3	4.6	5.1	31.3	9.7	41.0
1163631PIP	2011	13	172	8.1	7.6	9.2	1.7	1.9	2.8	10.9	4.7	15.6
1163631PIP	2011	13	173	11.2	9.9	21.2	3.5	3.8	4.5	24.7	8.3	32.9
1163641PIP	2011	13	1	9.2	7.0	10.6	2.0	3.3	4.3	12.6	7.6	20.2
1163641PIP	2011	13	2	3.0	3.0	0.6	0.2	0.3	0.8	0.8	1.1	1.9
1163641PIP	2011	13	3	3.9	3.6	1.2	0.3	0.5	1.2	1.5	1.7	3.2
1163641PIP	2011	13	4	4.4	3.9	1.6	0.4	0.7	1.4	2.0	2.1	4.1
1163641PIP	2011	13	5	4.0	3.6	1.3	0.3	0.6	1.3	1.6	1.8	3.4
1163641PIP	2011	13	6	5.2	4.4	2.5	0.5	1.0	1.9	3.0	2.9	5.9
1163641PIP	2011	13	7	5.5	4.6	2.8	0.6	1.1	2.0	3.4	3.2	6.6
1163641PIP	2011	13	8	6.1	5.0	3.7	0.8	1.4	2.4	4.5	3.8	8.2
1163641PIP	2011	13	9	5.2	4.4	2.5	0.5	1.0	1.9	3.0	2.9	5.9
1163641PIP	2011	13	10	4.3	3.8	1.5	0.4	0.7	1.4	1.9	2.1	3.9
1163641PIP	2011	13	11	4.0	3.6	1.3	0.3	0.6	1.3	1.6	1.8	3.4
1163641PIP	2011	13	12	4.0	3.6	1.3	0.3	0.6	1.3	1.6	1.8	3.4
1163641PIP	2011	13	13	5.3	4.5	2.6	0.6	1.0	1.9	3.2	2.9	6.1
1163641PIP	2011	13	14	6.2	5.1	3.9	0.8	1.4	2.4	4.7	3.8	8.5
1163641PIP	2011	13	15	4.5	4.0	1.7	0.4	0.7	1.5	2.1	2.2	4.3
1163641PIP	2011	13	16	6.4	5.2	4.2	0.9	1.5	2.5	5.0	4.1	9.1
1163641PIP	2011	13	17	2.5	2.6	0.4	0.1	0.2	0.6	0.5	0.8	1.3
1163641PIP	2011	13	18	3.0	3.0	0.6	0.2	0.3	0.8	0.8	1.1	1.9
1163641PIP	2011	13	20	2.9	2.9	0.6	0.1	0.3	0.7	0.7	1.0	1.7
1163641PIP	2011	13	21	2.7	2.8	0.5	0.1	0.2	0.6	0.6	0.9	1.5
1163641PIP	2011	13	22	5.9	4.9	3.4	0.7	1.3	2.2	4.1	3.5	7.7
1163641PIP	2011	13	23	3.4	3.2	0.8	0.2	0.4	1.0	1.1	1.4	2.4
1163641PIP	2011	13	24	7.8	6.2	7.0	1.4	2.3	3.3	8.4	5.6	14.0
1163641PIP	2011	13	25	6.4	5.2	4.2	0.9	1.5	2.5	5.0	4.1	9.1
1163641PIP	2011	13	26	3.5	3.3	0.9	0.2	0.4	1.0	1.1	1.4	2.6
1163641PIP	2011	13	27	5.2	4.4	2.5	0.5	1.0	1.9	3.0	2.9	5.9
1163641PIP	2011	13	28	4.9	4.2	2.1	0.5	0.9	1.7	2.6	2.6	5.2
1163641PIP	2011	13	29	6.1	5.0	3.7	0.8	1.4	2.4	4.5	3.8	8.2
1163641PIP	2011	13	30	4.4	3.9	1.6	0.4	0.7	1.4	2.0	2.1	4.1
1163641PIP	2011	13	31	2.8	2.8	0.5	0.1	0.3	0.7	0.7	1.0	1.6
1163641PIP	2011	13	32	7.7	6.1	6.8	1.3	2.2	3.3	8.1	5.5	13.6
1163641PIP	2011	13	33	4.5	4.0	1.7	0.4	0.7	1.5	2.1	2.2	4.3
1163641PIP	2011	13	34	2.8	2.8	0.5	0.1	0.3	0.7	0.7	1.0	1.6
1163641PIP	2011	13	35	3.4	3.2	0.8	0.2	0.4	1.0	1.1	1.4	2.4
1163641PIP	2011	13	36	4.6	4.0	1.8	0.4	0.8	1.6	2.2	2.3	4.5
1163641PIP	2011	13	37	6.1	5.0	3.7	0.8	1.4	2.4	4.5	3.8	8.2
1163641PIP	2011	13	38	4.4	3.9	1.6	0.4	0.7	1.4	2.0	2.1	4.1
1163641PIP	2011	13	39	5.3	4.5	2.6	0.6	1.0	1.9	3.2	2.9	6.1
1163641PIP	2011	13	40	3.3	3.2	0.8	0.2	0.4	0.9	1.0	1.3	2.3
1163641PIP	2011	13	41	2.5	2.6	0.4	0.1	0.2	0.6	0.5	0.8	1.3
1163641PIP	2011	13	42	7.8	6.2	7.0	1.4	2.3	3.3	8.4	5.6	14.0
1163641PIP	2011	13	43	7.0	5.6	5.3	1.1	1.9	2.9	6.3	4.8	11.1
1163641PIP	2011	13	44	5.6	4.7	3.0	0.6	1.1	2.1	3.6	3.2	6.8
1163641PIP	2011	13	45	2.7	2.8	0.5	0.1	0.2	0.6	0.6	0.9	1.5
1163641PIP	2011	13	46	3.6	3.4	1.0	0.2	0.4	1.0	1.2	1.5	2.7
1163641PIP	2011	13	47	4.8	4.2	2.0	0.5	0.8	1.6	2.5	2.4	4.9
1163641PIP	2011	13	48	4.5	4.0	1.7	0.4	0.7	1.5	2.1	2.2	4.3
1163641PIP	2011	13	49	8.6	6.7	9.0	1.7	2.8	3.9	10.7	6.7	17.4
1163641PIP	2011	13	50	5.8	4.8	3.2	0.7	1.2	2.2	3.9	3.5	7.4
1163641PIP	2011	13	51	7.4	5.9	6.1	1.2	2.1	3.1	7.3	5.2	12.5
1163641PIP	2011	13	52	3.5	3.3	0.9	0.2	0.4	1.0	1.1	1.4	2.6
1163641PIP	2011	13	53	4.1	3.7	1.4	0.3	0.6	1.3	1.7	1.9	3.6
1163641PIP	2011	13	54	3.0	3.0	0.6	0.2	0.3	0.8	0.8	1.1	1.9
1163641PIP	2011	13	55	2.6	2.7	0.4	0.1	0.2	0.6	0.6	0.8	1.4
1163641PIP	2011	13	56	4.6	4.0	1.8	0.4	0.8	1.6	2.2	2.3	4.5
1163641PIP	2011	13	57	5.7	4.8	3.1	0.7	1.2	2.1	3.8	3.3	7.1
1163641PIP	2011	13	58	5.0	4.3	2.2	0.5	0.9	1.8	2.7	2.7	5.4
1163641PIP	2011	13	59	3.0	3.0	0.6	0.2	0.3	0.8	0.8	1.1	1.9
1163641PIP	2011	13	60	3.1	3.0	0.7	0.2	0.3	0.8	0.8	1.2	2.0
1163641PIP	2011	13	61	6.7	5.4	4.7	1.0	1.7	2.7	5.6	4.4	10.1
1163641PIP	2011	13	62	3.7	3.4	1.0	0.3	0.5	1.1	1.3	1.6	2.9
1163641PIP	2011	13	63	5.6	4.7	3.0	0.6	1.1	2.1	3.6	3.2	6.8
1163641PIP	2011	13	64	4.4	3.9	1.6	0.4	0.7	1.4	2.0	2.1	4.1
1163641PIP	2011	13	65	4.0	3.6	1.3	0.3	0.6	1.3	1.6	1.8	3.4
1163641PIP	2011	13	66	8.4	6.5	8.4	1.6	2.7	3.8	10.0	6.5	16.5
1163641PIP	2011	13	67	3.1	3.0	0.7	0.2	0.3	0.8	0.8	1.2	2.0
1163641PIP	2011	13	68	4.5	4.0	1.7	0.4	0.7	1.5	2.1	2.2	4.3
1163641PIP	2011	13	69	8.0	6.3	7.5	1.4	2.4	3.5	8.9	5.9	14.8
1163641PIP	2011	13	70	3.5	3.3	0.9	0.2	0.4	1.0	1.1	1.4	2.6
1163641PIP	2011	13	71	3.0	3.0	0.6	0.2	0.3	0.8	0.8	1.1	1.9
1163641PIP	2011	13	72	8.2	6.4	7.9	1.5	2.6	3.6	9.4	6.2	15.6
1163641PIP	2011	13	73	5.8	4.8	3.2	0.7	1.2	2.2	3.9	3.5	7.4
1163641PIP	2011	13	75	4.4	3.9	1.6	0.4	0.7	1.4	2.0	2.1	4.1
1163641PIP	2011	13	76	5.8	4.8	3.2	0.7	1.2	2.2	3.9	3.5	7.4
1163641PIP	2011	13	77	6.8	5.5	4.9	1.0	1.7	2.8	5.9	4.5	10.4
1163641PIP	2011	13	78	5.1	4.4	2.4	0.5	0.9	1.8	2.9	2.7	5.6
1163641PIP	2011	13	79	4.0	3.6	1.3	0.3	0.6	1.3	1.6	1.8	3.4
1163641PIP	2011	13	80	4.5	4.0	1.7	0.4	0.7	1.5	2.1	2.2	4.3
1163641PIP	2011	13	81	4.5	4.0	1.7	0.4	0.7	1.5	2.1	2.2	4.3
1163641PIP	2011	13	82	2.7	2.8	0.5	0.1	0.2	0.6	0.6	0.9	1.5
1163641PIP	2011	13	83	5.4	4.6	2.7	0.6	1.1	1.9	3.3	3.0	6.3
1163641PIP	2011	13	84	7.0	5.6	5.3	1.1	1.9	2.9	6.3	4.8	11.1
1163641PIP	2011	13	85	3.4	3.2	0.8	0.2	0.4	1.0	1.1	1.4	2.4
1163641PIP	2011	13	86	4.8	4.2	2.0	0.5	0.8	1.6	2.5	2.4	4.9
1163641PIP	2011	13	87	5.3	4.5	2.6	0.6	1.0	1.9	3.2	2.9	6.1
1163641PIP	2011	13	88	2.9	2.9	0.6	0.1	0.3	0.7	0.7	1.0	1.7
1163641PIP	2011	13	89	5.8	4.8	3.2	0.7	1.2	2.2	3.9	3.5	7.4
1163641PIP	2011	13	90	6.2	5.1	3.9	0.8	1.4	2.4	4.7	3.8	8.5
1163641PIP	2011	13	91	5.4	4.6	2.7	0.6	1.1	1.9	3.3	3.0	6.3
1163641PIP	2011	13	92	4.2	3.8	1.5	0.3	0.6	1.3	1.8	1.9	3.7
1163641PIP	2011	13	93	4.7	4.1	1.9	0.4	0.8	1.6	2.3	2.4	4.7
1163641PIP	2011	13	94	5.5	4.6	2.8	0.6	1.1	2.0	3.4	3.2	6.6
1163641PIP	2011	13	95	3.7	3.4	1.0	0.3	0.5	1.1	1.3	1.6	2.9
1163641PIP	2011	13	96	3.8	3.5	1.1	0.3	0.5	1.1	1.4	1.6	3.0
1163641PIP	2011	13	97	4.6	4.0	1.8	0.4	0.8	1.6	2.2	2.3	4.5
1163641PIP	2011	13	98	3.3	3.2	0.8	0.2	0.4	0.9	1.0	1.3	2.3
1163641PIP	2011	13	99	3.6	3.4	1.0	0.2	0.4	1.0	1.2	1.5	2.7
1163641PIP	2011	13	100	3.1	3.0	0.7	0.2	0.3	0.8	0.8	1.2	2.0
1163641PIP	2011	25	101	3.2	3.5	0.8	0.2	0.3	0.5	1.0	0.8	1.8
1163641PIP	2011	13	103	2.7	2.8	0.5	0.1	0.2	0.6	0.6	0.9	1.5
1163641PIP	2011	13	104	4.2	3.8	1.5	0.3	0.6	1.3	1.8	1.9	3.7
1163641PIP	2011	13	105	3.6	3.4	1.0	0.2	0.4	1.0	1.2	1.5	2.7
1163641PIP	2011	13	106	4.3	3.8	1.5	0.4	0.7	1.4	1.9	2.1	3.9
1163641PIP	2011	13	107	2.8	2.8	0.5	0.1	0.3	0.7	0.7	1.0	1.6
1163651PIP	2011	13	1	9.0	8.1	11.8	2.1	2.5	3.3	13.9	5.8	19.7
1163651PIP	2011	13	2	5.7	5.5	3.6	0.7	1.0	1.8	4.3	2.7	7.1
1163651PIP	2011	13	3	7.7	7.1	7.9	1.5	1.8	2.7	9.3	4.5	13.8
1163651PIP	2011	13	4	11.2	9.7	20.8	3.4	3.9	4.6	24.2	8.5	32.7
1163651PIP	2011	13	5	2.7	3.1	0.5	0.1	0.2	0.6	0.7	0.8	1.4
1163651PIP	2011	13	6	3.3	3.5	0.9	0.2	0.3	0.8	1.1	1.1	2.2
1163651PIP	2011	13	7	2.5	2.9	0.4	0.1	0.2	0.5	0.6	0.7	1.2
1163651PIP	2011	13	8	8.7	7.8	10.7	1.9	2.3	3.2	12.6	5.6	18.2
1163651PIP	2011	13	9	2.7	3.1	0.5	0.1	0.2	0.6	0.7	0.8	1.4
1163651PIP	2011	13	10	4.6	4.6	2.1	0.4	0.6	1.3	2.5	1.9	4.4
1163651PIP	2011	13	11	11.3	9.7	21.1	3.5	4.0	4.7	24.6	8.7	33.3
1163651PIP	2011	13	12	10.5	9.2	17.6	3.0	3.4	4.2	20.5	7.6	28.1
1163651PIP	2011	13	13	5.8	5.6	3.8	0.8	1.0	1.8	4.5	2.8	7.3
1163651PIP	2011	13	14	5.9	5.6	3.9	0.8	1.1	1.9	4.7	2.9	7.6
1163651PIP	2011	13	15	6.7	6.3	5.5	1.1	1.4	2.2	6.5	3.6	10.1
1163651PIP	2011	13	16	9.3	8.3	12.8	2.2	2.7	3.5	15.1	6.2	21.2
1163651PIP	2011	13	17	6.4	6.0	4.8	0.9	1.3	2.1	5.8	3.3	9.1
1163651PIP	2011	13	18	3.5	3.7	1.0	0.2	0.3	0.9	1.3	1.2	2.5
1163651PIP	2011	13	19	3.3	3.5	0.9	0.2	0.3	0.8	1.1	1.1	2.2
1163651PIP	2011	13	20	6.7	6.3	5.5	1.1	1.4	2.2	6.5	3.6	10.1
1163651PIP	2011	13	21	11.9	10.1	24.0	3.9	4.5	5.1	28.0	9.6	37.5
1163651PIP	2011	13	22	2.8	3.1	0.6	0.1	0.2	0.6	0.7	0.8	1.6
1163651PIP	2011	13	23	9.6	8.5	13.9	2.4	2.9	3.7	16.3	6.6	22.8
1163651PIP	2011	13	24	5.7	5.5	3.6	0.7	1.0	1.8	4.3	2.7	7.1
1163651PIP	2011	13	25	8.6	7.8	10.5	1.9	2.3	3.1	12.4	5.4	17.8
1163651PIP	2011	13	26	8.0	7.3	8.7	1.6	2.0	2.8	10.2	4.8	15.1
1163651PIP	2011	13	27	5.5	5.3	3.3	0.7	0.9	1.7	3.9	2.6	6.5
1163651PIP	2011	13	28	3.7	3.9	1.2	0.3	0.4	0.9	1.5	1.3	2.8
1163651PIP	2011	13	29	10.0	8.8	15.4	2.7	3.1	3.9	18.1	7.0	25.1
1163651PIP	2011	13	30	4.0	4.1	1.4	0.3	0.5	1.1	1.8	1.5	3.3
1163651PIP	2011	13	31	8.3	7.5	9.5	1.7	2.1	3.0	11.2	5.1	16.4
1163651PIP	2011	13	32	8.8	7.9	11.1	2.0	2.4	3.3	13.0	5.7	18.7
1163651PIP	2011	13	33	4.2	4.3	1.6	0.4	0.5	1.1	2.0	1.6	3.6
1163651PIP	2011	13	34	8.0	7.3	8.7	1.6	2.0	2.8	10.2	4.8	15.1
1163651PIP	2011	13	35	4.6	4.6	2.1	0.4	0.6	1.3	2.5	1.9	4.4
1163651PIP	2011	13	36	6.0	5.7	4.1	0.8	1.1	1.9	4.9	3.0	7.9
1163651PIP	2011	13	37	5.5	5.3	3.3	0.7	0.9	1.7	3.9	2.6	6.5
1163651PIP	2011	13	38	8.8	7.9	11.1	2.0	2.4	3.3	13.0	5.7	18.7
1163651PIP	2011	13	39	10.9	9.4	19.2	3.2	3.7	4.5	22.4	8.2	30.6
1163651PIP	2011	13	40	3.4	3.6	1.0	0.2	0.3	0.8	1.2	1.2	2.3
1163651PIP	2011	13	41	10.1	8.9	15.9	2.7	3.2	4.0	18.6	7.1	25.7
1163651PIP	2011	13	42	10.1	8.9	15.9	2.7	3.2	4.0	18.6	7.1	25.7
1163651PIP	2011	13	43	5.5	5.3	3.3	0.7	0.9	1.7	3.9	2.6	6.5
1163651PIP	2011	13	44	6.2	5.9	4.5	0.9	1.2	2.0	5.4	3.1	8.5
1163651PIP	2011	13	45	2.8	3.1	0.6	0.1	0.2	0.6	0.7	0.8	1.6
1163651PIP	2011	13	46	5.2	5.1	2.8	0.6	0.8	1.5	3.4	2.3	5.8
1163651PIP	2011	13	47	5.0	4.9	2.5	0.5	0.7	1.5	3.1	2.2	5.3
1163651PIP	2011	13	48	10.0	8.8	15.4	2.7	3.1	3.9	18.1	7.0	25.1
1163651PIP	2011	13	49	4.3	4.3	1.7	0.4	0.6	1.2	2.1	1.7	3.8
1163651PIP	2011	13	50	3.9	4.0	1.3	0.3	0.4	1.0	1.7	1.5	3.1
1163651PIP	2011	13	51	6.5	6.1	5.0	1.0	1.3	2.1	6.0	3.4	9.4
1163651PIP	2011	13	52	4.9	4.8	2.4	0.5	0.7	1.4	2.9	2.2	5.1
1163651PIP	2011	13	53	9.3	8.3	12.8	2.2	2.7	3.5	15.1	6.2	21.2
1163651PIP	2011	13	54	11.3	9.7	21.1	3.5	4.0	4.7	24.6	8.7	33.3
1163651PIP	2011	13	55	2.7	3.1	0.5	0.1	0.2	0.6	0.7	0.8	1.4
1163651PIP	2011	13	56	14.3	11.7	38.4	6.0	6.6	6.7	44.4	13.3	57.7
1163651PIP	2011	13	57	12.6	10.6	27.9	4.5	5.1	5.5	32.4	10.6	42.9
1163651PIP	2011	13	58	7.3	6.8	6.9	1.3	1.6	2.5	8.2	4.1	12.2
1163651PIP	2011	13	59	6.7	6.3	5.5	1.1	1.4	2.2	6.5	3.6	10.1
1163651PIP	2011	13	60	9.9	8.7	15.0	2.6	3.1	3.9	17.6	6.9	24.5
1163651PIP	2011	13	61	10.2	8.9	16.2	2.8	3.3	4.1	18.9	7.3	26.2
1163651PIP	2011	13	62	3.0	3.3	0.7	0.2	0.2	0.7	0.9	0.9	1.8
1163651PIP	2011	13	63	4.2	4.3	1.6	0.4	0.5	1.1	2.0	1.6	3.6
1163651PIP	2011	13	64	6.0	5.7	4.1	0.8	1.1	1.9	4.9	3.0	7.9
1163651PIP	2011	13	65	6.8	6.4	5.7	1.1	1.4	2.2	6.8	3.6	10.4
1163651PIP	2011	13	66	11.1	9.6	20.2	3.4	3.9	4.5	23.6	8.4	32.0
1163651PIP	2011	13	67	2.6	3.0	0.5	0.1	0.2	0.5	0.6	0.7	1.3
1163651PIP	2011	13	68	6.6	6.2	5.2	1.0	1.3	2.2	6.3	3.5	9.8
1163651PIP	2011	13	69	3.2	3.5	0.8	0.2	0.3	0.7	1.0	1.0	2.0
1163651PIP	2011	13	70	2.8	3.1	0.6	0.1	0.2	0.6	0.7	0.8	1.6
1163651PIP	2011	13	71	7.0	6.5	6.1	1.2	1.5	2.4	7.3	3.9	11.1
1163651PIP	2011	13	72	9.1	8.1	12.0	2.1	2.6	3.4	14.2	6.0	20.2
1163651PIP	2011	13	73	9.0	8.1	11.8	2.1	2.5	3.3	13.9	5.8	19.7
1163651PIP	2011	13	74	4.9	4.8	2.4	0.5	0.7	1.4	2.9	2.2	5.1
1163651PIP	2011	13	75	11.5	9.9	22.2	3.7	4.1	4.8	25.8	8.9	34.8
1163651PIP	2011	13	76	9.0	8.1	11.8	2.1	2.5	3.3	13.9	5.8	19.7
1163651PIP	2011	13	77	9.7	8.6	14.3	2.5	2.9	3.7	16.8	6.6	23.4
1163651PIP	2011	13	78	13.2	11.0	31.4	5.0	5.6	5.9	36.4	11.5	47.9
1163651PIP	2011	13	79	3.2	3.5	0.8	0.2	0.3	0.7	1.0	1.0	2.0
1163651PIP	2011	13	80	9.3	8.3	12.8	2.2	2.7	3.5	15.1	6.2	21.2
1163651PIP	2011	13	81	9.3	8.3	12.8	2.2	2.7	3.5	15.1	6.2	21.2
1163651PIP	2011	13	82	5.0	4.9	2.5	0.5	0.7	1.5	3.1	2.2	5.3
1163651PIP	2011	13	83	6.6	6.2	5.2	1.0	1.3	2.2	6.3	3.5	9.8
1163651PIP	2011	13	84	7.3	6.8	6.9	1.3	1.6	2.5	8.2	4.1	12.2
1163651PIP	2011	13	85	7.7	7.1	7.9	1.5	1.8	2.7	9.3	4.5	13.8
1163651PIP	2011	13	86	11.6	9.9	22.5	3.7	4.3	4.9	26.2	9.1	35.4
1163651PIP	2011	13	87	3.1	3.4	0.8	0.2	0.3	0.7	0.9	1.0	1.9
1163651PIP	2011	13	88	12.9	10.8	29.6	4.7	5.3	5.7	34.3	11.0	45.3
1163651PIP	2011	13	89	3.2	3.5	0.8	0.2	0.3	0.7	1.0	1.0	2.0
1163651PIP	2011	13	90	3.3	3.5	0.9	0.2	0.3	0.8	1.1	1.1	2.2
1163651PIP	2011	13	91	4.9	4.8	2.4	0.5	0.7	1.4	2.9	2.2	5.1
1163651PIP	2011	13	92	2.5	2.9	0.4	0.1	0.2	0.5	0.6	0.7	1.2
1163651PIP	2011	13	93	5.9	5.6	3.9	0.8	1.1	1.9	4.7	2.9	7.6
1163651PIP	2011	13	94	8.7	7.8	10.7	1.9	2.3	3.2	12.6	5.6	18.2
1163651PIP	2011	13	95	9.3	8.3	12.8	2.2	2.7	3.5	15.1	6.2	21.2
1163651PIP	2011	13	96	9.1	8.1	12.0	2.1	2.6	3.4	14.2	6.0	20.2
1163651PIP	2011	13	97	5.6	5.4	3.4	0.7	0.9	1.7	4.1	2.7	6.8
1163651PIP	2011	13	98	7.2	6.7	6.6	1.3	1.6	2.4	7.9	4.0	11.9
1163651PIP	2011	13	99	10.2	8.9	16.2	2.8	3.3	4.1	18.9	7.3	26.2
1163651PIP	2011	13	100	2.9	3.2	0.6	0.2	0.2	0.6	0.8	0.9	1.7
1163651PIP	2011	13	101	3.7	3.9	1.2	0.3	0.4	0.9	1.5	1.3	2.8
1163651PIP	2011	13	102	8.7	7.8	10.7	1.9	2.3	3.2	12.6	5.6	18.2
1163651PIP	2011	13	103	2.7	3.1	0.5	0.1	0.2	0.6	0.7	0.8	1.4
1163651PIP	2011	13	104	10.2	8.9	16.2	2.8	3.3	4.1	18.9	7.3	26.2
1163651PIP	2011	13	105	6.5	6.1	5.0	1.0	1.3	2.1	6.0	3.4	9.4
1163651PIP	2011	13	106	4.4	4.4	1.8	0.4	0.6	1.2	2.2	1.8	4.0
1163651PIP	2011	13	107	9.8	8.6	14.6	2.5	3.0	3.8	17.1	6.8	23.9
1163651PIP	2011	13	108	8.9	8.0	11.4	2.0	2.4	3.3	13.5	5.7	19.2
1163651PIP	2011	13	109	9.0	8.1	11.8	2.1	2.5	3.3	13.9	5.8	19.7
1163651PIP	2011	13	110	10.0	8.8	15.4	2.7	3.1	3.9	18.1	7.0	25.1
1163651PIP	2011	13	111	4.7	4.7	2.2	0.5	0.6	1.3	2.7	2.0	4.6
1163651PIP	2011	13	112	8.7	7.8	10.7	1.9	2.3	3.2	12.6	5.6	18.2
1163651PIP	2011	13	113	2.8	3.1	0.6	0.1	0.2	0.6	0.7	0.8	1.6
1163651PIP	2011	13	114	4.1	4.2	1.5	0.3	0.5	1.1	1.9	1.6	3.5
1163651PIP	2011	13	115	15.1	12.2	44.1	6.7	7.5	7.2	50.8	14.7	65.5
1163651PIP	2011	13	116	4.3	4.3	1.7	0.4	0.6	1.2	2.1	1.7	3.8
1163651PIP	2011	13	117	3.6	3.8	1.1	0.3	0.4	0.9	1.4	1.3	2.6
1163651PIP	2011	13	118	10.8	9.4	18.9	3.2	3.6	4.4	22.0	8.0	30.0
1163651PIP	2011	13	119	8.0	7.3	8.7	1.6	2.0	2.8	10.2	4.8	15.1
1163651PIP	2011	13	120	7.3	6.8	6.9	1.3	1.6	2.5	8.2	4.1	12.2
1163651PIP	2011	13	121	9.5	8.4	13.5	2.4	2.8	3.7	15.8	6.5	22.3
1163651PIP	2011	13	122	7.9	7.2	8.4	1.5	1.9	2.8	9.9	4.7	14.6
1163651PIP	2011	13	123	10.3	9.0	16.6	2.8	3.3	4.1	19.5	7.4	26.9
1163651PIP	2011	13	124	8.9	8.0	11.4	2.0	2.4	3.3	13.5	5.7	19.2
1163651PIP	2011	13	125	8.2	7.4	9.2	1.7	2.1	3.0	10.8	5.1	15.9
1163651PIP	2011	13	126	5.7	5.5	3.6	0.7	1.0	1.8	4.3	2.7	7.1
1163651PIP	2011	13	127	5.9	5.6	3.9	0.8	1.1	1.9	4.7	2.9	7.6
1163651PIP	2011	13	128	5.6	5.4	3.4	0.7	0.9	1.7	4.1	2.7	6.8
1163651PIP	2011	13	129	4.8	4.8	2.3	0.5	0.7	1.4	2.8	2.0	4.9
1163651PIP	2011	13	130	6.4	6.0	4.8	0.9	1.3	2.1	5.8	3.3	9.1
1163651PIP	2011	13	131	2.8	3.1	0.6	0.1	0.2	0.6	0.7	0.8	1.6
1163651PIP	2011	13	132	10.7	9.3	18.4	3.1	3.6	4.3	21.5	7.9	29.4
1163651PIP	2011	13	133	7.4	6.8	7.0	1.3	1.7	2.6	8.4	4.2	12.6
1163651PIP	2011	13	134	7.4	6.8	7.0	1.3	1.7	2.6	8.4	4.2	12.6
1163651PIP	2011	13	135	3.4	3.6	1.0	0.2	0.3	0.8	1.2	1.2	2.3
1163651PIP	2011	13	136	8.4	7.6	9.8	1.8	2.2	3.1	11.6	5.2	16.8
1163651PIP	2011	13	137	9.6	8.5	13.9	2.4	2.9	3.7	16.3	6.6	22.8
1163651PIP	2011	13	138	2.9	3.2	0.6	0.2	0.2	0.6	0.8	0.9	1.7
1163651PIP	2011	13	139	11.4	9.8	21.6	3.6	4.1	4.7	25.2	8.8	34.0
1163651PIP	2011	13	140	6.6	6.2	5.2	1.0	1.3	2.2	6.3	3.5	9.8
1163651PIP	2011	13	141	3.3	3.5	0.9	0.2	0.3	0.8	1.1	1.1	2.2
1163651PIP	2011	13	142	10.0	8.8	15.4	2.7	3.1	3.9	18.1	7.0	25.1
1163651PIP	2011	13	143	7.9	7.2	8.4	1.5	1.9	2.8	9.9	4.7	14.6
1163651PIP	2011	13	144	4.1	4.2	1.5	0.3	0.5	1.1	1.9	1.6	3.5
1163651PIP	2011	13	145	7.8	7.1	8.1	1.5	1.9	2.8	9.5	4.6	14.2
1163651PIP	2011	13	146	9.3	8.3	12.8	2.2	2.7	3.5	15.1	6.2	21.2
1163651PIP	2011	13	147	4.5	4.5	1.9	0.4	0.6	1.3	2.4	1.9	4.2
1163651PIP	2011	13	148	9.1	8.1	12.0	2.1	2.6	3.4	14.2	6.0	20.2
1163651PIP	2011	13	149	5.2	5.1	2.8	0.6	0.8	1.5	3.4	2.3	5.8
1163651PIP	2011	13	150	2.7	3.1	0.5	0.1	0.2	0.6	0.7	0.8	1.4
1163651PIP	2011	13	151	5.7	5.5	3.6	0.7	1.0	1.8	4.3	2.7	7.1
1163651PIP	2011	13	152	3.9	4.0	1.3	0.3	0.4	1.0	1.7	1.5	3.1
1163651PIP	2011	13	153	7.8	7.1	8.1	1.5	1.9	2.8	9.5	4.6	14.2
1163651PIP	2011	13	154	8.8	7.9	11.1	2.0	2.4	3.3	13.0	5.7	18.7
1163651PIP	2011	13	155	6.4	6.0	4.8	0.9	1.3	2.1	5.8	3.3	9.1
1163651PIP	2011	13	156	2.7	3.1	0.5	0.1	0.2	0.6	0.7	0.8	1.4
1163651PIP	2011	13	157	9.5	8.4	13.5	2.4	2.8	3.7	15.8	6.5	22.3
1163651PIP	2011	13	158	3.4	3.6	1.0	0.2	0.3	0.8	1.2	1.2	2.3
1163651PIP	2011	13	159	7.2	6.7	6.6	1.3	1.6	2.4	7.9	4.0	11.9
1163651PIP	2011	13	160	3.8	3.9	1.3	0.3	0.4	1.0	1.5	1.4	3.0
1163651PIP	2011	13	161	2.7	3.1	0.5	0.1	0.2	0.6	0.7	0.8	1.4
1163651PIP	2011	13	162	4.6	4.6	2.1	0.4	0.6	1.3	2.5	1.9	4.4
1163651PIP	2011	13	163	4.2	4.3	1.6	0.4	0.5	1.1	2.0	1.6	3.6
1163651PIP	2011	13	164	10.1	8.9	15.9	2.7	3.2	4.0	18.6	7.1	25.7
1163651PIP	2011	13	165	14.0	11.5	36.4	5.7	6.4	6.4	42.1	12.8	54.9
1163651PIP	2011	13	166	4.2	4.3	1.6	0.4	0.5	1.1	2.0	1.6	3.6
1163651PIP	2011	13	167	3.2	3.5	0.8	0.2	0.3	0.7	1.0	1.0	2.0
1163651PIP	2011	13	168	3.1	3.4	0.8	0.2	0.3	0.7	0.9	1.0	1.9
1163651PIP	2011	13	169	8.1	7.4	9.0	1.6	2.0	2.9	10.6	4.9	15.5
1163651PIP	2011	13	170	10.0	8.8	15.4	2.7	3.1	3.9	18.1	7.0	25.1
1163651PIP	2011	13	171	10.2	8.9	16.2	2.8	3.3	4.1	18.9	7.3	26.2
1163651PIP	2011	13	172	11.2	9.7	20.8	3.4	3.9	4.6	24.2	8.5	32.7
1163651PIP	2011	13	173	4.5	4.5	1.9	0.4	0.6	1.3	2.4	1.9	4.2
1163651PIP	2011	13	174	5.5	5.3	3.3	0.7	0.9	1.7	3.9	2.6	6.5
1163651PIP	2011	13	175	13.5	11.2	33.2	5.2	5.9	6.1	38.5	12.0	50.4
1163651PIP	2011	13	176	10.0	8.8	15.4	2.7	3.1	3.9	18.1	7.0	25.1
1163651PIP	2011	13	177	2.9	3.2	0.6	0.2	0.2	0.6	0.8	0.9	1.7
1163651PIP	2011	13	178	8.2	7.4	9.2	1.7	2.1	3.0	10.8	5.1	15.9
1163651PIP	2011	13	179	8.7	7.8	10.7	1.9	2.3	3.2	12.6	5.6	18.2
1163651PIP	2011	13	180	2.8	3.1	0.6	0.1	0.2	0.6	0.7	0.8	1.6
1163651PIP	2011	13	181	7.6	7.0	7.6	1.4	1.8	2.6	9.0	4.4	13.4
1163651PIP	2011	13	182	3.3	3.5	0.9	0.2	0.3	0.8	1.1	1.1	2.2
1163651PIP	2011	13	183	7.7	7.1	7.9	1.5	1.8	2.7	9.3	4.5	13.8
1163651PIP	2011	13	184	6.5	6.1	5.0	1.0	1.3	2.1	6.0	3.4	9.4
1163651PIP	2011	13	185	4.2	4.3	1.6	0.4	0.5	1.1	2.0	1.6	3.6
1163651PIP	2011	13	186	6.9	6.4	5.9	1.1	1.5	2.3	7.0	3.8	10.8
1163651PIP	2011	13	187	10.5	9.2	17.6	3.0	3.4	4.2	20.5	7.6	28.1
1163651PIP	2011	13	188	2.5	2.9	0.4	0.1	0.2	0.5	0.6	0.7	1.2
1163651PIP	2011	13	189	5.5	5.3	3.3	0.7	0.9	1.7	3.9	2.6	6.5
1163651PIP	2011	13	190	8.7	7.8	10.7	1.9	2.3	3.2	12.6	5.6	18.2
1163651PIP	2011	13	191	2.5	2.9	0.4	0.1	0.2	0.5	0.6	0.7	1.2
1163651PIP	2011	13	192	4.9	4.8	2.4	0.5	0.7	1.4	2.9	2.2	5.1
1163651PIP	2011	13	193	3.7	3.9	1.2	0.3	0.4	0.9	1.5	1.3	2.8
1163651PIP	2011	13	194	9.0	8.1	11.8	2.1	2.5	3.3	13.9	5.8	19.7
1163651PIP	2011	13	195	8.5	7.7	10.2	1.8	2.2	3.1	12.0	5.3	17.3
1163651PIP	2011	13	196	9.3	8.3	12.8	2.2	2.7	3.5	15.1	6.2	21.2
1163651PIP	2011	13	197	4.5	4.5	1.9	0.4	0.6	1.3	2.4	1.9	4.2
1163651PIP	2011	13	198	6.8	6.4	5.7	1.1	1.4	2.2	6.8	3.6	10.4
1163651PIP	2011	13	199	9.4	8.4	13.2	2.3	2.7	3.6	15.5	6.3	21.8
1163651PIP	2011	13	200	4.3	4.3	1.7	0.4	0.6	1.2	2.1	1.7	3.8
1163651PIP	2011	13	201	10.5	9.2	17.6	3.0	3.4	4.2	20.5	7.6	28.1
1163651PIP	2011	13	202	7.5	6.9	7.3	1.4	1.7	2.6	8.7	4.3	13.0
1163651PIP	2011	13	203	3.1	3.4	0.8	0.2	0.3	0.7	0.9	1.0	1.9
1163651PIP	2011	13	204	9.1	8.1	12.0	2.1	2.6	3.4	14.2	6.0	20.2
1163651PIP	2011	13	205	3.5	3.7	1.0	0.2	0.3	0.9	1.3	1.2	2.5
1163651PIP	2011	13	206	2.5	2.9	0.4	0.1	0.2	0.5	0.6	0.7	1.2
1163651PIP	2011	13	207	4.5	4.5	1.9	0.4	0.6	1.3	2.4	1.9	4.2
1163651PIP	2011	13	208	3.7	3.9	1.2	0.3	0.4	0.9	1.5	1.3	2.8
1163651PIP	2011	13	209	6.8	6.4	5.7	1.1	1.4	2.2	6.8	3.6	10.4
1163651PIP	2011	13	210	11.8	10.1	23.7	3.9	4.4	5.0	27.6	9.3	36.9
1163651PIP	2011	13	211	4.2	4.3	1.6	0.4	0.5	1.1	2.0	1.6	3.6
1163651PIP	2011	13	212	7.7	7.1	7.9	1.5	1.8	2.7	9.3	4.5	13.8
1163651PIP	2011	13	213	2.8	3.1	0.6	0.1	0.2	0.6	0.7	0.8	1.6
1163651PIP	2011	13	214	11.0	9.5	19.7	3.3	3.8	4.5	23.0	8.3	31.3
1163651PIP	2011	13	215	4.5	4.5	1.9	0.4	0.6	1.3	2.4	1.9	4.2
1163651PIP	2011	13	216	7.7	7.1	7.9	1.5	1.8	2.7	9.3	4.5	13.8
1163651PIP	2011	13	217	3.8	3.9	1.3	0.3	0.4	1.0	1.5	1.4	3.0
1163651PIP	2011	13	218	7.6	7.0	7.6	1.4	1.8	2.6	9.0	4.4	13.4
1163651PIP	2011	13	219	3.7	3.9	1.2	0.3	0.4	0.9	1.5	1.3	2.8
1163651PIP	2011	13	220	5.7	5.5	3.6	0.7	1.0	1.8	4.3	2.7	7.1
1163651PIP	2011	13	221	7.4	6.8	7.0	1.3	1.7	2.6	8.4	4.2	12.6
1163651PIP	2011	13	222	5.1	5.0	2.7	0.6	0.8	1.5	3.3	2.3	5.5
1163651PIP	2011	13	223	4.5	4.5	1.9	0.4	0.6	1.3	2.4	1.9	4.2
1163651PIP	2011	13	224	11.4	9.8	21.6	3.6	4.1	4.7	25.2	8.8	34.0
1163651PIP	2011	13	225	3.5	3.7	1.0	0.2	0.3	0.9	1.3	1.2	2.5
1163651PIP	2011	13	226	2.6	3.0	0.5	0.1	0.2	0.5	0.6	0.7	1.3
1163651PIP	2011	13	227	8.1	7.4	9.0	1.6	2.0	2.9	10.6	4.9	15.5
1163651PIP	2011	13	228	3.1	3.4	0.8	0.2	0.3	0.7	0.9	1.0	1.9
1163651PIP	2011	13	229	5.9	5.6	3.9	0.8	1.1	1.9	4.7	2.9	7.6
1163651PIP	2011	13	230	3.8	3.9	1.3	0.3	0.4	1.0	1.5	1.4	3.0
1163651PIP	2011	13	231	7.3	6.8	6.9	1.3	1.6	2.5	8.2	4.1	12.2
1163651PIP	2011	13	232	4.4	4.4	1.8	0.4	0.6	1.2	2.2	1.8	4.0
1163651PIP	2011	13	233	6.9	6.4	5.9	1.1	1.5	2.3	7.0	3.8	10.8
1163651PIP	2011	13	234	8.2	7.4	9.2	1.7	2.1	3.0	10.8	5.1	15.9
1163651PIP	2011	13	235	4.5	4.5	1.9	0.4	0.6	1.3	2.4	1.9	4.2
1163651PIP	2011	13	236	8.7	7.8	10.7	1.9	2.3	3.2	12.6	5.6	18.2
1163651PIP	2011	13	237	4.3	4.3	1.7	0.4	0.6	1.2	2.1	1.7	3.8
1163651PIP	2011	13	238	11.2	9.7	20.8	3.4	3.9	4.6	24.2	8.5	32.7
1163651PIP	2011	13	239	8.3	7.5	9.5	1.7	2.1	3.0	11.2	5.1	16.4
1163651PIP	2011	13	240	4.9	4.8	2.4	0.5	0.7	1.4	2.9	2.2	5.1
1163651PIP	2011	13	241	3.7	3.9	1.2	0.3	0.4	0.9	1.5	1.3	2.8
1163651PIP	2011	13	242	8.6	7.8	10.5	1.9	2.3	3.1	12.4	5.4	17.8
1163651PIP	2011	13	243	11.9	10.1	24.0	3.9	4.5	5.1	28.0	9.6	37.5
1163651PIP	2011	13	244	3.1	3.4	0.8	0.2	0.3	0.7	0.9	1.0	1.9
1163651PIP	2011	13	245	6.0	5.7	4.1	0.8	1.1	1.9	4.9	3.0	7.9
1163651PIP	2011	13	246	6.1	5.8	4.3	0.9	1.1	1.9	5.1	3.1	8.2
1163651PIP	2011	13	247	10.0	8.8	15.4	2.7	3.1	3.9	18.1	7.0	25.1
1163651PIP	2011	13	248	5.8	5.6	3.8	0.8	1.0	1.8	4.5	2.8	7.3
1163651PIP	2011	13	249	2.9	3.2	0.6	0.2	0.2	0.6	0.8	0.9	1.7
1163651PIP	2011	13	250	2.7	3.1	0.5	0.1	0.2	0.6	0.7	0.8	1.4
1163651PIP	2011	13	251	9.1	8.1	12.0	2.1	2.6	3.4	14.2	6.0	20.2
1163651PIP	2011	13	253	9.6	8.5	13.9	2.4	2.9	3.7	16.3	6.6	22.8
1163651PIP	2011	13	254	3.1	3.4	0.8	0.2	0.3	0.7	0.9	1.0	1.9
1163651PIP	2011	13	255	3.6	3.8	1.1	0.3	0.4	0.9	1.4	1.3	2.6
1163651PIP	2011	13	257	4.5	4.5	1.9	0.4	0.6	1.3	2.4	1.9	4.2
1163651PIP	2011	13	258	11.1	9.6	20.2	3.4	3.9	4.5	23.6	8.4	32.0
1163651PIP	2011	13	259	5.1	5.0	2.7	0.6	0.8	1.5	3.3	2.3	5.5
1163651PIP	2011	13	260	3.7	3.9	1.2	0.3	0.4	0.9	1.5	1.3	2.8
1163651PIP	2011	13	261	9.2	8.2	12.4	2.2	2.6	3.5	14.6	6.1	20.7
1163651PIP	2011	13	262	5.7	5.5	3.6	0.7	1.0	1.8	4.3	2.7	7.1
1163651PIP	2011	13	263	7.1	6.6	6.3	1.2	1.5	2.4	7.6	3.9	11.5
1163651PIP	2011	13	264	12.1	10.3	25.2	4.1	4.6	5.2	29.3	9.8	39.1
1163651PIP	2011	13	266	4.7	4.7	2.2	0.5	0.6	1.3	2.7	2.0	4.6
1163651PIP	2011	13	267	7.9	7.2	8.4	1.5	1.9	2.8	9.9	4.7	14.6
1163651PIP	2011	13	268	8.6	7.8	10.5	1.9	2.3	3.1	12.4	5.4	17.8
1163651PIP	2011	13	269	8.2	7.4	9.2	1.7	2.1	3.0	10.8	5.1	15.9
1163651PIP	2011	13	270	5.8	5.6	3.8	0.8	1.0	1.8	4.5	2.8	7.3
1163651PIP	2011	13	271	9.1	8.1	12.0	2.1	2.6	3.4	14.2	6.0	20.2
1163651PIP	2011	13	272	9.6	8.5	13.9	2.4	2.9	3.7	16.3	6.6	22.8
1163651PIP	2011	13	273	4.9	4.8	2.4	0.5	0.7	1.4	2.9	2.2	5.1
1163651PIP	2011	13	274	10.0	8.8	15.4	2.7	3.1	3.9	18.1	7.0	25.1
1163651PIP	2011	13	275	3.2	3.5	0.8	0.2	0.3	0.7	1.0	1.0	2.0
1163651PIP	2011	13	276	4.6	4.6	2.1	0.4	0.6	1.3	2.5	1.9	4.4
1163651PIP	2011	13	277	7.5	6.9	7.3	1.4	1.7	2.6	8.7	4.3	13.0
1163651PIP	2011	13	278	9.0	8.1	11.8	2.1	2.5	3.3	13.9	5.8	19.7
1163651PIP	2011	13	279	4.6	4.6	2.1	0.4	0.6	1.3	2.5	1.9	4.4
1163651PIP	2011	13	280	6.2	5.9	4.5	0.9	1.2	2.0	5.4	3.1	8.5
1163651PIP	2011	13	281	11.9	10.1	24.0	3.9	4.5	5.1	28.0	9.6	37.5
1163651PIP	2011	13	282	6.0	5.7	4.1	0.8	1.1	1.9	4.9	3.0	7.9
1163651PIP	2011	13	283	2.9	3.2	0.6	0.2	0.2	0.6	0.8	0.9	1.7
1163651PIP	2011	13	284	7.7	7.1	7.9	1.5	1.8	2.7	9.3	4.5	13.8
1163651PIP	2011	13	285	3.5	3.7	1.0	0.2	0.3	0.9	1.3	1.2	2.5
1163651PIP	2011	13	286	9.5	8.4	13.5	2.4	2.8	3.7	15.8	6.5	22.3
1163651PIP	2011	13	287	3.9	4.0	1.3	0.3	0.4	1.0	1.7	1.5	3.1
1163651PIP	2011	13	288	12.8	10.7	28.9	4.6	5.3	5.7	33.6	10.9	44.5
1163651PIP	2011	13	289	3.0	3.3	0.7	0.2	0.2	0.7	0.9	0.9	1.8
1163651PIP	2011	13	290	7.5	6.9	7.3	1.4	1.7	2.6	8.7	4.3	13.0
1163651PIP	2011	13	291	4.5	4.5	1.9	0.4	0.6	1.3	2.4	1.9	4.2
1163651PIP	2011	13	292	7.9	7.2	8.4	1.5	1.9	2.8	9.9	4.7	14.6
1163651PIP	2011	13	293	4.5	4.5	1.9	0.4	0.6	1.3	2.4	1.9	4.2
1163651PIP	2011	13	294	4.2	4.3	1.6	0.4	0.5	1.1	2.0	1.6	3.6
1163651PIP	2011	13	295	6.4	6.0	4.8	0.9	1.3	2.1	5.8	3.3	9.1
1163651PIP	2011	13	296	6.4	6.0	4.8	0.9	1.3	2.1	5.8	3.3	9.1
1163651PIP	2011	13	297	4.2	4.3	1.6	0.4	0.5	1.1	2.0	1.6	3.6
1163651PIP	2011	13	298	8.5	7.7	10.2	1.8	2.2	3.1	12.0	5.3	17.3
1163651PIP	2011	13	299	5.8	5.6	3.8	0.8	1.0	1.8	4.5	2.8	7.3
1163651PIP	2011	13	300	8.9	8.0	11.4	2.0	2.4	3.3	13.5	5.7	19.2
1163651PIP	2011	13	301	4.6	4.6	2.1	0.4	0.6	1.3	2.5	1.9	4.4
1163651PIP	2011	13	302	3.5	3.7	1.0	0.2	0.3	0.9	1.3	1.2	2.5
1163651PIP	2011	13	303	8.4	7.6	9.8	1.8	2.2	3.1	11.6	5.2	16.8
1163651PIP	2011	13	304	7.0	6.5	6.1	1.2	1.5	2.4	7.3	3.9	11.1
1163651PIP	2011	13	305	4.5	4.5	1.9	0.4	0.6	1.3	2.4	1.9	4.2
1163651PIP	2011	13	306	3.7	3.9	1.2	0.3	0.4	0.9	1.5	1.3	2.8
1163651PIP	2011	13	307	5.5	5.3	3.3	0.7	0.9	1.7	3.9	2.6	6.5
1163651PIP	2011	13	308	2.6	3.0	0.5	0.1	0.2	0.5	0.6	0.7	1.3
1163651PIP	2011	13	309	6.6	6.2	5.2	1.0	1.3	2.2	6.3	3.5	9.8
1163651PIP	2011	13	310	3.3	3.5	0.9	0.2	0.3	0.8	1.1	1.1	2.2
1163651PIP	2011	13	311	9.7	8.6	14.3	2.5	2.9	3.7	16.8	6.6	23.4
1163651PIP	2011	13	312	6.5	6.1	5.0	1.0	1.3	2.1	6.0	3.4	9.4
1163651PIP	2011	13	314	6.2	5.9	4.5	0.9	1.2	2.0	5.4	3.1	8.5
1163651PIP	2011	13	315	2.6	3.0	0.5	0.1	0.2	0.5	0.6	0.7	1.3
1170526PIP	2011	13	1	12.8	11.7	31.6	4.9	4.6	5.0	36.6	9.6	46.2
1170526PIP	2011	13	2	12.3	11.4	28.7	4.5	4.2	4.7	33.3	8.9	42.2
1170526PIP	2011	13	3	13.6	12.3	37.0	5.6	5.3	5.5	42.6	10.7	53.4
1170526PIP	2011	13	4	11.4	10.7	23.6	3.8	3.6	4.2	27.4	7.8	35.2
1170526PIP	2011	13	5	13.6	12.3	37.0	5.6	5.3	5.5	42.6	10.7	53.4
1170526PIP	2011	13	6	3.9	4.3	1.4	0.3	0.4	0.9	1.8	1.3	3.1
1170526PIP	2011	13	7	15.4	13.5	50.5	7.5	6.9	6.6	57.9	13.5	71.5
1170526PIP	2011	13	8	15.5	13.6	51.4	7.6	7.0	6.7	59.0	13.6	72.7
1170526PIP	2011	13	9	5.4	5.7	3.4	0.7	0.8	1.5	4.1	2.2	6.3
1170526PIP	2011	13	10	10.4	9.9	18.6	3.1	3.0	3.7	21.7	6.7	28.3
1170526PIP	2011	13	11	10.2	9.8	17.8	2.9	2.8	3.6	20.7	6.4	27.1
1170526PIP	2011	13	12	10.5	10.0	19.1	3.1	3.0	3.7	22.2	6.8	29.0
1170526PIP	2011	13	13	14.0	12.6	39.9	6.0	5.6	5.7	45.9	11.3	57.2
1170526PIP	2011	13	14	6.3	6.5	5.1	1.0	1.1	1.8	6.0	2.9	8.9
1170526PIP	2011	13	15	13.9	12.5	39.1	5.9	5.5	5.6	45.0	11.2	56.2
1170526PIP	2011	13	16	20.0	16.2	95.8	13.2	12.5	10.1	109.1	22.6	131.6
1170526PIP	2011	13	17	5.4	5.7	3.4	0.7	0.8	1.5	4.1	2.2	6.3
1170526PIP	2011	13	18	3.8	4.2	1.3	0.3	0.4	0.9	1.7	1.3	2.9
1170526PIP	2011	13	19	10.1	9.7	17.3	2.9	2.8	3.5	20.2	6.3	26.5
1170526PIP	2011	13	20	14.0	12.6	39.9	6.0	5.6	5.7	45.9	11.3	57.2
1170526PIP	2011	13	21	7.7	7.7	8.5	1.5	1.6	2.4	10.1	4.0	14.1
1170526PIP	2011	13	22	6.9	7.0	6.4	1.2	1.3	2.1	7.6	3.3	10.9
1170526PIP	2011	13	23	13.8	12.4	38.3	5.8	5.4	5.6	44.1	11.1	55.1
1170526PIP	2011	13	24	9.8	9.4	15.9	2.7	2.7	3.4	18.6	6.0	24.6
1170526PIP	2011	13	25	12.0	11.1	26.8	4.2	4.0	4.6	31.0	8.6	39.6
1170526PIP	2011	13	26	15.3	13.4	49.6	7.3	6.8	6.6	56.9	13.4	70.3
1170526PIP	2011	13	27	14.9	13.2	46.6	6.9	6.4	6.3	53.5	12.7	66.2
1170526PIP	2011	13	29	17.5	14.8	69.3	9.9	9.2	8.1	79.2	17.3	96.5
1170526PIP	2011	13	31	13.9	12.5	39.1	5.9	5.5	5.6	45.0	11.2	56.2
1170526PIP	2011	13	32	17.5	14.8	69.3	9.9	9.2	8.1	79.2	17.3	96.5
1170526PIP	2011	13	33	6.4	6.6	5.3	1.0	1.1	1.8	6.3	2.9	9.2
1170526PIP	2011	13	34	6.8	6.9	6.2	1.2	1.3	2.0	7.3	3.3	10.6
1170526PIP	2011	13	35	13.4	12.2	35.8	5.5	5.1	5.3	41.2	10.4	51.6
1170526PIP	2011	13	36	13.2	12.0	34.3	5.3	4.9	5.2	39.5	10.2	49.7
1170526PIP	2011	13	37	4.4	4.8	2.0	0.4	0.5	1.1	2.4	1.6	4.0
1170526PIP	2011	13	38	6.3	6.5	5.1	1.0	1.1	1.8	6.0	2.9	8.9
1170526PIP	2011	13	39	8.1	8.0	9.7	1.7	1.8	2.6	11.4	4.4	15.8
1170526PIP	2011	13	42	15.0	13.3	47.5	7.0	6.5	6.3	54.6	12.8	67.3
1170526PIP	2011	13	43	10.4	9.9	18.6	3.1	3.0	3.7	21.7	6.7	28.3
1170526PIP	2011	13	44	5.7	5.9	3.9	0.8	0.9	1.6	4.6	2.5	7.1
1170526PIP	2011	13	45	6.7	6.8	5.9	1.1	1.2	2.0	7.0	3.2	10.2
1170526PIP	2011	13	46	16.2	14.0	57.2	8.3	7.7	7.2	65.6	14.9	80.5
1170526PIP	2011	13	47	17.2	14.6	66.3	9.5	8.8	7.9	75.8	16.8	92.6
1170526PIP	2011	13	48	9.3	9.0	13.9	2.4	2.4	3.1	16.3	5.5	21.8
1170526PIP	2011	13	49	8.5	8.4	11.1	1.9	2.0	2.7	13.0	4.7	17.7
1170526PIP	2011	13	50	16.7	14.3	61.7	8.9	8.3	7.5	70.6	15.8	86.4
1170526PIP	2011	13	52	10.6	10.1	19.6	3.2	3.1	3.8	22.8	6.9	29.7
1170526PIP	2011	13	53	10.1	9.7	17.3	2.9	2.8	3.5	20.2	6.3	26.5
1170526PIP	2011	13	54	6.2	6.4	4.9	0.9	1.0	1.8	5.8	2.8	8.6
1170526PIP	2011	13	55	5.5	5.8	3.6	0.7	0.8	1.5	4.3	2.3	6.6
1170526PIP	2011	13	56	9.1	8.9	13.2	2.3	2.3	3.0	15.5	5.3	20.8
1170526PIP	2011	13	57	12.7	11.7	31.2	4.8	4.5	4.9	36.1	9.4	45.5
1170526PIP	2011	13	58	17.4	14.8	68.6	9.8	9.0	8.0	78.4	17.0	95.4
1170526PIP	2011	13	59	13.3	12.1	35.0	5.4	5.0	5.3	40.4	10.3	50.6
1170526PIP	2011	13	60	15.7	13.7	53.0	7.8	7.2	6.8	60.8	14.0	74.8
1170526PIP	2011	13	62	12.7	11.7	31.2	4.8	4.5	4.9	36.1	9.4	45.5
1170526PIP	2011	13	63	12.8	11.7	31.6	4.9	4.6	5.0	36.6	9.6	46.2
1170526PIP	2011	13	64	20.9	16.7	106.7	14.6	13.8	10.9	121.3	24.6	145.9
1170526PIP	2011	13	65	6.0	6.2	4.4	0.9	1.0	1.7	5.3	2.7	8.0
1170526PIP	2011	13	66	11.8	11.0	25.8	4.1	3.9	4.4	29.9	8.3	38.2
1170526PIP	2011	13	67	10.2	9.8	17.8	2.9	2.8	3.6	20.7	6.4	27.1
1170526PIP	2011	13	68	3.5	4.0	1.1	0.3	0.3	0.8	1.4	1.1	2.5
1170526PIP	2011	13	69	7.3	7.3	7.4	1.4	1.5	2.2	8.7	3.7	12.4
1170526PIP	2011	13	70	16.3	14.1	58.3	8.5	7.8	7.2	66.7	15.0	81.8
1170526PIP	2011	13	71	6.4	6.6	5.3	1.0	1.1	1.8	6.3	2.9	9.2
1170526PIP	2011	13	72	6.0	6.2	4.4	0.9	1.0	1.7	5.3	2.7	8.0
1170526PIP	2011	13	73	6.0	6.2	4.4	0.9	1.0	1.7	5.3	2.7	8.0
1170526PIP	2011	13	74	10.4	9.9	18.6	3.1	3.0	3.7	21.7	6.7	28.3
1170526PIP	2011	13	75	12.2	11.3	28.1	4.4	4.2	4.6	32.5	8.8	41.3
1170526PIP	2011	13	76	4.2	4.6	1.8	0.4	0.5	1.0	2.1	1.5	3.6
1170526PIP	2011	13	77	8.4	8.3	10.7	1.9	1.9	2.7	12.6	4.6	17.2
1170526PIP	2011	13	78	12.8	11.7	31.6	4.9	4.6	5.0	36.6	9.6	46.2
1170526PIP	2011	13	79	4.4	4.8	2.0	0.4	0.5	1.1	2.4	1.6	4.0
1170526PIP	2011	13	80	13.6	12.3	37.0	5.6	5.3	5.5	42.6	10.7	53.4
1170526PIP	2011	13	81	3.6	4.1	1.2	0.3	0.3	0.8	1.5	1.1	2.6
1170526PIP	2011	13	82	15.9	13.8	54.6	8.0	7.4	7.0	62.6	14.4	77.0
1170526PIP	2011	13	83	15.5	13.6	51.4	7.6	7.0	6.7	59.0	13.6	72.7
1170526PIP	2011	13	84	12.0	11.1	26.8	4.2	4.0	4.6	31.0	8.6	39.6
1170526PIP	2011	13	85	5.4	5.7	3.4	0.7	0.8	1.5	4.1	2.2	6.3
1170526PIP	2011	13	86	15.0	13.3	47.5	7.0	6.5	6.3	54.6	12.8	67.3
1170526PIP	2011	13	87	12.5	11.5	29.8	4.7	4.4	4.8	34.5	9.2	43.7
1170526PIP	2011	13	88	3.5	4.0	1.1	0.3	0.3	0.8	1.4	1.1	2.5
1170526PIP	2011	13	89	8.1	8.0	9.7	1.7	1.8	2.6	11.4	4.4	15.8
1170526PIP	2011	13	90	6.4	6.6	5.3	1.0	1.1	1.8	6.3	2.9	9.2
1170526PIP	2011	13	91	4.1	4.5	1.7	0.4	0.4	1.0	2.0	1.4	3.4
1170526PIP	2011	13	92	5.0	5.3	2.8	0.6	0.7	1.3	3.3	2.0	5.3
1170526PIP	2011	13	93	8.2	8.1	10.0	1.8	1.8	2.6	11.8	4.5	16.3
1170526PIP	2011	13	94	11.3	10.6	23.0	3.7	3.6	4.2	26.7	7.7	34.5
1170526PIP	2011	13	95	14.7	13.1	45.2	6.7	6.2	6.1	51.9	12.3	64.2
1170526PIP	2011	13	96	4.1	4.5	1.7	0.4	0.4	1.0	2.0	1.4	3.4
1170526PIP	2011	13	97	19.7	16.1	92.7	12.8	12.0	9.8	105.6	21.8	127.4
1170526PIP	2011	13	98	6.9	7.0	6.4	1.2	1.3	2.1	7.6	3.3	10.9
1170526PIP	2011	13	99	4.6	5.0	2.2	0.5	0.6	1.1	2.7	1.7	4.4
1170526PIP	2011	13	100	10.4	9.9	18.6	3.1	3.0	3.7	21.7	6.7	28.3
1170526PIP	2011	13	101	9.9	9.5	16.4	2.7	2.7	3.4	19.1	6.1	25.2
1170526PIP	2011	13	102	10.0	9.6	16.8	2.8	2.7	3.5	19.6	6.2	25.9
1170526PIP	2011	13	103	3.0	3.5	0.7	0.2	0.2	0.6	0.9	0.9	1.8
1170526PIP	2011	13	104	5.0	5.3	2.8	0.6	0.7	1.3	3.3	2.0	5.3
1170526PIP	2011	13	105	7.8	7.8	8.8	1.6	1.6	2.4	10.4	4.1	14.5
1170526PIP	2011	13	106	4.5	4.9	2.1	0.4	0.5	1.1	2.6	1.6	4.2
1170526PIP	2011	13	107	8.1	8.0	9.7	1.7	1.8	2.6	11.4	4.4	15.8
1170526PIP	2011	13	108	19.0	15.7	84.9	11.9	11.0	9.2	96.7	20.3	117.0
1170526PIP	2011	13	109	10.2	9.8	17.8	2.9	2.8	3.6	20.7	6.4	27.1
1170526PIP	2011	13	110	11.5	10.8	24.2	3.9	3.7	4.2	28.1	7.9	36.0
1170526PIP	2011	13	111	3.0	3.5	0.7	0.2	0.2	0.6	0.9	0.9	1.8
1170526PIP	2011	13	112	8.0	7.9	9.4	1.7	1.8	2.6	11.0	4.3	15.3
1170526PIP	2011	13	113	12.8	11.7	31.6	4.9	4.6	5.0	36.6	9.6	46.2
1170526PIP	2011	13	114	9.1	8.9	13.2	2.3	2.3	3.0	15.5	5.3	20.8
1170526PIP	2011	13	115	7.4	7.4	7.7	1.4	1.5	2.3	9.1	3.8	12.8
1170526PIP	2011	13	116	5.1	5.4	2.9	0.6	0.7	1.3	3.5	2.0	5.5
1170526PIP	2011	13	117	16.7	14.3	61.7	8.9	8.3	7.5	70.6	15.8	86.4
1170526PIP	2011	13	118	4.1	4.5	1.7	0.4	0.4	1.0	2.0	1.4	3.4
1170526PIP	2011	13	119	17.5	14.8	69.3	9.9	9.2	8.1	79.2	17.3	96.5
1170526PIP	2011	13	120	8.6	8.4	11.3	2.0	2.0	2.8	13.3	4.9	18.1
1170526PIP	2011	13	121	16.3	14.1	58.3	8.5	7.8	7.2	66.7	15.0	81.8
1170526PIP	2011	13	122	11.7	10.9	25.2	4.0	3.8	4.4	29.2	8.2	37.4
1170526PIP	2011	13	123	3.3	3.8	1.0	0.2	0.3	0.7	1.2	1.0	2.2
1170526PIP	2011	13	124	17.1	14.6	65.6	9.4	8.7	7.8	75.0	16.5	91.5
1170526PIP	2011	13	125	14.2	12.7	41.2	6.2	5.8	5.8	47.4	11.6	59.0
1170526PIP	2011	13	126	7.6	7.6	8.2	1.5	1.6	2.4	9.7	3.9	13.7
1170526PIP	2011	13	127	11.5	10.8	24.2	3.9	3.7	4.2	28.1	7.9	36.0
1170526PIP	2011	13	128	6.9	7.0	6.4	1.2	1.3	2.1	7.6	3.3	10.9
1170526PIP	2011	13	129	12.7	11.7	31.2	4.8	4.5	4.9	36.1	9.4	45.5
1170526PIP	2011	13	130	9.8	9.4	15.9	2.7	2.7	3.4	18.6	6.0	24.6
1170526PIP	2011	13	131	6.9	7.0	6.4	1.2	1.3	2.1	7.6	3.3	10.9
1170526PIP	2011	13	132	5.2	5.5	3.1	0.6	0.7	1.4	3.7	2.1	5.8
1170526PIP	2011	13	133	9.3	9.0	13.9	2.4	2.4	3.1	16.3	5.5	21.8
1170526PIP	2011	13	134	3.0	3.5	0.7	0.2	0.2	0.6	0.9	0.9	1.8
1170526PIP	2011	13	136	12.5	11.5	29.8	4.7	4.4	4.8	34.5	9.2	43.7
1170526PIP	2011	13	137	8.5	8.4	11.1	1.9	2.0	2.7	13.0	4.7	17.7
1170526PIP	2011	13	138	6.1	6.3	4.6	0.9	1.0	1.7	5.5	2.7	8.3
1170526PIP	2011	13	139	10.9	10.3	21.0	3.4	3.3	3.9	24.4	7.2	31.7
1170526PIP	2011	13	140	4.2	4.6	1.8	0.4	0.5	1.0	2.1	1.5	3.6
1170526PIP	2011	13	141	4.5	4.9	2.1	0.4	0.5	1.1	2.6	1.6	4.2
1170526PIP	2011	13	142	11.0	10.4	21.6	3.5	3.3	4.0	25.1	7.3	32.4
1170526PIP	2011	13	143	7.7	7.7	8.5	1.5	1.6	2.4	10.1	4.0	14.1
1170526PIP	2011	13	144	8.8	8.6	12.1	2.1	2.1	2.9	14.1	5.0	19.2
1170526PIP	2011	13	145	13.6	12.3	37.0	5.6	5.3	5.5	42.6	10.7	53.4
1170526PIP	2011	13	146	6.5	6.6	5.4	1.0	1.2	1.9	6.5	3.1	9.5
1170526PIP	2011	13	147	4.7	5.0	2.3	0.5	0.6	1.2	2.8	1.8	4.6
1170526PIP	2011	13	148	6.2	6.4	4.9	0.9	1.0	1.8	5.8	2.8	8.6
1170526PIP	2011	13	149	11.3	10.6	23.0	3.7	3.6	4.2	26.7	7.7	34.5
1170526PIP	2011	13	150	3.2	3.7	0.9	0.2	0.3	0.7	1.1	0.9	2.0
1170526PIP	2011	13	151	6.1	6.3	4.6	0.9	1.0	1.7	5.5	2.7	8.3
1170526PIP	2011	13	152	17.1	14.6	65.6	9.4	8.7	7.8	75.0	16.5	91.5
1170526PIP	2011	13	153	8.6	8.4	11.3	2.0	2.0	2.8	13.3	4.9	18.1
1170526PIP	2011	13	154	12.2	11.3	28.1	4.4	4.2	4.6	32.5	8.8	41.3
1170526PIP	2011	13	156	11.5	10.8	24.2	3.9	3.7	4.2	28.1	7.9	36.0
1170526PIP	2011	13	157	8.8	8.6	12.1	2.1	2.1	2.9	14.1	5.0	19.2
1170526PIP	2011	13	158	8.0	7.9	9.4	1.7	1.8	2.6	11.0	4.3	15.3
1170526PIP	2011	13	159	8.9	8.7	12.4	2.1	2.2	2.9	14.6	5.1	19.7
1170526PIP	2011	13	160	12.7	11.7	31.2	4.8	4.5	4.9	36.1	9.4	45.5
1170526PIP	2011	13	161	5.5	5.8	3.6	0.7	0.8	1.5	4.3	2.3	6.6
1170526PIP	2011	13	162	10.2	9.8	17.8	2.9	2.8	3.6	20.7	6.4	27.1
1170526PIP	2011	13	163	15.0	13.3	47.5	7.0	6.5	6.3	54.6	12.8	67.3
1170526PIP	2011	13	164	13.8	12.4	38.3	5.8	5.4	5.6	44.1	11.1	55.1
1177321PIP	2011	3	1	3.7	5.1	1.4	0.3	0.2	0.3	1.7	0.5	2.2
1177321PIP	2011	3	2	4.6	5.7	2.3	0.5	0.4	0.5	2.7	0.9	3.6
1177321PIP	2011	3	3	4.4	5.6	2.1	0.4	0.3	0.5	2.5	0.8	3.3
1177321PIP	2011	3	4	3.3	4.8	1.1	0.2	0.2	0.3	1.3	0.4	1.7
1177321PIP	2011	3	5	6.0	6.5	4.2	0.8	0.7	0.8	5.0	1.5	6.5
1177321PIP	2011	3	6	3.1	4.6	0.9	0.2	0.1	0.2	1.1	0.4	1.5
1177321PIP	2011	3	7	6.9	6.9	5.8	1.0	1.0	1.0	6.7	2.0	8.8
1177321PIP	2011	3	8	5.1	6.0	2.9	0.6	0.5	0.6	3.5	1.1	4.5
1177321PIP	2011	3	9	8.3	7.5	8.7	1.4	1.7	1.4	10.1	3.1	13.2
1177321PIP	2011	3	10	4.5	5.6	2.2	0.4	0.3	0.5	2.6	0.8	3.4
1177321PIP	2011	3	11	4.4	5.6	2.1	0.4	0.3	0.5	2.5	0.8	3.3
1177321PIP	2011	3	12	7.3	7.1	6.6	1.1	1.2	1.1	7.6	2.3	10.0
1177321PIP	2011	3	17	4.8	5.8	2.5	0.5	0.4	0.5	3.0	0.9	3.9
1177321PIP	2011	3	13	3.7	5.1	1.4	0.3	0.2	0.3	1.7	0.5	2.2
1177321PIP	2011	3	14	5.0	6.0	2.8	0.5	0.4	0.6	3.3	1.0	4.4
1177321PIP	2011	3	15	5.7	6.4	3.8	0.7	0.6	0.7	4.5	1.3	5.8
1177321PIP	2011	3	16	4.2	5.4	1.8	0.4	0.3	0.4	2.2	0.7	2.9
1177321PIP	2011	13	18	3.1	3.5	0.8	0.2	0.3	0.7	1.0	0.9	1.9
1177321PIP	2011	3	19	9.2	7.8	10.9	1.7	2.2	1.7	12.6	3.9	16.5
1177321PIP	2011	3	20	9.6	7.9	11.9	1.8	2.5	1.9	13.7	4.3	18.0
1177321PIP	2011	3	21	5.3	6.1	3.2	0.6	0.5	0.6	3.8	1.2	4.9
1177321PIP	2011	3	22	10.2	8.1	13.6	2.0	2.9	2.1	15.6	5.0	20.6
1177321PIP	2011	3	23	3.9	5.2	1.5	0.3	0.2	0.4	1.9	0.6	2.5
1177321PIP	2011	3	24	3.4	4.9	1.1	0.3	0.2	0.3	1.4	0.5	1.8
1177321PIP	2011	3	27	2.5	4.1	0.5	0.1	0.1	0.2	0.7	0.2	0.9
1177321PIP	2011	3	28	4.2	5.4	1.8	0.4	0.3	0.4	2.2	0.7	2.9
1177321PIP	2011	13	29	3.2	3.6	0.9	0.2	0.3	0.7	1.1	1.0	2.0
1177321PIP	2011	3	30	5.7	6.4	3.8	0.7	0.6	0.7	4.5	1.3	5.8
1177321PIP	2011	3	31	5.6	6.3	3.6	0.7	0.6	0.7	4.3	1.3	5.6
1177321PIP	2011	3	32	4.3	5.5	2.0	0.4	0.3	0.4	2.4	0.7	3.1
1177321PIP	2011	13	33	4.2	4.4	1.7	0.4	0.5	1.1	2.1	1.6	3.6
1177321PIP	2011	3	34	3.1	4.6	0.9	0.2	0.1	0.2	1.1	0.4	1.5
1177321PIP	2011	38	35	10.3	8.3	18.1	3.3	5.8	2.9	21.4	8.6	30.0
1177321PIP	2011	38	36	9.8	8.2	16.2	2.9	5.0	2.6	19.1	7.6	26.7
1177321PIP	2011	38	37	9.7	8.2	15.9	2.9	4.8	2.5	18.7	7.4	26.1
1177321PIP	2011	38	38	11.0	8.5	21.1	3.8	6.9	3.3	24.9	10.2	35.1
1177321PIP	2011	38	39	9.9	8.2	16.5	3.0	5.1	2.7	19.5	7.8	27.3
1177321PIP	2011	3	40	3.9	5.2	1.5	0.3	0.2	0.4	1.9	0.6	2.5
1177321PIP	2011	13	41	3.9	4.2	1.4	0.3	0.4	1.0	1.7	1.4	3.1
1177321PIP	2011	3	42	6.4	6.7	4.9	0.9	0.8	0.9	5.7	1.7	7.5
1177321PIP	2011	3	43	2.7	4.3	0.7	0.2	0.1	0.2	0.8	0.3	1.1
1177321PIP	2011	3	44	12.4	8.6	20.4	2.8	4.9	2.9	23.2	7.9	31.1
1177321PIP	2011	3	45	3.2	4.7	1.0	0.2	0.1	0.3	1.2	0.4	1.6
1177321PIP	2011	3	46	2.6	4.2	0.6	0.2	0.1	0.2	0.7	0.3	1.0
1177321PIP	2011	3	47	3.7	5.1	1.4	0.3	0.2	0.3	1.7	0.5	2.2
1177321PIP	2011	3	48	4.4	5.6	2.1	0.4	0.3	0.5	2.5	0.8	3.3
1177321PIP	2011	3	49	3.6	5.0	1.3	0.3	0.2	0.3	1.6	0.5	2.1
1177321PIP	2011	3	50	8.4	7.5	8.9	1.4	1.7	1.5	10.3	3.2	13.5
1177321PIP	2011	3	51	7.5	7.2	7.0	1.1	1.3	1.2	8.1	2.5	10.6
1177321PIP	2011	3	52	4.9	5.9	2.7	0.5	0.4	0.6	3.2	1.0	4.1
1177321PIP	2011	3	53	5.7	6.4	3.8	0.7	0.6	0.7	4.5	1.3	5.8
1177321PIP	2011	13	54	3.4	3.7	1.0	0.2	0.3	0.8	1.2	1.1	2.3
1177321PIP	2011	3	55	6.6	6.8	5.2	0.9	0.9	0.9	6.1	1.9	8.0
1177321PIP	2011	3	56	5.0	6.0	2.8	0.5	0.4	0.6	3.3	1.0	4.4
1177321PIP	2011	3	57	2.9	4.5	0.8	0.2	0.1	0.2	1.0	0.3	1.3
1177321PIP	2011	3	58	2.6	4.2	0.6	0.2	0.1	0.2	0.7	0.3	1.0
1177321PIP	2011	3	59	6.8	6.9	5.6	1.0	1.0	1.0	6.6	2.0	8.5
1177321PIP	2011	3	60	4.7	5.8	2.4	0.5	0.4	0.5	2.9	0.9	3.8
1177321PIP	2011	3	61	3.2	4.7	1.0	0.2	0.1	0.3	1.2	0.4	1.6
1177321PIP	2011	3	62	5.0	6.0	2.8	0.5	0.4	0.6	3.3	1.0	4.4
1177321PIP	2011	3	63	2.9	4.5	0.8	0.2	0.1	0.2	1.0	0.3	1.3
1177321PIP	2011	3	64	6.1	6.6	4.4	0.8	0.7	0.8	5.2	1.6	6.8
1177321PIP	2011	3	65	2.8	4.4	0.7	0.2	0.1	0.2	0.9	0.3	1.2
1177321PIP	2011	3	66	7.8	7.3	7.6	1.2	1.4	1.3	8.8	2.7	11.5
1177321PIP	2011	3	67	3.1	4.6	0.9	0.2	0.1	0.2	1.1	0.4	1.5
1177321PIP	2011	3	68	3.4	4.9	1.1	0.3	0.2	0.3	1.4	0.5	1.8
1177321PIP	2011	3	69	4.6	5.7	2.3	0.5	0.4	0.5	2.7	0.9	3.6
1177321PIP	2011	3	70	2.6	4.2	0.6	0.2	0.1	0.2	0.7	0.3	1.0
1177321PIP	2011	3	71	2.5	4.1	0.5	0.1	0.1	0.2	0.7	0.2	0.9
1177321PIP	2011	3	72	2.9	4.5	0.8	0.2	0.1	0.2	1.0	0.3	1.3
1177321PIP	2011	3	73	2.9	4.5	0.8	0.2	0.1	0.2	1.0	0.3	1.3
1177321PIP	2011	3	74	4.0	5.3	1.6	0.3	0.2	0.4	2.0	0.6	2.6
1177321PIP	2011	3	75	3.1	4.6	0.9	0.2	0.1	0.2	1.1	0.4	1.5
1177321PIP	2011	3	76	3.0	4.5	0.8	0.2	0.1	0.2	1.0	0.4	1.4
1177321PIP	2011	3	77	3.3	4.8	1.1	0.2	0.2	0.3	1.3	0.4	1.7
1177321PIP	2011	3	78	3.8	5.2	1.5	0.3	0.2	0.4	1.8	0.6	2.4
1177321PIP	2011	3	79	2.7	4.3	0.7	0.2	0.1	0.2	0.8	0.3	1.1
1177321PIP	2011	3	80	4.0	5.3	1.6	0.3	0.2	0.4	2.0	0.6	2.6
1177321PIP	2011	3	81	4.1	5.4	1.8	0.4	0.3	0.4	2.1	0.7	2.8
1177321PIP	2011	3	82	5.0	6.0	2.8	0.5	0.4	0.6	3.3	1.0	4.4
1177321PIP	2011	3	83	2.7	4.3	0.7	0.2	0.1	0.2	0.8	0.3	1.1
1177321PIP	2011	3	84	3.2	4.7	1.0	0.2	0.1	0.3	1.2	0.4	1.6
1177321PIP	2011	3	85	4.1	5.4	1.8	0.4	0.3	0.4	2.1	0.7	2.8
1177321PIP	2011	3	86	4.0	5.3	1.6	0.3	0.2	0.4	2.0	0.6	2.6
1177321PIP	2011	3	87	3.0	4.5	0.8	0.2	0.1	0.2	1.0	0.4	1.4
1177321PIP	2011	3	88	3.2	4.7	1.0	0.2	0.1	0.3	1.2	0.4	1.6
1177321PIP	2011	3	89	2.8	4.4	0.7	0.2	0.1	0.2	0.9	0.3	1.2
1177321PIP	2011	3	90	3.8	5.2	1.5	0.3	0.2	0.4	1.8	0.6	2.4
1177321PIP	2011	3	91	2.8	4.4	0.7	0.2	0.1	0.2	0.9	0.3	1.2
1177321PIP	2011	3	92	6.7	6.8	5.4	0.9	0.9	1.0	6.3	1.9	8.2
1177321PIP	2011	3	93	2.7	4.3	0.7	0.2	0.1	0.2	0.8	0.3	1.1
1177321PIP	2011	3	94	3.6	5.0	1.3	0.3	0.2	0.3	1.6	0.5	2.1
1177321PIP	2011	3	95	5.4	6.2	3.3	0.6	0.5	0.7	3.9	1.2	5.1
1177321PIP	2011	3	96	4.0	5.3	1.6	0.3	0.2	0.4	2.0	0.6	2.6
1177321PIP	2011	3	97	3.4	4.9	1.1	0.3	0.2	0.3	1.4	0.5	1.8
1177321PIP	2011	3	98	2.6	4.2	0.6	0.2	0.1	0.2	0.7	0.3	1.0
1177321PIP	2011	3	99	5.0	6.0	2.8	0.5	0.4	0.6	3.3	1.0	4.4
1177321PIP	2011	3	100	2.7	4.3	0.7	0.2	0.1	0.2	0.8	0.3	1.1
1177321PIP	2011	3	101	2.5	4.1	0.5	0.1	0.1	0.2	0.7	0.2	0.9
1177321PIP	2011	3	102	5.0	6.0	2.8	0.5	0.4	0.6	3.3	1.0	4.4
1177321PIP	2011	3	103	4.9	5.9	2.7	0.5	0.4	0.6	3.2	1.0	4.1
1177321PIP	2011	3	104	4.8	5.8	2.5	0.5	0.4	0.5	3.0	0.9	3.9
1177321PIP	2011	3	105	4.6	5.7	2.3	0.5	0.4	0.5	2.7	0.9	3.6
1177321PIP	2011	3	106	3.2	4.7	1.0	0.2	0.1	0.3	1.2	0.4	1.6
1177321PIP	2011	3	107	7.0	7.0	6.0	1.0	1.1	1.1	7.0	2.1	9.1
1177321PIP	2011	3	108	8.1	7.4	8.2	1.3	1.6	1.4	9.5	2.9	12.5
1177321PIP	2011	3	109	6.3	6.7	4.8	0.8	0.8	0.9	5.6	1.7	7.3
1177321PIP	2011	3	110	3.5	4.9	1.2	0.3	0.2	0.3	1.5	0.5	1.9
1177321PIP	2011	3	111	3.0	4.5	0.8	0.2	0.1	0.2	1.0	0.4	1.4
1177321PIP	2011	3	112	3.5	4.9	1.2	0.3	0.2	0.3	1.5	0.5	1.9
1177321PIP	2011	3	113	3.1	4.6	0.9	0.2	0.1	0.2	1.1	0.4	1.5
1177321PIP	2011	3	114	2.7	4.3	0.7	0.2	0.1	0.2	0.8	0.3	1.1
1177321PIP	2011	3	115	5.4	6.2	3.3	0.6	0.5	0.7	3.9	1.2	5.1
1177321PIP	2011	3	116	4.8	5.8	2.5	0.5	0.4	0.5	3.0	0.9	3.9
1177321PIP	2011	3	117	4.2	5.4	1.8	0.4	0.3	0.4	2.2	0.7	2.9
1177321PIP	2011	3	118	5.2	6.1	3.1	0.6	0.5	0.6	3.6	1.1	4.7
1177321PIP	2011	3	119	4.5	5.6	2.2	0.4	0.3	0.5	2.6	0.8	3.4
1177321PIP	2011	3	120	4.2	5.4	1.8	0.4	0.3	0.4	2.2	0.7	2.9
1177321PIP	2011	3	121	4.5	5.6	2.2	0.4	0.3	0.5	2.6	0.8	3.4
1177321PIP	2011	3	123	3.9	5.2	1.5	0.3	0.2	0.4	1.9	0.6	2.5
1177321PIP	2011	3	124	9.7	7.9	12.1	1.8	2.5	1.9	13.9	4.4	18.4
1177321PIP	2011	3	125	6.7	6.8	5.4	0.9	0.9	1.0	6.3	1.9	8.2
1177321PIP	2011	3	126	3.2	4.7	1.0	0.2	0.1	0.3	1.2	0.4	1.6
1177321PIP	2011	3	127	5.5	6.2	3.4	0.6	0.6	0.7	4.1	1.3	5.3
1177321PIP	2011	3	128	7.9	7.3	7.8	1.3	1.5	1.3	9.0	2.8	11.8
1177321PIP	2011	38	129	7.8	7.5	9.5	1.8	2.6	1.7	11.3	4.3	15.6
1177321PIP	2011	38	130	5.2	6.2	3.6	0.7	0.9	0.8	4.3	1.7	6.0
1177321PIP	2011	38	131	3.1	4.6	1.0	0.2	0.2	0.3	1.2	0.6	1.8
1177321PIP	2011	38	132	4.2	5.5	2.1	0.4	0.5	0.6	2.6	1.1	3.6
1177321PIP	2011	38	133	7.8	7.5	9.5	1.8	2.6	1.7	11.3	4.3	15.6
1177321PIP	2011	38	134	5.2	6.2	3.6	0.7	0.9	0.8	4.3	1.7	6.0
1177321PIP	2011	38	135	4.0	5.4	1.9	0.4	0.4	0.5	2.3	1.0	3.2
1177321PIP	2011	38	136	2.7	4.3	0.7	0.2	0.2	0.3	0.9	0.4	1.3
1177371PIP	2011	13	1	13.1	11.0	31.0	4.9	5.5	5.8	35.9	11.2	47.1
1177371PIP	2011	13	2	14.0	11.6	36.7	5.7	6.3	6.4	42.4	12.7	55.1
1177371PIP	2011	13	3	10.3	9.1	16.8	2.9	3.3	4.0	19.7	7.3	27.0
1177371PIP	2011	13	4	8.6	7.8	10.5	1.9	2.3	3.1	12.4	5.4	17.8
1177371PIP	2011	13	5	8.7	7.9	10.9	1.9	2.3	3.2	12.8	5.5	18.3
1177371PIP	2011	13	7	10.8	9.4	18.9	3.2	3.6	4.4	22.0	8.0	30.0
1177371PIP	2011	13	8	12.9	10.9	29.9	4.8	5.3	5.6	34.6	10.9	45.5
1177371PIP	2011	13	9	10.5	9.2	17.6	3.0	3.4	4.2	20.5	7.6	28.1
1177371PIP	2011	13	10	6.5	6.2	5.1	1.0	1.3	2.1	6.1	3.3	9.4
1177371PIP	2011	13	12	12.3	10.5	26.5	4.3	4.7	5.2	30.7	10.0	40.7
1177371PIP	2011	13	13	3.0	3.3	0.7	0.2	0.2	0.7	0.9	0.9	1.8
1177371PIP	2011	13	14	10.1	8.9	15.9	2.7	3.2	4.0	18.6	7.1	25.7
1177371PIP	2011	13	15	9.4	8.4	13.2	2.3	2.7	3.6	15.5	6.3	21.8
1177371PIP	2011	13	16	6.2	5.9	4.5	0.9	1.2	2.0	5.4	3.1	8.5
1177371PIP	2011	13	17	21.7	15.7	107.1	15.0	17.0	13.0	122.1	30.0	152.1
1177371PIP	2011	13	19	13.4	11.2	32.8	5.2	5.7	6.0	38.0	11.7	49.7
1177371PIP	2011	13	20	14.0	11.6	36.7	5.7	6.3	6.4	42.4	12.7	55.1
1177371PIP	2011	13	21	7.7	7.1	7.9	1.5	1.8	2.7	9.3	4.5	13.8
1177371PIP	2011	13	22	19.3	14.6	81.1	11.6	12.9	10.6	92.7	23.5	116.3
1177371PIP	2011	13	23	6.7	6.3	5.5	1.1	1.4	2.2	6.5	3.6	10.1
1177371PIP	2011	13	24	7.7	7.1	7.9	1.5	1.8	2.7	9.3	4.5	13.8
1177371PIP	2011	13	25	6.6	6.3	5.3	1.0	1.3	2.1	6.4	3.4	9.8
1177371PIP	2011	13	27	6.9	6.5	5.9	1.1	1.4	2.3	7.1	3.7	10.8
1177371PIP	2011	13	28	14.0	11.6	36.7	5.7	6.3	6.4	42.4	12.7	55.1
1177371PIP	2011	13	29	13.0	10.9	30.3	4.8	5.4	5.7	35.1	11.1	46.2
1177371PIP	2011	13	30	11.9	10.2	24.3	4.0	4.4	5.0	28.2	9.4	37.7
1177371PIP	2011	13	32	14.2	11.7	38.0	5.9	6.5	6.5	43.8	13.0	56.9
1177371PIP	2011	13	33	12.5	10.6	27.5	4.4	4.9	5.4	31.9	10.3	42.2
1177371PIP	2011	13	35	8.6	7.8	10.5	1.9	2.3	3.1	12.4	5.4	17.8
1177371PIP	2011	13	36	15.5	12.5	47.3	7.2	7.9	7.5	54.4	15.3	69.8
1177371PIP	2011	13	37	3.0	3.3	0.7	0.2	0.2	0.7	0.9	0.9	1.8
1177371PIP	2011	13	38	17.1	13.4	60.2	8.9	9.8	8.8	69.1	18.6	87.7
1177371PIP	2011	13	41	12.7	10.8	28.8	4.6	5.1	5.5	33.4	10.5	43.9
1177371PIP	2011	13	42	13.5	11.3	33.5	5.3	5.8	6.0	38.8	11.8	50.6
1177371PIP	2011	13	43	13.8	11.5	35.5	5.5	6.1	6.2	41.0	12.3	53.3
1177371PIP	2011	13	44	15.7	12.6	48.7	7.4	8.1	7.6	56.1	15.8	71.9
1177371PIP	2011	13	45	12.8	10.8	29.2	4.7	5.2	5.6	33.9	10.8	44.6
1177371PIP	2011	13	47	17.4	13.6	63.0	9.3	10.2	9.0	72.3	19.1	91.4
1177371PIP	2011	13	48	4.3	4.4	1.8	0.4	0.5	1.2	2.1	1.7	3.8
1177371PIP	2011	13	50	12.6	10.7	28.1	4.5	5.0	5.4	32.7	10.4	43.1
1177371PIP	2011	13	52	17.1	13.4	60.2	8.9	9.8	8.8	69.1	18.6	87.7
1177371PIP	2011	13	53	12.6	10.7	28.1	4.5	5.0	5.4	32.7	10.4	43.1
1177371PIP	2011	13	54	13.8	11.5	35.5	5.5	6.1	6.2	41.0	12.3	53.3
1177371PIP	2011	13	55	4.2	4.3	1.6	0.4	0.5	1.1	2.0	1.6	3.6
1177371PIP	2011	13	57	15.7	12.6	48.7	7.4	8.1	7.6	56.1	15.8	71.9
1177371PIP	2011	13	58	15.0	12.2	43.6	6.7	7.3	7.1	50.2	14.4	64.6
1177371PIP	2011	13	60	14.4	11.8	39.2	6.1	6.7	6.7	45.3	13.4	58.7
1177371PIP	2011	13	61	13.0	10.9	30.3	4.8	5.4	5.7	35.1	11.1	46.2
1177371PIP	2011	13	62	15.6	12.6	48.2	7.3	7.9	7.5	55.5	15.5	70.9
1177371PIP	2011	13	63	11.5	9.9	22.2	3.7	4.1	4.8	25.8	8.9	34.8
1177371PIP	2011	13	64	10.4	9.2	17.3	2.9	3.3	4.1	20.2	7.4	27.6
1177371PIP	2011	13	65	4.3	4.4	1.8	0.4	0.5	1.2	2.1	1.7	3.8
1177371PIP	2011	13	66	15.1	12.3	44.4	6.8	7.4	7.1	51.2	14.5	65.8
1177381PIP	2011	13	1	14.7	12.1	41.7	6.4	6.9	6.8	48.1	13.8	61.9
1177381PIP	2011	20	2	4.5	4.9	1.8	0.3	0.3	0.9	2.1	1.2	3.4
1177381PIP	2011	13	4	10.0	8.9	15.6	2.7	3.1	3.9	18.3	6.9	25.2
1177381PIP	2011	13	5	7.7	7.2	8.0	1.5	1.8	2.6	9.5	4.4	13.9
1177381PIP	2011	13	7	3.2	3.5	0.8	0.2	0.3	0.7	1.0	1.0	2.0
1177381PIP	2011	13	8	9.8	8.8	14.9	2.6	2.9	3.7	17.5	6.6	24.1
1177381PIP	2011	13	9	3.5	3.7	1.0	0.2	0.3	0.9	1.3	1.2	2.5
1177381PIP	2011	13	10	4.6	4.6	2.1	0.4	0.6	1.3	2.5	1.9	4.4
1177381PIP	2011	13	11	2.7	3.1	0.5	0.1	0.2	0.6	0.7	0.8	1.4
1177381PIP	2011	20	12	6.6	6.9	5.0	0.8	0.7	1.7	5.8	2.4	8.2
1177381PIP	2011	25	13	19.4	16.9	99.9	9.8	13.9	5.8	109.7	19.7	129.4
1177381PIP	2011	20	16	8.5	8.5	9.5	1.6	1.3	2.5	11.1	3.8	14.9
1177381PIP	2011	20	17	8.4	8.4	9.2	1.6	1.3	2.5	10.8	3.7	14.5
1177381PIP	2011	20	18	4.6	5.0	1.9	0.3	0.3	1.0	2.3	1.3	3.5
1177381PIP	2011	20	19	4.2	4.6	1.5	0.3	0.2	0.8	1.8	1.1	2.9
1177381PIP	2011	13	20	7.7	7.2	8.0	1.5	1.8	2.6	9.5	4.4	13.9
1177381PIP	2011	13	21	2.8	3.2	0.6	0.1	0.2	0.6	0.8	0.8	1.5
1177381PIP	2011	13	22	7.7	7.2	8.0	1.5	1.8	2.6	9.5	4.4	13.9
1177381PIP	2011	13	23	3.6	3.8	1.1	0.3	0.4	0.9	1.4	1.3	2.6
1177381PIP	2011	13	24	9.4	8.5	13.4	2.3	2.7	3.5	15.7	6.2	21.9
1177381PIP	2011	20	25	6.5	6.8	4.8	0.8	0.7	1.6	5.6	2.3	7.9
1177381PIP	2011	13	26	4.5	4.6	2.0	0.4	0.6	1.2	2.4	1.8	4.2
1177381PIP	2011	13	27	13.4	11.3	33.1	5.2	5.7	5.9	38.3	11.6	49.9
1177381PIP	2011	13	28	12.1	10.4	25.5	4.1	4.6	5.1	29.6	9.6	39.3
1177381PIP	2011	13	29	2.9	3.3	0.7	0.2	0.2	0.6	0.8	0.8	1.7
1177381PIP	2011	13	31	3.0	3.3	0.7	0.2	0.2	0.7	0.9	0.9	1.8
1177381PIP	2011	20	32	4.1	4.5	1.4	0.2	0.2	0.8	1.7	1.0	2.7
1177381PIP	2011	13	33	6.7	6.4	5.6	1.1	1.3	2.2	6.6	3.5	10.1
1177381PIP	2011	13	34	6.5	6.2	5.1	1.0	1.3	2.1	6.1	3.3	9.4
1177381PIP	2011	13	36	4.5	4.6	2.0	0.4	0.6	1.2	2.4	1.8	4.2
1177381PIP	2011	13	37	5.9	5.7	4.0	0.8	1.0	1.8	4.8	2.9	7.6
1177381PIP	2011	13	38	12.3	10.6	26.7	4.3	4.7	5.2	31.0	9.8	40.9
1177381PIP	2011	13	39	8.2	7.5	9.3	1.7	2.0	2.9	11.0	5.0	15.9
1177381PIP	2011	13	40	11.0	9.6	19.9	3.3	3.7	4.4	23.2	8.2	31.4
1177381PIP	2011	13	41	6.7	6.4	5.6	1.1	1.3	2.2	6.6	3.5	10.1
1177381PIP	2011	20	42	2.7	3.2	0.5	0.1	0.1	0.4	0.6	0.5	1.1
1177381PIP	2011	13	43	7.8	7.2	8.2	1.5	1.8	2.7	9.7	4.6	14.2
1177381PIP	2011	13	44	9.1	8.2	12.2	2.1	2.5	3.4	14.3	5.9	20.2
1177381PIP	2011	13	45	9.1	8.2	12.2	2.1	2.5	3.4	14.3	5.9	20.2
1177381PIP	2011	20	46	4.2	4.6	1.5	0.3	0.2	0.8	1.8	1.1	2.9
1177381PIP	2011	13	47	4.7	4.7	2.2	0.5	0.6	1.3	2.7	2.0	4.6
1177381PIP	2011	13	48	5.2	5.1	2.8	0.6	0.8	1.5	3.4	2.3	5.8
1177381PIP	2011	13	50	4.2	4.3	1.6	0.4	0.5	1.1	2.0	1.6	3.6
1177381PIP	2011	20	52	4.7	5.1	2.1	0.3	0.3	1.0	2.4	1.3	3.7
1177381PIP	2011	13	53	4.5	4.6	2.0	0.4	0.6	1.2	2.4	1.8	4.2
1177381PIP	2011	20	54	5.6	6.0	3.3	0.6	0.5	1.3	3.8	1.8	5.6
1177381PIP	2011	13	55	7.2	6.8	6.7	1.3	1.5	2.4	8.0	3.9	11.9
1177381PIP	2011	13	56	6.5	6.2	5.1	1.0	1.3	2.1	6.1	3.3	9.4
1177381PIP	2011	13	57	4.6	4.6	2.1	0.4	0.6	1.3	2.5	1.9	4.4
1177381PIP	2011	13	58	10.6	9.4	18.3	3.1	3.4	4.2	21.3	7.6	28.9
1177381PIP	2011	13	59	7.4	6.9	7.1	1.3	1.6	2.5	8.5	4.2	12.6
1177381PIP	2011	13	60	6.2	6.0	4.6	0.9	1.1	1.9	5.4	3.1	8.5
1177381PIP	2011	13	61	5.6	5.5	3.5	0.7	0.9	1.7	4.2	2.6	6.8
1177381PIP	2011	13	62	3.4	3.7	1.0	0.2	0.3	0.8	1.2	1.1	2.3
1177381PIP	2011	13	63	7.6	7.1	7.7	1.4	1.7	2.6	9.1	4.3	13.4
1177381PIP	2011	13	64	5.3	5.2	3.0	0.6	0.8	1.6	3.6	2.4	6.0
1177381PIP	2011	13	65	3.2	3.5	0.8	0.2	0.3	0.7	1.0	1.0	2.0
1177381PIP	2011	13	66	6.4	6.1	4.9	1.0	1.2	2.0	5.8	3.3	9.1
1177381PIP	2011	13	67	3.2	3.5	0.8	0.2	0.3	0.7	1.0	1.0	2.0
1177381PIP	2011	13	68	4.6	4.6	2.1	0.4	0.6	1.3	2.5	1.9	4.4
1177381PIP	2011	13	69	6.9	6.5	5.9	1.1	1.4	2.3	7.1	3.7	10.8
1177381PIP	2011	13	70	3.4	3.7	1.0	0.2	0.3	0.8	1.2	1.1	2.3
1177381PIP	2011	13	71	4.7	4.7	2.2	0.5	0.6	1.3	2.7	2.0	4.6
1177381PIP	2011	13	72	4.8	4.8	2.3	0.5	0.7	1.4	2.8	2.0	4.9
1177381PIP	2011	13	73	3.2	3.5	0.8	0.2	0.3	0.7	1.0	1.0	2.0
1177381PIP	2011	20	74	4.4	4.8	1.7	0.3	0.3	0.9	2.0	1.2	3.2
1177381PIP	2011	13	75	5.8	5.6	3.8	0.8	1.0	1.8	4.5	2.8	7.3
1177381PIP	2011	13	76	3.0	3.3	0.7	0.2	0.2	0.7	0.9	0.9	1.8
1177381PIP	2011	13	77	4.8	4.8	2.3	0.5	0.7	1.4	2.8	2.0	4.9
1177381PIP	2011	13	78	8.6	7.9	10.6	1.9	2.2	3.1	12.5	5.3	17.8
1177381PIP	2011	13	79	7.2	6.8	6.7	1.3	1.5	2.4	8.0	3.9	11.9
1177381PIP	2011	13	80	7.3	6.8	6.9	1.3	1.6	2.5	8.2	4.1	12.2
1177381PIP	2011	20	81	6.8	7.1	5.4	0.9	0.8	1.7	6.3	2.5	8.8
1177381PIP	2011	13	82	3.4	3.7	1.0	0.2	0.3	0.8	1.2	1.1	2.3
1177381PIP	2011	13	83	2.7	3.1	0.5	0.1	0.2	0.6	0.7	0.8	1.4
1177381PIP	2011	13	84	6.1	5.9	4.3	0.9	1.1	1.9	5.2	3.0	8.2
1177381PIP	2011	13	85	11.4	9.9	21.8	3.6	4.0	4.7	25.4	8.7	34.1
1177381PIP	2011	13	86	4.8	4.8	2.3	0.5	0.7	1.4	2.8	2.0	4.9
1177381PIP	2011	13	87	7.7	7.2	8.0	1.5	1.8	2.6	9.5	4.4	13.9
1177381PIP	2011	13	88	5.6	5.5	3.5	0.7	0.9	1.7	4.2	2.6	6.8
1177381PIP	2011	13	89	4.6	4.6	2.1	0.4	0.6	1.3	2.5	1.9	4.4
1177381PIP	2011	13	90	6.5	6.2	5.1	1.0	1.3	2.1	6.1	3.3	9.4
1177381PIP	2011	13	91	6.9	6.5	5.9	1.1	1.4	2.3	7.1	3.7	10.8
1177381PIP	2011	20	92	9.4	9.2	12.2	2.1	1.7	2.9	14.3	4.6	19.0
1177381PIP	2011	20	93	8.5	8.5	9.5	1.6	1.3	2.5	11.1	3.8	14.9
1177381PIP	2011	20	94	8.3	8.3	8.9	1.5	1.3	2.4	10.4	3.7	14.1
1177381PIP	2011	13	95	6.0	5.8	4.2	0.8	1.1	1.9	5.0	2.9	7.9
1177381PIP	2011	13	96	5.7	5.5	3.6	0.7	1.0	1.8	4.3	2.7	7.1
1177381PIP	2011	13	97	5.2	5.1	2.8	0.6	0.8	1.5	3.4	2.3	5.8
1177381PIP	2011	13	98	4.2	4.3	1.6	0.4	0.5	1.1	2.0	1.6	3.6
1177381PIP	2011	13	99	6.4	6.1	4.9	1.0	1.2	2.0	5.8	3.3	9.1
1177381PIP	2011	13	100	2.7	3.1	0.5	0.1	0.2	0.6	0.7	0.8	1.4
1177381PIP	2011	13	101	5.5	5.4	3.3	0.7	0.9	1.6	4.0	2.5	6.5
1177381PIP	2011	13	102	2.5	2.9	0.4	0.1	0.2	0.5	0.6	0.7	1.2
1177381PIP	2011	13	103	3.8	4.0	1.3	0.3	0.4	1.0	1.6	1.4	2.9
1177381PIP	2011	13	105	6.1	5.9	4.3	0.9	1.1	1.9	5.2	3.0	8.2
1177381PIP	2011	13	106	3.3	3.6	0.9	0.2	0.3	0.8	1.1	1.1	2.2
1177381PIP	2011	13	107	3.8	4.0	1.3	0.3	0.4	1.0	1.6	1.4	2.9
1177381PIP	2011	13	108	3.4	3.7	1.0	0.2	0.3	0.8	1.2	1.1	2.3
1177381PIP	2011	20	109	9.7	9.4	13.2	2.3	1.8	3.1	15.5	4.9	20.4
1177381PIP	2011	13	110	5.9	5.7	4.0	0.8	1.0	1.8	4.8	2.9	7.6
1177381PIP	2011	13	112	3.7	3.9	1.2	0.3	0.4	0.9	1.5	1.3	2.8
1177381PIP	2011	13	113	2.5	2.9	0.4	0.1	0.2	0.5	0.6	0.7	1.2
1177381PIP	2011	13	114	4.9	4.9	2.5	0.5	0.7	1.4	3.0	2.1	5.1
1177381PIP	2011	13	115	6.5	6.2	5.1	1.0	1.3	2.1	6.1	3.3	9.4
1177381PIP	2011	13	116	7.0	6.6	6.2	1.2	1.5	2.3	7.4	3.8	11.2
1177381PIP	2011	13	117	3.6	3.8	1.1	0.3	0.4	0.9	1.4	1.3	2.6
1177381PIP	2011	13	118	5.1	5.1	2.7	0.6	0.8	1.5	3.3	2.2	5.5
1177381PIP	2011	13	119	4.1	4.2	1.5	0.3	0.5	1.1	1.9	1.6	3.5
1177381PIP	2011	13	120	4.4	4.5	1.9	0.4	0.6	1.2	2.3	1.7	4.0
1177381PIP	2011	13	121	5.6	5.5	3.5	0.7	0.9	1.7	4.2	2.6	6.8
1177381PIP	2011	13	122	4.0	4.1	1.4	0.3	0.5	1.1	1.8	1.5	3.3
1177381PIP	2011	13	123	8.0	7.4	8.8	1.6	1.9	2.8	10.4	4.7	15.1
1177381PIP	2011	13	124	3.4	3.7	1.0	0.2	0.3	0.8	1.2	1.1	2.3
1177381PIP	2011	13	125	7.2	6.8	6.7	1.3	1.5	2.4	8.0	3.9	11.9
1177381PIP	2011	13	126	4.7	4.7	2.2	0.5	0.6	1.3	2.7	2.0	4.6
1177381PIP	2011	13	127	5.5	5.4	3.3	0.7	0.9	1.6	4.0	2.5	6.5
1177381PIP	2011	13	128	8.0	7.4	8.8	1.6	1.9	2.8	10.4	4.7	15.1
1177381PIP	2011	13	129	5.3	5.2	3.0	0.6	0.8	1.6	3.6	2.4	6.0
1177381PIP	2011	13	130	3.1	3.4	0.8	0.2	0.3	0.7	0.9	1.0	1.9
1177381PIP	2011	13	131	3.3	3.6	0.9	0.2	0.3	0.8	1.1	1.1	2.2
1177381PIP	2011	13	132	3.0	3.3	0.7	0.2	0.2	0.7	0.9	0.9	1.8
1177381PIP	2011	13	133	3.8	4.0	1.3	0.3	0.4	1.0	1.6	1.4	2.9
1177381PIP	2011	13	134	4.1	4.2	1.5	0.3	0.5	1.1	1.9	1.6	3.5
1177381PIP	2011	13	135	3.1	3.4	0.8	0.2	0.3	0.7	0.9	1.0	1.9
1177381PIP	2011	13	136	4.2	4.3	1.6	0.4	0.5	1.1	2.0	1.6	3.6
1177381PIP	2011	13	137	6.4	6.1	4.9	1.0	1.2	2.0	5.8	3.3	9.1
1177381PIP	2011	13	138	4.2	4.3	1.6	0.4	0.5	1.1	2.0	1.6	3.6
1177381PIP	2011	13	139	3.5	3.7	1.0	0.2	0.3	0.9	1.3	1.2	2.5
1177381PIP	2011	13	140	3.2	3.5	0.8	0.2	0.3	0.7	1.0	1.0	2.0
1177381PIP	2011	13	141	2.8	3.2	0.6	0.1	0.2	0.6	0.8	0.8	1.5
1177381PIP	2011	13	142	3.8	4.0	1.3	0.3	0.4	1.0	1.6	1.4	2.9
1177381PIP	2011	13	143	7.8	7.2	8.2	1.5	1.8	2.7	9.7	4.6	14.2
1177381PIP	2011	13	144	8.1	7.5	9.1	1.7	2.0	2.8	10.7	4.8	15.5
1177381PIP	2011	13	145	3.1	3.4	0.8	0.2	0.3	0.7	0.9	1.0	1.9
1177381PIP	2011	13	146	4.5	4.6	2.0	0.4	0.6	1.2	2.4	1.8	4.2
1177381PIP	2011	13	147	5.4	5.3	3.2	0.6	0.9	1.6	3.8	2.5	6.3
1177381PIP	2011	13	148	5.2	5.1	2.8	0.6	0.8	1.5	3.4	2.3	5.8
1177381PIP	2011	13	149	4.6	4.6	2.1	0.4	0.6	1.3	2.5	1.9	4.4
1177381PIP	2011	13	150	7.3	6.8	6.9	1.3	1.6	2.5	8.2	4.1	12.2
1177381PIP	2011	13	151	3.0	3.3	0.7	0.2	0.2	0.7	0.9	0.9	1.8
1177381PIP	2011	20	152	4.7	5.1	2.1	0.3	0.3	1.0	2.4	1.3	3.7
1177381PIP	2011	13	153	3.4	3.7	1.0	0.2	0.3	0.8	1.2	1.1	2.3
1177381PIP	2011	13	154	5.5	5.4	3.3	0.7	0.9	1.6	4.0	2.5	6.5
1177381PIP	2011	13	155	5.8	5.6	3.8	0.8	1.0	1.8	4.5	2.8	7.3
1177381PIP	2011	20	156	3.2	3.7	0.8	0.1	0.1	0.5	0.9	0.7	1.6
1177381PIP	2011	13	157	4.6	4.6	2.1	0.4	0.6	1.3	2.5	1.9	4.4
1177381PIP	2011	13	158	5.5	5.4	3.3	0.7	0.9	1.6	4.0	2.5	6.5
1177381PIP	2011	13	159	7.0	6.6	6.2	1.2	1.5	2.3	7.4	3.8	11.2
1177381PIP	2011	13	160	8.2	7.5	9.3	1.7	2.0	2.9	11.0	5.0	15.9
1177381PIP	2011	13	161	2.7	3.1	0.5	0.1	0.2	0.6	0.7	0.8	1.4
1177381PIP	2011	13	162	2.9	3.3	0.7	0.2	0.2	0.6	0.8	0.8	1.7
1177381PIP	2011	13	163	3.0	3.3	0.7	0.2	0.2	0.7	0.9	0.9	1.8
1177381PIP	2011	13	164	2.5	2.9	0.4	0.1	0.2	0.5	0.6	0.7	1.2
1177381PIP	2011	13	165	7.8	7.2	8.2	1.5	1.8	2.7	9.7	4.6	14.2
1177381PIP	2011	13	166	2.7	3.1	0.5	0.1	0.2	0.6	0.7	0.8	1.4
1177381PIP	2011	13	167	4.8	4.8	2.3	0.5	0.7	1.4	2.8	2.0	4.9
1177381PIP	2011	13	168	6.1	5.9	4.3	0.9	1.1	1.9	5.2	3.0	8.2
1177381PIP	2011	13	169	2.7	3.1	0.5	0.1	0.2	0.6	0.7	0.8	1.4
1177381PIP	2011	13	170	5.3	5.2	3.0	0.6	0.8	1.6	3.6	2.4	6.0
1177381PIP	2011	13	171	2.8	3.2	0.6	0.1	0.2	0.6	0.8	0.8	1.5
1177381PIP	2011	13	172	3.5	3.7	1.0	0.2	0.3	0.9	1.3	1.2	2.5
1177381PIP	2011	13	173	2.8	3.2	0.6	0.1	0.2	0.6	0.8	0.8	1.5
1177381PIP	2011	13	174	5.8	5.6	3.8	0.8	1.0	1.8	4.5	2.8	7.3
1177381PIP	2011	13	175	3.8	4.0	1.3	0.3	0.4	1.0	1.6	1.4	2.9
1177381PIP	2011	13	176	4.0	4.1	1.4	0.3	0.5	1.1	1.8	1.5	3.3
1177381PIP	2011	13	177	4.7	4.7	2.2	0.5	0.6	1.3	2.7	2.0	4.6
1177381PIP	2011	13	178	4.0	4.1	1.4	0.3	0.5	1.1	1.8	1.5	3.3
1177381PIP	2011	13	179	6.7	6.4	5.6	1.1	1.3	2.2	6.6	3.5	10.1
1177381PIP	2011	20	180	9.8	9.5	13.6	2.3	1.9	3.1	15.9	5.0	20.9
1177381PIP	2011	13	181	8.8	8.0	11.2	2.0	2.3	3.2	13.2	5.6	18.8
1177381PIP	2011	13	182	4.2	4.3	1.6	0.4	0.5	1.1	2.0	1.6	3.6
1177381PIP	2011	13	183	2.8	3.2	0.6	0.1	0.2	0.6	0.8	0.8	1.5
1177381PIP	2011	13	184	3.4	3.7	1.0	0.2	0.3	0.8	1.2	1.1	2.3
1177381PIP	2011	13	185	2.9	3.3	0.7	0.2	0.2	0.6	0.8	0.8	1.7
1177381PIP	2011	13	186	4.0	4.1	1.4	0.3	0.5	1.1	1.8	1.5	3.3
1177381PIP	2011	20	187	7.5	7.7	6.9	1.2	1.0	2.0	8.1	3.0	11.1
1177381PIP	2011	13	188	5.7	5.5	3.6	0.7	1.0	1.8	4.3	2.7	7.1
1177381PIP	2011	13	189	2.7	3.1	0.5	0.1	0.2	0.6	0.7	0.8	1.4
1177381PIP	2011	13	190	4.5	4.6	2.0	0.4	0.6	1.2	2.4	1.8	4.2
1177381PIP	2011	13	191	4.5	4.6	2.0	0.4	0.6	1.2	2.4	1.8	4.2
1177381PIP	2011	13	192	4.0	4.1	1.4	0.3	0.5	1.1	1.8	1.5	3.3
1177381PIP	2011	13	193	16.7	13.3	57.3	8.5	9.2	8.3	65.8	17.5	83.3
1177381PIP	2011	13	194	2.7	3.1	0.5	0.1	0.2	0.6	0.7	0.8	1.4
1177381PIP	2011	13	195	3.7	3.9	1.2	0.3	0.4	0.9	1.5	1.3	2.8
1177381PIP	2011	13	196	4.8	4.8	2.3	0.5	0.7	1.4	2.8	2.0	4.9
1177381PIP	2011	13	197	4.5	4.6	2.0	0.4	0.6	1.2	2.4	1.8	4.2
1177381PIP	2011	13	198	5.0	5.0	2.6	0.5	0.7	1.4	3.1	2.2	5.3
1177381PIP	2011	13	199	5.5	5.4	3.3	0.7	0.9	1.6	4.0	2.5	6.5
1177381PIP	2011	13	200	3.8	4.0	1.3	0.3	0.4	1.0	1.6	1.4	2.9
1177381PIP	2011	13	201	2.8	3.2	0.6	0.1	0.2	0.6	0.8	0.8	1.5
1177381PIP	2011	13	202	5.1	5.1	2.7	0.6	0.8	1.5	3.3	2.2	5.5
1177381PIP	2011	13	203	4.2	4.3	1.6	0.4	0.5	1.1	2.0	1.6	3.6
1177381PIP	2011	20	204	4.9	5.3	2.3	0.4	0.4	1.1	2.7	1.4	4.1
1177381PIP	2011	13	205	2.7	3.1	0.5	0.1	0.2	0.6	0.7	0.8	1.4
1177381PIP	2011	20	206	3.5	4.0	1.0	0.2	0.2	0.6	1.1	0.8	1.9
1177381PIP	2011	20	207	6.6	6.9	5.0	0.8	0.7	1.7	5.8	2.4	8.2
1177381PIP	2011	13	208	2.9	3.3	0.7	0.2	0.2	0.6	0.8	0.8	1.7
1177381PIP	2011	13	209	5.7	5.5	3.6	0.7	1.0	1.8	4.3	2.7	7.1
1177381PIP	2011	13	211	8.8	8.0	11.2	2.0	2.3	3.2	13.2	5.6	18.8
1177381PIP	2011	13	212	12.0	10.4	25.1	4.1	4.4	5.0	29.2	9.4	38.6
1177381PIP	2011	13	213	3.3	3.6	0.9	0.2	0.3	0.8	1.1	1.1	2.2
1177381PIP	2011	13	214	11.2	9.8	21.0	3.5	3.9	4.5	24.4	8.4	32.8
1177381PIP	2011	13	216	6.7	6.4	5.6	1.1	1.3	2.2	6.6	3.5	10.1
1177381PIP	2011	13	217	21.5	15.8	106.1	14.8	16.4	12.6	120.9	29.0	149.8
1177381PIP	2011	13	218	2.9	3.3	0.7	0.2	0.2	0.6	0.8	0.8	1.7
1177381PIP	2011	13	219	3.2	3.5	0.8	0.2	0.3	0.7	1.0	1.0	2.0
1177381PIP	2011	13	220	4.8	4.8	2.3	0.5	0.7	1.4	2.8	2.0	4.9
1177381PIP	2011	13	221	6.5	6.2	5.1	1.0	1.3	2.1	6.1	3.3	9.4
1177381PIP	2011	13	222	2.7	3.1	0.5	0.1	0.2	0.6	0.7	0.8	1.4
1177381PIP	2011	13	223	3.6	3.8	1.1	0.3	0.4	0.9	1.4	1.3	2.6
1177381PIP	2011	13	224	5.1	5.1	2.7	0.6	0.8	1.5	3.3	2.2	5.5
1177381PIP	2011	13	225	4.3	4.4	1.8	0.4	0.5	1.2	2.1	1.7	3.8
1177381PIP	2011	13	226	3.8	4.0	1.3	0.3	0.4	1.0	1.6	1.4	2.9
1177381PIP	2011	13	227	5.0	5.0	2.6	0.5	0.7	1.4	3.1	2.2	5.3
1177381PIP	2011	13	228	2.8	3.2	0.6	0.1	0.2	0.6	0.8	0.8	1.5
1177381PIP	2011	13	229	6.1	5.9	4.3	0.9	1.1	1.9	5.2	3.0	8.2
1177381PIP	2011	13	230	3.5	3.7	1.0	0.2	0.3	0.9	1.3	1.2	2.5
1177381PIP	2011	13	232	20.4	15.3	93.7	13.2	14.4	11.5	106.9	25.9	132.8
1177381PIP	2011	13	233	3.6	3.8	1.1	0.3	0.4	0.9	1.4	1.3	2.6
1177381PIP	2011	13	234	3.6	3.8	1.1	0.3	0.4	0.9	1.4	1.3	2.6
1177381PIP	2011	20	236	6.9	7.1	5.5	0.9	0.8	1.8	6.5	2.6	9.1
1177381PIP	2011	13	237	7.5	7.0	7.4	1.4	1.7	2.6	8.8	4.2	13.0
1177381PIP	2011	13	238	11.0	9.6	19.9	3.3	3.7	4.4	23.2	8.2	31.4
1177381PIP	2011	20	239	4.1	4.5	1.4	0.2	0.2	0.8	1.7	1.0	2.7
1177381PIP	2011	13	240	9.0	8.2	12.0	2.1	2.4	3.3	14.1	5.7	19.8
1177381PIP	2011	13	241	9.1	8.2	12.2	2.1	2.5	3.4	14.3	5.9	20.2
1177381PIP	2011	13	242	2.7	3.1	0.5	0.1	0.2	0.6	0.7	0.8	1.4
1177381PIP	2011	13	243	4.9	4.9	2.5	0.5	0.7	1.4	3.0	2.1	5.1
1177381PIP	2011	13	244	5.7	5.5	3.6	0.7	1.0	1.8	4.3	2.7	7.1
1177381PIP	2011	13	245	3.2	3.5	0.8	0.2	0.3	0.7	1.0	1.0	2.0
1177381PIP	2011	13	246	4.3	4.4	1.8	0.4	0.5	1.2	2.1	1.7	3.8
1177381PIP	2011	13	247	12.1	10.4	25.5	4.1	4.6	5.1	29.6	9.6	39.3
1177381PIP	2011	13	248	6.5	6.2	5.1	1.0	1.3	2.1	6.1	3.3	9.4
1177381PIP	2011	20	249	7.9	8.0	7.9	1.3	1.1	2.2	9.2	3.3	12.5
1177381PIP	2011	13	250	10.1	9.0	16.1	2.7	3.1	3.9	18.8	7.0	25.8
1177381PIP	2011	13	251	4.2	4.3	1.6	0.4	0.5	1.1	2.0	1.6	3.6
1177381PIP	2011	20	252	3.1	3.6	0.7	0.1	0.1	0.5	0.8	0.6	1.5
1177381PIP	2011	13	253	4.0	4.1	1.4	0.3	0.5	1.1	1.8	1.5	3.3
1177381PIP	2011	13	254	3.1	3.4	0.8	0.2	0.3	0.7	0.9	1.0	1.9
1177381PIP	2011	13	255	5.0	5.0	2.6	0.5	0.7	1.4	3.1	2.2	5.3
1177381PIP	2011	13	256	2.7	3.1	0.5	0.1	0.2	0.6	0.7	0.8	1.4
1177381PIP	2011	13	257	3.1	3.4	0.8	0.2	0.3	0.7	0.9	1.0	1.9
1177381PIP	2011	13	258	6.4	6.1	4.9	1.0	1.2	2.0	5.8	3.3	9.1
1177381PIP	2011	13	259	4.1	4.2	1.5	0.3	0.5	1.1	1.9	1.6	3.5
1177381PIP	2011	20	260	3.1	3.6	0.7	0.1	0.1	0.5	0.8	0.6	1.5
1177381PIP	2011	20	261	9.7	9.4	13.2	2.3	1.8	3.1	15.5	4.9	20.4
1177381PIP	2011	13	262	9.1	8.2	12.2	2.1	2.5	3.4	14.3	5.9	20.2
1177381PIP	2011	13	263	10.8	9.5	19.1	3.2	3.6	4.3	22.3	7.9	30.1
1177381PIP	2011	13	264	12.1	10.4	25.5	4.1	4.6	5.1	29.6	9.6	39.3
1177381PIP	2011	13	265	3.8	4.0	1.3	0.3	0.4	1.0	1.6	1.4	2.9
1177381PIP	2011	13	266	7.5	7.0	7.4	1.4	1.7	2.6	8.8	4.2	13.0
1177381PIP	2011	13	267	11.4	9.9	21.8	3.6	4.0	4.7	25.4	8.7	34.1
1177381PIP	2011	13	268	3.4	3.7	1.0	0.2	0.3	0.8	1.2	1.1	2.3
1177381PIP	2011	13	269	5.4	5.3	3.2	0.6	0.9	1.6	3.8	2.5	6.3
1177381PIP	2011	13	270	3.3	3.6	0.9	0.2	0.3	0.8	1.1	1.1	2.2
1177381PIP	2011	20	271	5.1	5.5	2.6	0.4	0.4	1.1	3.0	1.5	4.5
1177381PIP	2011	13	272	5.5	5.4	3.3	0.7	0.9	1.6	4.0	2.5	6.5
1177381PIP	2011	13	273	8.1	7.5	9.1	1.7	2.0	2.8	10.7	4.8	15.5
1177381PIP	2011	13	274	2.8	3.2	0.6	0.1	0.2	0.6	0.8	0.8	1.5
1177381PIP	2011	13	275	3.1	3.4	0.8	0.2	0.3	0.7	0.9	1.0	1.9
1177381PIP	2011	13	276	4.1	4.2	1.5	0.3	0.5	1.1	1.9	1.6	3.5
1177381PIP	2011	13	278	7.6	7.1	7.7	1.4	1.7	2.6	9.1	4.3	13.4
1177381PIP	2011	13	279	4.2	4.3	1.6	0.4	0.5	1.1	2.0	1.6	3.6
1177381PIP	2011	13	280	3.1	3.4	0.8	0.2	0.3	0.7	0.9	1.0	1.9
1177381PIP	2011	13	281	4.1	4.2	1.5	0.3	0.5	1.1	1.9	1.6	3.5
1177381PIP	2011	13	282	7.0	6.6	6.2	1.2	1.5	2.3	7.4	3.8	11.2
1177381PIP	2011	20	283	6.7	7.0	5.2	0.9	0.7	1.7	6.1	2.4	8.5
1177381PIP	2011	13	284	2.8	3.2	0.6	0.1	0.2	0.6	0.8	0.8	1.5
1177381PIP	2011	13	285	3.8	4.0	1.3	0.3	0.4	1.0	1.6	1.4	2.9
1177381PIP	2011	13	286	10.5	9.3	17.8	3.0	3.4	4.1	20.8	7.5	28.2
1177381PIP	2011	13	287	3.5	3.7	1.0	0.2	0.3	0.9	1.3	1.2	2.5
1177381PIP	2011	13	288	3.5	3.7	1.0	0.2	0.3	0.9	1.3	1.2	2.5
1177381PIP	2011	13	289	5.6	5.5	3.5	0.7	0.9	1.7	4.2	2.6	6.8
1177381PIP	2011	20	290	7.1	7.3	6.0	1.0	0.9	1.9	7.0	2.7	9.7
1177381PIP	2011	13	291	5.5	5.4	3.3	0.7	0.9	1.6	4.0	2.5	6.5
1177381PIP	2011	13	292	10.4	9.2	17.3	2.9	3.3	4.1	20.2	7.4	27.6
1177381PIP	2011	20	293	3.1	3.6	0.7	0.1	0.1	0.5	0.8	0.6	1.5
1177381PIP	2011	13	294	7.4	6.9	7.1	1.3	1.6	2.5	8.5	4.2	12.6
1177381PIP	2011	13	295	6.3	6.0	4.7	0.9	1.2	2.0	5.6	3.2	8.8
1177381PIP	2011	13	296	3.7	3.9	1.2	0.3	0.4	0.9	1.5	1.3	2.8
1177381PIP	2011	20	297	10.8	10.2	17.3	3.0	2.4	3.7	20.2	6.1	26.3
1177381PIP	2011	13	298	3.3	3.6	0.9	0.2	0.3	0.8	1.1	1.1	2.2
1177381PIP	2011	20	299	3.1	3.6	0.7	0.1	0.1	0.5	0.8	0.6	1.5
1177381PIP	2011	20	300	6.0	6.3	3.9	0.7	0.6	1.4	4.5	2.0	6.5
1177381PIP	2011	13	301	7.4	6.9	7.1	1.3	1.6	2.5	8.5	4.2	12.6
1177381PIP	2011	13	302	7.4	6.9	7.1	1.3	1.6	2.5	8.5	4.2	12.6
1177381PIP	2011	13	303	9.9	8.8	15.2	2.6	3.0	3.8	17.8	6.8	24.6
1177381PIP	2011	13	304	3.0	3.3	0.7	0.2	0.2	0.7	0.9	0.9	1.8
1177381PIP	2011	13	305	4.9	4.9	2.5	0.5	0.7	1.4	3.0	2.1	5.1
1177381PIP	2011	13	306	3.9	4.1	1.4	0.3	0.4	1.0	1.7	1.4	3.1
1177381PIP	2011	13	307	9.8	8.8	14.9	2.6	2.9	3.7	17.5	6.6	24.1
1177381PIP	2011	13	308	4.8	4.8	2.3	0.5	0.7	1.4	2.8	2.0	4.9
1177381PIP	2011	13	309	15.4	12.6	47.1	7.1	7.6	7.3	54.2	14.9	69.1
1177381PIP	2011	13	310	4.5	4.6	2.0	0.4	0.6	1.2	2.4	1.8	4.2
1177381PIP	2011	13	311	8.9	8.1	11.6	2.0	2.4	3.2	13.6	5.6	19.3
1177381PIP	2011	13	312	3.7	3.9	1.2	0.3	0.4	0.9	1.5	1.3	2.8
1177381PIP	2011	13	313	12.2	10.5	26.1	4.2	4.6	5.1	30.3	9.7	40.1
1177381PIP	2011	13	314	19.8	15.0	87.2	12.4	13.5	10.9	99.5	24.4	124.0
1177381PIP	2011	13	315	3.1	3.4	0.8	0.2	0.3	0.7	0.9	1.0	1.9
1177381PIP	2011	13	316	16.9	13.4	59.0	8.7	9.4	8.5	67.7	17.9	85.6
1177381PIP	2011	13	317	10.6	9.4	18.3	3.1	3.4	4.2	21.3	7.6	28.9
1177381PIP	2011	13	318	14.4	11.9	39.6	6.1	6.6	6.6	45.7	13.3	58.9
1177381PIP	2011	13	319	12.7	10.8	28.8	4.6	5.1	5.5	33.4	10.5	43.9
1177381PIP	2011	13	320	3.2	3.5	0.8	0.2	0.3	0.7	1.0	1.0	2.0
1177381PIP	2011	13	321	9.0	8.2	12.0	2.1	2.4	3.3	14.1	5.7	19.8
1177381PIP	2011	13	322	4.6	4.6	2.1	0.4	0.6	1.3	2.5	1.9	4.4
1177381PIP	2011	13	323	3.7	3.9	1.2	0.3	0.4	0.9	1.5	1.3	2.8
1177381PIP	2011	13	324	2.8	3.2	0.6	0.1	0.2	0.6	0.8	0.8	1.5
1177381PIP	2011	13	325	11.0	9.6	19.9	3.3	3.7	4.4	23.2	8.2	31.4
1177381PIP	2011	13	326	14.3	11.9	39.1	6.0	6.5	6.5	45.1	13.0	58.1
1177381PIP	2011	13	328	13.8	11.6	35.8	5.6	6.0	6.1	41.4	12.1	53.5
1177391PIP	2011	12	1	3.6	3.6	0.9	0.2	0.4	1.0	1.2	1.4	2.6
1177391PIP	2011	38	2	10.1	11.0	21.1	3.8	4.2	2.0	24.9	6.2	31.1
1177391PIP	2011	73	3	8.8	10.0	10.0	3.0	1.8	1.0	13.1	2.8	15.8
1177391PIP	2011	20	5	5.5	5.3	2.8	0.5	0.5	1.4	3.3	1.9	5.3
1177391PIP	2011	20	6	4.0	4.0	1.2	0.2	0.3	0.9	1.5	1.1	2.6
1177391PIP	2011	20	7	3.1	3.3	0.7	0.1	0.1	0.6	0.8	0.7	1.5
1177391PIP	2011	20	8	3.0	3.2	0.6	0.1	0.1	0.5	0.7	0.7	1.4
1177391PIP	2011	20	9	3.7	3.8	1.0	0.2	0.2	0.8	1.2	1.0	2.2
1177391PIP	2011	73	11	5.7	7.9	3.4	1.2	0.5	0.5	4.7	1.1	5.7
1177391PIP	2011	73	12	7.1	9.0	6.0	1.9	1.0	0.7	7.9	1.7	9.7
1177391PIP	2011	73	13	5.5	7.8	3.2	1.1	0.5	0.5	4.3	1.0	5.3
1177391PIP	2011	73	14	4.7	7.1	2.1	0.8	0.3	0.4	3.0	0.7	3.7
1177391PIP	2011	20	15	6.2	5.8	3.8	0.7	0.7	1.7	4.5	2.4	6.9
1177391PIP	2011	73	16	9.9	10.6	13.3	3.9	2.4	1.2	17.2	3.7	20.8
1177391PIP	2011	73	17	10.2	10.8	14.3	4.1	2.6	1.3	18.5	3.9	22.4
1177391PIP	2011	73	18	3.9	6.4	1.3	0.6	0.2	0.3	1.9	0.5	2.4
1177391PIP	2011	12	19	6.6	6.0	4.5	1.0	1.4	2.5	5.5	3.9	9.3
1177391PIP	2011	20	20	9.2	8.0	10.4	1.8	1.9	3.3	12.3	5.1	17.4
1177391PIP	2011	20	21	9.6	8.3	11.6	2.1	2.1	3.5	13.7	5.6	19.2
1177391PIP	2011	20	22	6.1	5.7	3.7	0.6	0.7	1.7	4.3	2.4	6.7
1177391PIP	2011	20	23	3.0	3.2	0.6	0.1	0.1	0.5	0.7	0.7	1.4
1177391PIP	2011	20	24	3.8	3.8	1.1	0.2	0.2	0.8	1.3	1.0	2.3
1177391PIP	2011	20	25	4.4	4.3	1.6	0.3	0.3	1.0	1.8	1.3	3.2
1177391PIP	2011	73	26	6.4	8.5	4.6	1.6	0.7	0.6	6.2	1.4	7.6
1177391PIP	2011	73	27	2.7	5.1	0.5	0.3	0.1	0.2	0.8	0.2	1.0
1177391PIP	2011	12	28	5.3	5.0	2.5	0.6	0.9	1.8	3.1	2.7	5.8
1177391PIP	2011	73	30	3.5	6.0	1.0	0.4	0.1	0.2	1.5	0.4	1.9
1177391PIP	2011	73	31	4.8	7.2	2.3	0.9	0.3	0.4	3.1	0.7	3.9
1177391PIP	2011	20	32	3.7	3.8	1.0	0.2	0.2	0.8	1.2	1.0	2.2
1177391PIP	2011	20	33	2.6	2.9	0.4	0.1	0.1	0.4	0.5	0.5	1.0
1177391PIP	2011	20	34	8.4	7.5	8.3	1.5	1.5	2.8	9.8	4.3	14.1
1177391PIP	2011	20	35	10.0	8.5	12.8	2.3	2.3	3.8	15.1	6.1	21.2
1177391PIP	2011	38	36	8.2	10.0	12.8	2.4	2.3	1.4	15.2	3.7	18.9
1177391PIP	2011	20	37	7.0	6.4	5.2	0.9	1.0	2.1	6.1	3.1	9.2
1177391PIP	2011	20	38	3.2	3.3	0.7	0.1	0.1	0.6	0.8	0.8	1.6
1177391PIP	2011	12	39	4.6	4.4	1.7	0.4	0.7	1.5	2.2	2.1	4.3
1177391PIP	2011	20	41	5.2	5.0	2.4	0.4	0.5	1.3	2.9	1.8	4.6
1177391PIP	2011	20	43	6.8	6.3	4.9	0.8	0.9	2.0	5.7	2.9	8.6
1177391PIP	2011	73	44	8.6	9.9	9.5	2.9	1.7	1.0	12.4	2.6	15.0
1177391PIP	2011	20	45	6.4	6.0	4.2	0.7	0.8	1.8	4.9	2.6	7.5
1177391PIP	2011	20	46	4.1	4.1	1.3	0.2	0.3	0.9	1.6	1.2	2.7
1177391PIP	2011	20	47	3.4	3.5	0.8	0.1	0.2	0.7	1.0	0.8	1.8
1177391PIP	2011	20	48	3.9	3.9	1.2	0.2	0.2	0.8	1.4	1.1	2.4
1177391PIP	2011	20	49	5.5	5.3	2.8	0.5	0.5	1.4	3.3	1.9	5.3
1177391PIP	2011	20	50	6.5	6.1	4.4	0.8	0.8	1.8	5.1	2.6	7.7
1177391PIP	2011	20	51	7.2	6.6	5.6	1.0	1.0	2.2	6.6	3.2	9.8
1177391PIP	2011	20	52	4.6	4.5	1.8	0.3	0.4	1.1	2.1	1.4	3.5
1177391PIP	2011	20	53	7.1	6.5	5.4	0.9	1.0	2.1	6.4	3.1	9.5
1177391PIP	2011	73	54	7.5	9.2	6.8	2.2	1.1	0.8	9.0	1.9	10.9
1177391PIP	2011	20	55	3.8	3.8	1.1	0.2	0.2	0.8	1.3	1.0	2.3
1177391PIP	2011	20	57	30.9	14.8	163.9	33.0	59.6	34.7	196.9	94.3	291.2
1177391PIP	2011	20	58	8.0	7.2	7.4	1.3	1.3	2.6	8.6	3.9	12.6
1177391PIP	2011	20	59	3.4	3.5	0.8	0.1	0.2	0.7	1.0	0.8	1.8
1177391PIP	2011	20	60	6.4	6.0	4.2	0.7	0.8	1.8	4.9	2.6	7.5
1177391PIP	2011	20	61	3.2	3.3	0.7	0.1	0.1	0.6	0.8	0.8	1.6
1177391PIP	2011	20	62	8.2	7.3	7.8	1.4	1.4	2.7	9.2	4.1	13.3
1177391PIP	2011	20	63	4.7	4.6	1.9	0.3	0.4	1.1	2.2	1.5	3.7
1177391PIP	2011	20	64	13.2	10.4	25.4	4.5	4.8	6.0	29.9	10.8	40.7
1177391PIP	2011	73	65	3.4	5.9	1.0	0.4	0.1	0.2	1.4	0.4	1.7
1177391PIP	2011	73	66	9.8	10.6	13.0	3.8	2.4	1.2	16.8	3.6	20.4
1177391PIP	2011	73	67	4.3	6.7	1.7	0.7	0.3	0.3	2.4	0.6	3.0
1177391PIP	2011	20	69	3.7	3.8	1.0	0.2	0.2	0.8	1.2	1.0	2.2
1177391PIP	2011	20	70	6.8	6.3	4.9	0.8	0.9	2.0	5.7	2.9	8.6
1177391PIP	2011	20	71	2.8	3.0	0.5	0.1	0.1	0.5	0.6	0.6	1.2
1177391PIP	2011	20	72	2.7	2.9	0.5	0.1	0.1	0.5	0.5	0.6	1.1
1177391PIP	2011	20	73	3.6	3.7	1.0	0.2	0.2	0.7	1.1	0.9	2.0
1177391PIP	2011	20	75	3.7	3.8	1.0	0.2	0.2	0.8	1.2	1.0	2.2
1177391PIP	2011	13	76	5.0	5.3	2.8	0.6	0.7	1.3	3.3	2.0	5.3
1177391PIP	2011	13	77	3.9	4.3	1.4	0.3	0.4	0.9	1.8	1.3	3.1
1177391PIP	2011	73	78	3.6	6.1	1.1	0.5	0.2	0.3	1.6	0.4	2.0
1177391PIP	2011	20	79	3.2	3.3	0.7	0.1	0.1	0.6	0.8	0.8	1.6
1177391PIP	2011	38	80	6.0	8.5	6.0	1.1	1.0	0.8	7.2	1.8	9.0
1177391PIP	2011	38	81	4.9	7.5	3.6	0.7	0.6	0.6	4.3	1.2	5.5
1177391PIP	2011	20	82	3.3	3.4	0.8	0.1	0.2	0.6	0.9	0.8	1.7
1177391PIP	2011	13	83	12.1	11.3	27.7	4.4	4.1	4.5	32.0	8.6	40.6
1177391PIP	2011	38	84	14.7	12.6	50.4	8.7	12.0	4.1	59.1	16.1	75.2
1177391PIP	2011	20	85	5.8	5.5	3.2	0.6	0.6	1.5	3.8	2.2	6.0
1177391PIP	2011	38	86	7.1	9.3	9.1	1.7	1.6	1.1	10.8	2.7	13.4
1177391PIP	2011	73	87	10.6	11.0	15.7	4.5	2.9	1.4	20.2	4.3	24.5
1177391PIP	2011	38	89	15.7	12.8	58.3	10.1	14.6	4.7	68.4	19.3	87.7
1177391PIP	2011	73	90	7.3	9.1	6.4	2.1	1.1	0.8	8.4	1.8	10.3
1177391PIP	2011	20	91	17.3	12.1	47.5	8.7	10.1	10.1	56.2	20.2	76.4
1177391PIP	2011	20	92	6.5	6.1	4.4	0.8	0.8	1.8	5.1	2.6	7.7
1177391PIP	2011	20	93	3.1	3.3	0.7	0.1	0.1	0.6	0.8	0.7	1.5
1177391PIP	2011	38	94	8.9	10.4	15.6	2.9	2.9	1.6	18.5	4.5	23.0
1177391PIP	2011	38	95	11.6	11.6	29.1	5.2	6.1	2.6	34.3	8.7	43.1
1177391PIP	2011	12	97	4.0	3.9	1.2	0.3	0.5	1.2	1.5	1.7	3.2
1177391PIP	2011	38	98	7.7	9.7	11.0	2.0	2.0	1.2	13.1	3.2	16.3
1177391PIP	2011	74	99	11.0	12.2	20.9	4.9	3.2	1.3	25.7	4.5	30.3
1177391PIP	2011	20	100	5.2	5.0	2.4	0.4	0.5	1.3	2.9	1.8	4.6
1177391PIP	2011	20	101	8.0	7.2	7.4	1.3	1.3	2.6	8.6	3.9	12.6
1177391PIP	2011	20	102	6.2	5.8	3.8	0.7	0.7	1.7	4.5	2.4	6.9
1177391PIP	2011	20	103	3.1	3.3	0.7	0.1	0.1	0.6	0.8	0.7	1.5
1177391PIP	2011	20	104	5.7	5.4	3.1	0.5	0.6	1.5	3.6	2.1	5.7
1177391PIP	2011	20	105	11.1	9.2	16.6	2.9	3.0	4.5	19.5	7.5	27.1
1177391PIP	2011	20	106	9.6	8.3	11.6	2.1	2.1	3.5	13.7	5.6	19.2
1177391PIP	2011	20	107	4.1	4.1	1.3	0.2	0.3	0.9	1.6	1.2	2.7
1177391PIP	2011	38	108	13.2	12.2	39.4	6.9	8.8	3.3	46.3	12.1	58.5
1177391PIP	2011	38	109	3.5	6.0	1.5	0.3	0.3	0.3	1.9	0.6	2.5
1177391PIP	2011	38	110	11.8	11.7	30.4	5.4	6.4	2.7	35.8	9.1	44.9
1177391PIP	2011	20	111	3.1	3.3	0.7	0.1	0.1	0.6	0.8	0.7	1.5
1177391PIP	2011	38	112	6.2	8.6	6.5	1.2	1.1	0.9	7.7	2.0	9.7
1177391PIP	2011	38	113	8.6	10.2	14.4	2.6	2.7	1.5	17.0	4.2	21.2
1177391PIP	2011	20	114	8.6	7.6	8.8	1.5	1.6	2.9	10.4	4.5	14.9
1177391PIP	2011	20	115	4.7	4.6	1.9	0.3	0.4	1.1	2.2	1.5	3.7
1177391PIP	2011	38	116	16.9	13.0	68.7	11.8	18.2	5.5	80.4	23.7	104.1
1177391PIP	2011	74	117	12.2	12.7	26.6	6.2	4.3	1.5	32.8	5.8	38.6
1177391PIP	2011	38	118	13.2	12.2	39.4	6.9	8.8	3.3	46.3	12.1	58.5
1177391PIP	2011	38	119	20.6	13.5	106.2	17.8	32.9	8.3	124.0	41.2	165.2
1177391PIP	2011	20	120	3.6	3.7	1.0	0.2	0.2	0.7	1.1	0.9	2.0
1177391PIP	2011	20	121	4.9	4.8	2.1	0.4	0.4	1.2	2.5	1.6	4.1
1177391PIP	2011	13	122	7.3	7.4	7.5	1.4	1.4	2.2	8.8	3.6	12.5
1177391PIP	2011	20	123	4.2	4.2	1.4	0.2	0.3	0.9	1.7	1.2	2.9
1177391PIP	2011	74	124	6.1	8.9	4.8	1.2	0.7	0.5	5.9	1.2	7.1
1177391PIP	2011	13	125	17.2	14.8	67.2	9.6	8.7	7.8	76.8	16.4	93.2
1177391PIP	2011	20	126	4.4	4.3	1.6	0.3	0.3	1.0	1.8	1.3	3.2
1177391PIP	2011	38	127	6.9	9.1	8.4	1.6	1.5	1.0	10.0	2.5	12.5
1177391PIP	2011	38	128	4.8	7.4	3.4	0.7	0.6	0.6	4.1	1.1	5.2
1177391PIP	2011	38	129	4.7	7.3	3.3	0.6	0.5	0.5	3.9	1.1	5.0
1177391PIP	2011	20	130	6.2	5.8	3.8	0.7	0.7	1.7	4.5	2.4	6.9
1177391PIP	2011	20	131	5.8	5.5	3.2	0.6	0.6	1.5	3.8	2.2	6.0
1177391PIP	2011	38	133	6.0	8.5	6.0	1.1	1.0	0.8	7.2	1.8	9.0
1177391PIP	2011	20	134	3.7	3.8	1.0	0.2	0.2	0.8	1.2	1.0	2.2
1177391PIP	2011	20	135	8.0	7.2	7.4	1.3	1.3	2.6	8.6	3.9	12.6
1177391PIP	2011	20	136	3.2	3.3	0.7	0.1	0.1	0.6	0.8	0.8	1.6
1177391PIP	2011	13	137	5.0	5.3	2.8	0.6	0.7	1.3	3.3	2.0	5.3
1177391PIP	2011	13	138	3.2	3.7	0.9	0.2	0.3	0.7	1.1	0.9	2.0
1177391PIP	2011	13	139	2.7	3.3	0.6	0.1	0.2	0.5	0.7	0.7	1.4
1177391PIP	2011	38	140	3.1	5.6	1.1	0.2	0.2	0.3	1.4	0.5	1.8
1177391PIP	2011	20	141	3.2	3.3	0.7	0.1	0.1	0.6	0.8	0.8	1.6
1177391PIP	2011	20	143	4.4	4.3	1.6	0.3	0.3	1.0	1.8	1.3	3.2
1177391PIP	2011	73	144	8.5	9.9	9.3	2.8	1.6	1.0	12.1	2.6	14.7
1177391PIP	2011	38	145	3.7	6.2	1.8	0.4	0.3	0.4	2.1	0.7	2.8
1177391PIP	2011	20	146	2.7	2.9	0.5	0.1	0.1	0.5	0.5	0.6	1.1
1177391PIP	2011	20	147	5.1	4.9	2.3	0.4	0.5	1.3	2.7	1.7	4.4
1177391PIP	2011	12	148	5.4	5.1	2.7	0.6	0.9	1.8	3.3	2.7	6.0
1177391PIP	2011	13	149	4.4	4.8	2.0	0.4	0.5	1.1	2.4	1.6	4.0
1177391PIP	2011	12	150	3.3	3.4	0.7	0.2	0.3	0.9	1.0	1.2	2.2
1177391PIP	2011	20	151	4.8	4.7	2.0	0.3	0.4	1.1	2.3	1.5	3.9
1177391PIP	2011	20	152	3.4	3.5	0.8	0.1	0.2	0.7	1.0	0.8	1.8
1177391PIP	2011	20	153	4.1	4.1	1.3	0.2	0.3	0.9	1.6	1.2	2.7
1177391PIP	2011	20	154	4.2	4.2	1.4	0.2	0.3	0.9	1.7	1.2	2.9
1177391PIP	2011	20	155	4.1	4.1	1.3	0.2	0.3	0.9	1.6	1.2	2.7
1177301PIP	2011	38	1	6.0	7.8	5.7	1.1	1.1	0.9	6.7	2.0	8.7
1177301PIP	2011	38	2	3.5	5.7	1.5	0.3	0.3	0.4	1.8	0.6	2.4
1177301PIP	2011	13	3	3.0	3.3	0.7	0.2	0.2	0.7	0.9	0.9	1.8
1177301PIP	2011	13	4	8.0	7.3	8.7	1.6	2.0	2.8	10.2	4.8	15.1
1177301PIP	2011	13	5	5.2	5.1	2.8	0.6	0.8	1.5	3.4	2.3	5.8
1177301PIP	2011	13	6	2.6	3.0	0.5	0.1	0.2	0.5	0.6	0.7	1.3
1177301PIP	2011	13	7	4.3	4.4	1.8	0.4	0.5	1.2	2.1	1.7	3.8
1177301PIP	2011	13	9	5.6	5.4	3.4	0.7	0.9	1.7	4.1	2.7	6.8
1177301PIP	2011	13	10	5.0	4.9	2.5	0.5	0.7	1.5	3.1	2.2	5.3
1177301PIP	2011	13	11	3.2	3.5	0.8	0.2	0.3	0.7	1.0	1.0	2.0
1177301PIP	2011	13	12	4.4	4.4	1.8	0.4	0.6	1.2	2.2	1.8	4.0
1177301PIP	2011	13	13	4.8	4.8	2.3	0.5	0.7	1.4	2.8	2.0	4.9
1177301PIP	2011	74	14	7.5	9.9	8.0	1.9	1.2	0.7	9.9	1.9	11.8
1177301PIP	2011	13	15	7.9	7.3	8.5	1.6	1.9	2.8	10.0	4.6	14.7
1177301PIP	2011	20	16	6.3	6.7	4.5	0.8	0.6	1.5	5.2	2.2	7.4
1177301PIP	2011	13	17	5.2	5.1	2.8	0.6	0.8	1.5	3.4	2.3	5.8
1177301PIP	2011	13	18	6.1	5.8	4.3	0.9	1.1	1.9	5.1	3.1	8.2
1177301PIP	2011	13	19	7.2	6.7	6.6	1.3	1.6	2.4	7.9	4.0	11.9
1177301PIP	2011	13	20	3.5	3.7	1.0	0.2	0.3	0.9	1.3	1.2	2.5
1177301PIP	2011	74	21	4.3	7.2	1.9	0.5	0.3	0.3	2.4	0.6	3.0
1177301PIP	2011	13	22	5.7	5.5	3.6	0.7	1.0	1.8	4.3	2.7	7.1
1177301PIP	2011	74	23	5.2	8.1	3.2	0.8	0.5	0.4	3.9	0.9	4.8
1177301PIP	2011	13	24	4.2	4.3	1.6	0.4	0.5	1.1	2.0	1.6	3.6
1177301PIP	2011	38	25	3.9	6.1	2.0	0.4	0.4	0.4	2.4	0.8	3.1
1177301PIP	2011	13	26	6.4	6.1	4.9	1.0	1.2	2.0	5.8	3.3	9.1
1177301PIP	2011	13	27	6.4	6.1	4.9	1.0	1.2	2.0	5.8	3.3	9.1
1177301PIP	2011	13	28	5.4	5.3	3.2	0.6	0.9	1.6	3.8	2.5	6.3
1177301PIP	2011	13	29	3.4	3.6	1.0	0.2	0.3	0.8	1.2	1.2	2.3
1177301PIP	2011	13	30	9.9	8.8	15.2	2.6	3.0	3.8	17.8	6.8	24.6
1177301PIP	2011	13	31	4.0	4.1	1.4	0.3	0.5	1.1	1.8	1.5	3.3
1177301PIP	2011	13	32	3.7	3.9	1.2	0.3	0.4	0.9	1.5	1.3	2.8
1177301PIP	2011	20	33	5.3	5.8	2.9	0.5	0.4	1.2	3.3	1.6	4.9
1177301PIP	2011	13	34	3.9	4.0	1.3	0.3	0.4	1.0	1.7	1.5	3.1
1177301PIP	2011	13	35	3.5	3.7	1.0	0.2	0.3	0.9	1.3	1.2	2.5
1177301PIP	2011	13	36	7.3	6.8	6.9	1.3	1.6	2.5	8.2	4.1	12.2
1177301PIP	2011	13	37	12.1	10.3	25.2	4.1	4.6	5.2	29.3	9.8	39.1
1177301PIP	2011	38	38	10.1	9.9	19.6	3.5	4.6	2.3	23.2	6.8	30.0
1177301PIP	2011	13	39	7.2	6.7	6.6	1.3	1.6	2.4	7.9	4.0	11.9
1177301PIP	2011	38	40	3.2	5.4	1.2	0.2	0.2	0.3	1.4	0.5	2.0
1177301PIP	2011	38	41	5.4	7.4	4.4	0.8	0.8	0.7	5.2	1.6	6.8
1177301PIP	2011	38	42	4.5	6.7	2.8	0.6	0.5	0.5	3.4	1.1	4.4
1177301PIP	2011	38	43	5.0	7.1	3.6	0.7	0.7	0.6	4.4	1.3	5.7
1177301PIP	2011	38	44	3.5	5.7	1.5	0.3	0.3	0.4	1.8	0.6	2.4
1177301PIP	2011	13	45	3.8	4.0	1.3	0.3	0.4	1.0	1.6	1.4	2.9
1177301PIP	2011	13	46	5.3	5.2	3.0	0.6	0.8	1.6	3.6	2.4	6.0
1177301PIP	2011	13	47	4.5	4.5	1.9	0.4	0.6	1.3	2.4	1.9	4.2
1177301PIP	2011	13	48	7.0	6.5	6.1	1.2	1.5	2.4	7.3	3.9	11.1
1177301PIP	2011	13	49	5.9	5.7	4.0	0.8	1.0	1.8	4.8	2.9	7.6
1177301PIP	2011	13	50	6.2	5.9	4.5	0.9	1.2	2.0	5.4	3.1	8.5
1177301PIP	2011	13	51	4.4	4.4	1.8	0.4	0.6	1.2	2.2	1.8	4.0
1177301PIP	2011	74	52	4.0	6.9	1.6	0.4	0.2	0.3	2.0	0.5	2.5
1177301PIP	2011	13	53	7.3	6.8	6.9	1.3	1.6	2.5	8.2	4.1	12.2
1177301PIP	2011	13	54	8.5	7.7	10.2	1.8	2.2	3.1	12.0	5.3	17.3
1177301PIP	2011	13	55	7.5	6.9	7.3	1.4	1.7	2.6	8.7	4.3	13.0
1177301PIP	2011	13	56	4.8	4.8	2.3	0.5	0.7	1.4	2.8	2.0	4.9
1177301PIP	2011	20	57	5.9	6.3	3.8	0.6	0.5	1.4	4.4	1.9	6.3
1177301PIP	2011	74	58	7.9	10.2	9.1	2.2	1.4	0.8	11.3	2.1	13.4
1177301PIP	2011	13	59	4.5	4.5	1.9	0.4	0.6	1.3	2.4	1.9	4.2
1177301PIP	2011	13	60	6.0	5.7	4.1	0.8	1.1	1.9	4.9	3.0	7.9
1177301PIP	2011	74	61	6.1	8.9	4.8	1.2	0.7	0.5	5.9	1.2	7.1
1177301PIP	2011	74	62	8.1	10.3	9.6	2.3	1.5	0.8	11.9	2.3	14.2
1177301PIP	2011	13	63	11.6	10.0	22.8	3.7	4.2	4.8	26.5	9.0	35.5
1177301PIP	2011	13	64	4.9	4.9	2.5	0.5	0.7	1.4	3.0	2.1	5.1
1177301PIP	2011	20	65	8.3	8.4	9.0	1.5	1.2	2.4	10.5	3.6	14.1
1177301PIP	2011	74	66	4.3	7.2	1.9	0.5	0.3	0.3	2.4	0.6	3.0
1177301PIP	2011	13	67	3.5	3.7	1.0	0.2	0.3	0.9	1.3	1.2	2.5
1177301PIP	2011	74	68	3.6	6.4	1.2	0.3	0.2	0.2	1.5	0.4	1.9
1177301PIP	2011	13	69	7.0	6.5	6.1	1.2	1.5	2.4	7.3	3.9	11.1
1177301PIP	2011	13	70	6.8	6.4	5.7	1.1	1.4	2.2	6.8	3.6	10.4
1177301PIP	2011	74	71	4.5	7.4	2.2	0.5	0.3	0.3	2.7	0.6	3.3
1177301PIP	2011	74	72	4.3	7.2	1.9	0.5	0.3	0.3	2.4	0.6	3.0
1177301PIP	2011	13	73	6.4	6.1	4.9	1.0	1.2	2.0	5.8	3.3	9.1
1177301PIP	2011	74	74	5.4	8.3	3.5	0.9	0.5	0.4	4.4	0.9	5.3
1177301PIP	2011	13	75	7.1	6.6	6.3	1.2	1.5	2.4	7.6	3.9	11.5
1177301PIP	2011	13	76	4.7	4.7	2.2	0.5	0.6	1.3	2.7	2.0	4.6
1177301PIP	2011	13	77	4.6	4.6	2.1	0.4	0.6	1.3	2.5	1.9	4.4
1177301PIP	2011	13	78	3.6	3.8	1.1	0.3	0.4	0.9	1.4	1.3	2.6
1177301PIP	2011	13	79	7.2	6.7	6.6	1.3	1.6	2.4	7.9	4.0	11.9
1177301PIP	2011	13	80	7.9	7.3	8.5	1.6	1.9	2.8	10.0	4.6	14.7
1177301PIP	2011	13	81	5.9	5.7	4.0	0.8	1.0	1.8	4.8	2.9	7.6
1177301PIP	2011	13	82	8.0	7.3	8.7	1.6	2.0	2.8	10.2	4.8	15.1
1177301PIP	2011	13	83	9.0	8.1	11.8	2.1	2.5	3.3	13.9	5.8	19.7
1177301PIP	2011	13	84	4.0	4.1	1.4	0.3	0.5	1.1	1.8	1.5	3.3
1177301PIP	2011	13	85	4.2	4.3	1.6	0.4	0.5	1.1	2.0	1.6	3.6
1177301PIP	2011	13	86	4.9	4.9	2.5	0.5	0.7	1.4	3.0	2.1	5.1
1177301PIP	2011	13	87	10.1	8.9	15.9	2.7	3.2	4.0	18.6	7.1	25.7
1177301PIP	2011	13	88	7.4	6.9	7.1	1.3	1.6	2.5	8.5	4.2	12.6
1177301PIP	2011	13	89	4.1	4.2	1.5	0.3	0.5	1.1	1.9	1.6	3.5
1177301PIP	2011	13	90	8.5	7.7	10.2	1.8	2.2	3.1	12.0	5.3	17.3
1177301PIP	2011	13	91	4.0	4.1	1.4	0.3	0.5	1.1	1.8	1.5	3.3
1177301PIP	2011	13	92	4.7	4.7	2.2	0.5	0.6	1.3	2.7	2.0	4.6
1177301PIP	2011	13	93	5.2	5.1	2.8	0.6	0.8	1.5	3.4	2.3	5.8
1177301PIP	2011	74	94	3.9	6.7	1.5	0.4	0.2	0.2	1.9	0.5	2.3
1177301PIP	2011	13	95	5.6	5.4	3.4	0.7	0.9	1.7	4.1	2.7	6.8
1177301PIP	2011	13	96	8.3	7.6	9.6	1.7	2.1	3.0	11.4	5.0	16.4
1177301PIP	2011	13	97	3.8	4.0	1.3	0.3	0.4	1.0	1.6	1.4	2.9
1177301PIP	2011	13	98	7.8	7.2	8.2	1.5	1.8	2.7	9.7	4.6	14.2
1177301PIP	2011	13	99	6.2	5.9	4.5	0.9	1.2	2.0	5.4	3.1	8.5
1177301PIP	2011	74	100	3.7	6.5	1.3	0.3	0.2	0.2	1.6	0.4	2.1
1177301PIP	2011	13	101	4.0	4.1	1.4	0.3	0.5	1.1	1.8	1.5	3.3
1177301PIP	2011	13	102	3.3	3.6	0.9	0.2	0.3	0.8	1.1	1.1	2.2
1177301PIP	2011	13	103	6.2	5.9	4.5	0.9	1.2	2.0	5.4	3.1	8.5
1177301PIP	2011	13	104	6.2	5.9	4.5	0.9	1.2	2.0	5.4	3.1	8.5
1177301PIP	2011	13	105	4.4	4.4	1.8	0.4	0.6	1.2	2.2	1.8	4.0
1177301PIP	2011	13	106	5.6	5.4	3.4	0.7	0.9	1.7	4.1	2.7	6.8
1177301PIP	2011	74	107	6.3	9.1	5.2	1.3	0.8	0.5	6.5	1.3	7.7
1177301PIP	2011	13	108	8.2	7.5	9.3	1.7	2.0	2.9	11.0	5.0	15.9
1177301PIP	2011	74	109	5.3	8.2	3.3	0.8	0.5	0.4	4.1	0.9	5.0
1177301PIP	2011	74	110	7.2	9.7	7.2	1.7	1.1	0.7	8.9	1.7	10.7
1177301PIP	2011	13	111	7.1	6.6	6.3	1.2	1.5	2.4	7.6	3.9	11.5
1177301PIP	2011	13	112	5.8	5.6	3.8	0.8	1.0	1.8	4.5	2.8	7.3
1177301PIP	2011	20	113	5.3	5.8	2.9	0.5	0.4	1.2	3.3	1.6	4.9
1177301PIP	2011	13	114	3.7	3.9	1.2	0.3	0.4	0.9	1.5	1.3	2.8
1177301PIP	2011	13	115	7.3	6.8	6.9	1.3	1.6	2.5	8.2	4.1	12.2
1177301PIP	2011	13	116	4.7	4.7	2.2	0.5	0.6	1.3	2.7	2.0	4.6
1177301PIP	2011	13	117	7.5	6.9	7.3	1.4	1.7	2.6	8.7	4.3	13.0
1177301PIP	2011	74	118	5.7	8.5	4.0	1.0	0.6	0.5	5.0	1.0	6.0
1177301PIP	2011	13	119	5.0	4.9	2.5	0.5	0.7	1.5	3.1	2.2	5.3
1177301PIP	2011	38	120	5.0	7.1	3.6	0.7	0.7	0.6	4.4	1.3	5.7
1177301PIP	2011	13	121	6.9	6.5	5.9	1.1	1.4	2.3	7.1	3.7	10.8
1177301PIP	2011	13	122	6.1	5.8	4.3	0.9	1.1	1.9	5.1	3.1	8.2
1177301PIP	2011	13	123	4.7	4.7	2.2	0.5	0.6	1.3	2.7	2.0	4.6
1177301PIP	2011	13	124	5.5	5.3	3.3	0.7	0.9	1.7	3.9	2.6	6.5
1177301PIP	2011	13	125	5.1	5.0	2.7	0.6	0.8	1.5	3.3	2.3	5.5
1177301PIP	2011	74	126	6.5	9.2	5.6	1.3	0.8	0.6	6.9	1.4	8.3
1177301PIP	2011	13	127	6.2	5.9	4.5	0.9	1.2	2.0	5.4	3.1	8.5
1177301PIP	2011	13	128	7.5	6.9	7.3	1.4	1.7	2.6	8.7	4.3	13.0
1177301PIP	2011	38	129	4.0	6.2	2.1	0.4	0.4	0.5	2.5	0.8	3.3
1177301PIP	2011	38	130	4.8	6.9	3.3	0.6	0.6	0.6	3.9	1.2	5.1
1177301PIP	2011	38	131	4.9	7.0	3.5	0.7	0.6	0.6	4.1	1.3	5.4
1177301PIP	2011	20	132	8.2	8.4	8.8	1.5	1.2	2.3	10.3	3.5	13.8
1177301PIP	2011	13	133	9.3	8.3	12.8	2.2	2.7	3.5	15.1	6.2	21.2
1177301PIP	2011	13	134	7.5	6.9	7.3	1.4	1.7	2.6	8.7	4.3	13.0
1177301PIP	2011	38	135	10.5	10.1	21.6	3.9	5.1	2.4	25.4	7.5	32.9
1177301PIP	2011	13	136	13.3	11.1	32.1	5.1	5.7	5.9	37.2	11.6	48.8
1177301PIP	2011	74	137	5.8	8.6	4.2	1.0	0.6	0.5	5.2	1.1	6.3
1177301PIP	2011	13	138	7.8	7.2	8.2	1.5	1.8	2.7	9.7	4.6	14.2
1177301PIP	2011	13	139	3.4	3.6	1.0	0.2	0.3	0.8	1.2	1.2	2.3
1177301PIP	2011	13	140	7.1	6.6	6.3	1.2	1.5	2.4	7.6	3.9	11.5
1177301PIP	2011	13	141	4.9	4.9	2.5	0.5	0.7	1.4	3.0	2.1	5.1
1177301PIP	2011	13	142	4.1	4.2	1.5	0.3	0.5	1.1	1.9	1.6	3.5
1177301PIP	2011	13	143	4.6	4.6	2.1	0.4	0.6	1.3	2.5	1.9	4.4
1177301PIP	2011	13	144	7.9	7.3	8.5	1.6	1.9	2.8	10.0	4.6	14.7
1177301PIP	2011	13	145	6.0	5.7	4.1	0.8	1.1	1.9	4.9	3.0	7.9
1177301PIP	2011	13	146	8.0	7.3	8.7	1.6	2.0	2.8	10.2	4.8	15.1
1177301PIP	2011	13	147	4.6	4.6	2.1	0.4	0.6	1.3	2.5	1.9	4.4
1177301PIP	2011	13	148	9.0	8.1	11.8	2.1	2.5	3.3	13.9	5.8	19.7
1177301PIP	2011	74	149	8.5	10.6	10.9	2.6	1.7	0.9	13.5	2.5	16.0
1177301PIP	2011	13	150	8.7	7.9	10.9	1.9	2.3	3.2	12.8	5.5	18.3
1177301PIP	2011	20	151	9.3	9.2	12.0	2.0	1.6	2.9	14.0	4.5	18.5
1177301PIP	2011	13	152	6.4	6.1	4.9	1.0	1.2	2.0	5.8	3.3	9.1
1177301PIP	2011	13	153	4.9	4.9	2.5	0.5	0.7	1.4	3.0	2.1	5.1
1177301PIP	2011	13	154	4.3	4.4	1.8	0.4	0.5	1.2	2.1	1.7	3.8
1177301PIP	2011	13	155	6.2	5.9	4.5	0.9	1.2	2.0	5.4	3.1	8.5
1177301PIP	2011	13	156	5.8	5.6	3.8	0.8	1.0	1.8	4.5	2.8	7.3
1177301PIP	2011	38	157	4.8	6.9	3.3	0.6	0.6	0.6	3.9	1.2	5.1
1177301PIP	2011	13	158	4.3	4.4	1.8	0.4	0.5	1.2	2.1	1.7	3.8
1177301PIP	2011	13	159	4.7	4.7	2.2	0.5	0.6	1.3	2.7	2.0	4.6
1177301PIP	2011	13	160	7.2	6.7	6.6	1.3	1.6	2.4	7.9	4.0	11.9
1177301PIP	2011	13	161	5.3	5.2	3.0	0.6	0.8	1.6	3.6	2.4	6.0
1177301PIP	2011	13	162	5.6	5.4	3.4	0.7	0.9	1.7	4.1	2.7	6.8
1177301PIP	2011	74	163	7.4	9.9	7.8	1.9	1.2	0.7	9.6	1.8	11.5
1177301PIP	2011	13	164	6.5	6.1	5.0	1.0	1.3	2.1	6.0	3.4	9.4
1177301PIP	2011	13	165	6.2	5.9	4.5	0.9	1.2	2.0	5.4	3.1	8.5
1177301PIP	2011	74	166	10.6	11.7	18.6	4.4	3.0	1.2	23.0	4.2	27.2
1177301PIP	2011	13	167	3.4	3.6	1.0	0.2	0.3	0.8	1.2	1.2	2.3
1177301PIP	2011	13	168	4.1	4.2	1.5	0.3	0.5	1.1	1.9	1.6	3.5
1177301PIP	2011	13	169	8.5	7.7	10.2	1.8	2.2	3.1	12.0	5.3	17.3
1177301PIP	2011	13	170	4.7	4.7	2.2	0.5	0.6	1.3	2.7	2.0	4.6
1177301PIP	2011	13	171	6.0	5.7	4.1	0.8	1.1	1.9	4.9	3.0	7.9
1177301PIP	2011	13	172	9.8	8.7	14.7	2.5	3.0	3.8	17.3	6.7	24.0
1177301PIP	2011	13	173	6.6	6.2	5.2	1.0	1.3	2.2	6.3	3.5	9.8
1177301PIP	2011	13	174	4.5	4.5	1.9	0.4	0.6	1.3	2.4	1.9	4.2
1177301PIP	2011	25	175	14.1	12.4	41.1	4.7	7.3	3.9	45.9	11.2	57.1
1177301PIP	2011	13	176	8.7	7.9	10.9	1.9	2.3	3.2	12.8	5.5	18.3
1177301PIP	2011	13	177	7.2	6.7	6.6	1.3	1.6	2.4	7.9	4.0	11.9
1177301PIP	2011	74	178	6.6	9.3	5.8	1.4	0.9	0.6	7.2	1.4	8.7
1177301PIP	2011	20	180	4.5	5.0	1.9	0.3	0.3	0.9	2.2	1.2	3.4
1177301PIP	2011	74	181	5.3	8.2	3.3	0.8	0.5	0.4	4.1	0.9	5.0
1177301PIP	2011	74	183	7.1	9.7	7.0	1.7	1.0	0.6	8.7	1.7	10.4
1177301PIP	2011	13	184	3.6	3.8	1.1	0.3	0.4	0.9	1.4	1.3	2.6
1177301PIP	2011	13	185	6.5	6.1	5.0	1.0	1.3	2.1	6.0	3.4	9.4
1177301PIP	2011	13	186	6.9	6.5	5.9	1.1	1.4	2.3	7.1	3.7	10.8
1177301PIP	2011	38	187	5.0	7.1	3.6	0.7	0.7	0.6	4.4	1.3	5.7
1177301PIP	2011	13	188	4.8	4.8	2.3	0.5	0.7	1.4	2.8	2.0	4.9
1177301PIP	2011	74	189	7.6	10.0	8.3	2.0	1.2	0.7	10.2	2.0	12.2
1177301PIP	2011	74	190	7.9	10.2	9.1	2.2	1.4	0.8	11.3	2.1	13.4
1177301PIP	2011	13	191	5.4	5.3	3.2	0.6	0.9	1.6	3.8	2.5	6.3
1177301PIP	2011	38	192	6.4	8.1	6.6	1.3	1.3	1.0	7.9	2.3	10.2
1177301PIP	2011	74	193	5.5	8.4	3.7	0.9	0.5	0.4	4.6	1.0	5.5
1177301PIP	2011	74	194	6.8	9.4	6.2	1.5	0.9	0.6	7.7	1.5	9.3
1177301PIP	2011	13	195	3.3	3.6	0.9	0.2	0.3	0.8	1.1	1.1	2.2
1177301PIP	2011	38	196	8.4	9.2	12.7	2.3	2.7	1.6	15.1	4.3	19.4
1177301PIP	2011	13	197	4.3	4.4	1.8	0.4	0.5	1.2	2.1	1.7	3.8
1177301PIP	2011	13	198	3.8	4.0	1.3	0.3	0.4	1.0	1.6	1.4	2.9
1177301PIP	2011	13	199	3.9	4.0	1.3	0.3	0.4	1.0	1.7	1.5	3.1
1177301PIP	2011	13	200	3.7	3.9	1.2	0.3	0.4	0.9	1.5	1.3	2.8
1177301PIP	2011	13	201	3.5	3.7	1.0	0.2	0.3	0.9	1.3	1.2	2.5
1177301PIP	2011	13	202	3.9	4.0	1.3	0.3	0.4	1.0	1.7	1.5	3.1
1177301PIP	2011	13	203	6.0	5.7	4.1	0.8	1.1	1.9	4.9	3.0	7.9
1177301PIP	2011	13	204	3.9	4.0	1.3	0.3	0.4	1.0	1.7	1.5	3.1
1177301PIP	2011	13	205	5.0	4.9	2.5	0.5	0.7	1.5	3.1	2.2	5.3
1177301PIP	2011	13	206	6.7	6.3	5.5	1.1	1.4	2.2	6.5	3.6	10.1
1177301PIP	2011	74	207	6.4	9.1	5.4	1.3	0.8	0.5	6.7	1.3	8.0
1177301PIP	2011	13	208	7.2	6.7	6.6	1.3	1.6	2.4	7.9	4.0	11.9
1177301PIP	2011	13	209	7.5	6.9	7.3	1.4	1.7	2.6	8.7	4.3	13.0
1177301PIP	2011	74	210	8.9	10.8	12.2	2.9	1.9	0.9	15.1	2.8	17.9
1177301PIP	2011	13	211	7.6	7.0	7.6	1.4	1.8	2.6	9.0	4.4	13.4
1177301PIP	2011	13	212	7.0	6.5	6.1	1.2	1.5	2.4	7.3	3.9	11.1
1177301PIP	2011	74	214	7.7	10.1	8.6	2.0	1.3	0.7	10.6	2.0	12.6
1177301PIP	2011	13	215	6.3	6.0	4.7	0.9	1.2	2.0	5.6	3.2	8.8
1177301PIP	2011	13	216	4.5	4.5	1.9	0.4	0.6	1.3	2.4	1.9	4.2
1177301PIP	2011	13	217	3.4	3.6	1.0	0.2	0.3	0.8	1.2	1.2	2.3
1177301PIP	2011	13	218	3.3	3.6	0.9	0.2	0.3	0.8	1.1	1.1	2.2
1177301PIP	2011	13	219	6.1	5.8	4.3	0.9	1.1	1.9	5.1	3.1	8.2
1177301PIP	2011	13	220	5.5	5.3	3.3	0.7	0.9	1.7	3.9	2.6	6.5
1177301PIP	2011	13	221	2.7	3.1	0.5	0.1	0.2	0.6	0.7	0.8	1.4
1177301PIP	2011	13	222	4.7	4.7	2.2	0.5	0.6	1.3	2.7	2.0	4.6
1177301PIP	2011	13	223	4.2	4.3	1.6	0.4	0.5	1.1	2.0	1.6	3.6
1177301PIP	2011	13	224	3.9	4.0	1.3	0.3	0.4	1.0	1.7	1.5	3.1
1177301PIP	2011	13	225	7.8	7.2	8.2	1.5	1.8	2.7	9.7	4.6	14.2
1177301PIP	2011	74	226	8.4	10.5	10.6	2.5	1.6	0.8	13.1	2.5	15.5
1177301PIP	2011	13	227	8.0	7.3	8.7	1.6	2.0	2.8	10.2	4.8	15.1
1177301PIP	2011	13	229	4.0	4.1	1.4	0.3	0.5	1.1	1.8	1.5	3.3
1177301PIP	2011	13	230	4.0	4.1	1.4	0.3	0.5	1.1	1.8	1.5	3.3
1177301PIP	2011	13	231	4.3	4.4	1.8	0.4	0.5	1.2	2.1	1.7	3.8
1177301PIP	2011	13	232	5.1	5.0	2.7	0.6	0.8	1.5	3.3	2.3	5.5
1177301PIP	2011	74	233	4.3	7.2	1.9	0.5	0.3	0.3	2.4	0.6	3.0
1177301PIP	2011	13	234	8.0	7.3	8.7	1.6	2.0	2.8	10.2	4.8	15.1
1177301PIP	2011	38	235	5.4	7.4	4.4	0.8	0.8	0.7	5.2	1.6	6.8
1177301PIP	2011	13	236	6.7	6.3	5.5	1.1	1.4	2.2	6.5	3.6	10.1
1177301PIP	2011	13	237	7.0	6.5	6.1	1.2	1.5	2.4	7.3	3.9	11.1
1177301PIP	2011	13	238	3.1	3.4	0.8	0.2	0.3	0.7	0.9	1.0	1.9
1177301PIP	2011	13	239	3.8	4.0	1.3	0.3	0.4	1.0	1.6	1.4	2.9
1177301PIP	2011	13	240	6.7	6.3	5.5	1.1	1.4	2.2	6.5	3.6	10.1
1177301PIP	2011	13	241	7.0	6.5	6.1	1.2	1.5	2.4	7.3	3.9	11.1
1177301PIP	2011	13	242	4.2	4.3	1.6	0.4	0.5	1.1	2.0	1.6	3.6
1177301PIP	2011	13	243	6.3	6.0	4.7	0.9	1.2	2.0	5.6	3.2	8.8
1177301PIP	2011	13	244	5.3	5.2	3.0	0.6	0.8	1.6	3.6	2.4	6.0
1177301PIP	2011	13	245	6.9	6.5	5.9	1.1	1.4	2.3	7.1	3.7	10.8
1177301PIP	2011	13	246	10.4	9.1	17.1	2.9	3.4	4.1	20.0	7.5	27.5
1177301PIP	2011	13	247	3.5	3.7	1.0	0.2	0.3	0.9	1.3	1.2	2.5
SH1994021PSP	2025	13	13	15.4	11.3	42.3	6.6	8.9	8.4	48.9	17.3	66.2
SH1994021PSP	2025	20	25	16.4	13.9	48.5	8.5	7.0	7.5	57.0	14.5	71.5
SH1994021PSP	2025	20	232	18.0	14.6	60.1	10.6	9.1	9.0	70.7	18.1	88.8
SH1994021PSP	2025	22	207	11.4	7.9	13.0	2.1	3.7	3.5	15.1	7.2	22.4
SH1994021PSP	2025	38	209	7.5	9.6	10.4	1.9	1.8	1.2	12.3	3.0	15.3
SH1994021PSP	2025	38	210	5.4	7.8	4.6	0.9	0.8	0.7	5.4	1.5	6.9
SH1994021PSP	2025	38	213	4.2	6.6	2.4	0.5	0.4	0.5	2.9	0.9	3.8
SH1994021PSP	2025	38	216	3.3	5.6	1.3	0.3	0.2	0.3	1.6	0.5	2.1
SH1994021PSP	2025	38	217	7.4	9.5	10.0	1.9	1.8	1.2	11.9	2.9	14.8
SH1994021PSP	2025	38	222	9.6	11.1	19.1	3.5	3.5	1.8	22.6	5.3	27.8
SH1994021PSP	2025	38	223	4.3	6.7	2.6	0.5	0.4	0.5	3.1	0.9	4.0
SH1994021PSP	2025	38	224	3.2	5.5	1.2	0.2	0.2	0.3	1.5	0.5	2.0
SH1994021PSP	2025	38	220	3.7	6.0	1.7	0.3	0.3	0.4	2.1	0.7	2.8
SH1994021PSP	2025	74	22	11.9	14.2	28.6	6.3	3.7	1.5	34.9	5.2	40.1
SH1994021PSP	2025	74	17	19.2	17.0	87.4	19.3	13.4	3.2	106.6	16.6	123.3
SH1994021PSP	2025	74	16	20.1	17.2	96.7	21.4	15.2	3.5	118.0	18.7	136.7
SH1994021PSP	2025	74	19	19.2	17.0	87.4	19.3	13.4	3.2	106.6	16.6	123.3
SH1994021PSP	2025	74	201	21.4	17.5	111.2	24.6	18.1	3.8	135.8	21.9	157.7
SH1994021PSP	2025	74	225	12.3	14.4	30.9	6.8	4.0	1.6	37.7	5.6	43.4
SH1994021PSP	2025	74	226	7.2	10.7	8.0	1.8	1.0	0.7	9.8	1.7	11.5
SH1994021PSP	2025	74	218	20.7	17.4	103.6	22.9	16.5	3.6	126.5	20.1	146.6
SH1994021PSP	2025	74	214	9.3	12.5	15.5	3.5	1.9	1.0	19.0	2.9	21.9
SH1994021PSP	2025	74	211	18.7	16.9	82.5	18.2	12.5	3.1	100.7	15.5	116.2
SH1994021PSP	2025	74	212	4.3	7.6	2.0	0.5	0.3	0.3	2.6	0.6	3.1
SH1994021PSP	2025	74	205	5.7	9.2	4.3	1.0	0.6	0.5	5.4	1.0	6.4
SH1994021PSP	2025	74	10	23.0	17.8	130.2	29.0	22.1	4.3	159.1	26.4	185.5
SH1994021PSP	2025	74	7	23.8	17.9	139.9	31.2	24.4	4.6	171.1	28.9	200.0
SH1994021PSP	2025	74	221	18.2	16.7	77.3	17.1	11.6	3.0	94.3	14.6	108.9
SH1994021PSP	2025	13	3	18.4	12.8	65.4	9.8	13.3	11.3	75.2	24.5	99.8
SH1994021PSP	2025	13	23	18.7	13.0	68.3	10.2	13.7	11.5	78.5	25.2	103.7
SH1994021PSP	2025	13	26	18.5	12.9	66.5	10.0	13.4	11.3	76.5	24.7	101.2
SH1994021PSP	2025	13	219	9.6	7.9	12.9	2.3	3.2	4.1	15.2	7.3	22.5
SH1994021PSP	2025	13	33	14.8	11.0	38.4	6.1	8.1	7.9	44.4	16.0	60.5
SH1994021PSP	2025	13	36	13.1	10.1	28.4	4.6	6.2	6.5	33.1	12.7	45.7
SH1994021PSP	2025	13	39	15.7	11.5	44.5	6.9	9.2	8.7	51.4	17.9	69.3
SH1994021PSP	2025	13	236	11.4	9.0	19.9	3.4	4.6	5.3	23.2	9.9	33.2
SH1994021PSP	2025	13	235	14.0	10.6	33.5	5.4	7.1	7.2	38.9	14.3	53.3
SH1994021PSP	2025	13	234	4.9	4.5	2.3	0.5	0.8	1.6	2.8	2.4	5.1
SH1994021PSP	2025	13	233	8.8	7.3	10.2	1.9	2.7	3.6	12.1	6.3	18.4
SH1994021PSP	2025	13	231	12.2	9.5	23.6	3.9	5.3	5.9	27.6	11.2	38.8
SH1994021PSP	2025	13	230	8.1	6.8	8.2	1.6	2.3	3.2	9.8	5.5	15.3
SH1994021PSP	2025	13	229	8.9	7.4	10.6	1.9	2.7	3.7	12.5	6.4	18.9
SH1994021PSP	2025	13	208	10.6	8.5	16.5	2.9	3.9	4.8	19.4	8.7	28.1
SH1994021PSP	2025	13	206	7.8	6.6	7.5	1.4	2.1	3.1	8.9	5.1	14.1
SH1994021PSP	2025	13	204	10.2	8.3	15.1	2.6	3.6	4.5	17.7	8.1	25.8
SH1994021PSP	2025	13	18	15.2	11.2	40.9	6.4	8.6	8.3	47.4	16.9	64.3
SH1994021PSP	2025	13	21	14.4	10.8	35.9	5.7	7.6	7.6	41.6	15.2	56.8
SH1994021PSP	2025	13	24	15.1	11.2	40.5	6.4	8.4	8.1	46.8	16.6	63.4
SH1994021PSP	2025	13	9	15.0	11.1	39.6	6.3	8.4	8.1	45.9	16.5	62.3
SH1994021PSP	2025	13	11	12.8	9.9	26.8	4.4	5.9	6.3	31.2	12.2	43.3
SH1994021PSP	2025	13	12	14.8	11.0	38.4	6.1	8.1	7.9	44.4	16.0	60.5
SH1994021PSP	2025	13	34	20.5	14.1	87.1	12.6	16.5	13.0	99.7	29.5	129.2
SH1994021PSP	2025	13	35	16.0	11.7	46.8	7.2	9.6	8.9	54.0	18.5	72.5
SH1994021PSP	2025	13	920	14.9	11.3	39.9	6.3	8.0	7.8	46.1	15.7	61.9
SH1994021PSP	2025	13	916	18.6	13.2	68.7	10.2	13.2	11.1	78.9	24.3	103.2
SH1994021PSP	2025	13	37	15.9	11.6	45.9	7.1	9.5	8.8	53.0	18.3	71.4
SH1994021PSP	2025	13	919	16.5	12.2	51.5	7.9	10.0	9.1	59.4	19.1	78.4
SH1994021PSP	2025	13	65	17.5	12.7	59.4	8.9	11.4	10.0	68.4	21.4	89.8
SH1994021PSP	2025	13	915	17.0	12.4	55.1	8.4	10.7	9.6	63.5	20.3	83.9
SH1994021PSP	2025	13	918	19.2	13.5	74.3	10.9	14.2	11.7	85.3	25.8	111.1
SH1994021PSP	2025	13	24	16.3	12.1	50.0	7.7	9.7	8.9	57.6	18.6	76.2
SH1994021PSP	2025	13	1	14.7	11.2	38.6	6.1	7.7	7.6	44.7	15.3	60.0
SH1994021PSP	2025	13	60	10.3	8.5	15.7	2.7	3.6	4.4	18.4	8.0	26.5
SH1994021PSP	2025	13	62	14.8	11.3	39.4	6.2	7.8	7.6	45.6	15.4	61.0
SH1994021PSP	2025	13	64	13.0	10.2	28.3	4.6	5.9	6.3	33.0	12.2	45.2
SH1994021PSP	2025	13	15	16.8	12.3	53.6	8.2	10.5	9.4	61.7	19.9	81.6
SH1994021PSP	2025	13	48	14.5	11.1	37.3	5.9	7.5	7.4	43.2	14.9	58.2
SH1994021PSP	2025	13	44	14.5	11.1	37.3	5.9	7.5	7.4	43.2	14.9	58.2
SH1994021PSP	2025	13	39	12.2	9.7	24.1	4.0	5.2	5.7	28.1	10.9	39.0
SH1994021PSP	2025	13	36	18.7	13.3	69.9	10.3	13.3	11.1	80.3	24.4	104.7
SH1994021PSP	2025	13	35	14.4	11.0	36.6	5.8	7.4	7.4	42.4	14.8	57.2
SH1994021PSP	2025	13	33	12.8	10.1	27.3	4.5	5.7	6.1	31.8	11.8	43.6
SH1994021PSP	2025	13	30	14.9	11.3	39.9	6.3	8.0	7.8	46.1	15.7	61.9
SH1994021PSP	2025	13	27	23.1	15.1	115.0	16.3	22.0	16.1	131.2	38.2	169.4
SH1994021PSP	2025	13	21	14.9	11.3	39.9	6.3	8.0	7.8	46.1	15.7	61.9
SH1994021PSP	2025	13	46	15.0	11.4	40.7	6.4	8.1	7.8	47.1	15.9	62.9
SH1994021PSP	2025	13	47	14.3	11.0	36.1	5.7	7.3	7.2	41.8	14.5	56.3
SH1994021PSP	2025	13	19	10.8	8.8	17.7	3.0	4.0	4.8	20.7	8.8	29.5
SH1994021PSP	2025	13	22	17.3	12.6	57.8	8.7	11.1	9.8	66.5	20.9	87.4
SH1994021PSP	2025	13	28	13.1	10.3	29.0	4.7	6.0	6.3	33.7	12.3	46.0
SH1994021PSP	2025	13	29	12.4	9.8	25.1	4.1	5.4	5.9	29.2	11.2	40.5
SH1994021PSP	2025	13	7	12.4	9.8	25.1	4.1	5.4	5.9	29.2	11.2	40.5
SH1994021PSP	2025	13	10	11.1	9.0	19.0	3.2	4.2	5.0	22.2	9.2	31.4
SH1994021PSP	2025	13	11	8.8	7.5	10.5	1.9	2.6	3.5	12.4	6.1	18.5
SH1994021PSP	2025	13	12	16.5	12.2	51.5	7.9	10.0	9.1	59.4	19.1	78.4
SH1994021PSP	2025	13	16	13.1	10.3	29.0	4.7	6.0	6.3	33.7	12.3	46.0
SH1994021PSP	2025	13	13	16.5	12.2	51.5	7.9	10.0	9.1	59.4	19.1	78.4
SH1994021PSP	2025	13	9	12.9	10.2	28.0	4.6	5.8	6.2	32.5	11.9	44.4
SH1994021PSP	2025	13	38	18.8	13.0	69.0	10.3	13.9	11.6	79.3	25.6	104.9
SH1994021PSP	2025	13	40	18.3	12.8	64.8	9.7	13.1	11.1	74.5	24.2	98.7
SH1994021PSP	2025	13	41	19.3	13.2	73.3	10.9	14.9	12.2	84.2	27.1	111.3
SH1994021PSP	2025	13	42	15.0	11.1	39.6	6.3	8.4	8.1	45.9	16.5	62.3
SH1994021PSP	2025	13	43	15.2	11.2	40.9	6.4	8.6	8.3	47.4	16.9	64.3
SH1994021PSP	2025	13	44	16.4	11.9	49.7	7.7	10.1	9.2	57.3	19.4	76.7
SH1994021PSP	2025	13	4	12.5	9.7	25.2	4.2	5.6	6.1	29.3	11.7	41.0
SH1994021PSP	2025	13	27	10.1	8.2	14.6	2.6	3.6	4.4	17.2	8.0	25.2
SH1994021PSP	2025	13	28	16.5	11.9	50.2	7.7	10.3	9.4	58.0	19.7	77.7
SH1994021PSP	2025	13	29	9.8	8.0	13.5	2.4	3.3	4.2	15.9	7.6	23.5
SH1994021PSP	2025	13	31	13.8	10.5	32.4	5.2	6.9	7.0	37.6	13.9	51.6
SH1994021PSP	2025	13	32	10.3	8.3	15.3	2.7	3.7	4.6	18.0	8.3	26.3
SH1994021PSP	2025	13	34	13.7	10.4	31.7	5.1	6.8	7.0	36.8	13.8	50.6
SH1994021PSP	2025	13	30	16.3	11.8	48.7	7.5	10.1	9.2	56.3	19.3	75.5
SH1994021PSP	2025	13	5	17.7	12.5	59.7	9.0	12.1	10.5	68.7	22.6	91.3
SH1994021PSP	2025	12	1	28.0	16.7	162.6	22.0	34.0	24.7	184.6	58.6	243.2
SH1994021PSP	2025	20	913	24.0	16.7	114.4	20.9	21.0	16.0	135.3	37.0	172.3
SH1994021PSP	2025	12	42	10.0	9.4	14.6	2.6	3.0	4.0	17.3	7.1	24.3
SH1994021PSP	2025	13	43	15.5	11.6	43.9	6.8	8.7	8.3	50.7	17.0	67.7
SH1994021PSP	2025	13	59	16.2	12.0	49.0	7.5	9.6	8.9	56.6	18.5	75.1
SH1994021PSP	2025	13	911	19.0	13.1	70.8	10.5	14.3	11.8	81.3	26.1	107.5
SH1994021PSP	2025	13	910	18.2	12.7	63.7	9.6	13.0	11.1	73.2	24.0	97.3
SH1994021PSP	2025	13	912	19.1	13.2	72.0	10.7	14.4	11.9	82.7	26.2	108.9
SH1994021PSP	2025	12	227	21.6	14.6	89.6	13.0	18.3	15.4	102.5	33.7	136.3
SH1994021PSP	2025	13	210	9.5	8.0	12.8	2.3	3.0	3.9	15.1	6.9	22.0
SH1994021PSP	2025	13	226	6.1	5.5	4.1	0.8	1.2	2.1	4.9	3.3	8.2
SH1994021PSP	2025	13	239	6.6	5.9	5.0	1.0	1.4	2.3	6.0	3.7	9.7
SH1994021PSP	2025	13	240	8.4	7.2	9.3	1.7	2.3	3.3	11.0	5.6	16.6
SH1994021PSP	2025	13	241	7.6	6.6	7.2	1.4	1.9	2.9	8.5	4.8	13.3
SH1994021PSP	2025	13	242	10.3	8.5	15.7	2.7	3.6	4.4	18.4	8.0	26.5
SH1994021PSP	2025	20	17	22.3	16.5	98.9	17.8	16.5	13.5	116.7	30.0	146.7
SH1994021PSP	2025	20	917	21.1	16.1	87.5	15.6	14.0	12.1	103.1	26.1	129.2
SH1994021PSP	2025	20	18	21.3	16.2	89.5	16.0	14.4	12.3	105.5	26.6	132.1
SH1994021PSP	2025	20	3	18.2	14.9	62.4	11.0	9.2	9.1	73.4	18.3	91.6
SH1994021PSP	2025	20	25	16.2	14.0	47.7	8.3	6.6	7.2	56.0	13.9	69.9
SH1994021PSP	2025	20	52	16.5	14.1	49.7	8.7	7.0	7.5	58.3	14.5	72.9
SH1994021PSP	2025	20	6	18.9	15.2	68.0	12.0	10.3	9.7	80.0	20.0	100.0
SH1994021PSP	2025	20	41	17.2	14.5	54.9	9.6	7.8	8.1	64.5	15.9	80.5
SH1994021PSP	2025	20	45	12.5	11.8	25.6	4.4	3.3	4.6	30.0	7.9	37.9
SH1994021PSP	2025	20	231	12.6	11.8	26.0	4.4	3.4	4.7	30.4	8.1	38.5
SH1994021PSP	2025	20	234	13.3	12.3	29.7	5.1	3.9	5.1	34.8	9.0	43.8
SH1994021PSP	2025	20	228	8.4	8.6	9.4	1.6	1.2	2.4	11.0	3.6	14.6
SH1994021PSP	2025	20	229	10.0	9.9	14.6	2.5	1.9	3.2	17.1	5.1	22.2
SH1994021PSP	2025	20	214	3.3	3.7	0.8	0.1	0.1	0.6	1.0	0.7	1.7
SH1994021PSP	2025	20	58	18.1	14.9	61.8	10.8	9.0	8.9	72.6	18.0	90.6
SH1994021PSP	2025	20	209	8.7	8.8	10.2	1.7	1.4	2.5	11.9	3.9	15.9
SH1994021PSP	2025	20	204	3.8	4.2	1.2	0.2	0.2	0.7	1.4	0.9	2.3
SH1994021PSP	2025	20	237	8.9	9.0	10.9	1.8	1.4	2.6	12.7	4.1	16.8
SH1994021PSP	2025	38	213	12.7	12.7	37.4	6.6	7.5	2.9	44.0	10.4	54.4
SH1994021PSP	2025	74	2	11.3	13.9	25.3	5.6	3.2	1.4	30.9	4.6	35.4
SH1994021PSP	2025	74	14	18.9	17.1	85.3	18.7	12.8	3.1	104.0	15.9	119.9
SH1994021PSP	2025	74	53	21.1	17.6	108.8	24.0	17.3	3.8	132.8	21.1	153.9
SH1994021PSP	2025	74	200	9.6	12.8	16.9	3.8	2.1	1.0	20.7	3.2	23.8
SH1994021PSP	2025	74	201	4.6	8.0	2.5	0.6	0.3	0.3	3.1	0.6	3.7
SH1994021PSP	2025	74	202	6.9	10.5	7.2	1.7	0.9	0.6	8.9	1.5	10.4
SH1994021PSP	2025	74	54	14.3	15.5	44.7	9.8	6.0	2.0	54.6	8.0	62.6
SH1994021PSP	2025	74	57	13.8	15.3	41.2	9.0	5.4	1.9	50.2	7.3	57.6
SH1994021PSP	2025	74	205	10.4	13.4	20.7	4.6	2.6	1.2	25.3	3.8	29.1
SH1994021PSP	2025	74	206	10.3	13.3	20.1	4.5	2.5	1.2	24.6	3.7	28.3
SH1994021PSP	2025	74	207	8.7	12.1	13.1	3.0	1.6	0.9	16.1	2.5	18.6
SH1994021PSP	2025	74	208	8.7	12.1	13.1	3.0	1.6	0.9	16.1	2.5	18.6
SH1994021PSP	2025	74	219	10.5	13.4	21.1	4.7	2.7	1.2	25.8	3.9	29.6
SH1994021PSP	2025	74	220	13.6	15.2	39.8	8.7	5.2	1.8	48.5	7.1	55.6
SH1994021PSP	2025	74	221	15.5	16.0	54.1	11.9	7.4	2.3	66.0	9.7	75.7
SH1994021PSP	2025	74	222	11.1	13.8	24.2	5.4	3.1	1.3	29.6	4.4	34.0
SH1994021PSP	2025	74	223	16.3	16.3	60.8	13.3	8.5	2.5	74.2	11.0	85.2
SH1994021PSP	2025	74	225	12.1	14.4	29.9	6.6	3.8	1.5	36.6	5.4	41.9
SH1994021PSP	2025	74	215	10.0	13.1	18.7	4.2	2.3	1.1	22.9	3.5	26.4
SH1994021PSP	2025	74	212	9.6	12.8	16.9	3.8	2.1	1.0	20.7	3.2	23.8
SH1994021PSP	2025	74	230	9.1	12.4	14.7	3.3	1.8	1.0	18.0	2.8	20.8
SH1994021PSP	2025	74	227	13.8	15.3	41.2	9.0	5.4	1.9	50.2	7.3	57.6
SH1994021PSP	2025	74	235	9.2	12.5	15.2	3.4	1.9	1.0	18.6	2.9	21.4
SH1994021PSP	2025	74	236	9.6	12.8	16.9	3.8	2.1	1.0	20.7	3.2	23.8
SH1994021PSP	2025	74	232	13.9	15.3	41.8	9.2	5.6	1.9	51.0	7.5	58.4
SH1994021PSP	2025	74	233	11.2	13.9	24.8	5.5	3.1	1.3	30.3	4.5	34.8
SH1994021PSP	2025	13	927	18.1	13.4	66.5	9.8	11.8	10.1	76.3	21.9	98.3
SH1994021PSP	2025	13	69	12.0	9.9	23.9	3.9	4.8	5.3	27.8	10.1	37.9
SH1994021PSP	2025	13	37	12.8	10.4	28.1	4.5	5.5	5.9	32.7	11.4	44.0
SH1994021PSP	2025	13	36	11.2	9.4	20.1	3.4	4.1	4.8	23.5	8.9	32.4
SH1994021PSP	2025	13	85	12.9	10.5	28.8	4.6	5.5	5.9	33.4	11.5	44.9
SH1994021PSP	2025	13	87	8.2	7.3	9.0	1.7	2.1	3.0	10.7	5.2	15.9
SH1994021PSP	2025	13	86	11.6	9.7	22.1	3.7	4.4	5.0	25.7	9.4	35.1
SH1994021PSP	2025	13	74	14.4	11.4	37.9	5.9	7.1	7.0	43.8	14.1	57.9
SH1994021PSP	2025	13	73	12.5	10.3	26.7	4.3	5.1	5.6	31.1	10.7	41.8
SH1994021PSP	2025	13	67	8.8	7.7	10.8	1.9	2.5	3.4	12.7	5.9	18.6
SH1994021PSP	2025	13	64	10.7	9.1	18.0	3.0	3.7	4.4	21.0	8.1	29.2
SH1994021PSP	2025	13	45	12.5	10.3	26.7	4.3	5.1	5.6	31.1	10.7	41.8
SH1994021PSP	2025	13	89	17.3	13.0	59.6	8.9	10.6	9.4	68.5	20.0	88.6
SH1994021PSP	2025	13	47	17.0	12.9	57.4	8.6	10.2	9.1	66.0	19.2	85.2
SH1994021PSP	2025	13	46	13.6	10.9	32.8	5.2	6.2	6.4	38.0	12.7	50.7
SH1994021PSP	2025	13	44	16.7	12.7	54.7	8.2	9.8	8.9	63.0	18.7	81.7
SH1994021PSP	2025	13	43	16.3	12.5	51.6	7.8	9.3	8.5	59.5	17.8	77.2
SH1994021PSP	2025	13	42	15.7	12.2	47.2	7.2	8.5	8.0	54.4	16.5	70.9
SH1994021PSP	2025	13	22	13.1	10.6	29.8	4.8	5.7	6.1	34.6	11.8	46.5
SH1994021PSP	2025	13	21	16.0	12.3	49.2	7.5	8.9	8.3	56.7	17.2	73.9
SH1994021PSP	2025	13	20	13.3	10.8	31.2	5.0	5.9	6.2	36.2	12.0	48.3
SH1994021PSP	2025	13	19	14.4	11.4	37.9	5.9	7.1	7.0	43.8	14.1	57.9
SH1994021PSP	2025	13	17	15.9	12.3	48.6	7.4	8.7	8.2	56.1	16.9	73.0
SH1994021PSP	2025	13	10	15.1	11.8	42.6	6.6	7.8	7.6	49.2	15.4	64.6
SH1994021PSP	2025	13	9	13.4	10.8	31.6	5.1	6.0	6.3	36.7	12.3	49.0
SH1994021PSP	2025	13	6	15.3	11.9	44.0	6.8	8.1	7.7	50.8	15.8	66.6
SH1994021PSP	2025	13	5	11.6	9.7	22.1	3.7	4.4	5.0	25.7	9.4	35.1
SH1994021PSP	2025	13	4	12.4	10.2	26.1	4.2	5.1	5.6	30.3	10.6	41.0
SH1994021PSP	2025	13	40	19.6	14.2	81.1	11.7	14.1	11.5	92.8	25.6	118.4
SH1994021PSP	2025	13	39	14.8	11.7	40.8	6.3	7.4	7.3	47.1	14.7	61.8
SH1994021PSP	2025	13	307	6.3	5.8	4.5	0.9	1.2	2.1	5.4	3.4	8.8
SH1994021PSP	2025	13	28	13.5	10.9	32.4	5.1	6.1	6.3	37.5	12.4	49.9
SH1994021PSP	2025	13	312	3.1	3.3	0.7	0.2	0.3	0.7	0.9	1.0	1.9
SH1994021PSP	2025	13	313	9.4	8.2	12.9	2.3	2.8	3.7	15.2	6.5	21.7
SH1994021PSP	2025	13	316	12.6	10.3	27.1	4.4	5.3	5.7	31.5	11.0	42.5
SH1994021PSP	2025	20	38	19.5	15.9	74.9	13.2	10.8	10.0	88.1	20.8	108.9
SH1994021PSP	2025	20	3	19.3	15.8	73.1	12.8	10.5	9.8	85.9	20.3	106.3
SH1994021PSP	2025	20	59	14.3	13.3	36.3	6.2	4.6	5.6	42.5	10.2	52.7
SH1994021PSP	2025	20	27	19.7	16.0	76.7	13.5	11.1	10.2	90.2	21.3	111.5
SH1994021PSP	2025	20	88	13.7	12.9	32.7	5.6	4.1	5.2	38.3	9.3	47.6
SH1994021PSP	2025	20	32	14.8	13.6	39.4	6.8	5.0	6.0	46.2	11.0	57.2
SH1994021PSP	2025	20	922	16.4	14.5	50.3	8.7	6.6	7.2	59.0	13.8	72.8
SH1994021PSP	2025	20	29	17.5	15.0	58.4	10.1	8.0	8.1	68.5	16.1	84.6
SH1994021PSP	2025	20	72	16.4	14.5	50.3	8.7	6.6	7.2	59.0	13.8	72.8
SH1994021PSP	2025	20	57	14.0	13.1	34.5	5.9	4.3	5.4	40.4	9.7	50.1
SH1994021PSP	2025	20	56	11.1	11.1	19.5	3.3	2.4	3.6	22.8	6.0	28.8
SH1994021PSP	2025	20	54	8.2	8.6	9.0	1.5	1.1	2.2	10.5	3.4	13.9
SH1994021PSP	2025	20	53	15.9	14.2	46.7	8.0	6.1	6.8	54.7	12.9	67.7
SH1994021PSP	2025	20	52	16.9	14.7	53.8	9.3	7.2	7.6	63.1	14.9	78.0
SH1994021PSP	2025	20	62	16.5	14.5	50.9	8.8	6.8	7.3	59.7	14.1	73.8
SH1994021PSP	2025	20	82	8.8	9.2	10.8	1.8	1.3	2.5	12.7	3.8	16.5
SH1994021PSP	2025	20	78	16.3	14.4	49.5	8.5	6.5	7.1	58.0	13.7	71.7
SH1994021PSP	2025	20	83	11.7	11.5	22.2	3.7	2.7	4.0	25.9	6.7	32.6
SH1994021PSP	2025	20	81	8.6	9.0	10.2	1.7	1.3	2.4	11.9	3.7	15.6
SH1994021PSP	2025	20	80	14.7	13.5	38.7	6.6	5.0	5.9	45.3	10.9	56.2
SH1994021PSP	2025	20	41	17.1	14.8	55.3	9.6	7.5	7.8	64.9	15.3	80.2
SH1994021PSP	2025	20	16	16.6	14.6	51.8	8.9	6.9	7.3	60.7	14.2	74.9
SH1994021PSP	2025	20	14	9.0	9.3	11.4	1.9	1.4	2.6	13.3	4.0	17.4
SH1994021PSP	2025	20	318	3.6	4.1	1.0	0.2	0.2	0.6	1.2	0.8	2.0
SH1994021PSP	2025	20	329	8.5	8.9	9.9	1.7	1.2	2.4	11.5	3.6	15.1
SH1994021PSP	2025	20	327	13.8	13.0	33.4	5.7	4.2	5.2	39.0	9.4	48.5
SH1994021PSP	2025	20	315	9.8	10.0	14.2	2.4	1.8	3.0	16.6	4.7	21.3
SH1994021PSP	2025	38	322	7.0	9.2	8.7	1.6	1.5	1.1	10.4	2.6	13.0
SH1994021PSP	2025	38	323	3.9	6.3	2.0	0.4	0.3	0.4	2.4	0.8	3.2
SH1994021PSP	2025	38	303	7.6	9.7	10.7	2.0	1.9	1.2	12.7	3.1	15.8
SH1994021PSP	2025	74	55	16.0	15.4	55.3	12.4	8.4	2.4	67.6	10.8	78.4
SH1994021PSP	2025	74	48	16.7	15.6	60.9	13.6	9.4	2.6	74.5	12.0	86.5
SH1994021PSP	2025	74	304	6.4	9.6	5.7	1.3	0.8	0.5	7.0	1.3	8.3
SH1994021PSP	2025	74	305	12.3	13.8	29.6	6.6	4.1	1.6	36.2	5.7	41.9
SH1994021PSP	2025	74	306	10.1	12.5	18.2	4.1	2.5	1.1	22.3	3.6	25.9
SH1994021PSP	2025	74	308	10.4	12.7	19.6	4.4	2.7	1.2	24.0	3.9	27.9
SH1994021PSP	2025	74	309	6.1	9.3	5.0	1.2	0.7	0.5	6.2	1.2	7.4
SH1994021PSP	2025	74	310	10.0	12.4	17.7	4.0	2.4	1.1	21.7	3.5	25.2
SH1994021PSP	2025	74	311	13.7	14.5	38.4	8.6	5.5	1.9	47.0	7.4	54.4
SH1994021PSP	2025	74	319	13.1	14.2	34.4	7.7	4.9	1.7	42.1	6.6	48.8
SH1994021PSP	2025	74	321	8.6	11.5	12.2	2.8	1.6	0.9	15.0	2.5	17.5
SH1994021PSP	2025	74	317	14.2	14.7	41.7	9.3	6.1	2.0	51.1	8.0	59.1
SH1994021PSP	2025	74	314	7.6	10.6	8.8	2.0	1.2	0.7	10.8	1.9	12.8
SH1994021PSP	2025	74	324	10.6	12.8	20.5	4.6	2.8	1.2	25.1	4.0	29.1
SH1994021PSP	2025	74	325	17.9	16.0	71.5	16.0	11.3	2.9	87.5	14.2	101.8
SH1994021PSP	2025	74	326	8.7	11.5	12.5	2.9	1.7	0.9	15.3	2.6	17.9
SH1994021PSP	2025	74	330	10.3	12.6	19.0	4.3	2.6	1.2	23.4	3.8	27.1
SH1994021PSP	2025	74	331	13.9	14.6	39.8	8.9	5.7	1.9	48.7	7.6	56.3
SH1994021PSP	2025	74	332	11.0	13.1	22.5	5.1	3.1	1.3	27.6	4.4	32.0
SH1994021PSP	2025	74	333	9.8	12.3	16.8	3.8	2.3	1.1	20.7	3.4	24.1
SH1994021PSP	2025	74	328	10.2	12.6	18.7	4.2	2.5	1.2	22.9	3.7	26.6
SH1994021PSP	2025	74	301	12.5	13.9	30.7	6.9	4.3	1.6	37.6	5.9	43.6
SH1994021PSP	2025	74	302	5.9	9.1	4.6	1.1	0.6	0.5	5.7	1.1	6.8
