plot	year	species	tree_number	dbh	height	Wood (KG)	Bark (KG)	Foliage (KG)	Branch (KG)	Crown (KG)	Stem (KG)	Total (KG)
1246201PIP	2007	20	74	4.3	4.4	1.7773	0.3535	0.9591	0.2848	1.2438	2.1308	3.3746
1246201PIP	2007	20	80	4.0	4.1	1.4938	0.2982	0.85	0.237	1.087	1.792	2.879
1246201PIP	2007	38	83	10.9	15.1	23.4055	4.2233	2.7132	6.013	8.7262	27.6289	36.3551
1246201PIP	2007	38	86	18.7	18.2	90.3578	15.4701	6.5581	23.8561	30.4143	105.8279	136.2422
1246201PIP	2007	38	89	13.7	16.6	41.4774	7.3196	3.9432	10.7798	14.7229	48.797	63.5199
1246201PIP	2007	20	91	7.3	7.0	6.3402	1.225	2.3206	1.0926	3.4132	7.5652	10.9784
1246201PIP	2007	20	92	3.8	4.0	1.3206	0.2644	0.7802	0.208	0.9883	1.585	2.5732
1246201PIP	2007	38	79	14.8	17.0	50.3213	8.8138	4.4739	13.1294	17.6033	59.1351	76.7384
1246201PIP	2007	20	96	9.6	8.7	12.2444	2.3306	3.6659	2.1911	5.857	14.575	20.432
1246201PIP	2007	20	99	10.3	9.2	14.5007	2.7494	4.123	2.6201	6.743	17.2501	23.9932
1246201PIP	2007	20	101	4.1	4.2	1.5851	0.3161	0.8858	0.2523	1.1381	1.9012	3.0393
1246201PIP	2007	20	102	5.2	5.2	2.8061	0.5523	1.3172	0.4615	1.7787	3.3583	5.137
1246201PIP	2007	20	104	2.5	2.8	0.4828	0.0989	0.3878	0.0718	0.4596	0.5817	1.0414
1246201PIP	2007	20	105	3.4	3.6	1.0108	0.2036	0.648	0.1568	0.8048	1.2145	2.0193
1246201PIP	2007	20	107	5.1	5.1	2.6781	0.5277	1.2752	0.4393	1.7145	3.2058	4.9203
1246201PIP	2007	38	108	13.1	16.3	37.0798	6.5721	3.6647	9.615	13.2798	43.652	56.9317
1246201PIP	2007	20	110	9.2	8.4	11.0541	2.1089	3.4145	1.9665	5.381	13.163	18.544
1246201PIP	2007	38	111	13.3	16.4	38.5129	6.8161	3.7567	9.9943	13.751	45.3289	59.0799
1246201PIP	2007	20	114	12.7	10.7	23.9873	4.4965	5.849	4.4609	10.3099	28.4838	38.7936
1246201PIP	2007	20	59	6.7	6.5	5.1594	1.0015	2.011	0.8787	2.8897	6.1609	9.0506
1246201PIP	2007	20	54	3.9	4.0	1.4056	0.281	0.8148	0.2222	1.037	1.6867	2.7237
1246201PIP	2007	20	51	4.0	4.1	1.4938	0.2982	0.85	0.237	1.087	1.792	2.879
1246201PIP	2007	38	50	16.8	17.7	69.1057	11.9556	5.5042	18.1465	23.6507	81.0612	104.712
1246201PIP	2007	13	47	5.1	5.1	2.8698	0.5912	1.6507	0.829	2.4797	3.4609	5.9406
1246206PIP	2007	13	3	3.5	3.6	1.1135	0.2541	0.9692	0.3783	1.3475	1.3676	2.7151
1246206PIP	2007	12	5	5.8	4.7	3.333	0.6638	2.1103	1.1002	3.2105	3.9967	7.2072
1246206PIP	2007	13	6	4.3	4.2	1.8685	0.4032	1.2968	0.5809	1.8777	2.2717	4.1494
1246206PIP	2007	13	9	4.5	4.4	2.0948	0.4465	1.3829	0.6387	2.0216	2.5413	4.5629
1246206PIP	2007	13	11	5.7	5.3	3.7959	0.7587	1.9319	1.0452	2.9772	4.5546	7.5317
1246206PIP	2007	13	14	2.8	3.1	0.6353	0.154	0.7069	0.2376	0.9445	0.7893	1.7339
1246206PIP	2007	13	16	5.2	5.0	3.0134	0.6175	1.6967	0.8632	2.5599	3.6308	6.1907
1246206PIP	2007	13	17	3.0	3.2	0.7557	0.1798	0.7794	0.2744	1.0537	0.9355	1.9892
1246201PIP	2007	38	71	9.7	14.3	17.4803	3.1902	2.2421	4.4644	6.7065	20.6705	27.377
1246201PIP	2007	20	68	4.8	4.8	2.3151	0.4576	1.1524	0.3766	1.529	2.7727	4.3017
1246201PIP	2007	20	64	2.7	3.0	0.5809	0.1185	0.441	0.0873	0.5283	0.6994	1.2277
1246201PIP	2007	38	62	16.6	17.7	67.0652	11.6161	5.3975	17.6	22.9975	78.6813	101.6788
1246201PIP	2007	20	61	3.7	3.9	1.2386	0.2483	0.7463	0.1944	0.9407	1.4869	2.4276
1246206PIP	2007	13	19	3.8	3.9	1.3693	0.3056	1.0888	0.449	1.5378	1.6749	3.2127
1246206PIP	2007	13	20	6.4	5.9	5.0795	0.9837	2.2758	1.3306	3.6064	6.0632	9.6696
1246206PIP	2007	13	22	5.5	5.2	3.4698	0.7002	1.8368	0.9703	2.807	4.1701	6.9771
1246206PIP	2007	13	25	2.8	3.1	0.6353	0.154	0.7069	0.2376	0.9445	0.7893	1.7339
1246206PIP	2007	25	26	2.9	3.2	0.8464	0.1647	0.3903	0.2186	0.609	1.0111	1.6201
1246206PIP	2007	25	29	4.0	3.9	1.8596	0.3247	0.6298	0.4529	1.0827	2.1843	3.267
1246206PIP	2007	25	31	5.0	4.5	3.2108	0.52	0.8777	0.7509	1.6286	3.7308	5.3593
1246206PIP	2007	25	32	3.5	3.6	1.3412	0.2449	0.5163	0.3347	0.8511	1.5861	2.4372
1246206PIP	2007	13	34	3.6	3.7	1.1952	0.2707	1.0086	0.4012	1.4098	1.4659	2.8757
1246206PIP	2007	25	37	2.8	3.2	0.7768	0.1529	0.3705	0.2019	0.5724	0.9297	1.5021
1246206PIP	2007	25	39	3.2	3.4	1.077	0.2027	0.4519	0.2732	0.7251	1.2798	2.0049
1246206PIP	2007	13	40	3.4	3.5	1.0352	0.2381	0.9303	0.3561	1.2864	1.2733	2.5597
1246206PIP	2007	13	42	5.6	5.3	3.6307	0.7291	1.8842	1.0074	2.8915	4.3598	7.2513
1246206PIP	2007	13	43	3.7	3.8	1.2805	0.2878	1.0485	0.4247	1.4732	1.5683	3.0415
1246206PIP	2007	13	45	3.3	3.5	0.9603	0.2227	0.8918	0.3346	1.2265	1.183	2.4095
1246206PIP	2007	13	49	2.7	3.0	0.5798	0.142	0.6715	0.2203	0.8918	0.7218	1.6135
1246206PIP	2007	13	51	4.9	4.7	2.5951	0.5404	1.5599	0.7627	2.3226	3.1355	5.4581
1246206PIP	2007	13	52	3.5	3.6	1.1135	0.2541	0.9692	0.3783	1.3475	1.3676	2.7151
1246206PIP	2007	13	54	4.0	4.0	1.5578	0.3428	1.1707	0.4997	1.6704	1.9006	3.571
1246206PIP	2007	25	56	6.9	5.5	7.0626	1.0263	1.4172	1.5575	2.9746	8.0889	11.0635
1246206PIP	2007	13	57	2.6	2.9	0.5273	0.1304	0.6366	0.2036	0.8402	0.6577	1.4979
1246206PIP	2007	13	59	5.4	5.1	3.3134	0.672	1.7897	0.9339	2.7236	3.9854	6.7089
1246206PIP	2007	13	60	4.2	4.2	1.7612	0.3825	1.2543	0.5531	1.8075	2.1436	3.9511
1246206PIP	2007	13	62	3.3	3.5	0.9603	0.2227	0.8918	0.3346	1.2265	1.183	2.4095
1246201PIP	2007	12	45	11.7	10.2	20.3397	3.3391	5.9077	4.7432	10.6509	23.6788	34.3297
1246201PIP	2007	38	44	14.8	17.0	50.3213	8.8138	4.4739	13.1294	17.6033	59.1351	76.7384
1246201PIP	2007	38	39	11.3	15.4	25.6147	4.6058	2.8779	6.5926	9.4705	30.2205	39.6909
1246201PIP	2007	20	34	10.6	9.4	15.5364	2.9412	4.3254	2.8183	7.1437	18.4776	25.6214
1246201PIP	2007	20	31	6.0	5.9	3.9577	0.7729	1.6726	0.6638	2.3365	4.7305	7.067
1246201PIP	2007	20	28	2.5	2.8	0.4828	0.0989	0.3878	0.0718	0.4596	0.5817	1.0414
1246201PIP	2007	38	27	18.8	18.2	91.5719	15.6699	6.6156	24.1832	30.7988	107.2418	138.0405
1246201PIP	2007	20	24	4.8	4.8	2.3151	0.4576	1.1524	0.3766	1.529	2.7727	4.3017
1246201PIP	2007	20	22	14.0	11.4	30.317	5.6528	6.8824	5.7141	12.5965	35.9699	48.5664
1246201PIP	2007	20	18	3.1	3.3	0.8096	0.1639	0.5554	0.124	0.6794	0.9735	1.6529
1246201PIP	2007	38	16	16.9	17.7	70.1397	12.1275	5.5579	18.4236	23.9815	82.2672	106.2486
1246201PIP	2007	20	13	4.5	4.6	1.9825	0.3933	1.0347	0.3196	1.3543	2.3758	3.7301
1246201PIP	2007	20	11	8.0	7.5	7.9007	1.5188	2.7039	1.3788	4.0826	9.4196	13.5022
1246201PIP	2007	20	8	4.5	4.6	1.9825	0.3933	1.0347	0.3196	1.3543	2.3758	3.7301
1246201PIP	2007	20	7	6.0	5.9	3.9577	0.7729	1.6726	0.6638	2.3365	4.7305	7.067
1246201PIP	2007	20	5	3.6	3.8	1.1597	0.2329	0.7129	0.1813	0.8942	1.3925	2.2868
1246201PIP	2007	20	4	3.1	3.3	0.8096	0.1639	0.5554	0.124	0.6794	0.9735	1.6529
1246201PIP	2007	38	2	15.4	17.3	55.5833	9.6979	4.7743	14.5315	19.3058	65.2812	84.587
1246201PIP	2007	38	1	17.4	17.9	75.449	13.0085	5.8293	19.8474	25.6767	88.4574	114.1341
1246201PIP	2007	20	119	9.9	8.9	13.1842	2.5052	3.8592	2.3692	6.2284	15.6894	21.9178
1246201PIP	2007	20	124	6.8	6.5	5.3464	1.037	2.0614	0.9124	2.9737	6.3833	9.3571
1246201PIP	2007	38	125	18.1	18.1	83.2762	14.303	6.2176	21.9502	28.1678	97.5793	125.7471
1246201PIP	2007	13	127	3.7	3.9	1.2805	0.2878	1.0485	0.4247	1.4732	1.5683	3.0415
1246206PIP	2007	13	2	2.7	3.0	0.5798	0.142	0.6715	0.2203	0.8918	0.7218	1.6135
1246206PIP	2007	13	63	3.2	3.4	0.8888	0.2078	0.8539	0.3139	1.1677	1.0967	2.2644
1246206PIP	2007	13	65	3.1	3.3	0.8206	0.1935	0.8164	0.2938	1.1101	1.0142	2.1243
1246206PIP	2007	13	66	3.3	3.5	0.9603	0.2227	0.8918	0.3346	1.2265	1.183	2.4095
1246206PIP	2007	25	69	4.8	4.4	2.9055	0.4771	0.826	0.6845	1.5105	3.3825	4.8931
1246206PIP	2007	13	72	3.6	3.7	1.1952	0.2707	1.0086	0.4012	1.4098	1.4659	2.8757
1246206PIP	2007	13	74	4.8	4.6	2.464	0.516	1.5151	0.7306	2.2457	2.98	5.2257
1239301PIP	2007	74	202	3.4	4.2	1.2507	0.3149	0.1919	0.175	0.367	1.5656	1.9326
1239301PIP	2007	74	204	2.5	3.5	0.5843	0.1508	0.1163	0.0806	0.1969	0.7351	0.932
1239301PIP	2007	74	205	3.1	4.0	0.9951	0.2524	0.1651	0.1387	0.3038	1.2475	1.5513
1239301PIP	2007	74	207	2.7	3.7	0.7069	0.1813	0.1318	0.0979	0.2297	0.8882	1.1179
1239301PIP	2007	74	210	2.6	3.6	0.6439	0.1656	0.1239	0.089	0.2129	0.8095	1.0225
1239301PIP	2007	74	211	2.7	3.7	0.7069	0.1813	0.1318	0.0979	0.2297	0.8882	1.1179
1239301PIP	2007	74	214	3.5	4.2	1.3438	0.3375	0.2012	0.1883	0.3896	1.6813	2.0708
1239301PIP	2007	74	217	3.2	4.0	1.0765	0.2723	0.1739	0.1502	0.3241	1.3488	1.6729
1239301PIP	2007	74	219	2.8	3.8	0.7735	0.1978	0.1399	0.1073	0.2471	0.9713	1.2185
1198101PIP	2007	13	2	12.9	12.1	29.6018	4.7384	6.1329	5.7333	11.8662	34.3402	46.2064
1198101PIP	2007	13	4	18.0	15.5	68.4151	10.0033	9.824	11.4791	21.3031	78.4184	99.7215
1198101PIP	2007	13	5	11.2	10.8	20.7485	3.4513	5.0219	4.2708	9.2927	24.1998	33.4925
1198101PIP	2007	13	7	11.8	11.2	23.6581	3.8799	5.4065	4.7615	10.168	27.538	37.706
1198101PIP	2007	13	8	16.2	14.4	52.4911	7.8979	8.464	9.2162	17.6802	60.389	78.0692
1198101PIP	2007	13	11	7.2	7.4	6.8305	1.2812	2.6883	1.7007	4.3891	8.1117	12.5007
1198101PIP	2007	13	13	5.5	5.9	3.4698	0.7002	1.8368	0.9703	2.807	4.1701	6.9771
1198101PIP	2007	13	14	16.7	14.7	56.6609	8.4552	8.8358	9.8189	18.6547	65.1161	83.7708
1198101PIP	2007	13	17	12.5	11.8	27.3475	4.4152	5.8657	5.369	11.2347	31.7627	42.9974
1198101PIP	2007	13	19	10.0	9.8	15.6034	2.6766	4.2782	3.3724	7.6506	18.28	25.9306
1198101PIP	2007	13	20	4.2	4.7	1.7612	0.3825	1.2543	0.5531	1.8075	2.1436	3.9511
1198101PIP	2007	13	22	3.9	4.4	1.4617	0.3239	1.1295	0.474	1.6035	1.7856	3.3891
1198101PIP	2007	13	24	8.3	8.4	9.7662	1.7623	3.2871	2.2872	5.5743	11.5285	17.1028
1198101PIP	2007	13	25	4.6	5.0	2.2139	0.469	1.4266	0.6686	2.0952	2.6829	4.7781
1198101PIP	2007	13	27	6.9	7.1	6.1372	1.1645	2.5313	1.5564	4.0877	7.3017	11.3894
1198101PIP	2007	13	30	17.7	15.3	65.5838	9.6332	9.5933	11.084	20.6772	75.217	95.8943
1198101PIP	2007	13	31	6.5	6.8	5.2814	1.0185	2.3263	1.3743	3.7006	6.3	10.0005
1198101PIP	2007	13	33	12.7	11.9	28.4612	4.5752	5.9988	5.5496	11.5484	33.0365	44.5849
1198101PIP	2007	13	34	10.2	10.0	16.4001	2.7982	4.3997	3.5145	7.9142	19.1983	27.1125
1198101PIP	2007	13	37	2.5	3.1	0.4778	0.1195	0.6022	0.1876	0.7899	0.5972	1.3871
1198101PIP	2007	20	40	3.4	3.7	1.0108	0.2036	0.648	0.1568	0.8048	1.2145	2.0193
1198101PIP	2007	13	42	14.1	12.9	37.022	5.7846	6.955	6.9008	13.8559	42.8066	56.6625
1198101PIP	2007	13	47	11.9	11.3	24.1655	3.954	5.4715	4.8459	10.3174	28.1195	38.4369
1198101PIP	2007	13	48	2.8	3.4	0.6353	0.154	0.7069	0.2376	0.9445	0.7893	1.7339
1198101PIP	2007	13	50	2.5	3.1	0.4778	0.1195	0.6022	0.1876	0.7899	0.5972	1.3871
1198101PIP	2007	13	51	14.0	12.9	36.3652	5.693	6.8854	6.7992	13.6846	42.0583	55.7429
1198101PIP	2007	13	53	3.1	3.7	0.8206	0.1935	0.8164	0.2938	1.1101	1.0142	2.1243
1198101PIP	2007	13	54	12.9	12.1	29.6018	4.7384	6.1329	5.7333	11.8662	34.3402	46.2064
1198101PIP	2007	13	57	7.6	7.8	7.8253	1.4463	2.902	1.9036	4.8055	9.2716	14.0772
1198101PIP	2007	13	60	11.7	11.2	23.1572	3.8065	5.3419	4.6778	10.0196	26.9637	36.9833
1198101PIP	2007	13	62	7.5	7.7	7.5689	1.404	2.8481	1.8518	4.6999	8.9729	13.6728
1198101PIP	2007	13	65	12.3	11.6	26.2605	4.2583	5.7334	5.1916	10.9249	30.5188	41.4438
1198101PIP	2007	13	67	6.3	6.6	4.8823	0.9496	2.2257	1.2876	3.5133	5.8318	9.3452
1198101PIP	2007	13	68	7.8	7.9	8.3535	1.5331	3.0106	2.0095	5.02	9.8866	14.9066
1198101PIP	2007	13	70	13.1	12.2	30.7695	4.9048	6.2678	5.9201	12.1878	35.6743	47.8621
1198101PIP	2007	13	71	11.0	10.6	19.8294	3.3146	4.8955	4.1134	9.0089	23.144	32.1529
1198101PIP	2007	13	73	9.0	9.0	11.9716	2.1133	3.6859	2.7076	6.3935	14.0849	20.4784
1198101PIP	2007	13	77	2.7	3.3	0.5798	0.142	0.6715	0.2203	0.8918	0.7218	1.6135
1198101PIP	2007	13	80	13.8	12.7	35.073	5.5122	6.7467	6.5984	13.3451	40.5852	53.9302
1198101PIP	2007	13	82	5.7	6.0	3.7959	0.7587	1.9319	1.0452	2.9772	4.5546	7.5317
1198101PIP	2007	13	83	8.6	8.6	10.6783	1.9084	3.4564	2.4629	5.9193	12.5867	18.506
1198101PIP	2007	13	85	5.0	5.4	2.7303	0.5655	1.6051	0.7955	2.4006	3.2958	5.6964
1198101PIP	2007	13	87	11.4	10.9	21.6929	3.5911	5.1492	4.4313	9.5805	25.2839	34.8644
1198101PIP	2007	13	88	8.2	8.3	9.473	1.7151	3.2312	2.2302	5.4614	11.188	16.6494
1198101PIP	2007	13	90	10.7	10.4	18.4974	3.1153	4.7078	3.8831	8.5909	21.6126	30.2035
1198101PIP	2007	13	93	8.3	8.4	9.7662	1.7623	3.2871	2.2872	5.5743	11.5285	17.1028
1198101PIP	2007	13	94	3.3	3.9	0.9603	0.2227	0.8918	0.3346	1.2265	1.183	2.4095
1198101PIP	2007	13	96	11.2	10.8	20.7485	3.4513	5.0219	4.2708	9.2927	24.1998	33.4925
1198101PIP	2007	13	97	10.3	10.0	16.8074	2.8601	4.4608	3.5867	8.0475	19.6675	27.715
1198101PIP	2007	13	100	18.8	15.9	76.3208	11.0281	10.4472	12.5679	23.0151	87.3489	110.364
1198101PIP	2007	13	102	2.9	3.5	0.6939	0.1666	0.7429	0.2556	0.9985	0.8606	1.8591
1198101PIP	2007	13	103	14.2	13.0	37.6858	5.877	7.0249	7.0032	14.0281	43.5629	57.591
1198101PIP	2007	13	105	3.0	3.6	0.7557	0.1798	0.7794	0.2744	1.0537	0.9355	1.9892
1198101PIP	2007	13	107	13.9	12.8	35.7156	5.6022	6.8159	6.6984	13.5143	41.3178	54.8321
1198101PIP	2007	13	108	7.2	7.4	6.8305	1.2812	2.6883	1.7007	4.3891	8.1117	12.5007
1198101PIP	2007	13	110	2.6	3.2	0.5273	0.1304	0.6366	0.2036	0.8402	0.6577	1.4979
1198101PIP	2007	13	113	7.5	7.7	7.5689	1.404	2.8481	1.8518	4.6999	8.9729	13.6728
1198101PIP	2007	13	114	12.8	12.0	29.0281	4.6564	6.0657	5.641	11.7068	33.6846	45.3914
1198101PIP	2007	13	116	5.7	6.0	3.7959	0.7587	1.9319	1.0452	2.9772	4.5546	7.5317
1198101PIP	2007	13	117	3.2	3.8	0.8888	0.2078	0.8539	0.3139	1.1677	1.0967	2.2644
1198101PIP	2007	13	120	13.5	12.5	33.1871	5.2471	6.5402	6.303	12.8432	38.4341	51.2773
1198101PIP	2007	13	123	14.5	13.2	39.7201	6.1592	7.2357	7.3151	14.5508	45.8793	60.4301
1198101PIP	2007	13	125	4.4	4.9	1.9797	0.4245	1.3397	0.6094	1.9491	2.4043	4.3534
1198101PIP	2007	13	128	3.7	4.2	1.2805	0.2878	1.0485	0.4247	1.4732	1.5683	3.0415
1198106PIP	2007	13	301	4.5	4.6	2.0948	0.4465	1.3829	0.6387	2.0216	2.5413	4.5629
1198106PIP	2007	20	302	4.0	4.1	1.4938	0.2982	0.85	0.237	1.087	1.792	2.879
1198106PIP	2007	13	305	19.8	15.3	86.9445	12.3874	11.2417	14.0012	25.2429	99.332	124.5749
1198106PIP	2007	74	307	4.6	8.2	2.6429	0.6495	0.3142	0.3751	0.6893	3.2924	3.9817
1198106PIP	2007	20	308	4.1	4.2	1.5851	0.3161	0.8858	0.2523	1.1381	1.9012	3.0393
1198106PIP	2007	20	310	11.5	9.6	18.8972	3.5616	4.9558	3.4666	8.4224	22.4588	30.8812
1198106PIP	2007	74	314	4.6	8.2	2.6429	0.6495	0.3142	0.3751	0.6893	3.2924	3.9817
1198106PIP	2007	20	316	4.6	4.6	2.09	0.4141	1.0734	0.338	1.4114	2.5041	3.9155
1198106PIP	2007	20	319	3.9	4.0	1.4056	0.281	0.8148	0.2222	1.037	1.6867	2.7237
1198106PIP	2007	20	321	2.5	2.9	0.4828	0.0989	0.3878	0.0718	0.4596	0.5817	1.0414
1198106PIP	2007	20	322	9.1	8.1	10.7676	2.0555	3.3527	1.9127	5.2654	12.823	18.0884
1198106PIP	2007	13	325	4.3	4.5	1.8685	0.4032	1.2968	0.5809	1.8777	2.2717	4.1494
1198106PIP	2007	20	327	3.5	3.7	1.0838	0.218	0.6801	0.1688	0.8489	1.3017	2.1507
1198106PIP	2007	20	336	4.5	4.6	1.9825	0.3933	1.0347	0.3196	1.3543	2.3758	3.7301
1198106PIP	2007	13	337	3.9	4.1	1.4617	0.3239	1.1295	0.474	1.6035	1.7856	3.3891
1198106PIP	2007	13	345	7.5	7.1	7.5689	1.404	2.8481	1.8518	4.6999	8.9729	13.6728
1198106PIP	2007	13	347	4.2	4.4	1.7612	0.3825	1.2543	0.5531	1.8075	2.1436	3.9511
1198106PIP	2007	13	350	6.7	6.5	5.6997	1.0902	2.4281	1.4639	3.892	6.7898	10.6818
1198106PIP	2007	13	351	3.2	3.5	0.8888	0.2078	0.8539	0.3139	1.1677	1.0967	2.2644
1198106PIP	2007	20	356	8.9	8.0	10.2076	1.9509	3.2306	1.8077	5.0383	12.1586	17.1969
1198106PIP	2007	20	357	4.7	4.7	2.2009	0.4356	1.1126	0.357	1.4696	2.6364	4.106
1198106PIP	2007	20	359	7.1	6.7	5.9308	1.1476	2.2154	1.0181	3.2335	7.0784	10.312
1198106PIP	2007	3	361	8.1	9.5	12.2841	1.3985	1.4478	1.2362	2.684	13.6826	16.3666
1198106PIP	2007	13	362	7.4	7.1	7.3177	1.3624	2.7945	1.8007	4.5952	8.6801	13.2753
1198106PIP	2007	13	364	8.2	7.7	9.473	1.7151	3.2312	2.2302	5.4614	11.188	16.6494
1198106PIP	2007	13	365	6.5	6.3	5.2814	1.0185	2.3263	1.3743	3.7006	6.3	10.0005
1198106PIP	2007	13	367	3.2	3.5	0.8888	0.2078	0.8539	0.3139	1.1677	1.0967	2.2644
1198106PIP	2007	20	368	5.8	5.6	3.648	0.7137	1.5806	0.6091	2.1897	4.3618	6.5514
1198106PIP	2007	74	370	2.7	5.7	0.7069	0.1813	0.1318	0.0979	0.2297	0.8882	1.1179
1198106PIP	2007	74	371	4.8	8.4	2.9365	0.7191	0.3368	0.4176	0.7544	3.6556	4.41
1198106PIP	2007	38	374	8.5	9.9	12.5608	2.322	1.8067	3.1866	4.9933	14.8829	19.8761
1198106PIP	2007	38	377	4.0	6.6	1.9045	0.3789	0.5268	0.4651	0.9918	2.2833	3.2751
1198106PIP	2007	38	382	4.2	6.8	2.1518	0.426	0.5705	0.5268	1.0973	2.5778	3.6751
1198106PIP	2007	13	384	5.5	5.5	3.4698	0.7002	1.8368	0.9703	2.807	4.1701	6.9771
1198106PIP	2007	13	385	9.7	8.9	14.4528	2.4999	4.0978	3.165	7.2628	16.9527	24.2155
1198106PIP	2007	20	387	3.9	4.0	1.4056	0.281	0.8148	0.2222	1.037	1.6867	2.7237
1198106PIP	2007	13	388	7.2	6.9	6.8305	1.2812	2.6883	1.7007	4.3891	8.1117	12.5007
1198106PIP	2007	13	390	11.1	9.9	20.2858	3.3826	4.9586	4.1917	9.1503	23.6684	32.8187
1198106PIP	2007	74	391	4.2	7.7	2.1101	0.5223	0.2709	0.2982	0.5691	2.6324	3.2015
1198106PIP	2007	13	393	6.3	6.1	4.8823	0.9496	2.2257	1.2876	3.5133	5.8318	9.3452
1198106PIP	2007	13	394	3.8	4.0	1.3693	0.3056	1.0888	0.449	1.5378	1.6749	3.2127
1198106PIP	2007	13	397	6.4	6.2	5.0795	0.9837	2.2758	1.3306	3.6064	6.0632	9.6696
1198106PIP	2007	13	399	2.5	3.0	0.4778	0.1195	0.6022	0.1876	0.7899	0.5972	1.3871
1198106PIP	2007	13	402	6.1	6.0	4.5018	0.8833	2.1264	1.2039	3.3303	5.3851	8.7154
1198106PIP	2007	20	404	4.7	4.7	2.2009	0.4356	1.1126	0.357	1.4696	2.6364	4.106
1198106PIP	2007	20	405	6.4	6.1	4.6216	0.8994	1.8629	0.7821	2.6451	5.5209	8.166
1198106PIP	2007	20	407	6.5	6.2	4.797	0.9327	1.9118	0.8136	2.7253	5.7297	8.4551
1198106PIP	2007	20	408	6.7	6.4	5.1594	1.0015	2.011	0.8787	2.8897	6.1609	9.0506
1198106PIP	2007	13	410	6.6	6.4	5.4881	1.054	2.377	1.4187	3.7958	6.5422	10.3379
1198106PIP	2007	20	411	3.3	3.5	0.9409	0.1898	0.6165	0.1454	0.7619	1.1307	1.8926
1198106PIP	2007	13	413	8.9	8.3	11.6399	2.061	3.6281	2.6453	6.2734	13.7009	19.9743
1198106PIP	2007	13	414	7.8	7.4	8.3535	1.5331	3.0106	2.0095	5.02	9.8866	14.9066
1198106PIP	2007	13	417	6.8	6.6	5.916	1.127	2.4796	1.5098	3.9893	7.043	11.0323
1198106PIP	2007	20	419	2.7	3.0	0.5809	0.1185	0.441	0.0873	0.5283	0.6994	1.2277
1198106PIP	2007	20	420	7.0	6.6	5.7321	1.11	2.1636	0.9821	3.1457	6.8421	9.9877
1198106PIP	2007	20	422	2.8	3.1	0.634	0.1291	0.4686	0.0958	0.5644	0.763	1.3274
1198106PIP	2007	20	424	5.3	5.2	2.9375	0.5775	1.3597	0.4844	1.8441	3.515	5.3592
1198106PIP	2007	20	425	8.5	7.7	9.1398	1.7512	2.9919	1.6083	4.6002	10.891	15.4912
1198106PIP	2007	20	427	5.6	5.5	3.353	0.6573	1.4907	0.5571	2.0478	4.0103	6.0581
1198106PIP	2007	20	428	10.3	8.9	14.5007	2.7494	4.123	2.6201	6.743	17.2501	23.9932
1198106PIP	2007	38	430	3.9	6.5	1.7875	0.3565	0.5054	0.436	0.9414	2.144	3.0854
1198106PIP	2007	38	431	3.2	5.7	1.0895	0.2215	0.3657	0.2631	0.6288	1.311	1.9398
1198106PIP	2007	20	433	4.6	4.6	2.09	0.4141	1.0734	0.338	1.4114	2.5041	3.9155
1198106PIP	2007	13	434	7.6	7.2	7.8253	1.4463	2.902	1.9036	4.8055	9.2716	14.0772
1198106PIP	2007	13	437	9.2	8.5	12.6519	2.2201	3.8023	2.8345	6.6368	14.872	21.5088
1198106PIP	2007	38	439	6.0	8.3	5.2536	1.0047	1.0222	1.3095	2.3317	6.2583	8.59
1198106PIP	2007	13	440	4.2	4.4	1.7612	0.3825	1.2543	0.5531	1.8075	2.1436	3.9511
1198106PIP	2007	20	442	5.4	5.3	3.0724	0.6035	1.4028	0.5079	1.9108	3.6759	5.5867
1198106PIP	2007	20	447	9.0	8.0	10.4854	2.0028	3.2914	1.8597	5.1512	12.4882	17.6394
1198106PIP	2007	20	448	5.2	5.1	2.8061	0.5523	1.3172	0.4615	1.7787	3.3583	5.137
1198106PIP	2007	20	450	4.6	4.6	2.09	0.4141	1.0734	0.338	1.4114	2.5041	3.9155
1198106PIP	2007	20	451	3.5	3.7	1.0838	0.218	0.6801	0.1688	0.8489	1.3017	2.1507
1198106PIP	2007	20	453	5.8	5.6	3.648	0.7137	1.5806	0.6091	2.1897	4.3618	6.5514
1198106PIP	2007	20	454	9.3	8.2	11.345	2.1631	3.4767	2.0213	5.4979	13.5082	19.0061
1198106PIP	2007	20	457	7.9	7.3	7.6655	1.4746	2.6477	1.3354	3.9831	9.1401	13.1232
1198106PIP	2007	13	460	3.5	3.8	1.1135	0.2541	0.9692	0.3783	1.3475	1.3676	2.7151
1198106PIP	2007	20	462	4.0	4.1	1.4938	0.2982	0.85	0.237	1.087	1.792	2.879
1232406PIP	2007	74	1	13.0	15.9	34.5752	7.8179	1.7093	5.1498	6.859	42.3932	49.2522
1232406PIP	2007	38	3	17.7	16.1	78.7467	13.5545	5.9945	20.7329	26.7274	92.3013	119.0286
1232406PIP	2007	74	4	9.3	13.5	15.0921	3.5053	0.99	2.2132	3.2033	18.5975	21.8007
1232406PIP	2007	13	6	11.4	10.2	21.6929	3.5911	5.1492	4.4313	9.5805	25.2839	34.8644
1232406PIP	2007	13	7	10.7	9.7	18.4974	3.1153	4.7078	3.8831	8.5909	21.6126	30.2035
1232406PIP	2007	74	10	5.8	10.1	4.6907	1.1315	0.4585	0.673	1.1315	5.8222	6.9537
1232406PIP	2007	13	12	9.0	8.4	11.9716	2.1133	3.6859	2.7076	6.3935	14.0849	20.4784
1232406PIP	2007	13	13	19.9	15.4	88.053	12.5282	11.3221	14.149	25.471	100.5812	126.0522
1232406PIP	2007	74	16	7.0	11.4	7.4709	1.7751	0.623	1.0812	1.7042	9.246	10.9503
1232406PIP	2007	74	18	11.8	15.2	27.2059	6.1995	1.4596	4.034	5.4936	33.4055	38.899
1232406PIP	2007	74	19	12.5	15.6	31.3767	7.117	1.6034	4.6649	6.2683	38.4938	44.762
1232406PIP	2007	13	21	4.8	4.9	2.464	0.516	1.5151	0.7306	2.2457	2.98	5.2257
1232406PIP	2007	13	23	17.2	14.0	61.0242	9.0335	9.2122	10.4415	19.6537	70.0577	89.7114
1232406PIP	2007	13	24	11.2	10.1	20.7485	3.4513	5.0219	4.2708	9.2927	24.1998	33.4925
1232406PIP	2007	13	26	11.6	10.4	22.6627	3.7339	5.2774	4.5948	9.8722	26.3966	36.2688
1232406PIP	2007	13	27	16.6	13.6	55.8116	8.342	8.761	9.6968	18.4578	64.1536	82.6114
1232406PIP	2007	13	30	21.3	16.1	104.4707	14.592	12.4648	16.3025	28.7673	119.0627	147.83
1232406PIP	2007	74	33	18.9	18.2	87.2968	19.1561	3.1462	13.23	16.3762	106.4529	122.8291
1232406PIP	2007	13	36	9.6	8.9	14.0811	2.4425	4.0382	3.0974	7.1356	16.5235	23.6591
1232406PIP	2007	74	38	14.5	16.6	45.3045	10.1548	2.0424	6.7821	8.8245	55.4592	64.2837
1232406PIP	2007	74	39	9.0	13.2	13.9157	3.2406	0.9385	2.0376	2.9761	17.1563	20.1324
1232406PIP	2007	13	41	20.0	15.5	89.1699	12.6699	11.4026	14.2975	25.7001	101.8398	127.5399
1232406PIP	2007	74	43	19.2	18.3	90.7666	19.8924	3.228	13.7659	16.9939	110.659	127.6529
1232406PIP	2007	13	44	6.8	6.6	5.916	1.127	2.4796	1.5098	3.9893	7.043	11.0323
1232406PIP	2007	13	46	10.2	9.3	16.4001	2.7982	4.3997	3.5145	7.9142	19.1983	27.1125
1232406PIP	2007	74	47	17.2	17.7	69.1335	15.2854	2.698	10.4316	13.1296	84.4188	97.5485
1232406PIP	2007	13	49	6.4	6.3	5.0795	0.9837	2.2758	1.3306	3.6064	6.0632	9.6696
1232406PIP	2007	13	52	13.5	11.7	33.1871	5.2471	6.5402	6.303	12.8432	38.4341	51.2773
1232406PIP	2007	13	53	8.9	8.3	11.6399	2.061	3.6281	2.6453	6.2734	13.7009	19.9743
1232406PIP	2007	74	56	9.8	13.9	17.1807	3.9737	1.0783	2.5256	3.6039	21.1544	24.7583
1232406PIP	2007	13	59	20.1	15.5	90.2954	12.8124	11.4833	14.4469	25.9302	103.1078	129.038
1232406PIP	2007	74	61	17.6	17.8	73.1811	16.1506	2.8011	11.0542	13.8552	89.3317	103.1869
1232406PIP	2007	74	64	12.2	15.5	29.5458	6.7148	1.5411	4.3877	5.9288	36.2606	42.1894
1232406PIP	2007	38	66	8.6	11.8	12.9339	2.3883	1.8416	3.2832	5.1248	15.3222	20.447
1232406PIP	2007	13	67	9.4	8.7	13.355	2.3298	3.9197	2.9645	6.8842	15.6848	22.5689
1232406PIP	2007	74	69	11.5	15.0	25.526	5.8287	1.3996	3.7804	5.18	31.3547	36.5347
1232406PIP	2007	74	70	16.8	17.5	65.2223	14.4478	2.5965	9.8307	12.4272	79.6701	92.0973
1232406PIP	2007	74	73	8.4	12.7	11.7313	2.747	0.8387	1.7123	2.5509	14.4784	17.0293
1232406PIP	2007	13	75	10.5	9.6	17.6402	2.9862	4.5838	3.7334	8.3172	20.6264	28.9435
1232406PIP	2007	13	76	5.8	5.8	3.9656	0.7888	1.98	1.0838	3.0638	4.7544	7.8183
1232406PIP	2007	20	81	2.6	3.0	0.5305	0.1084	0.4141	0.0793	0.4934	0.639	1.1324
1232406PIP	2007	12	84	12.4	10.6	23.6259	3.8171	6.4334	5.3533	11.7867	27.443	39.2297
1232406PIP	2007	74	86	7.9	12.3	10.0782	2.3716	0.7588	1.4668	2.2256	12.4498	14.6754
1232406PIP	2007	74	87	7.8	12.2	9.7654	2.3003	0.7432	1.4204	2.1636	12.0657	14.2293
1232406PIP	2007	74	90	13.4	16.1	37.2683	8.4064	1.7959	5.5587	7.3545	45.6748	53.0293
1232406PIP	2007	13	92	12.1	10.7	25.1999	4.1046	5.602	5.0172	10.6192	29.3045	39.9237
1232406PIP	2007	13	93	16.0	13.3	50.8767	7.6809	8.3166	8.9807	17.2973	58.5576	75.8549
1294301PIP	2007	2	1	9.2	5.9	12.8584	1.7886	2.0913	1.4804	3.5717	14.647	18.2187
1294301PIP	2007	2	10	4.9	4.2	2.7532	0.4908	0.568	0.2616	0.8296	3.2441	4.0736
1294301PIP	2007	2	12	9.6	6.0	14.2694	1.9519	2.2838	1.6643	3.9481	16.2213	20.1694
1294301PIP	2007	2	13	6.7	5.1	5.9193	0.9329	1.0851	0.6187	1.7038	6.8522	8.556
1294301PIP	2007	2	15	8.5	5.7	10.595	1.5205	1.7754	1.1907	2.9662	12.1155	15.0817
1294301PIP	2007	3	16	10.1	6.3	20.8807	2.2083	2.1204	2.1065	4.2269	23.089	27.316
1294301PIP	2007	3	18	6.0	5.1	5.9705	0.7513	0.8617	0.5988	1.4605	6.7218	8.1823
1294301PIP	2007	2	21	8.2	5.6	9.7034	1.4124	1.6482	1.0786	2.7269	11.1158	13.8426
1294301PIP	2007	3	22	3.2	3.8	1.3173	0.2045	0.2906	0.1312	0.4218	1.5218	1.9436
1294301PIP	2007	2	25	8.0	5.6	9.1346	1.3426	1.5661	1.0078	2.5739	10.4771	13.051
1294301PIP	2007	3	27	8.6	5.9	14.1868	1.5831	1.6058	1.4286	3.0344	15.7699	18.8043
1294301PIP	2007	3	28	8.6	5.9	14.1868	1.5831	1.6058	1.4286	3.0344	15.7699	18.8043
1294301PIP	2007	2	30	5.8	4.7	4.1592	0.6938	0.8051	0.416	1.2211	4.853	6.0741
1294301PIP	2007	3	33	8.9	6.0	15.4058	1.6996	1.7039	1.552	3.2559	17.1054	20.3612
1294301PIP	2007	3	35	4.7	4.6	3.3193	0.4532	0.5649	0.332	0.8969	3.7725	4.6694
1294301PIP	2007	3	36	4.1	4.3	2.3903	0.3416	0.4461	0.2387	0.6848	2.7318	3.4166
1294301PIP	2007	3	39	7.8	5.7	11.2187	1.2934	1.3564	1.1284	2.4848	12.512	14.9968
1294301PIP	2007	2	41	7.4	5.3	7.5484	1.144	1.3328	0.8132	2.146	8.6924	10.8385
1294301PIP	2007	2	42	8.3	5.7	9.9955	1.4479	1.6901	1.1152	2.8053	11.4434	14.2487
1294301PIP	2007	2	45	2.6	2.8	0.5841	0.1337	0.1531	0.0457	0.1988	0.7178	0.9166
1294301PIP	2007	2	48	8.0	5.6	9.1346	1.3426	1.5661	1.0078	2.5739	10.4771	13.051
1294301PIP	2007	2	50	6.6	5.0	5.7055	0.9046	1.0519	0.5936	1.6455	6.6101	8.2555
1294301PIP	2007	2	53	3.3	3.3	1.0467	0.218	0.2507	0.0881	0.3388	1.2647	1.6036
1294301PIP	2007	3	56	9.6	6.2	18.4814	1.988	1.9422	1.8634	3.8056	20.4694	24.275
1294301PIP	2007	2	58	7.5	5.4	7.8004	1.176	1.3704	0.8438	2.2142	8.9764	11.1905
1294301PIP	2007	2	59	10.0	6.1	15.7681	2.1225	2.4851	1.8621	4.3472	17.8906	22.2378
1294301PIP	2007	3	61	7.0	5.5	8.6488	1.0338	1.1249	0.8689	1.9938	9.6826	11.6764
1294301PIP	2007	3	62	8.0	5.8	11.9227	1.363	1.4171	1.1996	2.6167	13.2857	15.9024
1294301PIP	2007	3	64	5.6	5.0	5.058	0.6513	0.7648	0.5068	1.2717	5.7093	6.9809
1294301PIP	2007	2	65	6.4	4.9	5.2917	0.8492	0.987	0.5454	1.5324	6.1409	7.6733
1294301PIP	2007	2	68	6.3	4.9	5.0917	0.8222	0.9554	0.5223	1.4776	5.9139	7.3916
1294301PIP	2007	3	70	7.4	5.6	9.885	1.1598	1.2384	0.9937	2.2321	11.0448	13.2769
1294301PIP	2007	2	73	8.9	5.8	11.8566	1.671	1.9526	1.3513	3.304	13.5276	16.8316
1294301PIP	2007	2	75	8.9	5.8	11.8566	1.671	1.9526	1.3513	3.304	13.5276	16.8316
1294301PIP	2007	3	76	9.2	6.1	16.6839	1.8203	1.8044	1.6813	3.4858	18.5043	21.99
1294301PIP	2007	2	78	9.9	6.1	15.3851	2.0792	2.4339	1.8114	4.2453	17.4643	21.7096
1294301PIP	2007	2	79	8.7	5.8	11.2154	1.5948	1.8629	1.2694	3.1324	12.8102	15.9425
1294301PIP	2007	2	81	9.0	5.9	12.1852	1.7097	1.9983	1.3935	3.3918	13.895	17.2868
1294301PIP	2007	2	82	8.7	5.8	11.2154	1.5948	1.8629	1.2694	3.1324	12.8102	15.9425
1294301PIP	2007	3	84	9.0	6.0	15.8252	1.7393	1.7371	1.5944	3.3315	17.5646	20.8961
1294301PIP	2007	2	90	10.4	6.2	17.3561	2.3005	2.6951	2.0743	4.7695	19.6566	24.426
1294301PIP	2007	2	91	8.7	5.8	11.2154	1.5948	1.8629	1.2694	3.1324	12.8102	15.9425
1294301PIP	2007	2	93	7.9	5.5	8.8578	1.3083	1.5259	0.9735	2.4994	10.1661	12.6655
1294301PIP	2007	3	95	8.8	6.0	14.9929	1.6603	1.6709	1.5102	3.1811	16.6532	19.8343
1294301PIP	2007	3	96	7.1	5.5	8.9488	1.0646	1.1529	0.8992	2.052	10.0134	12.0654
1294301PIP	2007	3	98	7.4	5.6	9.885	1.1598	1.2384	0.9937	2.2321	11.0448	13.2769
1294301PIP	2007	3	99	4.6	4.5	3.152	0.4334	0.5443	0.3152	0.8595	3.5855	4.445
1294301PIP	2007	3	101	5.5	4.9	4.8435	0.6275	0.7414	0.4853	1.2266	5.471	6.6976
1253101PIP	2007	12	5	8.6	7.3	9.1995	1.6438	3.761	2.4986	6.2596	10.8433	17.1029
1253101PIP	2007	32	7	10.8	10.5	26.8664	4.1978	1.916	6.4667	8.3827	31.0643	39.447
1253101PIP	2007	32	8	18.9	13.7	99.7897	13.5146	4.4851	25.9738	30.4589	113.3043	143.7632
1253101PIP	2007	32	10	7.4	8.4	11.0717	1.9054	1.0786	2.5277	3.6063	12.977	16.5834
1253101PIP	2007	20	13	2.5	2.7	0.4828	0.0989	0.3878	0.0718	0.4596	0.5817	1.0414
1253101PIP	2007	20	15	4.1	4.0	1.5851	0.3161	0.8858	0.2523	1.1381	1.9012	3.0393
1253101PIP	2007	20	16	2.6	2.8	0.5305	0.1084	0.4141	0.0793	0.4934	0.639	1.1324
1253101PIP	2007	32	18	7.1	8.2	10.0477	1.7475	1.0129	2.2807	3.2936	11.7953	15.0889
1253101PIP	2007	32	19	4.4	6.0	3.2719	0.6431	0.4895	0.6946	1.1841	3.915	5.0991
1253101PIP	2007	32	21	3.0	4.7	1.3329	0.2889	0.2735	0.2682	0.5417	1.6218	2.1635
1253101PIP	2007	20	22	17.7	12.0	53.2624	9.8048	10.1805	10.3681	20.5486	63.0672	83.6159
1253101PIP	2007	20	25	9.3	7.9	11.345	2.1631	3.4767	2.0213	5.4979	13.5082	19.0061
1253101PIP	2007	20	28	15.2	11.0	36.9412	6.8571	7.8953	7.0419	14.9372	43.7983	58.7355
1253101PIP	2007	20	33	10.7	8.8	15.891	3.0068	4.3938	2.8864	7.2801	18.8978	26.1779
1253101PIP	2007	20	35	5.5	5.1	3.2109	0.63	1.4465	0.5322	1.9787	3.841	5.8197
1253101PIP	2007	20	36	14.9	10.9	35.2134	6.5435	7.6368	6.6941	14.331	41.7569	56.0879
1253101PIP	2007	12	38	3.9	3.8	1.1983	0.2662	1.1789	0.4815	1.6604	1.4645	3.1249
1253101PIP	2007	38	41	9.3	10.5	15.7319	2.8829	2.093	4.0093	6.1022	18.6147	24.7169
1253101PIP	2007	38	42	4.6	7.1	2.7019	0.5302	0.662	0.6645	1.3265	3.2322	4.5587
1253101PIP	2007	38	44	3.5	5.9	1.3635	0.2748	0.4234	0.3307	0.7542	1.6382	2.3924
1253101PIP	2007	20	48	4.4	4.2	1.8783	0.3731	0.9966	0.3019	1.2985	2.2513	3.5498
1253101PIP	2007	20	50	9.9	8.3	13.1842	2.5052	3.8592	2.3692	6.2284	15.6894	21.9178
1253101PIP	2007	20	51	2.5	2.7	0.4828	0.0989	0.3878	0.0718	0.4596	0.5817	1.0414
1253101PIP	2007	20	53	13.1	10.1	25.8431	4.8361	6.1598	4.8266	10.9863	30.6792	41.6655
1253101PIP	2007	20	58	5.1	4.8	2.6781	0.5277	1.2752	0.4393	1.7145	3.2058	4.9203
1253101PIP	2007	12	59	3.1	3.2	0.6631	0.1569	0.8418	0.2985	1.1403	0.82	1.9603
1253101PIP	2007	38	62	3.0	5.3	0.927	0.1897	0.3291	0.2231	0.5522	1.1167	1.6689
1253101PIP	2007	20	64	3.5	3.5	1.0838	0.218	0.6801	0.1688	0.8489	1.3017	2.1507
1253101PIP	2007	38	65	3.6	6.0	1.463	0.294	0.4434	0.3554	0.7988	1.7571	2.5559
1253101PIP	2007	38	71	9.0	10.4	14.4925	2.6642	1.9837	3.6873	5.671	17.1567	22.8277
1253101PIP	2007	38	79	4.8	7.3	3.0056	0.5874	0.7097	0.7408	1.4505	3.593	5.0435
1253101PIP	2007	20	81	7.7	6.8	7.2074	1.3885	2.5367	1.2512	3.7879	8.5959	12.3838
1204806PIP	2007	25	5	2.8	3.2	0.7768	0.1529	0.3705	0.2019	0.5724	0.9297	1.5021
1204806PIP	2007	13	8	4.8	4.4	2.464	0.516	1.5151	0.7306	2.2457	2.98	5.2257
1204806PIP	2007	13	10	4.2	4.0	1.7612	0.3825	1.2543	0.5531	1.8075	2.1436	3.9511
1204806PIP	2007	25	13	7.3	5.9	8.107	1.1559	1.5411	1.7695	3.3106	9.263	12.5736
1204806PIP	2007	13	15	8.0	6.7	8.9026	1.6227	3.1203	2.1183	5.2386	10.5253	15.764
1204806PIP	2007	13	16	6.7	5.8	5.6997	1.0902	2.4281	1.4639	3.892	6.7898	10.6818
1204806PIP	2007	13	18	3.5	3.5	1.1135	0.2541	0.9692	0.3783	1.3475	1.3676	2.7151
1204806PIP	2007	13	19	7.9	6.6	8.6254	1.5775	3.0653	2.0635	5.1288	10.203	15.3318
1204806PIP	2007	13	21	6.5	5.6	5.2814	1.0185	2.3263	1.3743	3.7006	6.3	10.0005
1204806PIP	2007	25	22	9.5	6.9	15.4475	2.0157	2.2803	3.2136	5.494	17.4632	22.9572
1204806PIP	2007	13	25	5.3	4.8	3.1612	0.6444	1.743	0.8982	2.6412	3.8056	6.4468
1204806PIP	2007	25	28	2.9	3.3	0.8464	0.1647	0.3903	0.2186	0.609	1.0111	1.6201
1204806PIP	2007	13	30	8.9	7.3	11.6399	2.061	3.6281	2.6453	6.2734	13.7009	19.9743
1204806PIP	2007	13	33	3.9	3.7	1.4617	0.3239	1.1295	0.474	1.6035	1.7856	3.3891
1204806PIP	2007	25	35	4.6	4.4	2.6181	0.4361	0.7753	0.6216	1.397	3.0541	4.4511
1204806PIP	2007	13	36	4.9	4.5	2.5951	0.5404	1.5599	0.7627	2.3226	3.1355	5.4581
1204806PIP	2007	13	38	9.4	7.6	13.355	2.3298	3.9197	2.9645	6.8842	15.6848	22.5689
1204806PIP	2007	13	39	6.3	5.5	4.8823	0.9496	2.2257	1.2876	3.5133	5.8318	9.3452
1204806PIP	2007	13	41	7.4	6.3	7.3177	1.3624	2.7945	1.8007	4.5952	8.6801	13.2753
1204806PIP	2007	13	42	5.0	4.5	2.7303	0.5655	1.6051	0.7955	2.4006	3.2958	5.6964
1204806PIP	2007	13	44	5.0	4.5	2.7303	0.5655	1.6051	0.7955	2.4006	3.2958	5.6964
1204806PIP	2007	13	45	6.4	5.6	5.0795	0.9837	2.2758	1.3306	3.6064	6.0632	9.6696
1204806PIP	2007	13	48	4.6	4.2	2.2139	0.469	1.4266	0.6686	2.0952	2.6829	4.7781
1204806PIP	2007	13	50	6.1	5.3	4.5018	0.8833	2.1264	1.2039	3.3303	5.3851	8.7154
1204806PIP	2007	13	51	3.1	3.2	0.8206	0.1935	0.8164	0.2938	1.1101	1.0142	2.1243
1204806PIP	2007	13	53	3.8	3.7	1.3693	0.3056	1.0888	0.449	1.5378	1.6749	3.2127
1204806PIP	2007	13	55	4.7	4.3	2.3369	0.4922	1.4706	0.6992	2.1699	2.8291	4.999
1204806PIP	2007	13	56	3.6	3.5	1.1952	0.2707	1.0086	0.4012	1.4098	1.4659	2.8757
1204806PIP	2007	13	58	9.7	7.8	14.4528	2.4999	4.0978	3.165	7.2628	16.9527	24.2155
1204806PIP	2007	13	59	8.1	6.7	9.1851	1.6685	3.1756	2.1739	5.3495	10.8537	16.2032
1204806PIP	2007	13	61	4.5	4.2	2.0948	0.4465	1.3829	0.6387	2.0216	2.5413	4.5629
1204806PIP	2007	13	62	6.2	5.4	4.6897	0.9161	2.1759	1.2454	3.4213	5.6058	9.0271
1204806PIP	2007	13	65	2.9	3.0	0.6939	0.1666	0.7429	0.2556	0.9985	0.8606	1.8591
1204806PIP	2007	25	68	3.9	4.0	1.7479	0.3078	0.6065	0.4277	1.0342	2.0556	3.0899
1204806PIP	2007	13	70	4.8	4.4	2.464	0.516	1.5151	0.7306	2.2457	2.98	5.2257
1204806PIP	2007	13	71	4.5	4.2	2.0948	0.4465	1.3829	0.6387	2.0216	2.5413	4.5629
1204806PIP	2007	13	73	9.8	7.9	14.8305	2.5581	4.1577	3.2334	7.3911	17.3885	24.7796
1204806PIP	2007	13	75	2.5	2.7	0.4778	0.1195	0.6022	0.1876	0.7899	0.5972	1.3871
1204806PIP	2007	13	76	6.6	5.7	5.4881	1.054	2.377	1.4187	3.7958	6.5422	10.3379
1204806PIP	2007	13	78	2.6	2.8	0.5273	0.1304	0.6366	0.2036	0.8402	0.6577	1.4979
1204806PIP	2007	13	79	5.8	5.1	3.9656	0.7888	1.98	1.0838	3.0638	4.7544	7.8183
1204806PIP	2007	13	81	9.2	7.5	12.6519	2.2201	3.8023	2.8345	6.6368	14.872	21.5088
1204806PIP	2007	13	82	7.2	6.1	6.8305	1.2812	2.6883	1.7007	4.3891	8.1117	12.5007
1204806PIP	2007	13	84	3.0	3.1	0.7557	0.1798	0.7794	0.2744	1.0537	0.9355	1.9892
1204806PIP	2007	13	85	4.0	3.8	1.5578	0.3428	1.1707	0.4997	1.6704	1.9006	3.571
1204806PIP	2007	13	88	7.7	6.5	8.0868	1.4894	2.9561	1.9562	4.9123	9.5762	14.4884
1204806PIP	2007	13	91	3.2	3.2	0.8888	0.2078	0.8539	0.3139	1.1677	1.0967	2.2644
1204806PIP	2007	13	93	6.8	5.8	5.916	1.127	2.4796	1.5098	3.9893	7.043	11.0323
1204806PIP	2007	13	96	6.9	5.9	6.1372	1.1645	2.5313	1.5564	4.0877	7.3017	11.3894
1204806PIP	2007	13	98	5.5	4.9	3.4698	0.7002	1.8368	0.9703	2.807	4.1701	6.9771
1204806PIP	2007	13	99	5.0	4.5	2.7303	0.5655	1.6051	0.7955	2.4006	3.2958	5.6964
1204806PIP	2007	25	101	7.7	6.1	9.2377	1.2937	1.6684	1.9968	3.6652	10.5315	14.1966
1204806PIP	2007	25	102	7.7	6.1	9.2377	1.2937	1.6684	1.9968	3.6652	10.5315	14.1966
1204806PIP	2007	13	105	9.0	7.4	11.9716	2.1133	3.6859	2.7076	6.3935	14.0849	20.4784
1204806PIP	2007	13	107	2.5	2.7	0.4778	0.1195	0.6022	0.1876	0.7899	0.5972	1.3871
1204806PIP	2007	13	108	7.6	6.4	7.8253	1.4463	2.902	1.9036	4.8055	9.2716	14.0772
1204806PIP	2007	13	111	5.5	4.9	3.4698	0.7002	1.8368	0.9703	2.807	4.1701	6.9771
1197906PIP	2007	13	2	6.3	6.5	4.8823	0.9496	2.2257	1.2876	3.5133	5.8318	9.3452
1197906PIP	2007	13	5	2.7	3.3	0.5798	0.142	0.6715	0.2203	0.8918	0.7218	1.6135
1197906PIP	2007	13	7	14.3	12.9	38.3568	5.9703	7.0949	7.1064	14.2013	44.327	58.5284
1197906PIP	2007	13	8	11.8	11.1	23.6581	3.8799	5.4065	4.7615	10.168	27.538	37.706
1197906PIP	2007	13	10	5.7	6.0	3.7959	0.7587	1.9319	1.0452	2.9772	4.5546	7.5317
1197906PIP	2007	13	11	18.0	15.3	68.4151	10.0033	9.824	11.4791	21.3031	78.4184	99.7215
1197906PIP	2007	13	13	11.1	10.6	20.2858	3.3826	4.9586	4.1917	9.1503	23.6684	32.8187
1197906PIP	2007	13	14	9.5	9.3	13.7151	2.3858	3.9788	3.0306	7.0094	16.1009	23.1103
1197906PIP	2007	13	16	12.0	11.3	24.6794	4.0289	5.5366	4.9312	10.4678	28.7084	39.1761
1197906PIP	2007	13	20	15.3	13.6	45.4634	6.9476	7.8067	8.1813	15.988	52.411	68.399
1197906PIP	2007	13	22	9.3	9.1	13.0006	2.2746	3.8608	2.8991	6.76	15.2752	22.0351
1197906PIP	2007	13	23	13.3	12.2	31.9645	5.0743	6.4035	6.11	12.5135	37.0388	49.5524
1197906PIP	2007	13	28	11.8	11.1	23.6581	3.8799	5.4065	4.7615	10.168	27.538	37.706
1197906PIP	2007	13	31	8.3	8.3	9.7662	1.7623	3.2871	2.2872	5.5743	11.5285	17.1028
1197906PIP	2007	13	33	8.0	8.0	8.9026	1.6227	3.1203	2.1183	5.2386	10.5253	15.764
1197906PIP	2007	13	34	10.4	10.0	17.2208	2.9228	4.5222	3.6597	8.1818	20.1435	28.3254
1197906PIP	2007	13	36	10.1	9.8	15.9987	2.7371	4.3388	3.4431	7.7819	18.7358	26.5177
1197906PIP	2007	13	37	10.4	10.0	17.2208	2.9228	4.5222	3.6597	8.1818	20.1435	28.3254
1197906PIP	2007	13	40	7.1	7.2	6.5944	1.2416	2.6357	1.6519	4.2876	7.836	12.1236
1197906PIP	2007	13	42	10.0	9.7	15.6034	2.6766	4.2782	3.3724	7.6506	18.28	25.9306
1197906PIP	2007	13	43	12.6	11.7	27.901	4.4948	5.9321	5.4589	11.3911	32.3958	43.7869
1197906PIP	2007	13	45	4.8	5.2	2.464	0.516	1.5151	0.7306	2.2457	2.98	5.2257
1197906PIP	2007	13	47	5.9	6.2	4.1398	0.8197	2.0285	1.1231	3.1516	4.9595	8.1111
1197906PIP	2007	13	50	7.5	7.6	7.5689	1.404	2.8481	1.8518	4.6999	8.9729	13.6728
1197906PIP	2007	13	51	14.1	12.8	37.022	5.7846	6.955	6.9008	13.8559	42.8066	56.6625
1197906PIP	2007	13	53	13.0	12.0	30.1823	4.8212	6.2002	5.8263	12.0265	35.0035	47.03
1197906PIP	2007	13	54	15.1	13.5	43.9837	6.7456	7.6627	7.96	15.6228	50.7293	66.352
1197906PIP	2007	13	56	11.5	10.9	22.1746	3.6621	5.2132	4.5127	9.7258	25.8367	35.5625
1197906PIP	2007	13	57	11.4	10.8	21.6929	3.5911	5.1492	4.4313	9.5805	25.2839	34.8644
1197906PIP	2007	13	60	2.9	3.5	0.6939	0.1666	0.7429	0.2556	0.9985	0.8606	1.8591
1197906PIP	2007	13	63	2.9	3.5	0.6939	0.1666	0.7429	0.2556	0.9985	0.8606	1.8591
1211706PIP	2007	13	1	3.6	3.7	1.1952	0.2707	1.0086	0.4012	1.4098	1.4659	2.8757
1211706PIP	2007	13	4	8.5	7.4	10.3688	1.859	3.3997	2.4036	5.8032	12.2278	18.0311
1211706PIP	2007	13	6	8.5	7.4	10.3688	1.859	3.3997	2.4036	5.8032	12.2278	18.0311
1211706PIP	2007	13	7	3.9	3.9	1.4617	0.3239	1.1295	0.474	1.6035	1.7856	3.3891
1211706PIP	2007	13	9	5.8	5.4	3.9656	0.7888	1.98	1.0838	3.0638	4.7544	7.8183
1211706PIP	2007	13	10	3.5	3.6	1.1135	0.2541	0.9692	0.3783	1.3475	1.3676	2.7151
1211706PIP	2007	13	12	3.7	3.8	1.2805	0.2878	1.0485	0.4247	1.4732	1.5683	3.0415
1211706PIP	2007	13	13	3.3	3.4	0.9603	0.2227	0.8918	0.3346	1.2265	1.183	2.4095
1211706PIP	2007	13	15	6.2	5.7	4.6897	0.9161	2.1759	1.2454	3.4213	5.6058	9.0271
1211706PIP	2007	13	16	3.5	3.6	1.1135	0.2541	0.9692	0.3783	1.3475	1.3676	2.7151
1211706PIP	2007	13	19	4.9	4.7	2.5951	0.5404	1.5599	0.7627	2.3226	3.1355	5.4581
1211706PIP	2007	13	21	6.3	5.8	4.8823	0.9496	2.2257	1.2876	3.5133	5.8318	9.3452
1211706PIP	2007	13	24	2.7	3.0	0.5798	0.142	0.6715	0.2203	0.8918	0.7218	1.6135
1211706PIP	2007	13	27	2.7	3.0	0.5798	0.142	0.6715	0.2203	0.8918	0.7218	1.6135
1211706PIP	2007	25	29	5.9	4.9	4.8144	0.7375	1.1227	1.0924	2.2151	5.5518	7.767
1211706PIP	2007	25	30	3.7	3.7	1.5366	0.2754	0.5608	0.3796	0.9404	1.812	2.7524
1211706PIP	2007	25	32	4.7	4.3	2.7596	0.4563	0.8005	0.6527	1.4532	3.2159	4.6691
1211706PIP	2007	13	33	3.6	3.7	1.1952	0.2707	1.0086	0.4012	1.4098	1.4659	2.8757
1211706PIP	2007	13	35	5.7	5.3	3.7959	0.7587	1.9319	1.0452	2.9772	4.5546	7.5317
1211706PIP	2007	25	36	3.7	3.7	1.5366	0.2754	0.5608	0.3796	0.9404	1.812	2.7524
1211706PIP	2007	25	39	2.5	2.9	0.5886	0.1204	0.313	0.1562	0.4692	0.709	1.1782
1211706PIP	2007	25	41	3.5	3.6	1.3412	0.2449	0.5163	0.3347	0.8511	1.5861	2.4372
1211706PIP	2007	13	42	3.0	3.2	0.7557	0.1798	0.7794	0.2744	1.0537	0.9355	1.9892
1211706PIP	2007	13	44	3.7	3.8	1.2805	0.2878	1.0485	0.4247	1.4732	1.5683	3.0415
1211706PIP	2007	13	46	3.7	3.8	1.2805	0.2878	1.0485	0.4247	1.4732	1.5683	3.0415
1211706PIP	2007	13	47	2.8	3.1	0.6353	0.154	0.7069	0.2376	0.9445	0.7893	1.7339
1211706PIP	2007	25	49	3.2	3.4	1.077	0.2027	0.4519	0.2732	0.7251	1.2798	2.0049
1211706PIP	2007	13	50	3.6	3.7	1.1952	0.2707	1.0086	0.4012	1.4098	1.4659	2.8757
1211706PIP	2007	25	52	2.8	3.1	0.7768	0.1529	0.3705	0.2019	0.5724	0.9297	1.5021
1211706PIP	2007	13	53	4.0	4.0	1.5578	0.3428	1.1707	0.4997	1.6704	1.9006	3.571
1211706PIP	2007	13	55	4.3	4.2	1.8685	0.4032	1.2968	0.5809	1.8777	2.2717	4.1494
1211706PIP	2007	13	56	3.5	3.6	1.1135	0.2541	0.9692	0.3783	1.3475	1.3676	2.7151
1211706PIP	2007	13	59	2.9	3.1	0.6939	0.1666	0.7429	0.2556	0.9985	0.8606	1.8591
1211706PIP	2007	13	62	3.1	3.3	0.8206	0.1935	0.8164	0.2938	1.1101	1.0142	2.1243
1211706PIP	2007	13	64	3.5	3.6	1.1135	0.2541	0.9692	0.3783	1.3475	1.3676	2.7151
1211706PIP	2007	13	67	4.1	4.1	1.6576	0.3623	1.2123	0.526	1.7384	2.02	3.7583
1211706PIP	2007	13	69	6.1	5.6	4.5018	0.8833	2.1264	1.2039	3.3303	5.3851	8.7154
1211706PIP	2007	13	70	5.2	4.9	3.0134	0.6175	1.6967	0.8632	2.5599	3.6308	6.1907
1246001PIP	2007	13	2	3.3	4.1	0.9603	0.2227	0.8918	0.3346	1.2265	1.183	2.4095
1246001PIP	2007	13	4	13.0	13.3	30.1823	4.8212	6.2002	5.8263	12.0265	35.0035	47.03
1246001PIP	2007	13	5	14.7	14.6	41.1123	6.3514	7.3772	7.5269	14.9042	47.4636	62.3678
1246001PIP	2007	13	13	8.8	9.6	11.3138	2.0094	3.5706	2.5838	6.1543	13.3232	19.4776
1246001PIP	2007	13	16	8.5	9.3	10.3688	1.859	3.3997	2.4036	5.8032	12.2278	18.0311
1246001PIP	2007	13	19	14.5	14.5	39.7201	6.1592	7.2357	7.3151	14.5508	45.8793	60.4301
1246001PIP	2007	13	22	17.1	16.4	60.1359	8.9162	9.1366	10.3154	19.452	69.0521	88.504
1246001PIP	2007	13	24	2.5	3.3	0.4778	0.1195	0.6022	0.1876	0.7899	0.5972	1.3871
1246001PIP	2007	13	25	5.0	5.8	2.7303	0.5655	1.6051	0.7955	2.4006	3.2958	5.6964
1246001PIP	2007	13	27	5.8	6.7	3.9656	0.7888	1.98	1.0838	3.0638	4.7544	7.8183
1246001PIP	2007	13	28	22.0	19.4	113.3206	15.6896	13.048	17.4389	30.487	129.0101	159.4971
1246001PIP	2007	13	31	2.8	3.6	0.6353	0.154	0.7069	0.2376	0.9445	0.7893	1.7339
1246001PIP	2007	13	33	15.3	15.1	45.4634	6.9476	7.8067	8.1813	15.988	52.411	68.399
1246001PIP	2007	13	38	6.5	7.4	5.2814	1.0185	2.3263	1.3743	3.7006	6.3	10.0005
1246001PIP	2007	13	41	15.7	15.4	48.5118	7.3616	8.0969	8.6334	16.7303	55.8734	72.6037
1246001PIP	2007	13	44	15.9	15.5	50.0809	7.5736	8.2431	8.8641	17.1073	57.6545	74.7618
1246001PIP	2007	13	45	14.4	14.4	39.0349	6.0643	7.1652	7.2104	14.3756	45.0992	59.4747
1246001PIP	2007	13	47	6.0	6.9	4.3185	0.8512	2.0773	1.1631	3.2404	5.1697	8.4101
1246001PIP	2007	13	48	2.6	3.4	0.5273	0.1304	0.6366	0.2036	0.8402	0.6577	1.4979
1246001PIP	2007	13	53	9.0	9.8	11.9716	2.1133	3.6859	2.7076	6.3935	14.0849	20.4784
1246001PIP	2007	13	54	7.8	8.6	8.3535	1.5331	3.0106	2.0095	5.02	9.8866	14.9066
1246001PIP	2007	13	56	14.3	14.3	38.3568	5.9703	7.0949	7.1064	14.2013	44.327	58.5284
1246001PIP	2007	13	59	4.5	5.3	2.0948	0.4465	1.3829	0.6387	2.0216	2.5413	4.5629
1246001PIP	2007	13	61	2.5	3.3	0.4778	0.1195	0.6022	0.1876	0.7899	0.5972	1.3871
1246001PIP	2007	13	62	10.0	10.7	15.6034	2.6766	4.2782	3.3724	7.6506	18.28	25.9306
1246001PIP	2007	13	64	3.2	4.0	0.8888	0.2078	0.8539	0.3139	1.1677	1.0967	2.2644
1246001PIP	2007	38	65	3.8	7.2	1.675	0.3349	0.4844	0.408	0.8924	2.0099	2.9023
1246001PIP	2007	38	67	5.0	8.7	3.3289	0.648	0.7587	0.8221	1.5809	3.9769	5.5577
1246001PIP	2007	13	68	8.9	9.7	11.6399	2.061	3.6281	2.6453	6.2734	13.7009	19.9743
1246001PIP	2007	13	71	6.9	7.8	6.1372	1.1645	2.5313	1.5564	4.0877	7.3017	11.3894
1246001PIP	2007	13	74	10.8	11.4	18.9352	3.181	4.7701	3.9591	8.7292	22.1161	30.8453
1246001PIP	2007	13	76	3.4	4.2	1.0352	0.2381	0.9303	0.3561	1.2864	1.2733	2.5597
1246001PIP	2007	13	79	17.8	16.8	66.5196	9.7557	9.67	11.2149	20.8849	76.2753	97.1602
1246001PIP	2007	13	81	13.9	14.0	35.7156	5.6022	6.8159	6.6984	13.5143	41.3178	54.8321
1246001PIP	2007	13	82	7.8	8.6	8.3535	1.5331	3.0106	2.0095	5.02	9.8866	14.9066
1246001PIP	2007	13	85	16.3	15.8	53.3097	8.0077	8.538	9.3352	17.8731	61.3174	79.1906
1246001PIP	2007	13	87	5.4	6.3	3.3134	0.672	1.7897	0.9339	2.7236	3.9854	6.7089
1246001PIP	2007	13	90	5.0	5.8	2.7303	0.5655	1.6051	0.7955	2.4006	3.2958	5.6964
1246001PIP	2007	13	91	8.0	8.8	8.9026	1.6227	3.1203	2.1183	5.2386	10.5253	15.764
1246001PIP	2007	13	96	12.2	12.6	25.7269	4.1811	5.6676	5.104	10.7715	29.908	40.6795
1246001PIP	2007	13	99	3.9	4.7	1.4617	0.3239	1.1295	0.474	1.6035	1.7856	3.3891
1246001PIP	2007	13	101	7.8	8.6	8.3535	1.5331	3.0106	2.0095	5.02	9.8866	14.9066
1246001PIP	2007	13	102	15.3	15.1	45.4634	6.9476	7.8067	8.1813	15.988	52.411	68.399
1246001PIP	2007	13	104	14.4	14.4	39.0349	6.0643	7.1652	7.2104	14.3756	45.0992	59.4747
1246001PIP	2007	13	105	9.9	10.6	15.214	2.617	4.2178	3.3025	7.5203	17.8309	25.3513
1246001PIP	2007	13	108	3.9	4.7	1.4617	0.3239	1.1295	0.474	1.6035	1.7856	3.3891
1246001PIP	2007	13	110	8.0	8.8	8.9026	1.6227	3.1203	2.1183	5.2386	10.5253	15.764
1246001PIP	2007	13	111	11.0	11.6	19.8294	3.3146	4.8955	4.1134	9.0089	23.144	32.1529
1246001PIP	2007	3	114	14.4	17.6	48.9864	4.6023	3.9152	4.9619	8.8772	53.5887	62.4659
1246001PIP	2007	13	116	9.3	10.1	13.0006	2.2746	3.8608	2.8991	6.76	15.2752	22.0351
1246001PIP	2007	13	117	15.3	15.1	45.4634	6.9476	7.8067	8.1813	15.988	52.411	68.399
1246001PIP	2007	13	121	7.7	8.5	8.0868	1.4894	2.9561	1.9562	4.9123	9.5762	14.4884
1246001PIP	2007	13	122	7.8	8.6	8.3535	1.5331	3.0106	2.0095	5.02	9.8866	14.9066
1246001PIP	2007	13	124	14.6	14.6	40.4126	6.2549	7.3064	7.4206	14.727	46.6674	61.3944
1246001PIP	2007	13	125	11.2	11.8	20.7485	3.4513	5.0219	4.2708	9.2927	24.1998	33.4925
1246001PIP	2007	13	128	9.4	10.2	13.355	2.3298	3.9197	2.9645	6.8842	15.6848	22.5689
1246001PIP	2007	13	130	13.1	13.4	30.7695	4.9048	6.2678	5.9201	12.1878	35.6743	47.8621
1246001PIP	2007	13	131	8.0	8.8	8.9026	1.6227	3.1203	2.1183	5.2386	10.5253	15.764
1252906PIP	2007	13	2	5.2	4.5	3.0134	0.6175	1.6967	0.8632	2.5599	3.6308	6.1907
1252906PIP	2007	13	4	2.9	3.0	0.6939	0.1666	0.7429	0.2556	0.9985	0.8606	1.8591
1252906PIP	2007	13	5	4.0	3.7	1.5578	0.3428	1.1707	0.4997	1.6704	1.9006	3.571
1252906PIP	2007	3	7	25.0	21.2	184.5201	14.4203	10.1622	18.8084	28.9706	198.9403	227.9109
1252906PIP	2007	3	9	24.7	21.1	179.2416	14.0643	9.9523	18.2678	28.2201	193.3059	221.526
1252906PIP	2007	13	12	5.0	4.4	2.7303	0.5655	1.6051	0.7955	2.4006	3.2958	5.6964
1252906PIP	2007	3	13	23.6	20.9	160.6474	12.7985	9.1984	16.3642	25.5627	173.4459	199.0086
1252906PIP	2007	13	16	3.1	3.1	0.8206	0.1935	0.8164	0.2938	1.1101	1.0142	2.1243
1252906PIP	2007	3	19	23.6	20.9	160.6474	12.7985	9.1984	16.3642	25.5627	173.4459	199.0086
1252906PIP	2007	13	25	4.8	4.3	2.464	0.516	1.5151	0.7306	2.2457	2.98	5.2257
1252906PIP	2007	13	27	5.9	5.0	4.1398	0.8197	2.0285	1.1231	3.1516	4.9595	8.1111
1252906PIP	2007	3	30	28.2	21.7	246.4904	18.5041	12.515	25.1596	37.6746	264.9945	302.6691
1252906PIP	2007	3	32	24.6	21.1	177.502	13.9467	9.8827	18.0897	27.9724	191.4486	219.421
1252906PIP	2007	13	33	5.4	4.7	3.3134	0.672	1.7897	0.9339	2.7236	3.9854	6.7089
1252906PIP	2007	13	36	5.9	5.0	4.1398	0.8197	2.0285	1.1231	3.1516	4.9595	8.1111
1252906PIP	2007	13	39	23.9	14.1	139.5647	18.893	14.6698	20.7247	35.3945	158.4577	193.8522
1252906PIP	2007	13	41	3.6	3.4	1.1952	0.2707	1.0086	0.4012	1.4098	1.4659	2.8757
1252901PIP	2007	3	1	18.3	18.2	87.1595	7.5591	5.9255	8.8527	14.7783	94.7186	109.4969
1252901PIP	2007	3	4	19.5	18.5	101.5379	8.6214	6.6133	10.3206	16.9339	110.1593	127.0932
1252901PIP	2007	3	6	20.3	18.7	111.8426	9.3697	7.0894	11.3732	18.4626	121.2123	139.675
1252901PIP	2007	3	9	18.2	18.2	86.0189	7.4738	5.8697	8.7363	14.606	93.4927	108.0987
1252901PIP	2007	3	11	20.3	18.7	111.8426	9.3697	7.0894	11.3732	18.4626	121.2123	139.675
1252901PIP	2007	3	15	14.0	16.7	45.7786	4.3416	3.7291	4.6355	8.3646	50.1202	58.4848
1252901PIP	2007	13	18	2.8	3.5	0.6353	0.154	0.7069	0.2376	0.9445	0.7893	1.7339
1252901PIP	2007	13	20	4.5	5.2	2.0948	0.4465	1.3829	0.6387	2.0216	2.5413	4.5629
1252901PIP	2007	3	21	19.0	18.4	95.391	8.17	6.3229	9.693	16.0158	103.561	119.5769
1252901PIP	2007	13	24	12.1	12.0	25.1999	4.1046	5.602	5.0172	10.6192	29.3045	39.9237
1252901PIP	2007	3	26	13.2	16.3	39.74	3.8436	3.3684	4.0214	7.3898	43.5836	50.9734
1252901PIP	2007	13	29	6.2	6.8	4.6897	0.9161	2.1759	1.2454	3.4213	5.6058	9.0271
1252901PIP	2007	13	31	13.5	13.1	33.1871	5.2471	6.5402	6.303	12.8432	38.4341	51.2773
1252901PIP	2007	13	32	5.8	6.4	3.9656	0.7888	1.98	1.0838	3.0638	4.7544	7.8183
1252901PIP	2007	13	34	11.7	11.7	23.1572	3.8065	5.3419	4.6778	10.0196	26.9637	36.9833
1252901PIP	2007	13	35	6.1	6.7	4.5018	0.8833	2.1264	1.2039	3.3303	5.3851	8.7154
1252901PIP	2007	13	37	4.4	5.1	1.9797	0.4245	1.3397	0.6094	1.9491	2.4043	4.3534
1252901PIP	2007	3	38	17.1	17.9	74.0461	6.5689	5.2699	7.515	12.7849	80.6149	93.3998
1252901PIP	2007	13	40	4.4	5.1	1.9797	0.4245	1.3397	0.6094	1.9491	2.4043	4.3534
1252901PIP	2007	3	41	19.0	18.4	95.391	8.17	6.3229	9.693	16.0158	103.561	119.5769
1252901PIP	2007	13	44	6.1	6.7	4.5018	0.8833	2.1264	1.2039	3.3303	5.3851	8.7154
1252901PIP	2007	13	46	3.6	4.3	1.1952	0.2707	1.0086	0.4012	1.4098	1.4659	2.8757
1252901PIP	2007	13	47	11.3	11.4	21.2175	3.5208	5.0854	4.3507	9.4361	24.7383	34.1744
1252901PIP	2007	13	49	12.9	12.7	29.6018	4.7384	6.1329	5.7333	11.8662	34.3402	46.2064
1252901PIP	2007	3	52	19.6	18.6	102.7943	8.7132	6.6721	10.4489	17.121	111.5074	128.6284
1252901PIP	2007	3	54	15.1	17.1	54.9079	5.0775	4.2501	5.5648	9.8149	59.9854	69.8003
1252901PIP	2007	13	58	4.4	5.1	1.9797	0.4245	1.3397	0.6094	1.9491	2.4043	4.3534
1252901PIP	2007	3	61	11.0	15.1	25.6371	2.6352	2.4576	2.5889	5.0465	28.2723	33.3188
1252901PIP	2007	13	64	10.0	10.3	15.6034	2.6766	4.2782	3.3724	7.6506	18.28	25.9306
1252901PIP	2007	13	67	4.6	5.3	2.2139	0.469	1.4266	0.6686	2.0952	2.6829	4.7781
1252901PIP	2007	13	69	2.6	3.3	0.5273	0.1304	0.6366	0.2036	0.8402	0.6577	1.4979
1252901PIP	2007	13	72	5.7	6.3	3.7959	0.7587	1.9319	1.0452	2.9772	4.5546	7.5317
1252901PIP	2007	3	74	21.2	18.9	124.1367	10.2502	7.6416	12.6297	20.2713	134.3868	154.6581
1252901PIP	2007	3	75	15.5	17.3	58.4699	5.36	4.4467	5.9275	10.3742	63.8299	74.2041
1252901PIP	2007	13	77	3.7	4.4	1.2805	0.2878	1.0485	0.4247	1.4732	1.5683	3.0415
1252901PIP	2007	3	78	15.2	17.2	55.7861	5.1474	4.2989	5.6542	9.9531	60.9335	70.8866
1252901PIP	2007	3	80	14.2	16.8	47.3666	4.471	3.8217	4.7971	8.6188	51.8376	60.4564
1252901PIP	2007	3	81	16.6	17.7	68.9474	6.1774	5.0063	6.9952	12.0015	75.1248	87.1263
1252901PIP	2007	13	83	7.4	7.9	7.3177	1.3624	2.7945	1.8007	4.5952	8.6801	13.2753
1252901PIP	2007	3	87	13.5	16.4	41.9461	4.0267	3.5018	4.2457	7.7475	45.9728	53.7203
1252901PIP	2007	13	89	9.9	10.2	15.214	2.617	4.2178	3.3025	7.5203	17.8309	25.3513
1252901PIP	2007	3	90	13.9	16.6	44.9964	4.2776	3.6832	4.556	8.2391	49.274	57.5132
1252901PIP	2007	13	92	7.4	7.9	7.3177	1.3624	2.7945	1.8007	4.5952	8.6801	13.2753
1246006PIP	2007	3	37	2.5	5.2	0.7277	0.1227	0.1897	0.0723	0.2619	0.8503	1.1123
1246006PIP	2007	3	39	6.0	8.4	5.9705	0.7513	0.8617	0.5988	1.4605	6.7218	8.1823
1246006PIP	2007	38	40	2.9	5.8	0.8516	0.1748	0.3114	0.2046	0.516	1.0264	1.5424
1246006PIP	2007	38	42	3.7	6.8	1.5669	0.3141	0.4637	0.3811	0.8448	1.881	2.7258
1246006PIP	2007	38	43	3.9	7.0	1.7875	0.3565	0.5054	0.436	0.9414	2.144	3.0854
1246006PIP	2007	3	45	5.7	8.1	5.2778	0.6756	0.7886	0.529	1.3176	5.9534	7.271
1246006PIP	2007	3	46	6.3	8.5	6.7135	0.8312	0.9376	0.6736	1.6112	7.5447	9.1559
1246006PIP	2007	3	49	4.1	6.9	2.3903	0.3416	0.4461	0.2387	0.6848	2.7318	3.4166
1246006PIP	2007	3	51	2.7	5.4	0.8756	0.1438	0.2167	0.087	0.3037	1.0194	1.3231
1246006PIP	2007	38	54	4.0	7.1	1.9045	0.3789	0.5268	0.4651	0.9918	2.2833	3.2751
1246006PIP	2007	3	56	6.4	8.6	6.9726	0.8587	0.9635	0.6998	1.6632	7.8313	9.4945
1246006PIP	2007	3	57	2.7	5.4	0.8756	0.1438	0.2167	0.087	0.3037	1.0194	1.3231
1246006PIP	2007	3	59	3.0	5.8	1.128	0.1789	0.26	0.1122	0.3722	1.3069	1.6791
1246006PIP	2007	3	62	4.1	6.9	2.3903	0.3416	0.4461	0.2387	0.6848	2.7318	3.4166
1246006PIP	2007	3	63	3.3	6.1	1.4185	0.2179	0.3065	0.1413	0.4478	1.6364	2.0842
1246006PIP	2007	3	65	3.0	5.8	1.128	0.1789	0.26	0.1122	0.3722	1.3069	1.6791
1246006PIP	2007	3	66	6.2	8.5	6.4602	0.8041	0.912	0.6481	1.5601	7.2643	8.8244
1246006PIP	2007	3	69	6.0	8.4	5.9705	0.7513	0.8617	0.5988	1.4605	6.7218	8.1823
1246006PIP	2007	3	71	3.1	5.9	1.2205	0.1915	0.2751	0.1215	0.3966	1.412	1.8086
1246006PIP	2007	3	72	4.4	7.1	2.8326	0.3953	0.5041	0.2831	0.7871	3.2279	4.015
1246006PIP	2007	3	74	3.9	6.7	2.1195	0.308	0.4092	0.2115	0.6207	2.4275	3.0482
1246006PIP	2007	3	76	5.0	7.6	3.8517	0.5151	0.6287	0.3855	1.0142	4.3668	5.381
1246006PIP	2007	3	77	3.2	6.0	1.3173	0.2045	0.2906	0.1312	0.4218	1.5218	1.9436
1246006PIP	2007	3	79	4.4	7.1	2.8326	0.3953	0.5041	0.2831	0.7871	3.2279	4.015
1246006PIP	2007	3	80	4.2	7.0	2.5329	0.359	0.4651	0.253	0.7181	2.8919	3.61
1246006PIP	2007	3	82	6.4	8.6	6.9726	0.8587	0.9635	0.6998	1.6632	7.8313	9.4945
1246006PIP	2007	3	83	7.5	9.2	10.2092	1.1925	1.2674	1.0264	2.2939	11.4017	13.6956
1246006PIP	2007	3	85	2.9	5.6	1.0397	0.1668	0.2452	0.1034	0.3486	1.2065	1.555
1246006PIP	2007	3	86	5.7	8.1	5.2778	0.6756	0.7886	0.529	1.3176	5.9534	7.271
1246006PIP	2007	3	89	2.7	5.4	0.8756	0.1438	0.2167	0.087	0.3037	1.0194	1.3231
1246006PIP	2007	38	91	2.8	5.7	0.78	0.1607	0.294	0.1871	0.4811	0.9407	1.4218
1246006PIP	2007	38	92	2.7	5.5	0.7122	0.1472	0.277	0.1705	0.4475	0.8594	1.3069
1246006PIP	2007	38	94	3.4	6.4	1.268	0.2563	0.4038	0.3071	0.711	1.5243	2.2353
1246006PIP	2007	3	36	6.5	8.7	7.2374	0.8867	0.9896	0.7265	1.7161	8.1241	9.8402
1246006PIP	2007	3	34	8.8	9.8	14.9929	1.6603	1.6709	1.5102	3.1811	16.6532	19.8343
1246006PIP	2007	3	31	3.3	6.1	1.4185	0.2179	0.3065	0.1413	0.4478	1.6364	2.0842
1246006PIP	2007	38	29	3.5	6.5	1.3635	0.2748	0.4234	0.3307	0.7542	1.6382	2.3924
1246006PIP	2007	3	23	4.3	7.0	2.6803	0.377	0.4844	0.2678	0.7522	3.0572	3.8094
1246006PIP	2007	3	22	4.2	7.0	2.5329	0.359	0.4651	0.253	0.7181	2.8919	3.61
1246006PIP	2007	3	20	3.8	6.6	1.9912	0.2918	0.3912	0.1987	0.5898	2.283	2.8729
1246006PIP	2007	3	19	2.5	5.2	0.7277	0.1227	0.1897	0.0723	0.2619	0.8503	1.1123
1246006PIP	2007	3	17	3.2	6.0	1.3173	0.2045	0.2906	0.1312	0.4218	1.5218	1.9436
1246006PIP	2007	3	16	2.8	5.5	0.9556	0.1551	0.2307	0.095	0.3257	1.1107	1.4364
1246006PIP	2007	3	14	6.0	8.4	5.9705	0.7513	0.8617	0.5988	1.4605	6.7218	8.1823
1246006PIP	2007	3	13	3.1	5.9	1.2205	0.1915	0.2751	0.1215	0.3966	1.412	1.8086
1246006PIP	2007	3	11	4.5	7.2	2.9898	0.4142	0.524	0.2989	0.8229	3.404	4.2269
1246006PIP	2007	3	9	5.4	7.9	4.6345	0.6041	0.7182	0.4642	1.1824	5.2386	6.421
1246006PIP	2007	38	8	4.4	7.5	2.4175	0.4765	0.6156	0.5932	1.2088	2.8939	4.1027
1246006PIP	2007	3	6	4.1	6.9	2.3903	0.3416	0.4461	0.2387	0.6848	2.7318	3.4166
1246006PIP	2007	3	3	4.8	7.5	3.4916	0.4734	0.5859	0.3493	0.9352	3.965	4.9002
1246006PIP	2007	3	2	3.6	6.4	1.7485	0.2609	0.3563	0.1743	0.5306	2.0094	2.54
1252901PIP	2007	3	101	16.5	17.7	67.9531	6.1006	4.9543	6.8938	11.8481	74.0537	85.9018
1252901PIP	2007	3	100	11.7	15.5	29.7359	2.9942	2.7343	3.0049	5.7392	32.7302	38.4693
1252901PIP	2007	3	98	12.6	16.0	35.535	3.4907	3.1081	3.594	6.702	39.0258	45.7278
1252901PIP	2007	3	97	17.0	17.8	73.0093	6.4896	5.2167	7.4093	12.626	79.4989	92.1249
1252901PIP	2007	3	95	14.4	16.8	48.9864	4.6023	3.9152	4.9619	8.8772	53.5887	62.4659
1252901PIP	2007	13	94	8.4	8.9	10.0648	1.8103	3.3432	2.345	5.6883	11.8751	17.5634
1246006PIP	2007	74	96	6.0	9.2	5.1013	1.2272	0.4845	0.733	1.2176	6.3285	7.546
1246006PIP	2007	38	97	5.0	8.0	3.3289	0.648	0.7587	0.8221	1.5809	3.9769	5.5577
1246006PIP	2007	3	99	4.3	7.0	2.6803	0.377	0.4844	0.2678	0.7522	3.0572	3.8094
1246006PIP	2007	3	100	6.0	8.4	5.9705	0.7513	0.8617	0.5988	1.4605	6.7218	8.1823
1246006PIP	2007	3	102	2.6	5.3	0.7996	0.133	0.203	0.0794	0.2824	0.9327	1.2151
1246006PIP	2007	3	103	6.1	8.4	6.2125	0.7775	0.8867	0.6231	1.5099	6.99	8.4999
1246006PIP	2007	3	105	4.6	7.3	3.152	0.4334	0.5443	0.3152	0.8595	3.5855	4.445
1246006PIP	2007	3	106	4.9	7.5	3.6691	0.494	0.6072	0.3671	0.9743	4.1631	5.1373
1246006PIP	2007	3	109	6.0	8.4	5.9705	0.7513	0.8617	0.5988	1.4605	6.7218	8.1823
1246006PIP	2007	3	112	3.3	6.1	1.4185	0.2179	0.3065	0.1413	0.4478	1.6364	2.0842
1246006PIP	2007	3	114	2.7	5.4	0.8756	0.1438	0.2167	0.087	0.3037	1.0194	1.3231
1246006PIP	2007	3	117	2.8	5.5	0.9556	0.1551	0.2307	0.095	0.3257	1.1107	1.4364
1246006PIP	2007	3	119	3.7	6.5	1.8675	0.2762	0.3736	0.1863	0.5598	2.1437	2.7035
1246006PIP	2007	3	120	3.0	5.8	1.128	0.1789	0.26	0.1122	0.3722	1.3069	1.6791
1246006PIP	2007	3	122	5.7	8.1	5.2778	0.6756	0.7886	0.529	1.3176	5.9534	7.271
1246006PIP	2007	3	123	5.2	7.8	4.2325	0.5587	0.6729	0.4238	1.0966	4.7912	5.8878
1246006PIP	2007	3	125	4.8	7.5	3.4916	0.4734	0.5859	0.3493	0.9352	3.965	4.9002
1246006PIP	2007	3	126	3.3	6.1	1.4185	0.2179	0.3065	0.1413	0.4478	1.6364	2.0842
1246006PIP	2007	3	128	4.5	7.2	2.9898	0.4142	0.524	0.2989	0.8229	3.404	4.2269
1246006PIP	2007	3	129	2.5	5.2	0.7277	0.1227	0.1897	0.0723	0.2619	0.8503	1.1123
1246006PIP	2007	3	132	2.6	5.3	0.7996	0.133	0.203	0.0794	0.2824	0.9327	1.2151
1246006PIP	2007	38	134	4.6	7.7	2.7019	0.5302	0.662	0.6645	1.3265	3.2322	4.5587
1246006PIP	2007	3	137	5.0	7.6	3.8517	0.5151	0.6287	0.3855	1.0142	4.3668	5.381
1246006PIP	2007	3	139	3.2	6.0	1.3173	0.2045	0.2906	0.1312	0.4218	1.5218	1.9436
1246006PIP	2007	38	140	5.9	8.8	5.0372	0.9649	0.9945	1.2545	2.249	6.0021	8.2511
1246006PIP	2007	3	142	4.2	7.0	2.5329	0.359	0.4651	0.253	0.7181	2.8919	3.61
1246006PIP	2007	3	143	2.9	5.6	1.0397	0.1668	0.2452	0.1034	0.3486	1.2065	1.555
1246006PIP	2007	3	145	5.2	7.8	4.2325	0.5587	0.6729	0.4238	1.0966	4.7912	5.8878
1246006PIP	2007	3	146	6.5	8.7	7.2374	0.8867	0.9896	0.7265	1.7161	8.1241	9.8402
1246006PIP	2007	3	148	3.5	6.3	1.634	0.2462	0.3393	0.1629	0.5022	1.8801	2.3824
1246006PIP	2007	3	149	3.5	6.3	1.634	0.2462	0.3393	0.1629	0.5022	1.8801	2.3824
1246006PIP	2007	3	152	4.2	7.0	2.5329	0.359	0.4651	0.253	0.7181	2.8919	3.61
1246006PIP	2007	3	154	7.8	9.4	11.2187	1.2934	1.3564	1.1284	2.4848	12.512	14.9968
1246006PIP	2007	3	155	2.9	5.6	1.0397	0.1668	0.2452	0.1034	0.3486	1.2065	1.555
1246006PIP	2007	3	157	3.8	6.6	1.9912	0.2918	0.3912	0.1987	0.5898	2.283	2.8729
1246006PIP	2007	38	159	3.4	6.4	1.268	0.2563	0.4038	0.3071	0.711	1.5243	2.2353
1246006PIP	2007	38	160	3.0	5.9	0.927	0.1897	0.3291	0.2231	0.5522	1.1167	1.6689
1246006PIP	2007	38	162	3.1	6.1	1.0063	0.2052	0.3472	0.2426	0.5898	1.2115	1.8014
1246006PIP	2007	38	163	3.3	6.3	1.1768	0.2385	0.3846	0.2846	0.6692	1.4153	2.0845
1246006PIP	2007	38	165	7.1	9.6	8.006	1.5061	1.3461	2.0126	3.3588	9.5121	12.8709
1246006PIP	2007	38	166	3.1	6.1	1.0063	0.2052	0.3472	0.2426	0.5898	1.2115	1.8014
1246006PIP	2007	38	168	3.1	6.1	1.0063	0.2052	0.3472	0.2426	0.5898	1.2115	1.8014
1246006PIP	2007	38	169	4.5	7.6	2.5573	0.5029	0.6386	0.6282	1.2669	3.0602	4.3271
1246006PIP	2007	38	172	4.3	7.4	2.2823	0.4508	0.5929	0.5594	1.1523	2.7331	3.8854
1246006PIP	2007	38	174	6.1	8.9	5.4755	1.0454	1.0502	1.366	2.4162	6.5209	8.9371
1246006PIP	2007	3	175	4.1	6.9	2.3903	0.3416	0.4461	0.2387	0.6848	2.7318	3.4166
1246006PIP	2007	3	177	3.1	5.9	1.2205	0.1915	0.2751	0.1215	0.3966	1.412	1.8086
1246006PIP	2007	3	180	4.6	7.3	3.152	0.4334	0.5443	0.3152	0.8595	3.5855	4.445
1246006PIP	2007	3	182	4.0	6.8	2.2525	0.3245	0.4275	0.2249	0.6523	2.5771	3.2294
1246006PIP	2007	3	183	2.5	5.2	0.7277	0.1227	0.1897	0.0723	0.2619	0.8503	1.1123
1246006PIP	2007	3	185	5.2	7.8	4.2325	0.5587	0.6729	0.4238	1.0966	4.7912	5.8878
1246006PIP	2007	3	186	5.8	8.2	5.5032	0.7004	0.8127	0.5517	1.3644	6.2036	7.5679
1246006PIP	2007	3	188	5.4	7.9	4.6345	0.6041	0.7182	0.4642	1.1824	5.2386	6.421
1246006PIP	2007	3	189	2.5	5.2	0.7277	0.1227	0.1897	0.0723	0.2619	0.8503	1.1123
1246006PIP	2007	3	192	4.7	7.4	3.3193	0.4532	0.5649	0.332	0.8969	3.7725	4.6694
1246006PIP	2007	38	195	3.2	6.2	1.0895	0.2215	0.3657	0.2631	0.6288	1.311	1.9398
1246006PIP	2007	38	197	3.3	6.3	1.1768	0.2385	0.3846	0.2846	0.6692	1.4153	2.0845
1246006PIP	2007	38	200	3.5	6.5	1.3635	0.2748	0.4234	0.3307	0.7542	1.6382	2.3924
1246006PIP	2007	38	202	8.3	10.2	11.8342	2.1928	1.7377	2.9986	4.7363	14.027	18.7633
1246006PIP	2007	38	203	9.2	10.6	15.3119	2.8089	2.0563	3.9001	5.9564	18.1208	24.0772
1246006PIP	2007	38	205	6.1	8.9	5.4755	1.0454	1.0502	1.366	2.4162	6.5209	8.9371
1246006PIP	2007	3	206	5.1	7.7	4.0395	0.5367	0.6506	0.4044	1.055	4.5761	5.6311
1246006PIP	2007	3	208	5.9	8.3	5.734	0.7256	0.8371	0.5749	1.412	6.4597	7.8717
1246006PIP	2007	38	209	4.8	7.9	3.0056	0.5874	0.7097	0.7408	1.4505	3.593	5.0435
1246006PIP	2007	38	211	4.4	7.5	2.4175	0.4765	0.6156	0.5932	1.2088	2.8939	4.1027
1246006PIP	2007	38	212	3.9	7.0	1.7875	0.3565	0.5054	0.436	0.9414	2.144	3.0854
1246006PIP	2007	38	215	4.7	7.8	2.8513	0.5584	0.6857	0.702	1.3877	3.4097	4.7974
1246006PIP	2007	38	217	4.0	7.1	1.9045	0.3789	0.5268	0.4651	0.9918	2.2833	3.2751
1246006PIP	2007	38	218	11.1	11.2	24.4951	4.4121	2.7951	6.2987	9.0938	28.9073	38.0011
1246006PIP	2007	38	222	8.5	10.3	12.5608	2.322	1.8067	3.1866	4.9933	14.8829	19.8761
1246006PIP	2007	3	223	4.4	7.1	2.8326	0.3953	0.5041	0.2831	0.7871	3.2279	4.015
1246006PIP	2007	3	225	3.0	5.8	1.128	0.1789	0.26	0.1122	0.3722	1.3069	1.6791
1246006PIP	2007	3	226	3.4	6.2	1.524	0.2318	0.3228	0.1518	0.4746	1.7558	2.2304
1246006PIP	2007	3	228	3.1	5.9	1.2205	0.1915	0.2751	0.1215	0.3966	1.412	1.8086
1246006PIP	2007	3	229	2.8	5.5	0.9556	0.1551	0.2307	0.095	0.3257	1.1107	1.4364
1246006PIP	2007	3	231	5.4	7.9	4.6345	0.6041	0.7182	0.4642	1.1824	5.2386	6.421
1246006PIP	2007	3	232	4.9	7.5	3.6691	0.494	0.6072	0.3671	0.9743	4.1631	5.1373
1246006PIP	2007	3	235	4.3	7.0	2.6803	0.377	0.4844	0.2678	0.7522	3.0572	3.8094
1246006PIP	2007	38	237	3.9	7.0	1.7875	0.3565	0.5054	0.436	0.9414	2.144	3.0854
1246006PIP	2007	3	238	2.7	5.4	0.8756	0.1438	0.2167	0.087	0.3037	1.0194	1.3231
1246006PIP	2007	38	240	3.5	6.5	1.3635	0.2748	0.4234	0.3307	0.7542	1.6382	2.3924
1246006PIP	2007	3	242	5.0	7.6	3.8517	0.5151	0.6287	0.3855	1.0142	4.3668	5.381
1246006PIP	2007	3	243	4.5	7.2	2.9898	0.4142	0.524	0.2989	0.8229	3.404	4.2269
1246006PIP	2007	38	245	3.8	6.9	1.675	0.3349	0.4844	0.408	0.8924	2.0099	2.9023
1246006PIP	2007	3	246	2.6	5.3	0.7996	0.133	0.203	0.0794	0.2824	0.9327	1.2151
1246006PIP	2007	3	248	3.2	6.0	1.3173	0.2045	0.2906	0.1312	0.4218	1.5218	1.9436
1246006PIP	2007	3	249	6.0	8.4	5.9705	0.7513	0.8617	0.5988	1.4605	6.7218	8.1823
1246006PIP	2007	3	251	4.7	7.4	3.3193	0.4532	0.5649	0.332	0.8969	3.7725	4.6694
1246006PIP	2007	3	252	5.0	7.6	3.8517	0.5151	0.6287	0.3855	1.0142	4.3668	5.381
1246006PIP	2007	3	255	3.2	6.0	1.3173	0.2045	0.2906	0.1312	0.4218	1.5218	1.9436
1246006PIP	2007	3	258	3.0	5.8	1.128	0.1789	0.26	0.1122	0.3722	1.3069	1.6791
1246006PIP	2007	38	260	3.0	5.9	0.927	0.1897	0.3291	0.2231	0.5522	1.1167	1.6689
1246006PIP	2007	3	263	4.2	7.0	2.5329	0.359	0.4651	0.253	0.7181	2.8919	3.61
1246006PIP	2007	38	265	6.4	9.1	6.1745	1.1734	1.136	1.5441	2.6801	7.3479	10.028
1246006PIP	2007	3	266	4.4	7.1	2.8326	0.3953	0.5041	0.2831	0.7871	3.2279	4.015
1246006PIP	2007	3	268	3.5	6.3	1.634	0.2462	0.3393	0.1629	0.5022	1.8801	2.3824
1246006PIP	2007	3	269	2.8	5.5	0.9556	0.1551	0.2307	0.095	0.3257	1.1107	1.4364
1246006PIP	2007	3	271	4.2	7.0	2.5329	0.359	0.4651	0.253	0.7181	2.8919	3.61
1246006PIP	2007	3	272	2.5	5.2	0.7277	0.1227	0.1897	0.0723	0.2619	0.8503	1.1123
1246006PIP	2007	3	275	6.9	8.9	8.3547	1.0034	1.0973	0.8392	1.9365	9.3582	11.2947
1246006PIP	2007	3	278	4.9	7.5	3.6691	0.494	0.6072	0.3671	0.9743	4.1631	5.1373
1246006PIP	2007	3	280	3.0	5.8	1.128	0.1789	0.26	0.1122	0.3722	1.3069	1.6791
1246006PIP	2007	3	283	3.1	5.9	1.2205	0.1915	0.2751	0.1215	0.3966	1.412	1.8086
1246006PIP	2007	38	285	3.5	6.5	1.3635	0.2748	0.4234	0.3307	0.7542	1.6382	2.3924
1246006PIP	2007	38	286	2.7	5.5	0.7122	0.1472	0.277	0.1705	0.4475	0.8594	1.3069
1246006PIP	2007	3	288	5.0	7.6	3.8517	0.5151	0.6287	0.3855	1.0142	4.3668	5.381
1246006PIP	2007	3	289	4.4	7.1	2.8326	0.3953	0.5041	0.2831	0.7871	3.2279	4.015
1246006PIP	2007	3	291	4.4	7.1	2.8326	0.3953	0.5041	0.2831	0.7871	3.2279	4.015
1246006PIP	2007	3	292	2.8	5.5	0.9556	0.1551	0.2307	0.095	0.3257	1.1107	1.4364
1246006PIP	2007	3	294	5.4	7.9	4.6345	0.6041	0.7182	0.4642	1.1824	5.2386	6.421
1246006PIP	2007	38	295	3.1	6.1	1.0063	0.2052	0.3472	0.2426	0.5898	1.2115	1.8014
1246006PIP	2007	3	298	3.3	6.1	1.4185	0.2179	0.3065	0.1413	0.4478	1.6364	2.0842
1246006PIP	2007	3	300	2.8	5.5	0.9556	0.1551	0.2307	0.095	0.3257	1.1107	1.4364
1246006PIP	2007	38	301	4.5	7.6	2.5573	0.5029	0.6386	0.6282	1.2669	3.0602	4.3271
1246006PIP	2007	3	303	2.9	5.6	1.0397	0.1668	0.2452	0.1034	0.3486	1.2065	1.555
1246006PIP	2007	3	305	4.3	7.0	2.6803	0.377	0.4844	0.2678	0.7522	3.0572	3.8094
1246006PIP	2007	3	306	2.9	5.6	1.0397	0.1668	0.2452	0.1034	0.3486	1.2065	1.555
1246006PIP	2007	3	308	3.0	5.8	1.128	0.1789	0.26	0.1122	0.3722	1.3069	1.6791
1246006PIP	2007	38	309	6.6	9.2	6.6688	1.2635	1.1946	1.6703	2.8649	7.9323	10.7972
1246006PIP	2007	3	311	4.6	7.3	3.152	0.4334	0.5443	0.3152	0.8595	3.5855	4.445
1246006PIP	2007	38	312	3.8	6.9	1.675	0.3349	0.4844	0.408	0.8924	2.0099	2.9023
1246006PIP	2007	38	314	3.1	6.1	1.0063	0.2052	0.3472	0.2426	0.5898	1.2115	1.8014
1246006PIP	2007	3	315	4.3	7.0	2.6803	0.377	0.4844	0.2678	0.7522	3.0572	3.8094
1246006PIP	2007	38	318	4.7	7.8	2.8513	0.5584	0.6857	0.702	1.3877	3.4097	4.7974
1246006PIP	2007	38	320	2.6	5.4	0.648	0.1344	0.2604	0.1548	0.4153	0.7824	1.1977
1246006PIP	2007	38	321	3.5	6.5	1.3635	0.2748	0.4234	0.3307	0.7542	1.6382	2.3924
1246006PIP	2007	3	323	4.0	6.8	2.2525	0.3245	0.4275	0.2249	0.6523	2.5771	3.2294
1246006PIP	2007	3	325	2.6	5.3	0.7996	0.133	0.203	0.0794	0.2824	0.9327	1.2151
1246006PIP	2007	3	326	2.5	5.2	0.7277	0.1227	0.1897	0.0723	0.2619	0.8503	1.1123
1246006PIP	2007	3	328	6.0	8.4	5.9705	0.7513	0.8617	0.5988	1.4605	6.7218	8.1823
1246006PIP	2007	3	329	3.1	5.9	1.2205	0.1915	0.2751	0.1215	0.3966	1.412	1.8086
1246006PIP	2007	3	331	2.5	5.2	0.7277	0.1227	0.1897	0.0723	0.2619	0.8503	1.1123
1246006PIP	2007	3	332	3.1	5.9	1.2205	0.1915	0.2751	0.1215	0.3966	1.412	1.8086
1246006PIP	2007	3	334	5.1	7.7	4.0395	0.5367	0.6506	0.4044	1.055	4.5761	5.6311
1246006PIP	2007	3	335	2.5	5.2	0.7277	0.1227	0.1897	0.0723	0.2619	0.8503	1.1123
1246006PIP	2007	38	338	3.7	6.8	1.5669	0.3141	0.4637	0.3811	0.8448	1.881	2.7258
1246006PIP	2007	3	341	3.9	6.7	2.1195	0.308	0.4092	0.2115	0.6207	2.4275	3.0482
1246006PIP	2007	3	343	3.8	6.6	1.9912	0.2918	0.3912	0.1987	0.5898	2.283	2.8729
1246006PIP	2007	3	346	3.6	6.4	1.7485	0.2609	0.3563	0.1743	0.5306	2.0094	2.54
1246006PIP	2007	3	348	5.3	7.9	4.4309	0.5811	0.6954	0.4437	1.1391	5.012	6.1511
1246006PIP	2007	3	349	7.4	9.2	9.885	1.1598	1.2384	0.9937	2.2321	11.0448	13.2769
1246006PIP	2007	38	351	2.8	5.7	0.78	0.1607	0.294	0.1871	0.4811	0.9407	1.4218
1246006PIP	2007	38	352	2.8	5.7	0.78	0.1607	0.294	0.1871	0.4811	0.9407	1.4218
1246006PIP	2007	38	354	6.1	8.9	5.4755	1.0454	1.0502	1.366	2.4162	6.5209	8.9371
1246006PIP	2007	38	355	3.9	7.0	1.7875	0.3565	0.5054	0.436	0.9414	2.144	3.0854
1246006PIP	2007	3	357	3.6	6.4	1.7485	0.2609	0.3563	0.1743	0.5306	2.0094	2.54
1246006PIP	2007	3	358	4.6	7.3	3.152	0.4334	0.5443	0.3152	0.8595	3.5855	4.445
1246006PIP	2007	3	361	3.1	5.9	1.2205	0.1915	0.2751	0.1215	0.3966	1.412	1.8086
1246006PIP	2007	38	363	4.8	7.9	3.0056	0.5874	0.7097	0.7408	1.4505	3.593	5.0435
1246006PIP	2007	3	366	2.9	5.6	1.0397	0.1668	0.2452	0.1034	0.3486	1.2065	1.555
1246006PIP	2007	3	368	4.6	7.3	3.152	0.4334	0.5443	0.3152	0.8595	3.5855	4.445
1246006PIP	2007	3	369	4.5	7.2	2.9898	0.4142	0.524	0.2989	0.8229	3.404	4.2269
1246006PIP	2007	3	371	2.5	5.2	0.7277	0.1227	0.1897	0.0723	0.2619	0.8503	1.1123
1246006PIP	2007	3	372	4.0	6.8	2.2525	0.3245	0.4275	0.2249	0.6523	2.5771	3.2294
1246006PIP	2007	3	374	5.1	7.7	4.0395	0.5367	0.6506	0.4044	1.055	4.5761	5.6311
1246006PIP	2007	38	375	3.8	6.9	1.675	0.3349	0.4844	0.408	0.8924	2.0099	2.9023
1246006PIP	2007	3	377	4.3	7.0	2.6803	0.377	0.4844	0.2678	0.7522	3.0572	3.8094
1246006PIP	2007	3	378	3.8	6.6	1.9912	0.2918	0.3912	0.1987	0.5898	2.283	2.8729
1246006PIP	2007	3	381	4.6	7.3	3.152	0.4334	0.5443	0.3152	0.8595	3.5855	4.445
1246006PIP	2007	38	383	4.0	7.1	1.9045	0.3789	0.5268	0.4651	0.9918	2.2833	3.2751
1246006PIP	2007	38	384	3.1	6.1	1.0063	0.2052	0.3472	0.2426	0.5898	1.2115	1.8014
1246006PIP	2007	3	386	3.4	6.2	1.524	0.2318	0.3228	0.1518	0.4746	1.7558	2.2304
1246006PIP	2007	3	388	6.2	8.5	6.4602	0.8041	0.912	0.6481	1.5601	7.2643	8.8244
1246006PIP	2007	38	389	4.8	7.9	3.0056	0.5874	0.7097	0.7408	1.4505	3.593	5.0435
1246006PIP	2007	3	391	2.9	5.6	1.0397	0.1668	0.2452	0.1034	0.3486	1.2065	1.555
1246006PIP	2007	3	392	5.1	7.7	4.0395	0.5367	0.6506	0.4044	1.055	4.5761	5.6311
1246006PIP	2007	38	394	2.6	5.4	0.648	0.1344	0.2604	0.1548	0.4153	0.7824	1.1977
1246006PIP	2007	38	395	2.7	5.5	0.7122	0.1472	0.277	0.1705	0.4475	0.8594	1.3069
1246006PIP	2007	3	397	4.1	6.9	2.3903	0.3416	0.4461	0.2387	0.6848	2.7318	3.4166
1246006PIP	2007	3	398	4.3	7.0	2.6803	0.377	0.4844	0.2678	0.7522	3.0572	3.8094
1246006PIP	2007	3	401	3.4	6.2	1.524	0.2318	0.3228	0.1518	0.4746	1.7558	2.2304
1246006PIP	2007	3	403	4.4	7.1	2.8326	0.3953	0.5041	0.2831	0.7871	3.2279	4.015
1246006PIP	2007	3	404	2.8	5.5	0.9556	0.1551	0.2307	0.095	0.3257	1.1107	1.4364
1246006PIP	2007	3	406	4.2	7.0	2.5329	0.359	0.4651	0.253	0.7181	2.8919	3.61
1246006PIP	2007	3	408	3.3	6.1	1.4185	0.2179	0.3065	0.1413	0.4478	1.6364	2.0842
1246006PIP	2007	3	409	3.5	6.3	1.634	0.2462	0.3393	0.1629	0.5022	1.8801	2.3824
1246006PIP	2007	3	411	5.0	7.6	3.8517	0.5151	0.6287	0.3855	1.0142	4.3668	5.381
1246006PIP	2007	3	412	4.8	7.5	3.4916	0.4734	0.5859	0.3493	0.9352	3.965	4.9002
1246006PIP	2007	3	414	5.3	7.9	4.4309	0.5811	0.6954	0.4437	1.1391	5.012	6.1511
1246006PIP	2007	3	415	5.4	7.9	4.6345	0.6041	0.7182	0.4642	1.1824	5.2386	6.421
1246006PIP	2007	3	417	6.3	8.5	6.7135	0.8312	0.9376	0.6736	1.6112	7.5447	9.1559
1246006PIP	2007	3	418	4.3	7.0	2.6803	0.377	0.4844	0.2678	0.7522	3.0572	3.8094
1246006PIP	2007	38	421	2.7	5.5	0.7122	0.1472	0.277	0.1705	0.4475	0.8594	1.3069
1246006PIP	2007	3	424	4.5	7.2	2.9898	0.4142	0.524	0.2989	0.8229	3.404	4.2269
1246006PIP	2007	38	426	3.5	6.5	1.3635	0.2748	0.4234	0.3307	0.7542	1.6382	2.3924
1246006PIP	2007	3	429	6.6	8.7	7.508	0.9152	1.0161	0.7538	1.7699	8.4232	10.193
1246006PIP	2007	3	431	2.7	5.4	0.8756	0.1438	0.2167	0.087	0.3037	1.0194	1.3231
1246006PIP	2007	38	432	2.9	5.8	0.8516	0.1748	0.3114	0.2046	0.516	1.0264	1.5424
1246006PIP	2007	38	434	2.6	5.4	0.648	0.1344	0.2604	0.1548	0.4153	0.7824	1.1977
1246006PIP	2007	3	435	4.6	7.3	3.152	0.4334	0.5443	0.3152	0.8595	3.5855	4.445
1246006PIP	2007	3	437	2.6	5.3	0.7996	0.133	0.203	0.0794	0.2824	0.9327	1.2151
1246006PIP	2007	38	438	3.4	6.4	1.268	0.2563	0.4038	0.3071	0.711	1.5243	2.2353
1246006PIP	2007	3	440	3.3	6.1	1.4185	0.2179	0.3065	0.1413	0.4478	1.6364	2.0842
1246006PIP	2007	38	441	7.0	9.5	7.7268	1.4556	1.3153	1.9411	3.2563	9.1824	12.4387
1246006PIP	2007	3	444	4.8	7.5	3.4916	0.4734	0.5859	0.3493	0.9352	3.965	4.9002
1246006PIP	2007	3	446	6.2	8.5	6.4602	0.8041	0.912	0.6481	1.5601	7.2643	8.8244
1246006PIP	2007	3	449	3.3	6.1	1.4185	0.2179	0.3065	0.1413	0.4478	1.6364	2.0842
1246006PIP	2007	38	451	4.4	7.5	2.4175	0.4765	0.6156	0.5932	1.2088	2.8939	4.1027
1246006PIP	2007	3	452	3.7	6.5	1.8675	0.2762	0.3736	0.1863	0.5598	2.1437	2.7035
1246006PIP	2007	3	454	4.3	7.0	2.6803	0.377	0.4844	0.2678	0.7522	3.0572	3.8094
1246006PIP	2007	38	455	4.0	7.1	1.9045	0.3789	0.5268	0.4651	0.9918	2.2833	3.2751
1246006PIP	2007	3	457	3.1	5.9	1.2205	0.1915	0.2751	0.1215	0.3966	1.412	1.8086
1246006PIP	2007	3	458	3.2	6.0	1.3173	0.2045	0.2906	0.1312	0.4218	1.5218	1.9436
1246006PIP	2007	38	460	3.5	6.5	1.3635	0.2748	0.4234	0.3307	0.7542	1.6382	2.3924
1246006PIP	2007	38	461	2.8	5.7	0.78	0.1607	0.294	0.1871	0.4811	0.9407	1.4218
1246006PIP	2007	3	464	3.1	5.9	1.2205	0.1915	0.2751	0.1215	0.3966	1.412	1.8086
1246006PIP	2007	13	466	3.7	4.2	1.2805	0.2878	1.0485	0.4247	1.4732	1.5683	3.0415
1246006PIP	2007	3	467	2.8	5.5	0.9556	0.1551	0.2307	0.095	0.3257	1.1107	1.4364
1246006PIP	2007	3	469	6.4	8.6	6.9726	0.8587	0.9635	0.6998	1.6632	7.8313	9.4945
1246006PIP	2007	3	471	2.8	5.5	0.9556	0.1551	0.2307	0.095	0.3257	1.1107	1.4364
1246006PIP	2007	3	472	2.6	5.3	0.7996	0.133	0.203	0.0794	0.2824	0.9327	1.2151
1246006PIP	2007	38	474	4.4	7.5	2.4175	0.4765	0.6156	0.5932	1.2088	2.8939	4.1027
1246006PIP	2007	3	475	5.7	8.1	5.2778	0.6756	0.7886	0.529	1.3176	5.9534	7.271
1246006PIP	2007	3	477	4.3	7.0	2.6803	0.377	0.4844	0.2678	0.7522	3.0572	3.8094
1246006PIP	2007	38	478	3.6	6.6	1.463	0.294	0.4434	0.3554	0.7988	1.7571	2.5559
1246006PIP	2007	3	480	3.7	6.5	1.8675	0.2762	0.3736	0.1863	0.5598	2.1437	2.7035
1246006PIP	2007	38	481	3.4	6.4	1.268	0.2563	0.4038	0.3071	0.711	1.5243	2.2353
1246006PIP	2007	3	484	3.6	6.4	1.7485	0.2609	0.3563	0.1743	0.5306	2.0094	2.54
1246006PIP	2007	38	486	5.1	8.1	3.498	0.6796	0.7837	0.8648	1.6485	4.1776	5.8261
1246006PIP	2007	38	487	3.4	6.4	1.268	0.2563	0.4038	0.3071	0.711	1.5243	2.2353
1246006PIP	2007	38	489	3.5	6.5	1.3635	0.2748	0.4234	0.3307	0.7542	1.6382	2.3924
1246006PIP	2007	38	492	5.4	8.4	4.0359	0.7798	0.8605	1.0006	1.8611	4.8157	6.6768
1218606PIP	2007	38	1	2.7	5.2	0.7122	0.1472	0.277	0.1705	0.4475	0.8594	1.3069
1218606PIP	2007	38	2	4.3	7.2	2.2823	0.4508	0.5929	0.5594	1.1523	2.7331	3.8854
1218606PIP	2007	74	4	29.2	27.0	256.1993	54.2944	6.3944	39.6193	46.0137	310.4937	356.5073
1218606PIP	2007	74	7	37.2	27.8	466.4973	96.9622	9.4897	72.9553	82.445	563.4595	645.9046
1218606PIP	2007	74	9	37.1	27.8	463.3998	96.3392	9.4482	72.4618	81.91	559.7389	641.6489
1218606PIP	2007	38	12	4.2	7.1	2.1518	0.426	0.5705	0.5268	1.0973	2.5778	3.6751
1218606PIP	2007	38	13	2.7	5.2	0.7122	0.1472	0.277	0.1705	0.4475	0.8594	1.3069
1218606PIP	2007	20	22	5.6	6.2	3.353	0.6573	1.4907	0.5571	2.0478	4.0103	6.0581
1218606PIP	2007	38	24	3.5	6.2	1.3635	0.2748	0.4234	0.3307	0.7542	1.6382	2.3924
1218606PIP	2007	38	27	5.2	8.2	3.6722	0.7121	0.809	0.9087	1.7177	4.3843	6.102
1218606PIP	2007	38	29	4.6	7.6	2.7019	0.5302	0.662	0.6645	1.3265	3.2322	4.5587
1218606PIP	2007	38	30	2.5	4.9	0.5874	0.1223	0.2443	0.1401	0.3843	0.7097	1.0941
1204801PIP	2007	3	2	10.8	9.5	24.5307	2.537	2.3809	2.4766	4.8575	27.0677	31.9252
1204801PIP	2007	13	3	2.5	3.0	0.4778	0.1195	0.6022	0.1876	0.7899	0.5972	1.3871
1204801PIP	2007	13	5	5.0	5.2	2.7303	0.5655	1.6051	0.7955	2.4006	3.2958	5.6964
1204801PIP	2007	3	6	10.4	9.4	22.403	2.3463	2.2305	2.2608	4.4913	24.7493	29.2406
1204801PIP	2007	13	12	2.7	3.2	0.5798	0.142	0.6715	0.2203	0.8918	0.7218	1.6135
1204801PIP	2007	13	14	4.6	4.8	2.2139	0.469	1.4266	0.6686	2.0952	2.6829	4.7781
1204801PIP	2007	3	17	5.9	7.4	5.734	0.7256	0.8371	0.5749	1.412	6.4597	7.8717
1204801PIP	2007	13	19	4.4	4.7	1.9797	0.4245	1.3397	0.6094	1.9491	2.4043	4.3534
1204801PIP	2007	13	20	5.0	5.2	2.7303	0.5655	1.6051	0.7955	2.4006	3.2958	5.6964
1204801PIP	2007	13	22	5.0	5.2	2.7303	0.5655	1.6051	0.7955	2.4006	3.2958	5.6964
1204801PIP	2007	3	23	11.8	9.7	30.3506	3.0474	2.7748	3.0673	5.8421	33.3981	39.2402
1204801PIP	2007	13	25	4.7	4.9	2.3369	0.4922	1.4706	0.6992	2.1699	2.8291	4.999
1204801PIP	2007	3	26	9.6	9.1	18.4814	1.988	1.9422	1.8634	3.8056	20.4694	24.275
1204801PIP	2007	13	28	4.4	4.7	1.9797	0.4245	1.3397	0.6094	1.9491	2.4043	4.3534
1204801PIP	2007	13	32	3.2	3.6	0.8888	0.2078	0.8539	0.3139	1.1677	1.0967	2.2644
1204801PIP	2007	13	34	3.3	3.7	0.9603	0.2227	0.8918	0.3346	1.2265	1.183	2.4095
1204801PIP	2007	3	39	8.3	8.6	13.026	1.4709	1.5102	1.3112	2.8214	14.4969	17.3183
1204801PIP	2007	13	40	5.3	5.5	3.1612	0.6444	1.743	0.8982	2.6412	3.8056	6.4468
1204801PIP	2007	3	42	5.5	7.1	4.8435	0.6275	0.7414	0.4853	1.2266	5.471	6.6976
1204801PIP	2007	13	43	6.6	6.6	5.4881	1.054	2.377	1.4187	3.7958	6.5422	10.3379
1204801PIP	2007	13	45	7.5	7.3	7.5689	1.404	2.8481	1.8518	4.6999	8.9729	13.6728
1204801PIP	2007	3	46	6.3	7.6	6.7135	0.8312	0.9376	0.6736	1.6112	7.5447	9.1559
1204801PIP	2007	13	48	4.5	4.8	2.0948	0.4465	1.3829	0.6387	2.0216	2.5413	4.5629
1204801PIP	2007	13	49	4.6	4.8	2.2139	0.469	1.4266	0.6686	2.0952	2.6829	4.7781
1204801PIP	2007	13	52	9.6	9.1	14.0811	2.4425	4.0382	3.0974	7.1356	16.5235	23.6591
1204801PIP	2007	13	55	7.2	7.1	6.8305	1.2812	2.6883	1.7007	4.3891	8.1117	12.5007
1204801PIP	2007	13	57	3.8	4.1	1.3693	0.3056	1.0888	0.449	1.5378	1.6749	3.2127
1204801PIP	2007	13	59	3.9	4.2	1.4617	0.3239	1.1295	0.474	1.6035	1.7856	3.3891
1204801PIP	2007	13	60	5.7	5.8	3.7959	0.7587	1.9319	1.0452	2.9772	4.5546	7.5317
1204801PIP	2007	13	62	5.0	5.2	2.7303	0.5655	1.6051	0.7955	2.4006	3.2958	5.6964
1204801PIP	2007	13	63	5.5	5.6	3.4698	0.7002	1.8368	0.9703	2.807	4.1701	6.9771
1204801PIP	2007	13	66	4.1	4.4	1.6576	0.3623	1.2123	0.526	1.7384	2.02	3.7583
1204801PIP	2007	13	68	3.4	3.8	1.0352	0.2381	0.9303	0.3561	1.2864	1.2733	2.5597
1204801PIP	2007	13	72	4.5	4.8	2.0948	0.4465	1.3829	0.6387	2.0216	2.5413	4.5629
1204801PIP	2007	13	74	4.5	4.8	2.0948	0.4465	1.3829	0.6387	2.0216	2.5413	4.5629
1204801PIP	2007	13	75	5.2	5.4	3.0134	0.6175	1.6967	0.8632	2.5599	3.6308	6.1907
1204801PIP	2007	13	77	3.0	3.5	0.7557	0.1798	0.7794	0.2744	1.0537	0.9355	1.9892
1204801PIP	2007	13	79	4.8	5.0	2.464	0.516	1.5151	0.7306	2.2457	2.98	5.2257
1204801PIP	2007	13	80	3.1	3.5	0.8206	0.1935	0.8164	0.2938	1.1101	1.0142	2.1243
1204801PIP	2007	13	82	5.3	5.5	3.1612	0.6444	1.743	0.8982	2.6412	3.8056	6.4468
1204801PIP	2007	13	83	5.1	5.3	2.8698	0.5912	1.6507	0.829	2.4797	3.4609	5.9406
1204801PIP	2007	13	86	5.0	5.2	2.7303	0.5655	1.6051	0.7955	2.4006	3.2958	5.6964
1204801PIP	2007	74	88	8.0	9.5	10.3969	2.4441	0.7745	1.5141	2.2886	12.841	15.1296
1204801PIP	2007	13	89	4.1	4.4	1.6576	0.3623	1.2123	0.526	1.7384	2.02	3.7583
1204801PIP	2007	13	92	5.0	5.2	2.7303	0.5655	1.6051	0.7955	2.4006	3.2958	5.6964
1204801PIP	2007	13	95	4.1	4.4	1.6576	0.3623	1.2123	0.526	1.7384	2.02	3.7583
1204801PIP	2007	13	97	3.2	3.6	0.8888	0.2078	0.8539	0.3139	1.1677	1.0967	2.2644
1204801PIP	2007	3	100	4.0	6.0	2.2525	0.3245	0.4275	0.2249	0.6523	2.5771	3.2294
1204801PIP	2007	13	102	5.7	5.8	3.7959	0.7587	1.9319	1.0452	2.9772	4.5546	7.5317
1204801PIP	2007	13	103	3.1	3.5	0.8206	0.1935	0.8164	0.2938	1.1101	1.0142	2.1243
1204801PIP	2007	13	105	3.3	3.7	0.9603	0.2227	0.8918	0.3346	1.2265	1.183	2.4095
1204801PIP	2007	3	106	8.5	8.7	13.7934	1.5452	1.5737	1.3888	2.9625	15.3387	18.3011
1204801PIP	2007	13	108	4.2	4.5	1.7612	0.3825	1.2543	0.5531	1.8075	2.1436	3.9511
1204801PIP	2007	13	111	7.7	7.5	8.0868	1.4894	2.9561	1.9562	4.9123	9.5762	14.4884
1204801PIP	2007	13	112	4.1	4.4	1.6576	0.3623	1.2123	0.526	1.7384	2.02	3.7583
1204801PIP	2007	13	115	4.2	4.5	1.7612	0.3825	1.2543	0.5531	1.8075	2.1436	3.9511
1204801PIP	2007	13	117	3.9	4.2	1.4617	0.3239	1.1295	0.474	1.6035	1.7856	3.3891
1204801PIP	2007	3	120	4.5	6.4	2.9898	0.4142	0.524	0.2989	0.8229	3.404	4.2269
1204801PIP	2007	13	122	3.7	4.1	1.2805	0.2878	1.0485	0.4247	1.4732	1.5683	3.0415
1204801PIP	2007	3	123	7.8	8.4	11.2187	1.2934	1.3564	1.1284	2.4848	12.512	14.9968
1204801PIP	2007	3	125	5.5	7.1	4.8435	0.6275	0.7414	0.4853	1.2266	5.471	6.6976
1204801PIP	2007	3	126	5.0	6.8	3.8517	0.5151	0.6287	0.3855	1.0142	4.3668	5.381
1204801PIP	2007	13	128	3.1	3.5	0.8206	0.1935	0.8164	0.2938	1.1101	1.0142	2.1243
1204801PIP	2007	13	129	4.2	4.5	1.7612	0.3825	1.2543	0.5531	1.8075	2.1436	3.9511
1204801PIP	2007	13	131	3.5	3.9	1.1135	0.2541	0.9692	0.3783	1.3475	1.3676	2.7151
1204801PIP	2007	13	132	5.5	5.6	3.4698	0.7002	1.8368	0.9703	2.807	4.1701	6.9771
1204801PIP	2007	3	135	3.7	5.8	1.8675	0.2762	0.3736	0.1863	0.5598	2.1437	2.7035
1204801PIP	2007	13	138	7.5	7.3	7.5689	1.404	2.8481	1.8518	4.6999	8.9729	13.6728
1204801PIP	2007	13	140	2.9	3.4	0.6939	0.1666	0.7429	0.2556	0.9985	0.8606	1.8591
1204801PIP	2007	13	142	3.0	3.5	0.7557	0.1798	0.7794	0.2744	1.0537	0.9355	1.9892
1204801PIP	2007	13	143	6.5	6.5	5.2814	1.0185	2.3263	1.3743	3.7006	6.3	10.0005
1204801PIP	2007	13	145	4.5	4.8	2.0948	0.4465	1.3829	0.6387	2.0216	2.5413	4.5629
1204801PIP	2007	3	146	8.9	8.8	15.4058	1.6996	1.7039	1.552	3.2559	17.1054	20.3612
1204801PIP	2007	13	148	4.5	4.8	2.0948	0.4465	1.3829	0.6387	2.0216	2.5413	4.5629
1204801PIP	2007	13	151	2.8	3.3	0.6353	0.154	0.7069	0.2376	0.9445	0.7893	1.7339
1204801PIP	2007	13	152	3.0	3.5	0.7557	0.1798	0.7794	0.2744	1.0537	0.9355	1.9892
1204801PIP	2007	13	155	4.2	4.5	1.7612	0.3825	1.2543	0.5531	1.8075	2.1436	3.9511
1204801PIP	2007	13	157	7.8	7.6	8.3535	1.5331	3.0106	2.0095	5.02	9.8866	14.9066
1204801PIP	2007	13	158	7.5	7.3	7.5689	1.404	2.8481	1.8518	4.6999	8.9729	13.6728
1204801PIP	2007	13	160	4.9	5.1	2.5951	0.5404	1.5599	0.7627	2.3226	3.1355	5.4581
1204801PIP	2007	13	163	5.8	5.9	3.9656	0.7888	1.98	1.0838	3.0638	4.7544	7.8183
1204801PIP	2007	13	165	5.0	5.2	2.7303	0.5655	1.6051	0.7955	2.4006	3.2958	5.6964
1204801PIP	2007	13	166	2.7	3.2	0.5798	0.142	0.6715	0.2203	0.8918	0.7218	1.6135
1204801PIP	2007	3	168	9.0	8.9	15.8252	1.7393	1.7371	1.5944	3.3315	17.5646	20.8961
1204801PIP	2007	13	172	4.4	4.7	1.9797	0.4245	1.3397	0.6094	1.9491	2.4043	4.3534
1204801PIP	2007	13	175	4.8	5.0	2.464	0.516	1.5151	0.7306	2.2457	2.98	5.2257
1204801PIP	2007	13	178	4.9	5.1	2.5951	0.5404	1.5599	0.7627	2.3226	3.1355	5.4581
1204801PIP	2007	13	180	4.4	4.7	1.9797	0.4245	1.3397	0.6094	1.9491	2.4043	4.3534
1204801PIP	2007	13	183	5.2	5.4	3.0134	0.6175	1.6967	0.8632	2.5599	3.6308	6.1907
1204801PIP	2007	13	185	4.3	4.6	1.8685	0.4032	1.2968	0.5809	1.8777	2.2717	4.1494
1204801PIP	2007	3	186	6.1	7.5	6.2125	0.7775	0.8867	0.6231	1.5099	6.99	8.4999
1204801PIP	2007	13	189	3.7	4.1	1.2805	0.2878	1.0485	0.4247	1.4732	1.5683	3.0415
1204801PIP	2007	13	191	4.2	4.5	1.7612	0.3825	1.2543	0.5531	1.8075	2.1436	3.9511
1204801PIP	2007	13	192	5.6	5.7	3.6307	0.7291	1.8842	1.0074	2.8915	4.3598	7.2513
1204801PIP	2007	13	194	3.9	4.2	1.4617	0.3239	1.1295	0.474	1.6035	1.7856	3.3891
1204801PIP	2007	13	195	5.2	5.4	3.0134	0.6175	1.6967	0.8632	2.5599	3.6308	6.1907
1204801PIP	2007	13	198	2.6	3.1	0.5273	0.1304	0.6366	0.2036	0.8402	0.6577	1.4979
1204801PIP	2007	3	200	6.8	7.9	8.0666	0.9736	1.0699	0.8101	1.8801	9.0402	10.9202
1204801PIP	2007	3	201	8.4	8.6	13.4065	1.5078	1.5418	1.3497	2.8915	14.9143	17.8058
1204801PIP	2007	3	203	7.8	8.4	11.2187	1.2934	1.3564	1.1284	2.4848	12.512	14.9968
1204801PIP	2007	13	205	7.9	7.7	8.6254	1.5775	3.0653	2.0635	5.1288	10.203	15.3318
1204801PIP	2007	13	206	2.8	3.3	0.6353	0.154	0.7069	0.2376	0.9445	0.7893	1.7339
1204801PIP	2007	13	208	4.2	4.5	1.7612	0.3825	1.2543	0.5531	1.8075	2.1436	3.9511
1204801PIP	2007	13	209	3.1	3.5	0.8206	0.1935	0.8164	0.2938	1.1101	1.0142	2.1243
1204801PIP	2007	13	211	4.7	4.9	2.3369	0.4922	1.4706	0.6992	2.1699	2.8291	4.999
1204801PIP	2007	13	212	5.7	5.8	3.7959	0.7587	1.9319	1.0452	2.9772	4.5546	7.5317
1204801PIP	2007	13	214	2.6	3.1	0.5273	0.1304	0.6366	0.2036	0.8402	0.6577	1.4979
1204801PIP	2007	13	215	7.0	6.9	6.3634	1.2027	2.5833	1.6038	4.1871	7.5661	11.7532
1204801PIP	2007	13	218	3.7	4.1	1.2805	0.2878	1.0485	0.4247	1.4732	1.5683	3.0415
1204801PIP	2007	3	220	4.5	6.4	2.9898	0.4142	0.524	0.2989	0.8229	3.404	4.2269
1204801PIP	2007	3	221	5.3	7.0	4.4309	0.5811	0.6954	0.4437	1.1391	5.012	6.1511
1204801PIP	2007	13	223	3.9	4.2	1.4617	0.3239	1.1295	0.474	1.6035	1.7856	3.3891
1204801PIP	2007	13	225	2.9	3.4	0.6939	0.1666	0.7429	0.2556	0.9985	0.8606	1.8591
1204801PIP	2007	13	228	3.2	3.6	0.8888	0.2078	0.8539	0.3139	1.1677	1.0967	2.2644
1204801PIP	2007	13	229	4.2	4.5	1.7612	0.3825	1.2543	0.5531	1.8075	2.1436	3.9511
1204801PIP	2007	13	231	3.4	3.8	1.0352	0.2381	0.9303	0.3561	1.2864	1.2733	2.5597
1204801PIP	2007	13	232	3.2	3.6	0.8888	0.2078	0.8539	0.3139	1.1677	1.0967	2.2644
1204801PIP	2007	13	234	3.7	4.1	1.2805	0.2878	1.0485	0.4247	1.4732	1.5683	3.0415
1204801PIP	2007	13	235	2.8	3.3	0.6353	0.154	0.7069	0.2376	0.9445	0.7893	1.7339
1204801PIP	2007	13	238	3.0	3.5	0.7557	0.1798	0.7794	0.2744	1.0537	0.9355	1.9892
1204801PIP	2007	13	241	4.5	4.8	2.0948	0.4465	1.3829	0.6387	2.0216	2.5413	4.5629
1204801PIP	2007	13	243	2.5	3.0	0.4778	0.1195	0.6022	0.1876	0.7899	0.5972	1.3871
1204801PIP	2007	13	246	2.8	3.3	0.6353	0.154	0.7069	0.2376	0.9445	0.7893	1.7339
1204801PIP	2007	13	248	4.1	4.4	1.6576	0.3623	1.2123	0.526	1.7384	2.02	3.7583
1204801PIP	2007	13	249	3.0	3.5	0.7557	0.1798	0.7794	0.2744	1.0537	0.9355	1.9892
1204801PIP	2007	13	251	9.3	8.8	13.0006	2.2746	3.8608	2.8991	6.76	15.2752	22.0351
1204801PIP	2007	13	252	4.8	5.0	2.464	0.516	1.5151	0.7306	2.2457	2.98	5.2257
1204801PIP	2007	13	254	2.6	3.1	0.5273	0.1304	0.6366	0.2036	0.8402	0.6577	1.4979
1204801PIP	2007	13	255	4.0	4.3	1.5578	0.3428	1.1707	0.4997	1.6704	1.9006	3.571
1204801PIP	2007	13	257	3.3	3.7	0.9603	0.2227	0.8918	0.3346	1.2265	1.183	2.4095
1204801PIP	2007	13	258	6.9	6.8	6.1372	1.1645	2.5313	1.5564	4.0877	7.3017	11.3894
1204801PIP	2007	13	261	5.8	5.9	3.9656	0.7888	1.98	1.0838	3.0638	4.7544	7.8183
1204801PIP	2007	13	263	4.7	4.9	2.3369	0.4922	1.4706	0.6992	2.1699	2.8291	4.999
1204801PIP	2007	13	266	3.4	3.8	1.0352	0.2381	0.9303	0.3561	1.2864	1.2733	2.5597
1204801PIP	2007	13	268	4.0	4.3	1.5578	0.3428	1.1707	0.4997	1.6704	1.9006	3.571
1204801PIP	2007	13	269	5.5	5.6	3.4698	0.7002	1.8368	0.9703	2.807	4.1701	6.9771
1204801PIP	2007	13	271	6.5	6.5	5.2814	1.0185	2.3263	1.3743	3.7006	6.3	10.0005
1204801PIP	2007	13	272	5.0	5.2	2.7303	0.5655	1.6051	0.7955	2.4006	3.2958	5.6964
1204801PIP	2007	13	274	4.8	5.0	2.464	0.516	1.5151	0.7306	2.2457	2.98	5.2257
1204801PIP	2007	13	275	5.6	5.7	3.6307	0.7291	1.8842	1.0074	2.8915	4.3598	7.2513
1204801PIP	2007	3	277	8.9	8.8	15.4058	1.6996	1.7039	1.552	3.2559	17.1054	20.3612
1204801PIP	2007	13	278	7.4	7.3	7.3177	1.3624	2.7945	1.8007	4.5952	8.6801	13.2753
1204801PIP	2007	3	281	6.8	7.9	8.0666	0.9736	1.0699	0.8101	1.8801	9.0402	10.9202
1252926PIP	2008	20	2	5.5	3.9	3.2109	0.63	1.4465	0.5322	1.9787	3.841	5.8197
1252926PIP	2008	13	4	2.7	3.3	0.5798	0.142	0.6715	0.2203	0.8918	0.7218	1.6135
1252936PIP	2008	13	2	4.4	5.1	1.9797	0.4245	1.3397	0.6094	1.9491	2.4043	4.3534
1252936PIP	2008	13	3	4.1	4.8	1.6576	0.3623	1.2123	0.526	1.7384	2.02	3.7583
1252936PIP	2008	13	5	19.5	17.3	83.6697	11.9704	11.0015	13.5628	24.5643	95.6402	120.2045
1252936PIP	2008	13	6	19.2	17.2	80.4704	11.5613	10.7629	13.1316	23.8945	92.0317	115.9262
1252936PIP	2008	13	8	17.7	16.2	65.5838	9.6332	9.5933	11.084	20.6772	75.217	95.8943
1252936PIP	2008	13	9	7.3	7.9	7.0716	1.3214	2.7413	1.7503	4.4916	8.393	12.8846
1252936PIP	2008	13	12	4.5	5.2	2.0948	0.4465	1.3829	0.6387	2.0216	2.5413	4.5629
1252936PIP	2008	13	14	13.3	13.1	31.9645	5.0743	6.4035	6.11	12.5135	37.0388	49.5524
1252936PIP	2008	13	15	4.5	5.2	2.0948	0.4465	1.3829	0.6387	2.0216	2.5413	4.5629
1252936PIP	2008	13	17	9.1	9.6	12.3089	2.1663	3.7439	2.7707	6.5147	14.4752	20.9899
1252936PIP	2008	13	19	5.1	5.8	2.8698	0.5912	1.6507	0.829	2.4797	3.4609	5.9406
1252936PIP	2008	13	20	16.8	15.6	57.518	8.5691	8.9107	9.9418	18.8525	66.0871	84.9397
1252936PIP	2008	13	23	18.4	16.7	72.3029	10.5088	10.1342	12.0171	22.1513	82.8117	104.9629
1252936PIP	2008	13	25	12.6	12.6	27.901	4.4948	5.9321	5.4589	11.3911	32.3958	43.7869
1252936PIP	2008	13	28	3.0	3.7	0.7557	0.1798	0.7794	0.2744	1.0537	0.9355	1.9892
1252936PIP	2008	13	29	4.3	5.0	1.8685	0.4032	1.2968	0.5809	1.8777	2.2717	4.1494
1252936PIP	2008	13	32	10.2	10.5	16.4001	2.7982	4.3997	3.5145	7.9142	19.1983	27.1125
1252936PIP	2008	13	35	5.2	5.9	3.0134	0.6175	1.6967	0.8632	2.5599	3.6308	6.1907
1252936PIP	2008	13	37	6.1	6.8	4.5018	0.8833	2.1264	1.2039	3.3303	5.3851	8.7154
1252936PIP	2008	13	40	13.4	13.2	32.5723	5.1603	6.4717	6.2061	12.6778	37.7326	50.4105
1252936PIP	2008	13	42	3.6	4.3	1.1952	0.2707	1.0086	0.4012	1.4098	1.4659	2.8757
1252936PIP	2008	13	43	2.6	3.4	0.5273	0.1304	0.6366	0.2036	0.8402	0.6577	1.4979
1252936PIP	2008	13	45	3.2	3.9	0.8888	0.2078	0.8539	0.3139	1.1677	1.0967	2.2644
1252936PIP	2008	13	46	15.6	14.8	47.7385	7.2569	8.024	8.5192	16.5432	54.9954	71.5386
1252936PIP	2008	13	48	9.9	10.3	15.214	2.617	4.2178	3.3025	7.5203	17.8309	25.3513
1252936PIP	2008	13	49	14.5	14.0	39.7201	6.1592	7.2357	7.3151	14.5508	45.8793	60.4301
1252936PIP	2008	13	51	10.9	11.2	19.3792	3.2474	4.8327	4.0359	8.8686	22.6265	31.4951
1252936PIP	2008	13	52	2.5	3.3	0.4778	0.1195	0.6022	0.1876	0.7899	0.5972	1.3871
1252936PIP	2008	13	55	9.5	9.9	13.7151	2.3858	3.9788	3.0306	7.0094	16.1009	23.1103
1252936PIP	2008	13	57	6.4	7.0	5.0795	0.9837	2.2758	1.3306	3.6064	6.0632	9.6696
1252936PIP	2008	13	60	13.4	13.2	32.5723	5.1603	6.4717	6.2061	12.6778	37.7326	50.4105
1252936PIP	2008	13	62	12.5	12.5	27.3475	4.4152	5.8657	5.369	11.2347	31.7627	42.9974
1252936PIP	2008	13	63	9.3	9.8	13.0006	2.2746	3.8608	2.8991	6.76	15.2752	22.0351
1252936PIP	2008	13	66	12.2	12.2	25.7269	4.1811	5.6676	5.104	10.7715	29.908	40.6795
1252936PIP	2008	13	68	10.0	10.4	15.6034	2.6766	4.2782	3.3724	7.6506	18.28	25.9306
1252936PIP	2008	13	69	9.0	9.5	11.9716	2.1133	3.6859	2.7076	6.3935	14.0849	20.4784
1252936PIP	2008	13	71	15.5	14.7	46.9727	7.153	7.9514	8.4058	16.3572	54.1257	70.4828
1252936PIP	2008	13	72	4.5	5.2	2.0948	0.4465	1.3829	0.6387	2.0216	2.5413	4.5629
1252936PIP	2008	13	75	5.3	6.0	3.1612	0.6444	1.743	0.8982	2.6412	3.8056	6.4468
1252936PIP	2008	13	77	10.5	10.8	17.6402	2.9862	4.5838	3.7334	8.3172	20.6264	28.9435
1252936PIP	2008	13	78	14.2	13.8	37.6858	5.877	7.0249	7.0032	14.0281	43.5629	57.591
1252936PIP	2008	13	80	3.2	3.9	0.8888	0.2078	0.8539	0.3139	1.1677	1.0967	2.2644
1252936PIP	2008	13	82	15.7	14.9	48.5118	7.3616	8.0969	8.6334	16.7303	55.8734	72.6037
1252936PIP	2008	13	85	6.1	6.8	4.5018	0.8833	2.1264	1.2039	3.3303	5.3851	8.7154
1252936PIP	2008	13	86	10.5	10.8	17.6402	2.9862	4.5838	3.7334	8.3172	20.6264	28.9435
1252936PIP	2008	13	88	3.8	4.5	1.3693	0.3056	1.0888	0.449	1.5378	1.6749	3.2127
1252936PIP	2008	13	89	16.1	15.2	51.6801	7.789	8.3902	9.0981	17.4882	59.4691	76.9573
1252936PIP	2008	13	91	2.7	3.5	0.5798	0.142	0.6715	0.2203	0.8918	0.7218	1.6135
1252936PIP	2008	13	92	22.0	18.7	113.3206	15.6896	13.048	17.4389	30.487	129.0101	159.4971
1252936PIP	2008	13	95	13.6	13.3	33.8087	5.3346	6.6088	6.4007	13.0095	39.1434	52.1528
1252936PIP	2008	13	97	11.3	11.5	21.2175	3.5208	5.0854	4.3507	9.4361	24.7383	34.1744
1252936PIP	2008	13	98	13.7	13.4	34.4373	5.423	6.6776	6.4992	13.1768	39.8604	53.0371
1252936PIP	2008	13	100	18.5	16.7	73.2951	10.6373	10.2122	12.1536	22.3657	83.9324	106.2982
1252936PIP	2008	13	103	4.1	4.8	1.6576	0.3623	1.2123	0.526	1.7384	2.02	3.7583
1252936PIP	2008	13	105	15.8	14.9	49.2926	7.4672	8.1699	8.7484	16.9183	56.7598	73.6781
1252936PIP	2008	13	106	14.7	14.2	41.1123	6.3514	7.3772	7.5269	14.9042	47.4636	62.3678
1252936PIP	2008	13	108	6.7	7.3	5.6997	1.0902	2.4281	1.4639	3.892	6.7898	10.6818
1252936PIP	2008	13	109	3.3	4.0	0.9603	0.2227	0.8918	0.3346	1.2265	1.183	2.4095
1252956PIP	2008	13	102	11.6	10.5	22.6627	3.7339	5.2774	4.5948	9.8722	26.3966	36.2688
1252956PIP	2008	13	103	4.1	4.4	1.6576	0.3623	1.2123	0.526	1.7384	2.02	3.7583
1252956PIP	2008	13	106	13.0	11.5	30.1823	4.8212	6.2002	5.8263	12.0265	35.0035	47.03
1252956PIP	2008	13	109	10.2	9.4	16.4001	2.7982	4.3997	3.5145	7.9142	19.1983	27.1125
1252956PIP	2008	13	114	2.7	3.2	0.5798	0.142	0.6715	0.2203	0.8918	0.7218	1.6135
1252956PIP	2008	25	116	8.0	8.5	10.1436	1.4024	1.766	2.1774	3.9433	11.546	15.4894
1252956PIP	2008	13	117	14.6	12.5	40.4126	6.2549	7.3064	7.4206	14.727	46.6674	61.3944
1252956PIP	2008	13	119	6.8	6.7	5.916	1.127	2.4796	1.5098	3.9893	7.043	11.0323
1252956PIP	2008	13	120	3.1	3.5	0.8206	0.1935	0.8164	0.2938	1.1101	1.0142	2.1243
1252956PIP	2008	13	123	5.5	5.6	3.4698	0.7002	1.8368	0.9703	2.807	4.1701	6.9771
1252956PIP	2008	13	125	5.1	5.2	2.8698	0.5912	1.6507	0.829	2.4797	3.4609	5.9406
1252956PIP	2008	25	126	9.3	9.3	14.6636	1.9272	2.2093	3.0624	5.2717	16.5908	21.8625
1252956PIP	2008	13	129	9.2	8.6	12.6519	2.2201	3.8023	2.8345	6.6368	14.872	21.5088
1252956PIP	2008	13	131	6.5	6.4	5.2814	1.0185	2.3263	1.3743	3.7006	6.3	10.0005
1252956PIP	2008	13	132	13.0	11.5	30.1823	4.8212	6.2002	5.8263	12.0265	35.0035	47.03
1252956PIP	2008	13	134	3.3	3.7	0.9603	0.2227	0.8918	0.3346	1.2265	1.183	2.4095
1252956PIP	2008	13	136	6.8	6.7	5.916	1.127	2.4796	1.5098	3.9893	7.043	11.0323
1252956PIP	2008	13	137	3.0	3.4	0.7557	0.1798	0.7794	0.2744	1.0537	0.9355	1.9892
1252956PIP	2008	13	139	3.5	3.9	1.1135	0.2541	0.9692	0.3783	1.3475	1.3676	2.7151
1252956PIP	2008	13	140	5.9	5.9	4.1398	0.8197	2.0285	1.1231	3.1516	4.9595	8.1111
1252956PIP	2008	13	142	5.3	5.4	3.1612	0.6444	1.743	0.8982	2.6412	3.8056	6.4468
1252956PIP	2008	13	143	7.7	7.4	8.0868	1.4894	2.9561	1.9562	4.9123	9.5762	14.4884
1252956PIP	2008	13	145	5.2	5.3	3.0134	0.6175	1.6967	0.8632	2.5599	3.6308	6.1907
1252956PIP	2008	13	146	3.5	3.9	1.1135	0.2541	0.9692	0.3783	1.3475	1.3676	2.7151
1252956PIP	2008	13	149	2.8	3.3	0.6353	0.154	0.7069	0.2376	0.9445	0.7893	1.7339
1252956PIP	2008	13	151	10.1	9.3	15.9987	2.7371	4.3388	3.4431	7.7819	18.7358	26.5177
1252956PIP	2008	13	152	3.2	3.6	0.8888	0.2078	0.8539	0.3139	1.1677	1.0967	2.2644
1252956PIP	2008	13	154	2.5	3.0	0.4778	0.1195	0.6022	0.1876	0.7899	0.5972	1.3871
1252956PIP	2008	20	157	2.6	3.0	0.5305	0.1084	0.4141	0.0793	0.4934	0.639	1.1324
1252956PIP	2008	13	159	6.1	6.1	4.5018	0.8833	2.1264	1.2039	3.3303	5.3851	8.7154
1252956PIP	2008	13	160	2.5	3.0	0.4778	0.1195	0.6022	0.1876	0.7899	0.5972	1.3871
1252956PIP	2008	22	162	9.3	5.9	9.0773	1.3569	2.352	2.516	4.868	10.4343	15.3023
1252956PIP	2008	13	163	7.5	7.3	7.5689	1.404	2.8481	1.8518	4.6999	8.9729	13.6728
1252956PIP	2008	13	165	7.1	6.9	6.5944	1.2416	2.6357	1.6519	4.2876	7.836	12.1236
1252956PIP	2008	22	166	2.7	2.8	0.5886	0.0958	0.2776	0.2293	0.5069	0.6844	1.1913
1252956PIP	2008	13	172	7.2	7.0	6.8305	1.2812	2.6883	1.7007	4.3891	8.1117	12.5007
1252956PIP	2008	13	174	5.3	5.4	3.1612	0.6444	1.743	0.8982	2.6412	3.8056	6.4468
1252956PIP	2008	13	177	2.6	3.1	0.5273	0.1304	0.6366	0.2036	0.8402	0.6577	1.4979
1252956PIP	2008	13	179	4.3	4.5	1.8685	0.4032	1.2968	0.5809	1.8777	2.2717	4.1494
1252956PIP	2008	13	180	8.1	7.8	9.1851	1.6685	3.1756	2.1739	5.3495	10.8537	16.2032
1252956PIP	2008	13	182	9.2	8.6	12.6519	2.2201	3.8023	2.8345	6.6368	14.872	21.5088
1252956PIP	2008	25	183	6.8	7.6	6.8147	0.9952	1.3867	1.5068	2.8935	7.8098	10.7034
1252956PIP	2008	13	185	6.4	6.3	5.0795	0.9837	2.2758	1.3306	3.6064	6.0632	9.6696
1252956PIP	2008	25	186	5.7	6.8	4.4247	0.6857	1.0666	1.0103	2.0769	5.1104	7.1873
1252956PIP	2008	25	192	3.3	4.6	1.1613	0.2163	0.4731	0.293	0.766	1.3776	2.1436
1252956PIP	2008	13	194	5.9	5.9	4.1398	0.8197	2.0285	1.1231	3.1516	4.9595	8.1111
1252956PIP	2008	13	197	4.5	4.7	2.0948	0.4465	1.3829	0.6387	2.0216	2.5413	4.5629
1252956PIP	2008	25	199	6.3	7.2	5.6528	0.847	1.2378	1.2674	2.5052	6.4998	9.005
1252956PIP	2008	13	200	5.1	5.2	2.8698	0.5912	1.6507	0.829	2.4797	3.4609	5.9406
1252956PIP	2008	13	202	6.6	6.5	5.4881	1.054	2.377	1.4187	3.7958	6.5422	10.3379
1252956PIP	2008	13	205	12.7	11.3	28.4612	4.5752	5.9988	5.5496	11.5484	33.0365	44.5849
1252956PIP	2008	25	206	7.6	8.2	8.9469	1.2585	1.6362	1.9385	3.5748	10.2054	13.7802
1252956PIP	2008	13	208	10.1	9.3	15.9987	2.7371	4.3388	3.4431	7.7819	18.7358	26.5177
1252956PIP	2008	22	209	14.0	7.7	22.4351	3.2605	4.7685	5.5559	10.3243	25.6956	36.0199
1252956PIP	2008	13	212	7.9	7.6	8.6254	1.5775	3.0653	2.0635	5.1288	10.203	15.3318
1252956PIP	2008	13	214	5.9	5.9	4.1398	0.8197	2.0285	1.1231	3.1516	4.9595	8.1111
1252956PIP	2008	13	215	4.7	4.9	2.3369	0.4922	1.4706	0.6992	2.1699	2.8291	4.999
1252956PIP	2008	22	217	8.8	5.7	8.0328	1.2054	2.1379	2.2606	4.3985	9.2382	13.6366
1252956PIP	2008	13	219	7.3	7.1	7.0716	1.3214	2.7413	1.7503	4.4916	8.393	12.8846
1252956PIP	2008	22	220	5.1	4.0	2.4032	0.3744	0.833	0.786	1.6189	2.7776	4.3966
1252956PIP	2008	13	222	4.9	5.1	2.5951	0.5404	1.5599	0.7627	2.3226	3.1355	5.4581
1252956PIP	2008	25	225	5.5	6.6	4.0543	0.6359	1.0114	0.9318	1.9432	4.6902	6.6334
1252956PIP	2008	13	226	11.2	10.2	20.7485	3.4513	5.0219	4.2708	9.2927	24.1998	33.4925
1252956PIP	2008	13	228	5.5	5.6	3.4698	0.7002	1.8368	0.9703	2.807	4.1701	6.9771
1252956PIP	2008	13	229	4.0	4.3	1.5578	0.3428	1.1707	0.4997	1.6704	1.9006	3.571
1259811PIP	2008	13	1	6.1	5.7	4.5018	0.8833	2.1264	1.2039	3.3303	5.3851	8.7154
1259811PIP	2008	13	3	3.4	3.6	1.0352	0.2381	0.9303	0.3561	1.2864	1.2733	2.5597
1259811PIP	2008	13	4	9.7	8.5	14.4528	2.4999	4.0978	3.165	7.2628	16.9527	24.2155
1259811PIP	2008	13	8	4.0	4.1	1.5578	0.3428	1.1707	0.4997	1.6704	1.9006	3.571
1259811PIP	2008	13	11	4.4	4.4	1.9797	0.4245	1.3397	0.6094	1.9491	2.4043	4.3534
1259811PIP	2008	13	12	6.0	5.6	4.3185	0.8512	2.0773	1.1631	3.2404	5.1697	8.4101
1259811PIP	2008	13	14	2.6	3.0	0.5273	0.1304	0.6366	0.2036	0.8402	0.6577	1.4979
1259811PIP	2008	13	15	3.0	3.3	0.7557	0.1798	0.7794	0.2744	1.0537	0.9355	1.9892
1259811PIP	2008	13	17	4.3	4.3	1.8685	0.4032	1.2968	0.5809	1.8777	2.2717	4.1494
1259811PIP	2008	13	18	4.0	4.1	1.5578	0.3428	1.1707	0.4997	1.6704	1.9006	3.571
1259811PIP	2008	13	21	5.0	4.8	2.7303	0.5655	1.6051	0.7955	2.4006	3.2958	5.6964
1259811PIP	2008	13	24	3.8	3.9	1.3693	0.3056	1.0888	0.449	1.5378	1.6749	3.2127
1259811PIP	2008	13	26	4.6	4.5	2.2139	0.469	1.4266	0.6686	2.0952	2.6829	4.7781
1259811PIP	2008	13	29	6.4	6.0	5.0795	0.9837	2.2758	1.3306	3.6064	6.0632	9.6696
1259811PIP	2008	13	31	3.9	4.0	1.4617	0.3239	1.1295	0.474	1.6035	1.7856	3.3891
1259811PIP	2008	13	32	4.7	4.6	2.3369	0.4922	1.4706	0.6992	2.1699	2.8291	4.999
1259811PIP	2008	13	34	6.0	5.6	4.3185	0.8512	2.0773	1.1631	3.2404	5.1697	8.4101
1259811PIP	2008	13	35	3.8	3.9	1.3693	0.3056	1.0888	0.449	1.5378	1.6749	3.2127
1259811PIP	2008	13	37	2.6	3.0	0.5273	0.1304	0.6366	0.2036	0.8402	0.6577	1.4979
1259811PIP	2008	13	38	3.9	4.0	1.4617	0.3239	1.1295	0.474	1.6035	1.7856	3.3891
1259811PIP	2008	13	40	5.8	5.5	3.9656	0.7888	1.98	1.0838	3.0638	4.7544	7.8183
1259811PIP	2008	13	41	3.3	3.5	0.9603	0.2227	0.8918	0.3346	1.2265	1.183	2.4095
1259811PIP	2008	13	44	3.0	3.3	0.7557	0.1798	0.7794	0.2744	1.0537	0.9355	1.9892
1259811PIP	2008	13	46	5.3	5.1	3.1612	0.6444	1.743	0.8982	2.6412	3.8056	6.4468
1259811PIP	2008	13	49	7.5	6.8	7.5689	1.404	2.8481	1.8518	4.6999	8.9729	13.6728
1259811PIP	2008	13	51	4.3	4.3	1.8685	0.4032	1.2968	0.5809	1.8777	2.2717	4.1494
1259811PIP	2008	13	52	3.4	3.6	1.0352	0.2381	0.9303	0.3561	1.2864	1.2733	2.5597
1259811PIP	2008	13	54	3.3	3.5	0.9603	0.2227	0.8918	0.3346	1.2265	1.183	2.4095
1259811PIP	2008	13	55	5.5	5.2	3.4698	0.7002	1.8368	0.9703	2.807	4.1701	6.9771
1259811PIP	2008	13	57	5.0	4.8	2.7303	0.5655	1.6051	0.7955	2.4006	3.2958	5.6964
1259811PIP	2008	13	58	5.2	5.0	3.0134	0.6175	1.6967	0.8632	2.5599	3.6308	6.1907
1259811PIP	2008	13	60	3.7	3.8	1.2805	0.2878	1.0485	0.4247	1.4732	1.5683	3.0415
1259811PIP	2008	13	61	2.6	3.0	0.5273	0.1304	0.6366	0.2036	0.8402	0.6577	1.4979
1259811PIP	2008	13	64	2.6	3.0	0.5273	0.1304	0.6366	0.2036	0.8402	0.6577	1.4979
1259811PIP	2008	13	67	2.9	3.2	0.6939	0.1666	0.7429	0.2556	0.9985	0.8606	1.8591
1259811PIP	2008	13	69	6.3	5.9	4.8823	0.9496	2.2257	1.2876	3.5133	5.8318	9.3452
1259811PIP	2008	74	71	4.3	6.8	2.2366	0.5526	0.2815	0.3165	0.5979	2.7892	3.3871
1259811PIP	2008	13	72	4.0	4.1	1.5578	0.3428	1.1707	0.4997	1.6704	1.9006	3.571
1259811PIP	2008	13	74	6.9	6.3	6.1372	1.1645	2.5313	1.5564	4.0877	7.3017	11.3894
1259811PIP	2008	13	75	4.2	4.2	1.7612	0.3825	1.2543	0.5531	1.8075	2.1436	3.9511
1259811PIP	2008	13	77	7.4	6.7	7.3177	1.3624	2.7945	1.8007	4.5952	8.6801	13.2753
1259811PIP	2008	13	78	6.2	5.8	4.6897	0.9161	2.1759	1.2454	3.4213	5.6058	9.0271
1259811PIP	2008	13	80	2.9	3.2	0.6939	0.1666	0.7429	0.2556	0.9985	0.8606	1.8591
1259811PIP	2008	13	81	7.2	6.6	6.8305	1.2812	2.6883	1.7007	4.3891	8.1117	12.5007
1259811PIP	2008	13	84	4.2	4.2	1.7612	0.3825	1.2543	0.5531	1.8075	2.1436	3.9511
1259811PIP	2008	13	86	2.6	3.0	0.5273	0.1304	0.6366	0.2036	0.8402	0.6577	1.4979
1259811PIP	2008	13	87	5.6	5.3	3.6307	0.7291	1.8842	1.0074	2.8915	4.3598	7.2513
1259811PIP	2008	13	89	3.2	3.4	0.8888	0.2078	0.8539	0.3139	1.1677	1.0967	2.2644
1259811PIP	2008	13	91	6.5	6.0	5.2814	1.0185	2.3263	1.3743	3.7006	6.3	10.0005
1259811PIP	2008	13	92	2.8	3.1	0.6353	0.154	0.7069	0.2376	0.9445	0.7893	1.7339
1259811PIP	2008	13	94	3.0	3.3	0.7557	0.1798	0.7794	0.2744	1.0537	0.9355	1.9892
1259811PIP	2008	13	95	2.7	3.0	0.5798	0.142	0.6715	0.2203	0.8918	0.7218	1.6135
1259811PIP	2008	13	97	2.7	3.0	0.5798	0.142	0.6715	0.2203	0.8918	0.7218	1.6135
1259811PIP	2008	13	98	2.8	3.1	0.6353	0.154	0.7069	0.2376	0.9445	0.7893	1.7339
1259811PIP	2008	13	100	3.8	3.9	1.3693	0.3056	1.0888	0.449	1.5378	1.6749	3.2127
1259811PIP	2008	13	101	5.5	5.2	3.4698	0.7002	1.8368	0.9703	2.807	4.1701	6.9771
1259811PIP	2008	13	104	5.1	4.9	2.8698	0.5912	1.6507	0.829	2.4797	3.4609	5.9406
1259811PIP	2008	13	107	4.5	4.5	2.0948	0.4465	1.3829	0.6387	2.0216	2.5413	4.5629
1259811PIP	2008	13	109	2.9	3.2	0.6939	0.1666	0.7429	0.2556	0.9985	0.8606	1.8591
1259811PIP	2008	13	112	6.2	5.8	4.6897	0.9161	2.1759	1.2454	3.4213	5.6058	9.0271
1259811PIP	2008	13	114	4.7	4.6	2.3369	0.4922	1.4706	0.6992	2.1699	2.8291	4.999
1259811PIP	2008	13	115	2.5	2.9	0.4778	0.1195	0.6022	0.1876	0.7899	0.5972	1.3871
1259811PIP	2008	3	117	11.4	9.1	27.9358	2.8374	2.6142	2.8222	5.4363	30.7732	36.2096
1259811PIP	2008	13	118	2.8	3.1	0.6353	0.154	0.7069	0.2376	0.9445	0.7893	1.7339
1259811PIP	2008	13	120	10.3	8.9	16.8074	2.8601	4.4608	3.5867	8.0475	19.6675	27.715
1259811PIP	2008	13	121	2.6	3.0	0.5273	0.1304	0.6366	0.2036	0.8402	0.6577	1.4979
1259811PIP	2008	13	123	6.0	5.6	4.3185	0.8512	2.0773	1.1631	3.2404	5.1697	8.4101
1259811PIP	2008	13	124	9.7	8.5	14.4528	2.4999	4.0978	3.165	7.2628	16.9527	24.2155
1259811PIP	2008	13	127	4.9	4.8	2.5951	0.5404	1.5599	0.7627	2.3226	3.1355	5.4581
1259811PIP	2008	13	129	3.3	3.5	0.9603	0.2227	0.8918	0.3346	1.2265	1.183	2.4095
1259811PIP	2008	13	132	2.7	3.0	0.5798	0.142	0.6715	0.2203	0.8918	0.7218	1.6135
1259811PIP	2008	13	134	6.5	6.0	5.2814	1.0185	2.3263	1.3743	3.7006	6.3	10.0005
1259811PIP	2008	13	135	3.4	3.6	1.0352	0.2381	0.9303	0.3561	1.2864	1.2733	2.5597
1259811PIP	2008	13	137	4.7	4.6	2.3369	0.4922	1.4706	0.6992	2.1699	2.8291	4.999
1259811PIP	2008	13	138	4.2	4.2	1.7612	0.3825	1.2543	0.5531	1.8075	2.1436	3.9511
1259811PIP	2008	13	140	5.0	4.8	2.7303	0.5655	1.6051	0.7955	2.4006	3.2958	5.6964
1259811PIP	2008	13	141	4.7	4.6	2.3369	0.4922	1.4706	0.6992	2.1699	2.8291	4.999
1259811PIP	2008	13	143	2.7	3.0	0.5798	0.142	0.6715	0.2203	0.8918	0.7218	1.6135
1259811PIP	2008	13	144	2.9	3.2	0.6939	0.1666	0.7429	0.2556	0.9985	0.8606	1.8591
1259811PIP	2008	13	147	5.5	5.2	3.4698	0.7002	1.8368	0.9703	2.807	4.1701	6.9771
1259811PIP	2008	13	149	3.9	4.0	1.4617	0.3239	1.1295	0.474	1.6035	1.7856	3.3891
1259811PIP	2008	13	150	4.4	4.4	1.9797	0.4245	1.3397	0.6094	1.9491	2.4043	4.3534
1259811PIP	2008	13	152	3.4	3.6	1.0352	0.2381	0.9303	0.3561	1.2864	1.2733	2.5597
1259811PIP	2008	13	154	2.5	2.9	0.4778	0.1195	0.6022	0.1876	0.7899	0.5972	1.3871
1259811PIP	2008	13	155	3.0	3.3	0.7557	0.1798	0.7794	0.2744	1.0537	0.9355	1.9892
1259811PIP	2008	13	157	5.4	5.2	3.3134	0.672	1.7897	0.9339	2.7236	3.9854	6.7089
1259811PIP	2008	13	158	7.2	6.6	6.8305	1.2812	2.6883	1.7007	4.3891	8.1117	12.5007
1259811PIP	2008	13	160	6.7	6.2	5.6997	1.0902	2.4281	1.4639	3.892	6.7898	10.6818
1259811PIP	2008	13	161	3.4	3.6	1.0352	0.2381	0.9303	0.3561	1.2864	1.2733	2.5597
1259811PIP	2008	13	163	3.0	3.3	0.7557	0.1798	0.7794	0.2744	1.0537	0.9355	1.9892
1259811PIP	2008	13	164	2.5	2.9	0.4778	0.1195	0.6022	0.1876	0.7899	0.5972	1.3871
1259811PIP	2008	13	167	3.4	3.6	1.0352	0.2381	0.9303	0.3561	1.2864	1.2733	2.5597
1259811PIP	2008	13	169	5.0	4.8	2.7303	0.5655	1.6051	0.7955	2.4006	3.2958	5.6964
1259811PIP	2008	13	170	8.8	7.8	11.3138	2.0094	3.5706	2.5838	6.1543	13.3232	19.4776
1259811PIP	2008	13	172	4.1	4.1	1.6576	0.3623	1.2123	0.526	1.7384	2.02	3.7583
1259811PIP	2008	13	175	4.3	4.3	1.8685	0.4032	1.2968	0.5809	1.8777	2.2717	4.1494
1259811PIP	2008	13	177	4.6	4.5	2.2139	0.469	1.4266	0.6686	2.0952	2.6829	4.7781
1259811PIP	2008	13	178	3.0	3.3	0.7557	0.1798	0.7794	0.2744	1.0537	0.9355	1.9892
1259811PIP	2008	13	180	8.5	7.6	10.3688	1.859	3.3997	2.4036	5.8032	12.2278	18.0311
1259811PIP	2008	13	181	6.9	6.3	6.1372	1.1645	2.5313	1.5564	4.0877	7.3017	11.3894
1259811PIP	2008	13	183	5.3	5.1	3.1612	0.6444	1.743	0.8982	2.6412	3.8056	6.4468
1259811PIP	2008	13	184	3.7	3.8	1.2805	0.2878	1.0485	0.4247	1.4732	1.5683	3.0415
1259811PIP	2008	13	187	2.9	3.2	0.6939	0.1666	0.7429	0.2556	0.9985	0.8606	1.8591
1259811PIP	2008	3	190	13.2	9.4	39.74	3.8436	3.3684	4.0214	7.3898	43.5836	50.9734
1259811PIP	2008	13	192	4.0	4.1	1.5578	0.3428	1.1707	0.4997	1.6704	1.9006	3.571
1259811PIP	2008	13	195	6.3	5.9	4.8823	0.9496	2.2257	1.2876	3.5133	5.8318	9.3452
1259811PIP	2008	13	197	4.2	4.2	1.7612	0.3825	1.2543	0.5531	1.8075	2.1436	3.9511
1259811PIP	2008	13	198	4.5	4.5	2.0948	0.4465	1.3829	0.6387	2.0216	2.5413	4.5629
1259811PIP	2008	13	200	2.8	3.1	0.6353	0.154	0.7069	0.2376	0.9445	0.7893	1.7339
1259811PIP	2008	13	201	4.3	4.3	1.8685	0.4032	1.2968	0.5809	1.8777	2.2717	4.1494
1259811PIP	2008	13	203	5.9	5.6	4.1398	0.8197	2.0285	1.1231	3.1516	4.9595	8.1111
1259811PIP	2008	13	204	4.5	4.5	2.0948	0.4465	1.3829	0.6387	2.0216	2.5413	4.5629
1259811PIP	2008	13	206	2.8	3.1	0.6353	0.154	0.7069	0.2376	0.9445	0.7893	1.7339
1259811PIP	2008	13	207	3.9	4.0	1.4617	0.3239	1.1295	0.474	1.6035	1.7856	3.3891
1259811PIP	2008	13	210	4.7	4.6	2.3369	0.4922	1.4706	0.6992	2.1699	2.8291	4.999
1259811PIP	2008	13	212	7.0	6.4	6.3634	1.2027	2.5833	1.6038	4.1871	7.5661	11.7532
1259811PIP	2008	13	213	4.3	4.3	1.8685	0.4032	1.2968	0.5809	1.8777	2.2717	4.1494
1259811PIP	2008	13	215	6.3	5.9	4.8823	0.9496	2.2257	1.2876	3.5133	5.8318	9.3452
1259811PIP	2008	13	217	2.8	3.1	0.6353	0.154	0.7069	0.2376	0.9445	0.7893	1.7339
1259811PIP	2008	13	218	4.6	4.5	2.2139	0.469	1.4266	0.6686	2.0952	2.6829	4.7781
1259811PIP	2008	13	220	3.2	3.4	0.8888	0.2078	0.8539	0.3139	1.1677	1.0967	2.2644
1259811PIP	2008	13	221	4.3	4.3	1.8685	0.4032	1.2968	0.5809	1.8777	2.2717	4.1494
1259811PIP	2008	13	223	3.4	3.6	1.0352	0.2381	0.9303	0.3561	1.2864	1.2733	2.5597
1259811PIP	2008	13	224	3.4	3.6	1.0352	0.2381	0.9303	0.3561	1.2864	1.2733	2.5597
1259811PIP	2008	13	226	5.2	5.0	3.0134	0.6175	1.6967	0.8632	2.5599	3.6308	6.1907
1259811PIP	2008	13	227	3.1	3.3	0.8206	0.1935	0.8164	0.2938	1.1101	1.0142	2.1243
1259811PIP	2008	13	230	4.8	4.7	2.464	0.516	1.5151	0.7306	2.2457	2.98	5.2257
1259811PIP	2008	13	232	4.6	4.5	2.2139	0.469	1.4266	0.6686	2.0952	2.6829	4.7781
1259811PIP	2008	13	233	2.9	3.2	0.6939	0.1666	0.7429	0.2556	0.9985	0.8606	1.8591
1259811PIP	2008	13	235	4.8	4.7	2.464	0.516	1.5151	0.7306	2.2457	2.98	5.2257
1259811PIP	2008	13	237	3.2	3.4	0.8888	0.2078	0.8539	0.3139	1.1677	1.0967	2.2644
1259811PIP	2008	13	238	3.2	3.4	0.8888	0.2078	0.8539	0.3139	1.1677	1.0967	2.2644
1259811PIP	2008	13	240	4.3	4.3	1.8685	0.4032	1.2968	0.5809	1.8777	2.2717	4.1494
1259811PIP	2008	13	241	3.1	3.3	0.8206	0.1935	0.8164	0.2938	1.1101	1.0142	2.1243
1259811PIP	2008	13	243	3.5	3.7	1.1135	0.2541	0.9692	0.3783	1.3475	1.3676	2.7151
1259811PIP	2008	13	244	5.0	4.8	2.7303	0.5655	1.6051	0.7955	2.4006	3.2958	5.6964
1259811PIP	2008	13	246	5.9	5.6	4.1398	0.8197	2.0285	1.1231	3.1516	4.9595	8.1111
1259811PIP	2008	13	247	4.6	4.5	2.2139	0.469	1.4266	0.6686	2.0952	2.6829	4.7781
1259811PIP	2008	13	250	4.7	4.6	2.3369	0.4922	1.4706	0.6992	2.1699	2.8291	4.999
1259811PIP	2008	13	253	5.0	4.8	2.7303	0.5655	1.6051	0.7955	2.4006	3.2958	5.6964
1259811PIP	2008	13	255	2.7	3.0	0.5798	0.142	0.6715	0.2203	0.8918	0.7218	1.6135
1259811PIP	2008	13	258	4.3	4.3	1.8685	0.4032	1.2968	0.5809	1.8777	2.2717	4.1494
1259811PIP	2008	13	260	5.7	5.4	3.7959	0.7587	1.9319	1.0452	2.9772	4.5546	7.5317
1259811PIP	2008	13	261	4.5	4.5	2.0948	0.4465	1.3829	0.6387	2.0216	2.5413	4.5629
1259811PIP	2008	13	263	5.5	5.2	3.4698	0.7002	1.8368	0.9703	2.807	4.1701	6.9771
1259811PIP	2008	13	264	7.2	6.6	6.8305	1.2812	2.6883	1.7007	4.3891	8.1117	12.5007
1259811PIP	2008	13	266	3.2	3.4	0.8888	0.2078	0.8539	0.3139	1.1677	1.0967	2.2644
1259811PIP	2008	13	267	4.5	4.5	2.0948	0.4465	1.3829	0.6387	2.0216	2.5413	4.5629
1259811PIP	2008	13	269	4.9	4.8	2.5951	0.5404	1.5599	0.7627	2.3226	3.1355	5.4581
1259811PIP	2008	13	270	6.1	5.7	4.5018	0.8833	2.1264	1.2039	3.3303	5.3851	8.7154
1259811PIP	2008	13	273	4.1	4.1	1.6576	0.3623	1.2123	0.526	1.7384	2.02	3.7583
1259811PIP	2008	13	275	6.5	6.0	5.2814	1.0185	2.3263	1.3743	3.7006	6.3	10.0005
1259811PIP	2008	13	278	2.5	2.9	0.4778	0.1195	0.6022	0.1876	0.7899	0.5972	1.3871
1259811PIP	2008	13	280	4.8	4.7	2.464	0.516	1.5151	0.7306	2.2457	2.98	5.2257
1259811PIP	2008	13	281	3.9	4.0	1.4617	0.3239	1.1295	0.474	1.6035	1.7856	3.3891
1259811PIP	2008	13	283	2.9	3.2	0.6939	0.1666	0.7429	0.2556	0.9985	0.8606	1.8591
1259811PIP	2008	13	284	2.8	3.1	0.6353	0.154	0.7069	0.2376	0.9445	0.7893	1.7339
1259811PIP	2008	13	286	4.2	4.2	1.7612	0.3825	1.2543	0.5531	1.8075	2.1436	3.9511
1259811PIP	2008	13	287	3.6	3.7	1.1952	0.2707	1.0086	0.4012	1.4098	1.4659	2.8757
1259811PIP	2008	13	289	2.8	3.1	0.6353	0.154	0.7069	0.2376	0.9445	0.7893	1.7339
1259811PIP	2008	13	290	3.4	3.6	1.0352	0.2381	0.9303	0.3561	1.2864	1.2733	2.5597
1259811PIP	2008	13	293	4.3	4.3	1.8685	0.4032	1.2968	0.5809	1.8777	2.2717	4.1494
1259811PIP	2008	13	295	3.7	3.8	1.2805	0.2878	1.0485	0.4247	1.4732	1.5683	3.0415
1259811PIP	2008	13	296	2.5	2.9	0.4778	0.1195	0.6022	0.1876	0.7899	0.5972	1.3871
1259811PIP	2008	13	298	3.0	3.3	0.7557	0.1798	0.7794	0.2744	1.0537	0.9355	1.9892
1259811PIP	2008	13	300	4.5	4.5	2.0948	0.4465	1.3829	0.6387	2.0216	2.5413	4.5629
1259811PIP	2008	13	301	2.7	3.0	0.5798	0.142	0.6715	0.2203	0.8918	0.7218	1.6135
1259811PIP	2008	13	303	3.2	3.4	0.8888	0.2078	0.8539	0.3139	1.1677	1.0967	2.2644
1259811PIP	2008	13	304	4.5	4.5	2.0948	0.4465	1.3829	0.6387	2.0216	2.5413	4.5629
1259811PIP	2008	13	306	3.1	3.3	0.8206	0.1935	0.8164	0.2938	1.1101	1.0142	2.1243
1259811PIP	2008	13	307	4.8	4.7	2.464	0.516	1.5151	0.7306	2.2457	2.98	5.2257
1259811PIP	2008	13	309	3.1	3.3	0.8206	0.1935	0.8164	0.2938	1.1101	1.0142	2.1243
1259811PIP	2008	13	310	4.0	4.1	1.5578	0.3428	1.1707	0.4997	1.6704	1.9006	3.571
1259811PIP	2008	13	313	5.2	5.0	3.0134	0.6175	1.6967	0.8632	2.5599	3.6308	6.1907
1259811PIP	2008	13	315	4.9	4.8	2.5951	0.5404	1.5599	0.7627	2.3226	3.1355	5.4581
1259811PIP	2008	13	316	3.6	3.7	1.1952	0.2707	1.0086	0.4012	1.4098	1.4659	2.8757
1259811PIP	2008	13	318	5.2	5.0	3.0134	0.6175	1.6967	0.8632	2.5599	3.6308	6.1907
1259811PIP	2008	13	320	11.8	9.9	23.6581	3.8799	5.4065	4.7615	10.168	27.538	37.706
1259811PIP	2008	13	321	3.6	3.7	1.1952	0.2707	1.0086	0.4012	1.4098	1.4659	2.8757
1259811PIP	2008	13	323	10.9	9.3	19.3792	3.2474	4.8327	4.0359	8.8686	22.6265	31.4951
1259811PIP	2008	13	324	6.3	5.9	4.8823	0.9496	2.2257	1.2876	3.5133	5.8318	9.3452
1259811PIP	2008	13	326	3.6	3.7	1.1952	0.2707	1.0086	0.4012	1.4098	1.4659	2.8757
1259811PIP	2008	13	327	9.2	8.1	12.6519	2.2201	3.8023	2.8345	6.6368	14.872	21.5088
1259811PIP	2008	13	329	7.3	6.7	7.0716	1.3214	2.7413	1.7503	4.4916	8.393	12.8846
1259811PIP	2008	13	330	2.6	3.0	0.5273	0.1304	0.6366	0.2036	0.8402	0.6577	1.4979
1259811PIP	2008	13	333	3.6	3.7	1.1952	0.2707	1.0086	0.4012	1.4098	1.4659	2.8757
1259811PIP	2008	13	336	9.7	8.5	14.4528	2.4999	4.0978	3.165	7.2628	16.9527	24.2155
1259811PIP	2008	13	338	5.3	5.1	3.1612	0.6444	1.743	0.8982	2.6412	3.8056	6.4468
1259811PIP	2008	13	341	13.4	11.0	32.5723	5.1603	6.4717	6.2061	12.6778	37.7326	50.4105
1259811PIP	2008	13	343	3.6	3.7	1.1952	0.2707	1.0086	0.4012	1.4098	1.4659	2.8757
1259811PIP	2008	13	344	3.4	3.6	1.0352	0.2381	0.9303	0.3561	1.2864	1.2733	2.5597
1259811PIP	2008	74	346	5.0	7.5	3.2487	0.793	0.3599	0.4629	0.8228	4.0417	4.8645
1259811PIP	2008	13	349	2.8	3.1	0.6353	0.154	0.7069	0.2376	0.9445	0.7893	1.7339
1259811PIP	2008	13	350	5.1	4.9	2.8698	0.5912	1.6507	0.829	2.4797	3.4609	5.9406
1259811PIP	2008	13	352	5.9	5.6	4.1398	0.8197	2.0285	1.1231	3.1516	4.9595	8.1111
1259811PIP	2008	13	353	7.5	6.8	7.5689	1.404	2.8481	1.8518	4.6999	8.9729	13.6728
1259811PIP	2008	13	356	10.4	9.0	17.2208	2.9228	4.5222	3.6597	8.1818	20.1435	28.3254
1259811PIP	2008	13	358	3.1	3.3	0.8206	0.1935	0.8164	0.2938	1.1101	1.0142	2.1243
1259811PIP	2008	13	361	6.7	6.2	5.6997	1.0902	2.4281	1.4639	3.892	6.7898	10.6818
1259831PIP	2008	13	2	7.3	8.6	7.0716	1.3214	2.7413	1.7503	4.4916	8.393	12.8846
1259831PIP	2008	13	3	10.3	11.6	16.8074	2.8601	4.4608	3.5867	8.0475	19.6675	27.715
1259831PIP	2008	20	5	6.7	6.1	5.1594	1.0015	2.011	0.8787	2.8897	6.1609	9.0506
1259831PIP	2008	13	11	19.8	19.2	86.9445	12.3874	11.2417	14.0012	25.2429	99.332	124.5749
1259831PIP	2008	13	12	25.3	22.3	161.0444	21.466	15.8998	23.335	39.2348	182.5103	221.7451
1259831PIP	2008	13	18	21.4	20.2	105.7085	14.7461	12.5476	16.4624	29.0101	120.4546	149.4646
1259831PIP	2008	20	20	3.3	3.4	0.9409	0.1898	0.6165	0.1454	0.7619	1.1307	1.8926
1259831PIP	2008	20	22	2.5	2.7	0.4828	0.0989	0.3878	0.0718	0.4596	0.5817	1.0414
1259831PIP	2008	20	23	10.5	8.9	15.1866	2.8765	4.2575	2.7513	7.0088	18.063	25.0718
1259831PIP	2008	20	25	5.3	5.0	2.9375	0.5775	1.3597	0.4844	1.8441	3.515	5.3592
1259831PIP	2008	20	26	6.7	6.1	5.1594	1.0015	2.011	0.8787	2.8897	6.1609	9.0506
1259831PIP	2008	20	28	7.5	6.8	6.7657	1.3052	2.4277	1.1703	3.5979	8.071	11.6689
1259831PIP	2008	20	29	3.4	3.5	1.0108	0.2036	0.648	0.1568	0.8048	1.2145	2.0193
1259831PIP	2008	13	32	4.5	5.6	2.0948	0.4465	1.3829	0.6387	2.0216	2.5413	4.5629
1259831PIP	2008	20	35	3.8	3.8	1.3206	0.2644	0.7802	0.208	0.9883	1.585	2.5732
1259831PIP	2008	13	37	7.4	8.7	7.3177	1.3624	2.7945	1.8007	4.5952	8.6801	13.2753
1259831PIP	2008	13	38	2.7	3.7	0.5798	0.142	0.6715	0.2203	0.8918	0.7218	1.6135
1259831PIP	2008	13	43	5.2	6.4	3.0134	0.6175	1.6967	0.8632	2.5599	3.6308	6.1907
1259831PIP	2008	13	45	5.3	6.5	3.1612	0.6444	1.743	0.8982	2.6412	3.8056	6.4468
1259831PIP	2008	13	46	2.8	3.8	0.6353	0.154	0.7069	0.2376	0.9445	0.7893	1.7339
1259831PIP	2008	13	49	4.8	5.9	2.464	0.516	1.5151	0.7306	2.2457	2.98	5.2257
1259831PIP	2008	13	51	3.1	4.1	0.8206	0.1935	0.8164	0.2938	1.1101	1.0142	2.1243
1259831PIP	2008	20	52	6.3	5.8	4.45	0.8667	1.8146	0.7515	2.566	5.3167	7.8827
1259831PIP	2008	13	55	3.6	4.6	1.1952	0.2707	1.0086	0.4012	1.4098	1.4659	2.8757
1259831PIP	2008	20	60	4.2	4.1	1.6796	0.3345	0.9221	0.2682	1.1904	2.0141	3.2044
1259831PIP	2008	13	63	16.9	17.2	58.3828	8.684	8.9858	10.0656	19.0514	67.0668	86.1182
1259831PIP	2008	13	66	16.8	17.1	57.518	8.5691	8.9107	9.9418	18.8525	66.0871	84.9397
1259831PIP	2008	13	69	17.8	17.9	66.5196	9.7557	9.67	11.2149	20.8849	76.2753	97.1602
1259831PIP	2008	13	71	17.6	17.7	64.656	9.5116	9.5167	10.9539	20.4706	74.1676	94.6382
1259831PIP	2008	20	74	11.0	9.2	16.9827	3.2085	4.6013	3.0964	7.6978	20.1913	27.889
1259831PIP	2008	13	78	18.5	18.4	73.2951	10.6373	10.2122	12.1536	22.3657	83.9324	106.2982
1259831PIP	2008	13	81	22.0	20.6	113.3206	15.6896	13.048	17.4389	30.487	129.0101	159.4971
1266686PIP	2008	13	1	3.7	4.0	1.2805	0.2878	1.0485	0.4247	1.4732	1.5683	3.0415
1266686PIP	2008	3	3	5.7	4.2	5.2778	0.6756	0.7886	0.529	1.3176	5.9534	7.271
1266686PIP	2008	3	4	4.5	3.8	2.9898	0.4142	0.524	0.2989	0.8229	3.404	4.2269
1266686PIP	2008	3	6	4.5	3.8	2.9898	0.4142	0.524	0.2989	0.8229	3.404	4.2269
1266686PIP	2008	3	7	4.8	3.9	3.4916	0.4734	0.5859	0.3493	0.9352	3.965	4.9002
1266686PIP	2008	3	9	5.7	4.2	5.2778	0.6756	0.7886	0.529	1.3176	5.9534	7.271
1266686PIP	2008	3	10	3.9	3.6	2.1195	0.308	0.4092	0.2115	0.6207	2.4275	3.0482
1266686PIP	2008	3	12	4.2	3.7	2.5329	0.359	0.4651	0.253	0.7181	2.8919	3.61
1266686PIP	2008	25	16	3.4	3.0	1.2493	0.2304	0.4945	0.3134	0.808	1.4797	2.2877
1266686PIP	2008	3	19	2.5	3.0	0.7277	0.1227	0.1897	0.0723	0.2619	0.8503	1.1123
1266686PIP	2008	25	20	2.8	2.7	0.7768	0.1529	0.3705	0.2019	0.5724	0.9297	1.5021
1266686PIP	2008	3	24	4.6	3.8	3.152	0.4334	0.5443	0.3152	0.8595	3.5855	4.445
1266686PIP	2008	3	27	4.9	3.9	3.6691	0.494	0.6072	0.3671	0.9743	4.1631	5.1373
1266686PIP	2008	3	28	2.6	3.0	0.7996	0.133	0.203	0.0794	0.2824	0.9327	1.2151
1266686PIP	2008	3	31	3.0	3.2	1.128	0.1789	0.26	0.1122	0.3722	1.3069	1.6791
1266686PIP	2008	3	34	5.0	4.0	3.8517	0.5151	0.6287	0.3855	1.0142	4.3668	5.381
1266686PIP	2008	3	37	3.8	3.5	1.9912	0.2918	0.3912	0.1987	0.5898	2.283	2.8729
1266686PIP	2008	3	40	3.5	3.4	1.634	0.2462	0.3393	0.1629	0.5022	1.8801	2.3824
1266686PIP	2008	3	42	3.5	3.4	1.634	0.2462	0.3393	0.1629	0.5022	1.8801	2.3824
1266686PIP	2008	3	45	4.7	3.9	3.3193	0.4532	0.5649	0.332	0.8969	3.7725	4.6694
1266686PIP	2008	3	47	5.8	4.2	5.5032	0.7004	0.8127	0.5517	1.3644	6.2036	7.5679
1266686PIP	2008	3	48	2.8	3.1	0.9556	0.1551	0.2307	0.095	0.3257	1.1107	1.4364
1266686PIP	2008	3	50	2.8	3.1	0.9556	0.1551	0.2307	0.095	0.3257	1.1107	1.4364
1266686PIP	2008	3	51	3.4	3.4	1.524	0.2318	0.3228	0.1518	0.4746	1.7558	2.2304
1266686PIP	2008	3	53	4.8	3.9	3.4916	0.4734	0.5859	0.3493	0.9352	3.965	4.9002
1266686PIP	2008	3	54	3.0	3.2	1.128	0.1789	0.26	0.1122	0.3722	1.3069	1.6791
1266686PIP	2008	3	56	2.8	3.1	0.9556	0.1551	0.2307	0.095	0.3257	1.1107	1.4364
1266686PIP	2008	3	57	2.6	3.0	0.7996	0.133	0.203	0.0794	0.2824	0.9327	1.2151
1266706PIP	2008	20	1	9.6	8.0	12.2444	2.3306	3.6659	2.1911	5.857	14.575	20.432
1266706PIP	2008	13	4	5.2	4.6	3.0134	0.6175	1.6967	0.8632	2.5599	3.6308	6.1907
1266706PIP	2008	13	6	12.5	9.4	27.3475	4.4152	5.8657	5.369	11.2347	31.7627	42.9974
1266706PIP	2008	13	9	7.2	6.0	6.8305	1.2812	2.6883	1.7007	4.3891	8.1117	12.5007
1266706PIP	2008	13	10	5.9	5.1	4.1398	0.8197	2.0285	1.1231	3.1516	4.9595	8.1111
1266706PIP	2008	13	12	10.3	8.1	16.8074	2.8601	4.4608	3.5867	8.0475	19.6675	27.715
1266706PIP	2008	13	13	4.0	3.8	1.5578	0.3428	1.1707	0.4997	1.6704	1.9006	3.571
1266706PIP	2008	13	15	17.1	11.8	60.1359	8.9162	9.1366	10.3154	19.452	69.0521	88.504
1266706PIP	2008	13	16	14.3	10.4	38.3568	5.9703	7.0949	7.1064	14.2013	44.327	58.5284
1266706PIP	2008	20	19	5.1	4.8	2.6781	0.5277	1.2752	0.4393	1.7145	3.2058	4.9203
1266706PIP	2008	20	24	2.9	3.0	0.6897	0.1402	0.4969	0.1047	0.6016	0.8299	1.4314
1266706PIP	2008	13	26	11.4	8.7	21.6929	3.5911	5.1492	4.4313	9.5805	25.2839	34.8644
1266706PIP	2008	13	27	6.6	5.6	5.4881	1.054	2.377	1.4187	3.7958	6.5422	10.3379
1266706PIP	2008	20	29	4.3	4.2	1.7773	0.3535	0.9591	0.2848	1.2438	2.1308	3.3746
1266706PIP	2008	20	30	3.8	3.8	1.3206	0.2644	0.7802	0.208	0.9883	1.585	2.5732
1266706PIP	2008	13	32	6.1	5.2	4.5018	0.8833	2.1264	1.2039	3.3303	5.3851	8.7154
1266706PIP	2008	20	33	3.7	3.7	1.2386	0.2483	0.7463	0.1944	0.9407	1.4869	2.4276
1266706PIP	2008	20	35	4.3	4.2	1.7773	0.3535	0.9591	0.2848	1.2438	2.1308	3.3746
1266706PIP	2008	20	36	3.1	3.2	0.8096	0.1639	0.5554	0.124	0.6794	0.9735	1.6529
1266706PIP	2008	20	39	3.4	3.4	1.0108	0.2036	0.648	0.1568	0.8048	1.2145	2.0193
1266706PIP	2008	20	41	2.6	2.8	0.5305	0.1084	0.4141	0.0793	0.4934	0.639	1.1324
1266706PIP	2008	20	42	3.5	3.5	1.0838	0.218	0.6801	0.1688	0.8489	1.3017	2.1507
1266706PIP	2008	38	44	18.9	10.8	92.7957	15.8711	6.6732	24.513	31.1862	108.6668	139.853
1266706PIP	2008	38	47	2.6	4.3	0.648	0.1344	0.2604	0.1548	0.4153	0.7824	1.1977
1266706PIP	2008	20	49	3.6	3.6	1.1597	0.2329	0.7129	0.1813	0.8942	1.3925	2.2868
1266706PIP	2008	20	50	3.0	3.1	0.7483	0.1518	0.5258	0.1141	0.6399	0.9	1.54
1266706PIP	2008	20	52	2.6	2.8	0.5305	0.1084	0.4141	0.0793	0.4934	0.639	1.1324
1266706PIP	2008	20	53	3.2	3.3	0.8738	0.1766	0.5856	0.1344	0.7201	1.0504	1.7705
1266706PIP	2008	20	56	4.7	4.5	2.2009	0.4356	1.1126	0.357	1.4696	2.6364	4.106
1266706PIP	2008	13	62	14.9	10.7	42.5334	6.5468	7.5196	7.7419	15.2615	49.0802	64.3417
1266706PIP	2008	20	64	4.8	4.5	2.3151	0.4576	1.1524	0.3766	1.529	2.7727	4.3017
1266706PIP	2008	20	67	2.7	2.9	0.5809	0.1185	0.441	0.0873	0.5283	0.6994	1.2277
1266706PIP	2008	13	69	2.5	2.7	0.4778	0.1195	0.6022	0.1876	0.7899	0.5972	1.3871
1266706PIP	2008	20	73	4.9	4.6	2.4327	0.4803	1.1928	0.3968	1.5896	2.913	4.5026
1266706PIP	2008	20	75	3.0	3.1	0.7483	0.1518	0.5258	0.1141	0.6399	0.9	1.54
1266706PIP	2008	20	76	5.8	5.3	3.648	0.7137	1.5806	0.6091	2.1897	4.3618	6.5514
1266706PIP	2008	38	78	2.6	4.3	0.648	0.1344	0.2604	0.1548	0.4153	0.7824	1.1977
1266706PIP	2008	20	79	6.9	6.2	5.5373	1.0731	2.1122	0.9468	3.0591	6.6104	9.6695
1266706PIP	2008	20	82	3.6	3.6	1.1597	0.2329	0.7129	0.1813	0.8942	1.3925	2.2868
1266706PIP	2008	13	84	5.7	5.0	3.7959	0.7587	1.9319	1.0452	2.9772	4.5546	7.5317
1266706PIP	2008	20	87	3.5	3.5	1.0838	0.218	0.6801	0.1688	0.8489	1.3017	2.1507
1266706PIP	2008	38	89	2.8	4.5	0.78	0.1607	0.294	0.1871	0.4811	0.9407	1.4218
1266706PIP	2008	13	90	4.4	4.0	1.9797	0.4245	1.3397	0.6094	1.9491	2.4043	4.3534
1266706PIP	2008	13	92	11.4	8.7	21.6929	3.5911	5.1492	4.4313	9.5805	25.2839	34.8644
1266706PIP	2008	13	93	10.8	8.4	18.9352	3.181	4.7701	3.9591	8.7292	22.1161	30.8453
1266706PIP	2008	13	95	12.1	9.2	25.1999	4.1046	5.602	5.0172	10.6192	29.3045	39.9237
1266706PIP	2008	13	96	5.5	4.8	3.4698	0.7002	1.8368	0.9703	2.807	4.1701	6.9771
1266706PIP	2008	20	99	3.4	3.4	1.0108	0.2036	0.648	0.1568	0.8048	1.2145	2.0193
1266706PIP	2008	20	102	2.9	3.0	0.6897	0.1402	0.4969	0.1047	0.6016	0.8299	1.4314
1266706PIP	2008	20	104	6.7	6.0	5.1594	1.0015	2.011	0.8787	2.8897	6.1609	9.0506
1266706PIP	2008	13	105	15.2	10.9	44.7199	6.8462	7.7346	8.0703	15.8049	51.566	67.3709
1266706PIP	2008	20	107	3.2	3.3	0.8738	0.1766	0.5856	0.1344	0.7201	1.0504	1.7705
1266706PIP	2008	20	109	7.8	6.8	7.4344	1.4312	2.592	1.2929	3.8848	8.8656	12.7504
1266706PIP	2008	20	110	5.0	4.7	2.5537	0.5037	1.2337	0.4177	1.6514	3.0574	4.7088
1266706PIP	2008	20	112	13.9	10.2	29.7993	5.5585	6.8005	5.611	12.4115	35.3577	47.7693
1266706PIP	2008	13	113	5.8	5.0	3.9656	0.7888	1.98	1.0838	3.0638	4.7544	7.8183
1266706PIP	2008	20	115	4.6	4.4	2.09	0.4141	1.0734	0.338	1.4114	2.5041	3.9155
1266706PIP	2008	13	116	12.0	9.1	24.6794	4.0289	5.5366	4.9312	10.4678	28.7084	39.1761
1266706PIP	2008	20	118	4.8	4.5	2.3151	0.4576	1.1524	0.3766	1.529	2.7727	4.3017
1266706PIP	2008	13	124	7.6	6.3	7.8253	1.4463	2.902	1.9036	4.8055	9.2716	14.0772
1266706PIP	2008	13	125	3.6	3.5	1.1952	0.2707	1.0086	0.4012	1.4098	1.4659	2.8757
1266706PIP	2008	13	127	14.3	10.4	38.3568	5.9703	7.0949	7.1064	14.2013	44.327	58.5284
1266706PIP	2008	13	130	5.7	5.0	3.7959	0.7587	1.9319	1.0452	2.9772	4.5546	7.5317
1266706PIP	2008	13	132	10.8	8.4	18.9352	3.181	4.7701	3.9591	8.7292	22.1161	30.8453
1266706PIP	2008	13	133	7.1	5.9	6.5944	1.2416	2.6357	1.6519	4.2876	7.836	12.1236
1266716PIP	2008	13	3	17.0	17.3	59.2554	8.7996	9.0611	10.1901	19.2512	68.0551	87.3063
1266716PIP	2008	13	6	22.2	20.6	115.929	16.0113	13.2161	17.7709	30.987	131.9403	162.9274
1266716PIP	2008	13	9	19.8	19.2	86.9445	12.3874	11.2417	14.0012	25.2429	99.332	124.5749
1266716PIP	2008	13	12	19.9	19.3	88.053	12.5282	11.3221	14.149	25.471	100.5812	126.0522
1266716PIP	2008	20	14	7.4	7.2	6.551	1.2647	2.3739	1.131	3.5049	7.8157	11.3206
1266716PIP	2008	13	17	16.6	17.0	55.8116	8.342	8.761	9.6968	18.4578	64.1536	82.6114
1266716PIP	2008	13	19	18.2	18.1	70.3428	10.2543	9.9788	11.7465	21.7252	80.5971	102.3224
1266716PIP	2008	13	22	16.0	16.5	50.8767	7.6809	8.3166	8.9807	17.2973	58.5576	75.8549
1266716PIP	2008	13	23	13.2	14.3	31.3636	4.9892	6.3356	6.0146	12.3502	36.3527	48.7029
1266716PIP	2008	13	25	8.6	10.0	10.6783	1.9084	3.4564	2.4629	5.9193	12.5867	18.506
1266716PIP	2008	13	26	17.4	17.6	62.8243	9.2708	9.3641	10.6961	20.0602	72.0951	92.1553
1266716PIP	2008	20	28	4.3	4.4	1.7773	0.3535	0.9591	0.2848	1.2438	2.1308	3.3746
1266716PIP	2008	13	29	11.7	13.0	23.1572	3.8065	5.3419	4.6778	10.0196	26.9637	36.9833
1266716PIP	2008	13	34	16.1	16.6	51.6801	7.789	8.3902	9.0981	17.4882	59.4691	76.9573
1266716PIP	2008	13	37	20.7	19.8	97.2275	13.6862	11.9711	15.3601	27.3312	110.9136	138.2449
1266716PIP	2008	20	42	7.5	7.3	6.7657	1.3052	2.4277	1.1703	3.5979	8.071	11.6689
1266716PIP	2008	13	43	19.9	19.3	88.053	12.5282	11.3221	14.149	25.471	100.5812	126.0522
1266716PIP	2008	20	48	4.4	4.5	1.8783	0.3731	0.9966	0.3019	1.2985	2.2513	3.5498
1266716PIP	2008	13	52	11.6	12.9	22.6627	3.7339	5.2774	4.5948	9.8722	26.3966	36.2688
1266716PIP	2008	13	54	21.9	20.5	112.0297	15.5301	12.9642	17.2741	30.2384	127.5598	157.7982
1266716PIP	2008	13	57	12.2	13.4	25.7269	4.1811	5.6676	5.104	10.7715	29.908	40.6795
1266716PIP	2008	13	59	18.7	18.5	75.3041	10.897	10.3687	12.429	22.7976	86.201	108.9987
1266716PIP	2008	13	62	23.4	21.3	132.3383	18.018	14.2377	19.8314	34.0691	150.3562	184.4253
1266716PIP	2008	20	63	9.5	9.0	11.9402	2.274	3.6024	2.1335	5.7359	14.2142	19.9501
1266716PIP	2008	20	65	4.5	4.6	1.9825	0.3933	1.0347	0.3196	1.3543	2.3758	3.7301
1266716PIP	2008	13	66	16.3	16.8	53.3097	8.0077	8.538	9.3352	17.8731	61.3174	79.1906
1266766PIP	2008	13	1	4.0	3.9	1.5578	0.3428	1.1707	0.4997	1.6704	1.9006	3.571
1266766PIP	2008	13	2	3.0	3.1	0.7557	0.1798	0.7794	0.2744	1.0537	0.9355	1.9892
1266766PIP	2008	13	5	3.5	3.5	1.1135	0.2541	0.9692	0.3783	1.3475	1.3676	2.7151
1266766PIP	2008	13	8	2.6	2.9	0.5273	0.1304	0.6366	0.2036	0.8402	0.6577	1.4979
1266766PIP	2008	13	10	3.4	3.4	1.0352	0.2381	0.9303	0.3561	1.2864	1.2733	2.5597
1266766PIP	2008	13	13	3.3	3.4	0.9603	0.2227	0.8918	0.3346	1.2265	1.183	2.4095
1266766PIP	2008	13	15	3.5	3.5	1.1135	0.2541	0.9692	0.3783	1.3475	1.3676	2.7151
1266766PIP	2008	13	16	3.9	3.8	1.4617	0.3239	1.1295	0.474	1.6035	1.7856	3.3891
1266766PIP	2008	13	18	2.9	3.1	0.6939	0.1666	0.7429	0.2556	0.9985	0.8606	1.8591
1266766PIP	2008	13	19	3.4	3.4	1.0352	0.2381	0.9303	0.3561	1.2864	1.2733	2.5597
1266766PIP	2008	13	21	2.9	3.1	0.6939	0.1666	0.7429	0.2556	0.9985	0.8606	1.8591
1266766PIP	2008	13	22	3.1	3.2	0.8206	0.1935	0.8164	0.2938	1.1101	1.0142	2.1243
1266766PIP	2008	13	25	2.5	2.8	0.4778	0.1195	0.6022	0.1876	0.7899	0.5972	1.3871
1266766PIP	2008	13	30	5.8	5.2	3.9656	0.7888	1.98	1.0838	3.0638	4.7544	7.8183
1266766PIP	2008	13	35	2.6	2.9	0.5273	0.1304	0.6366	0.2036	0.8402	0.6577	1.4979
1266766PIP	2008	13	36	2.6	2.9	0.5273	0.1304	0.6366	0.2036	0.8402	0.6577	1.4979
1266766PIP	2008	13	38	2.9	3.1	0.6939	0.1666	0.7429	0.2556	0.9985	0.8606	1.8591
1266766PIP	2008	13	39	5.6	5.1	3.6307	0.7291	1.8842	1.0074	2.8915	4.3598	7.2513
1266766PIP	2008	13	41	3.3	3.4	0.9603	0.2227	0.8918	0.3346	1.2265	1.183	2.4095
1266766PIP	2008	13	42	2.8	3.0	0.6353	0.154	0.7069	0.2376	0.9445	0.7893	1.7339
1266766PIP	2008	13	44	2.6	2.9	0.5273	0.1304	0.6366	0.2036	0.8402	0.6577	1.4979
1266766PIP	2008	13	45	3.3	3.4	0.9603	0.2227	0.8918	0.3346	1.2265	1.183	2.4095
1266766PIP	2008	13	48	2.9	3.1	0.6939	0.1666	0.7429	0.2556	0.9985	0.8606	1.8591
1266766PIP	2008	13	50	3.4	3.4	1.0352	0.2381	0.9303	0.3561	1.2864	1.2733	2.5597
1266766PIP	2008	13	51	2.6	2.9	0.5273	0.1304	0.6366	0.2036	0.8402	0.6577	1.4979
1266766PIP	2008	13	53	4.4	4.2	1.9797	0.4245	1.3397	0.6094	1.9491	2.4043	4.3534
1266766PIP	2008	13	55	4.2	4.0	1.7612	0.3825	1.2543	0.5531	1.8075	2.1436	3.9511
1266766PIP	2008	13	56	2.8	3.0	0.6353	0.154	0.7069	0.2376	0.9445	0.7893	1.7339
1266766PIP	2008	13	58	5.8	5.2	3.9656	0.7888	1.98	1.0838	3.0638	4.7544	7.8183
1266766PIP	2008	13	59	3.3	3.4	0.9603	0.2227	0.8918	0.3346	1.2265	1.183	2.4095
1266766PIP	2008	13	61	2.5	2.8	0.4778	0.1195	0.6022	0.1876	0.7899	0.5972	1.3871
1266766PIP	2008	13	62	3.5	3.5	1.1135	0.2541	0.9692	0.3783	1.3475	1.3676	2.7151
1266766PIP	2008	13	64	4.3	4.1	1.8685	0.4032	1.2968	0.5809	1.8777	2.2717	4.1494
1266766PIP	2008	13	68	3.8	3.7	1.3693	0.3056	1.0888	0.449	1.5378	1.6749	3.2127
1266766PIP	2008	13	70	6.1	5.5	4.5018	0.8833	2.1264	1.2039	3.3303	5.3851	8.7154
1266766PIP	2008	13	71	3.0	3.1	0.7557	0.1798	0.7794	0.2744	1.0537	0.9355	1.9892
1266766PIP	2008	13	73	3.4	3.4	1.0352	0.2381	0.9303	0.3561	1.2864	1.2733	2.5597
1266766PIP	2008	13	75	2.9	3.1	0.6939	0.1666	0.7429	0.2556	0.9985	0.8606	1.8591
1266766PIP	2008	20	76	2.7	2.7	0.5809	0.1185	0.441	0.0873	0.5283	0.6994	1.2277
1266766PIP	2008	13	78	4.8	4.5	2.464	0.516	1.5151	0.7306	2.2457	2.98	5.2257
1266766PIP	2008	13	79	7.9	6.8	8.6254	1.5775	3.0653	2.0635	5.1288	10.203	15.3318
1266766PIP	2008	13	82	3.9	3.8	1.4617	0.3239	1.1295	0.474	1.6035	1.7856	3.3891
1266766PIP	2008	13	84	4.0	3.9	1.5578	0.3428	1.1707	0.4997	1.6704	1.9006	3.571
1266766PIP	2008	13	85	7.1	6.2	6.5944	1.2416	2.6357	1.6519	4.2876	7.836	12.1236
1266766PIP	2008	13	88	2.9	3.1	0.6939	0.1666	0.7429	0.2556	0.9985	0.8606	1.8591
1266766PIP	2008	13	93	2.5	2.8	0.4778	0.1195	0.6022	0.1876	0.7899	0.5972	1.3871
1266766PIP	2008	13	96	3.5	3.5	1.1135	0.2541	0.9692	0.3783	1.3475	1.3676	2.7151
1266766PIP	2008	13	98	3.2	3.3	0.8888	0.2078	0.8539	0.3139	1.1677	1.0967	2.2644
1273551PIP	2008	13	1	9.0	7.2	11.9716	2.1133	3.6859	2.7076	6.3935	14.0849	20.4784
1273551PIP	2008	74	2	6.9	8.9	7.2095	1.715	0.6086	1.0427	1.6513	8.9245	10.5758
1273551PIP	2008	74	4	3.5	5.9	1.3438	0.3375	0.2012	0.1883	0.3896	1.6813	2.0708
1273551PIP	2008	13	5	2.7	2.9	0.5798	0.142	0.6715	0.2203	0.8918	0.7218	1.6135
1273551PIP	2008	74	7	3.3	5.7	1.1617	0.2932	0.1828	0.1624	0.3452	1.4548	1.8
1273551PIP	2008	3	8	12.3	9.8	33.5349	3.3208	2.9812	3.3907	6.372	36.8557	43.2277
1273551PIP	2008	74	13	12.8	11.6	33.2736	7.533	1.6666	4.9523	6.6189	40.8066	47.4255
1273551PIP	2008	74	16	4.2	6.7	2.1101	0.5223	0.2709	0.2982	0.5691	2.6324	3.2015
1273551PIP	2008	74	18	4.7	7.1	2.7874	0.6838	0.3254	0.396	0.7214	3.4712	4.1926
1273551PIP	2008	74	22	7.0	9.0	7.4709	1.7751	0.623	1.0812	1.7042	9.246	10.9503
1273551PIP	2008	74	24	4.4	6.9	2.3676	0.5839	0.2922	0.3353	0.6276	2.9514	3.579
1273551PIP	2008	13	25	7.6	6.3	7.8253	1.4463	2.902	1.9036	4.8055	9.2716	14.0772
1273551PIP	2008	13	27	4.5	4.1	2.0948	0.4465	1.3829	0.6387	2.0216	2.5413	4.5629
1273551PIP	2008	3	28	2.8	4.8	0.9556	0.1551	0.2307	0.095	0.3257	1.1107	1.4364
1273551PIP	2008	74	31	3.0	5.4	0.9176	0.2333	0.1565	0.1277	0.2842	1.1509	1.4351
1273551PIP	2008	74	34	7.0	9.0	7.4709	1.7751	0.623	1.0812	1.7042	9.246	10.9503
1273551PIP	2008	74	36	3.9	6.3	1.7565	0.4374	0.2401	0.2474	0.4875	2.1938	2.6813
1273551PIP	2008	74	38	4.6	7.0	2.6429	0.6495	0.3142	0.3751	0.6893	3.2924	3.9817
1273551PIP	2008	38	39	7.8	9.4	10.13	1.8884	1.5698	2.5588	4.1286	12.0184	16.147
1273551PIP	2008	74	41	3.0	5.4	0.9176	0.2333	0.1565	0.1277	0.2842	1.1509	1.4351
1273551PIP	2008	74	42	3.1	5.5	0.9951	0.2524	0.1651	0.1387	0.3038	1.2475	1.5513
1273551PIP	2008	74	45	5.2	7.6	3.5798	0.8711	0.3837	0.511	0.8947	4.4509	5.3457
1273551PIP	2008	74	47	6.8	8.8	6.9537	1.6561	0.5942	1.005	1.5993	8.6098	10.209
1273551PIP	2008	74	48	6.2	8.4	5.5325	1.3274	0.5112	0.7962	1.3074	6.86	8.1673
1273551PIP	2008	38	51	8.4	9.7	12.1943	2.2569	1.7721	3.0917	4.8638	14.4511	19.3149
1273551PIP	2008	74	53	7.1	9.0	7.7378	1.8365	0.6376	1.1206	1.7582	9.5743	11.3325
1273551PIP	2008	13	54	3.0	3.1	0.7557	0.1798	0.7794	0.2744	1.0537	0.9355	1.9892
1273551PIP	2008	13	56	6.3	5.4	4.8823	0.9496	2.2257	1.2876	3.5133	5.8318	9.3452
1273551PIP	2008	13	58	3.3	3.3	0.9603	0.2227	0.8918	0.3346	1.2265	1.183	2.4095
1273551PIP	2008	38	59	5.4	7.8	4.0359	0.7798	0.8605	1.0006	1.8611	4.8157	6.6768
1273551PIP	2008	74	61	9.3	10.3	15.0921	3.5053	0.99	2.2132	3.2033	18.5975	21.8007
1273551PIP	2008	38	62	3.4	5.9	1.268	0.2563	0.4038	0.3071	0.711	1.5243	2.2353
1273551PIP	2008	3	64	12.2	9.8	32.8832	3.2652	2.9394	3.3245	6.264	36.1484	42.4123
1273551PIP	2008	13	67	4.8	4.3	2.464	0.516	1.5151	0.7306	2.2457	2.98	5.2257
1273551PIP	2008	13	68	6.1	5.3	4.5018	0.8833	2.1264	1.2039	3.3303	5.3851	8.7154
1273551PIP	2008	13	71	4.3	4.0	1.8685	0.4032	1.2968	0.5809	1.8777	2.2717	4.1494
1273551PIP	2008	38	74	4.8	7.3	3.0056	0.5874	0.7097	0.7408	1.4505	3.593	5.0435
1273551PIP	2008	13	76	10.0	7.9	15.6034	2.6766	4.2782	3.3724	7.6506	18.28	25.9306
1273551PIP	2008	13	79	6.8	5.7	5.916	1.127	2.4796	1.5098	3.9893	7.043	11.0323
1273551PIP	2008	13	81	7.3	6.1	7.0716	1.3214	2.7413	1.7503	4.4916	8.393	12.8846
1273551PIP	2008	74	82	6.1	8.3	5.3143	1.2767	0.4978	0.7642	1.262	6.591	7.853
1273551PIP	2008	13	84	10.0	7.9	15.6034	2.6766	4.2782	3.3724	7.6506	18.28	25.9306
1273551PIP	2008	38	85	4.1	6.6	2.0259	0.402	0.5485	0.4953	1.0438	2.4279	3.4717
1273551PIP	2008	13	87	7.7	6.4	8.0868	1.4894	2.9561	1.9562	4.9123	9.5762	14.4884
1273551PIP	2008	13	88	7.6	6.3	7.8253	1.4463	2.902	1.9036	4.8055	9.2716	14.0772
1273551PIP	2008	3	90	6.8	7.8	8.0666	0.9736	1.0699	0.8101	1.8801	9.0402	10.9202
1273551PIP	2008	13	91	5.0	4.5	2.7303	0.5655	1.6051	0.7955	2.4006	3.2958	5.6964
1273551PIP	2008	13	94	5.7	5.0	3.7959	0.7587	1.9319	1.0452	2.9772	4.5546	7.5317
1273551PIP	2008	38	96	5.1	7.5	3.498	0.6796	0.7837	0.8648	1.6485	4.1776	5.8261
1273551PIP	2008	13	99	4.9	4.4	2.5951	0.5404	1.5599	0.7627	2.3226	3.1355	5.4581
1273551PIP	2008	13	101	4.0	3.8	1.5578	0.3428	1.1707	0.4997	1.6704	1.9006	3.571
1273551PIP	2008	13	102	5.6	4.9	3.6307	0.7291	1.8842	1.0074	2.8915	4.3598	7.2513
1273551PIP	2008	13	104	3.1	3.1	0.8206	0.1935	0.8164	0.2938	1.1101	1.0142	2.1243
1273551PIP	2008	13	105	4.2	3.9	1.7612	0.3825	1.2543	0.5531	1.8075	2.1436	3.9511
1273551PIP	2008	13	107	5.6	4.9	3.6307	0.7291	1.8842	1.0074	2.8915	4.3598	7.2513
1273551PIP	2008	13	108	7.7	6.4	8.0868	1.4894	2.9561	1.9562	4.9123	9.5762	14.4884
1273551PIP	2008	13	110	6.6	5.6	5.4881	1.054	2.377	1.4187	3.7958	6.5422	10.3379
1273551PIP	2008	13	111	3.2	3.2	0.8888	0.2078	0.8539	0.3139	1.1677	1.0967	2.2644
1273551PIP	2008	13	114	4.8	4.3	2.464	0.516	1.5151	0.7306	2.2457	2.98	5.2257
1273551PIP	2008	13	116	4.9	4.4	2.5951	0.5404	1.5599	0.7627	2.3226	3.1355	5.4581
1273551PIP	2008	13	117	6.6	5.6	5.4881	1.054	2.377	1.4187	3.7958	6.5422	10.3379
1273551PIP	2008	13	119	5.3	4.7	3.1612	0.6444	1.743	0.8982	2.6412	3.8056	6.4468
1273551PIP	2008	13	121	4.9	4.4	2.5951	0.5404	1.5599	0.7627	2.3226	3.1355	5.4581
1273551PIP	2008	13	122	8.0	6.6	8.9026	1.6227	3.1203	2.1183	5.2386	10.5253	15.764
1273551PIP	2008	13	125	6.0	5.2	4.3185	0.8512	2.0773	1.1631	3.2404	5.1697	8.4101
1273551PIP	2008	13	127	2.8	2.9	0.6353	0.154	0.7069	0.2376	0.9445	0.7893	1.7339
1273551PIP	2008	13	128	6.7	5.7	5.6997	1.0902	2.4281	1.4639	3.892	6.7898	10.6818
1273551PIP	2008	13	130	3.2	3.2	0.8888	0.2078	0.8539	0.3139	1.1677	1.0967	2.2644
1273551PIP	2008	13	131	3.1	3.1	0.8206	0.1935	0.8164	0.2938	1.1101	1.0142	2.1243
1273551PIP	2008	13	134	4.7	4.3	2.3369	0.4922	1.4706	0.6992	2.1699	2.8291	4.999
1273551PIP	2008	13	136	3.3	3.3	0.9603	0.2227	0.8918	0.3346	1.2265	1.183	2.4095
1273551PIP	2008	38	137	4.3	6.8	2.2823	0.4508	0.5929	0.5594	1.1523	2.7331	3.8854
1273551PIP	2008	13	139	3.1	3.1	0.8206	0.1935	0.8164	0.2938	1.1101	1.0142	2.1243
1273551PIP	2008	13	142	5.2	4.6	3.0134	0.6175	1.6967	0.8632	2.5599	3.6308	6.1907
1273551PIP	2008	13	144	6.9	5.8	6.1372	1.1645	2.5313	1.5564	4.0877	7.3017	11.3894
1273551PIP	2008	13	145	10.3	8.1	16.8074	2.8601	4.4608	3.5867	8.0475	19.6675	27.715
1273551PIP	2008	13	147	3.2	3.2	0.8888	0.2078	0.8539	0.3139	1.1677	1.0967	2.2644
1273551PIP	2008	38	148	2.9	5.3	0.8516	0.1748	0.3114	0.2046	0.516	1.0264	1.5424
1273551PIP	2008	13	151	6.9	5.8	6.1372	1.1645	2.5313	1.5564	4.0877	7.3017	11.3894
1273551PIP	2008	20	154	3.5	3.8	1.0838	0.218	0.6801	0.1688	0.8489	1.3017	2.1507
1273551PIP	2008	13	157	3.5	3.4	1.1135	0.2541	0.9692	0.3783	1.3475	1.3676	2.7151
1273551PIP	2008	13	159	4.2	3.9	1.7612	0.3825	1.2543	0.5531	1.8075	2.1436	3.9511
1273551PIP	2008	13	162	4.5	4.1	2.0948	0.4465	1.3829	0.6387	2.0216	2.5413	4.5629
1273551PIP	2008	13	164	9.2	7.4	12.6519	2.2201	3.8023	2.8345	6.6368	14.872	21.5088
1273551PIP	2008	13	165	4.7	4.3	2.3369	0.4922	1.4706	0.6992	2.1699	2.8291	4.999
1273551PIP	2008	13	167	9.0	7.2	11.9716	2.1133	3.6859	2.7076	6.3935	14.0849	20.4784
1273551PIP	2008	13	168	4.1	3.8	1.6576	0.3623	1.2123	0.526	1.7384	2.02	3.7583
1273551PIP	2008	13	170	6.1	5.3	4.5018	0.8833	2.1264	1.2039	3.3303	5.3851	8.7154
1273551PIP	2008	13	171	3.7	3.5	1.2805	0.2878	1.0485	0.4247	1.4732	1.5683	3.0415
1273551PIP	2008	13	173	7.0	5.9	6.3634	1.2027	2.5833	1.6038	4.1871	7.5661	11.7532
1273551PIP	2008	13	174	2.6	2.8	0.5273	0.1304	0.6366	0.2036	0.8402	0.6577	1.4979
1273551PIP	2008	13	177	6.4	5.5	5.0795	0.9837	2.2758	1.3306	3.6064	6.0632	9.6696
1273551PIP	2008	13	179	5.6	4.9	3.6307	0.7291	1.8842	1.0074	2.8915	4.3598	7.2513
1273551PIP	2008	13	180	3.7	3.5	1.2805	0.2878	1.0485	0.4247	1.4732	1.5683	3.0415
1273551PIP	2008	13	182	7.0	5.9	6.3634	1.2027	2.5833	1.6038	4.1871	7.5661	11.7532
1273551PIP	2008	13	184	4.8	4.3	2.464	0.516	1.5151	0.7306	2.2457	2.98	5.2257
1273551PIP	2008	13	185	5.9	5.1	4.1398	0.8197	2.0285	1.1231	3.1516	4.9595	8.1111
1273551PIP	2008	13	187	4.6	4.2	2.2139	0.469	1.4266	0.6686	2.0952	2.6829	4.7781
1273551PIP	2008	13	188	7.8	6.4	8.3535	1.5331	3.0106	2.0095	5.02	9.8866	14.9066
1273551PIP	2008	13	190	3.1	3.1	0.8206	0.1935	0.8164	0.2938	1.1101	1.0142	2.1243
1273551PIP	2008	13	194	6.8	5.7	5.916	1.127	2.4796	1.5098	3.9893	7.043	11.0323
1273551PIP	2008	13	197	8.1	6.6	9.1851	1.6685	3.1756	2.1739	5.3495	10.8537	16.2032
1273551PIP	2008	13	199	6.0	5.2	4.3185	0.8512	2.0773	1.1631	3.2404	5.1697	8.4101
1273551PIP	2008	74	200	7.1	9.0	7.7378	1.8365	0.6376	1.1206	1.7582	9.5743	11.3325
1273551PIP	2008	74	202	9.3	10.3	15.0921	3.5053	0.99	2.2132	3.2033	18.5975	21.8007
1273551PIP	2008	13	204	4.2	3.9	1.7612	0.3825	1.2543	0.5531	1.8075	2.1436	3.9511
1273551PIP	2008	74	205	10.3	10.8	19.4324	4.4767	1.1694	2.8632	4.0327	23.9091	27.9418
1273561PIP	2008	3	48	5.0	3.8	3.8517	0.5151	0.6287	0.3855	1.0142	4.3668	5.381
1273561PIP	2008	3	49	4.6	3.6	3.152	0.4334	0.5443	0.3152	0.8595	3.5855	4.445
1273561PIP	2008	3	51	4.8	3.7	3.4916	0.4734	0.5859	0.3493	0.9352	3.965	4.9002
1273561PIP	2008	3	52	3.1	3.1	1.2205	0.1915	0.2751	0.1215	0.3966	1.412	1.8086
1273561PIP	2008	3	57	5.3	3.9	4.4309	0.5811	0.6954	0.4437	1.1391	5.012	6.1511
1273561PIP	2008	3	58	3.4	3.2	1.524	0.2318	0.3228	0.1518	0.4746	1.7558	2.2304
1273561PIP	2008	13	60	3.3	3.5	0.9603	0.2227	0.8918	0.3346	1.2265	1.183	2.4095
1273561PIP	2008	3	62	4.9	3.7	3.6691	0.494	0.6072	0.3671	0.9743	4.1631	5.1373
1273561PIP	2008	3	63	5.7	4.0	5.2778	0.6756	0.7886	0.529	1.3176	5.9534	7.271
1273561PIP	2008	3	65	5.9	4.0	5.734	0.7256	0.8371	0.5749	1.412	6.4597	7.8717
1273561PIP	2008	13	66	3.0	3.3	0.7557	0.1798	0.7794	0.2744	1.0537	0.9355	1.9892
1273561PIP	2008	13	68	2.5	2.9	0.4778	0.1195	0.6022	0.1876	0.7899	0.5972	1.3871
1273561PIP	2008	3	69	4.6	3.6	3.152	0.4334	0.5443	0.3152	0.8595	3.5855	4.445
1273561PIP	2008	3	71	3.0	3.0	1.128	0.1789	0.26	0.1122	0.3722	1.3069	1.6791
1273561PIP	2008	13	72	3.1	3.4	0.8206	0.1935	0.8164	0.2938	1.1101	1.0142	2.1243
1273561PIP	2008	3	75	4.7	3.7	3.3193	0.4532	0.5649	0.332	0.8969	3.7725	4.6694
1273561PIP	2008	3	77	4.6	3.6	3.152	0.4334	0.5443	0.3152	0.8595	3.5855	4.445
1273561PIP	2008	3	78	3.4	3.2	1.524	0.2318	0.3228	0.1518	0.4746	1.7558	2.2304
1273561PIP	2008	3	80	3.5	3.2	1.634	0.2462	0.3393	0.1629	0.5022	1.8801	2.3824
1273561PIP	2008	13	82	2.8	3.1	0.6353	0.154	0.7069	0.2376	0.9445	0.7893	1.7339
1273561PIP	2008	3	83	3.9	3.4	2.1195	0.308	0.4092	0.2115	0.6207	2.4275	3.0482
1273561PIP	2008	3	86	4.0	3.4	2.2525	0.3245	0.4275	0.2249	0.6523	2.5771	3.2294
1273561PIP	2008	3	88	2.9	3.0	1.0397	0.1668	0.2452	0.1034	0.3486	1.2065	1.555
1273561PIP	2008	3	89	5.1	3.8	4.0395	0.5367	0.6506	0.4044	1.055	4.5761	5.6311
1273561PIP	2008	3	91	4.9	3.7	3.6691	0.494	0.6072	0.3671	0.9743	4.1631	5.1373
1273561PIP	2008	3	92	4.6	3.6	3.152	0.4334	0.5443	0.3152	0.8595	3.5855	4.445
1273561PIP	2008	3	95	2.8	3.0	0.9556	0.1551	0.2307	0.095	0.3257	1.1107	1.4364
1273561PIP	2008	3	100	3.2	3.1	1.3173	0.2045	0.2906	0.1312	0.4218	1.5218	1.9436
1273561PIP	2008	3	105	3.0	3.0	1.128	0.1789	0.26	0.1122	0.3722	1.3069	1.6791
1273561PIP	2008	3	106	2.5	2.8	0.7277	0.1227	0.1897	0.0723	0.2619	0.8503	1.1123
1273561PIP	2008	3	108	5.6	3.9	5.058	0.6513	0.7648	0.5068	1.2717	5.7093	6.9809
1273561PIP	2008	3	109	4.3	3.5	2.6803	0.377	0.4844	0.2678	0.7522	3.0572	3.8094
1273581PIP	2008	13	2	18.5	18.9	73.2951	10.6373	10.2122	12.1536	22.3657	83.9324	106.2982
1273561PIP	2008	13	46	2.5	2.9	0.4778	0.1195	0.6022	0.1876	0.7899	0.5972	1.3871
1273561PIP	2008	3	45	5.1	3.8	4.0395	0.5367	0.6506	0.4044	1.055	4.5761	5.6311
1273561PIP	2008	3	43	2.8	3.0	0.9556	0.1551	0.2307	0.095	0.3257	1.1107	1.4364
1273561PIP	2008	3	42	5.0	3.8	3.8517	0.5151	0.6287	0.3855	1.0142	4.3668	5.381
1273561PIP	2008	13	40	3.1	3.4	0.8206	0.1935	0.8164	0.2938	1.1101	1.0142	2.1243
1273561PIP	2008	3	37	5.9	4.0	5.734	0.7256	0.8371	0.5749	1.412	6.4597	7.8717
1273561PIP	2008	3	35	3.9	3.4	2.1195	0.308	0.4092	0.2115	0.6207	2.4275	3.0482
1273561PIP	2008	13	32	3.4	3.6	1.0352	0.2381	0.9303	0.3561	1.2864	1.2733	2.5597
1273561PIP	2008	3	31	3.9	3.4	2.1195	0.308	0.4092	0.2115	0.6207	2.4275	3.0482
1273561PIP	2008	13	29	4.4	4.4	1.9797	0.4245	1.3397	0.6094	1.9491	2.4043	4.3534
1273561PIP	2008	3	28	3.4	3.2	1.524	0.2318	0.3228	0.1518	0.4746	1.7558	2.2304
1273561PIP	2008	3	26	5.2	3.8	4.2325	0.5587	0.6729	0.4238	1.0966	4.7912	5.8878
1273561PIP	2008	13	25	2.5	2.9	0.4778	0.1195	0.6022	0.1876	0.7899	0.5972	1.3871
1273561PIP	2008	3	23	3.1	3.1	1.2205	0.1915	0.2751	0.1215	0.3966	1.412	1.8086
1273561PIP	2008	3	22	4.2	3.5	2.5329	0.359	0.4651	0.253	0.7181	2.8919	3.61
1273561PIP	2008	3	20	2.7	2.9	0.8756	0.1438	0.2167	0.087	0.3037	1.0194	1.3231
1273561PIP	2008	3	17	6.0	4.0	5.9705	0.7513	0.8617	0.5988	1.4605	6.7218	8.1823
1273561PIP	2008	3	15	4.8	3.7	3.4916	0.4734	0.5859	0.3493	0.9352	3.965	4.9002
1273561PIP	2008	3	12	3.8	3.4	1.9912	0.2918	0.3912	0.1987	0.5898	2.283	2.8729
1273561PIP	2008	3	9	4.3	3.5	2.6803	0.377	0.4844	0.2678	0.7522	3.0572	3.8094
1273561PIP	2008	13	8	3.2	3.5	0.8888	0.2078	0.8539	0.3139	1.1677	1.0967	2.2644
1273561PIP	2008	3	6	4.1	3.5	2.3903	0.3416	0.4461	0.2387	0.6848	2.7318	3.4166
1273561PIP	2008	3	5	5.8	4.0	5.5032	0.7004	0.8127	0.5517	1.3644	6.2036	7.5679
1273561PIP	2008	3	3	4.6	3.6	3.152	0.4334	0.5443	0.3152	0.8595	3.5855	4.445
1273581PIP	2008	13	3	9.3	11.0	13.0006	2.2746	3.8608	2.8991	6.76	15.2752	22.0351
1273581PIP	2008	13	6	11.8	13.4	23.6581	3.8799	5.4065	4.7615	10.168	27.538	37.706
1273581PIP	2008	13	14	16.8	17.6	57.518	8.5691	8.9107	9.9418	18.8525	66.0871	84.9397
1273581PIP	2008	13	16	18.0	18.5	68.4151	10.0033	9.824	11.4791	21.3031	78.4184	99.7215
1273581PIP	2008	13	17	17.4	18.1	62.8243	9.2708	9.3641	10.6961	20.0602	72.0951	92.1553
1273581PIP	2008	13	22	11.8	13.4	23.6581	3.8799	5.4065	4.7615	10.168	27.538	37.706
1273581PIP	2008	13	25	17.9	18.5	67.4633	9.8791	9.7469	11.3466	21.0935	77.3424	98.4359
1273581PIP	2008	13	26	13.7	15.1	34.4373	5.423	6.6776	6.4992	13.1768	39.8604	53.0371
1273581PIP	2008	13	32	14.2	15.6	37.6858	5.877	7.0249	7.0032	14.0281	43.5629	57.591
1273581PIP	2008	25	37	3.7	6.0	1.5366	0.2754	0.5608	0.3796	0.9404	1.812	2.7524
1273651PIP	2008	3	2	15.8	13.1	61.2276	5.577	4.5965	6.2085	10.805	66.8046	77.6096
1273651PIP	2008	3	3	12.3	12.2	33.5349	3.3208	2.9812	3.3907	6.372	36.8557	43.2277
1273651PIP	2008	3	5	9.2	11.0	16.6839	1.8203	1.8044	1.6813	3.4858	18.5043	21.99
1273651PIP	2008	3	6	11.7	12.0	29.7359	2.9942	2.7343	3.0049	5.7392	32.7302	38.4693
1273651PIP	2008	3	8	12.1	12.2	32.2389	3.21	2.8979	3.2591	6.157	35.4489	41.6059
1273651PIP	2008	3	9	7.9	10.2	11.5675	1.3279	1.3866	1.1637	2.5503	12.8955	15.4458
1273651PIP	2008	3	12	8.5	10.6	13.7934	1.5452	1.5737	1.3888	2.9625	15.3387	18.3011
1273651PIP	2008	3	14	10.3	11.5	21.8886	2.2998	2.1935	2.2087	4.4022	24.1884	28.5907
1273651PIP	2008	13	17	6.6	7.7	5.4881	1.054	2.377	1.4187	3.7958	6.5422	10.3379
1273651PIP	2008	13	20	5.6	6.9	3.6307	0.7291	1.8842	1.0074	2.8915	4.3598	7.2513
1273651PIP	2008	3	22	14.9	12.9	53.1757	4.9393	4.1533	5.3884	9.5416	58.115	67.6566
1273651PIP	2008	3	25	7.5	10.0	10.2092	1.1925	1.2674	1.0264	2.2939	11.4017	13.6956
1273651PIP	2008	3	26	12.0	12.1	31.6021	3.1553	2.8566	3.1944	6.051	34.7574	40.8085
1273651PIP	2008	3	28	14.5	12.8	49.8082	4.6687	3.9624	5.0456	9.008	54.4769	63.4849
1273651PIP	2008	3	29	8.3	10.5	13.026	1.4709	1.5102	1.3112	2.8214	14.4969	17.3183
1273651PIP	2008	3	32	8.7	10.7	14.5866	1.6215	1.6382	1.469	3.1073	16.2081	19.3154
1273651PIP	2008	3	35	6.0	8.9	5.9705	0.7513	0.8617	0.5988	1.4605	6.7218	8.1823
1273651PIP	2008	3	37	6.6	9.4	7.508	0.9152	1.0161	0.7538	1.7699	8.4232	10.193
1273651PIP	2008	3	40	7.4	9.9	9.885	1.1598	1.2384	0.9937	2.2321	11.0448	13.2769
1273651PIP	2008	74	43	11.7	13.7	26.6388	6.0745	1.4395	3.9483	5.3878	32.7133	38.1011
1273651PIP	2008	3	45	12.7	12.3	36.2168	3.5483	3.1508	3.6632	6.8141	39.7652	46.5792
1273651PIP	2008	3	46	7.4	9.9	9.885	1.1598	1.2384	0.9937	2.2321	11.0448	13.2769
1273651PIP	2008	3	48	10.0	11.3	20.3871	2.1633	2.0842	2.0565	4.1407	22.5504	26.6912
1273651PIP	2008	3	49	11.2	11.8	26.772	2.7354	2.5354	2.704	5.2394	29.5074	34.7468
1273651PIP	2008	3	55	7.1	9.7	8.9488	1.0646	1.1529	0.8992	2.052	10.0134	12.0654
1273651PIP	2008	3	57	7.6	10.1	10.5395	1.2256	1.2968	1.0598	2.3566	11.7651	14.1218
1273651PIP	2008	3	60	14.4	12.8	48.9864	4.6023	3.9152	4.9619	8.8772	53.5887	62.4659
1273651PIP	2008	3	62	11.2	11.8	26.772	2.7354	2.5354	2.704	5.2394	29.5074	34.7468
1273651PIP	2008	3	63	11.0	11.8	25.6371	2.6352	2.4576	2.5889	5.0465	28.2723	33.3188
1273651PIP	2008	3	65	7.4	9.9	9.885	1.1598	1.2384	0.9937	2.2321	11.0448	13.2769
1273651PIP	2008	3	66	4.9	7.9	3.6691	0.494	0.6072	0.3671	0.9743	4.1631	5.1373
1273651PIP	2008	74	68	7.0	10.5	7.4709	1.7751	0.623	1.0812	1.7042	9.246	10.9503
1273651PIP	2008	3	69	5.3	8.3	4.4309	0.5811	0.6954	0.4437	1.1391	5.012	6.1511
1273651PIP	2008	13	71	10.2	10.0	16.4001	2.7982	4.3997	3.5145	7.9142	19.1983	27.1125
1273651PIP	2008	20	72	5.5	5.5	3.2109	0.63	1.4465	0.5322	1.9787	3.841	5.8197
1273651PIP	2008	3	77	10.9	11.7	25.0803	2.5858	2.4191	2.5324	4.9515	27.6662	32.6177
1273651PIP	2008	3	78	11.0	11.8	25.6371	2.6352	2.4576	2.5889	5.0465	28.2723	33.3188
1273651PIP	2008	3	80	5.6	8.6	5.058	0.6513	0.7648	0.5068	1.2717	5.7093	6.9809
1273651PIP	2008	3	82	5.2	8.2	4.2325	0.5587	0.6729	0.4238	1.0966	4.7912	5.8878
1273651PIP	2008	3	83	9.6	11.2	18.4814	1.988	1.9422	1.8634	3.8056	20.4694	24.275
1273651PIP	2008	3	85	7.8	10.2	11.2187	1.2934	1.3564	1.1284	2.4848	12.512	14.9968
1273651PIP	2008	3	88	12.2	12.2	32.8832	3.2652	2.9394	3.3245	6.264	36.1484	42.4123
1273651PIP	2008	3	89	8.5	10.6	13.7934	1.5452	1.5737	1.3888	2.9625	15.3387	18.3011
1273651PIP	2008	3	95	11.7	12.0	29.7359	2.9942	2.7343	3.0049	5.7392	32.7302	38.4693
1273651PIP	2008	3	98	6.8	9.5	8.0666	0.9736	1.0699	0.8101	1.8801	9.0402	10.9202
1273651PIP	2008	3	100	16.9	13.3	71.9811	6.4108	5.1638	7.3044	12.4682	78.3919	90.8601
1273651PIP	2008	3	103	12.0	12.1	31.6021	3.1553	2.8566	3.1944	6.051	34.7574	40.8085
1273651PIP	2008	3	105	6.3	9.1	6.7135	0.8312	0.9376	0.6736	1.6112	7.5447	9.1559
1273651PIP	2008	3	106	11.4	11.9	27.9358	2.8374	2.6142	2.8222	5.4363	30.7732	36.2096
1273651PIP	2008	3	108	8.9	10.8	15.4058	1.6996	1.7039	1.552	3.2559	17.1054	20.3612
1273651PIP	2008	3	114	9.7	11.2	18.9476	2.0311	1.9773	1.9106	3.8879	20.9787	24.8666
1273651PIP	2008	3	118	6.7	9.4	7.7844	0.9441	1.0429	0.7816	1.8245	8.7285	10.553
1273651PIP	2008	3	123	11.4	11.9	27.9358	2.8374	2.6142	2.8222	5.4363	30.7732	36.2096
1273651PIP	2008	3	125	6.8	9.5	8.0666	0.9736	1.0699	0.8101	1.8801	9.0402	10.9202
1273651PIP	2008	3	126	12.1	12.2	32.2389	3.21	2.8979	3.2591	6.157	35.4489	41.6059
1273651PIP	2008	3	128	10.0	11.3	20.3871	2.1633	2.0842	2.0565	4.1407	22.5504	26.6912
1273651PIP	2008	3	129	7.6	10.1	10.5395	1.2256	1.2968	1.0598	2.3566	11.7651	14.1218
1273651PIP	2008	3	131	11.3	11.9	27.3503	2.7862	2.5747	2.7627	5.3374	30.1365	35.4739
1273651PIP	2008	13	132	4.0	5.5	1.5578	0.3428	1.1707	0.4997	1.6704	1.9006	3.571
1273651PIP	2008	3	134	16.6	13.2	68.9474	6.1774	5.0063	6.9952	12.0015	75.1248	87.1263
1273651PIP	2008	3	135	11.0	11.8	25.6371	2.6352	2.4576	2.5889	5.0465	28.2723	33.3188
1273651PIP	2008	3	138	10.1	11.4	20.8807	2.2083	2.1204	2.1065	4.2269	23.089	27.316
1273651PIP	2008	3	140	7.8	10.2	11.2187	1.2934	1.3564	1.1284	2.4848	12.512	14.9968
1273651PIP	2008	3	141	10.3	11.5	21.8886	2.2998	2.1935	2.2087	4.4022	24.1884	28.5907
1273651PIP	2008	3	145	5.5	8.5	4.8435	0.6275	0.7414	0.4853	1.2266	5.471	6.6976
1273651PIP	2008	3	146	12.7	12.3	36.2168	3.5483	3.1508	3.6632	6.8141	39.7652	46.5792
1273651PIP	2008	13	148	5.6	6.9	3.6307	0.7291	1.8842	1.0074	2.8915	4.3598	7.2513
1273651PIP	2008	13	149	10.2	10.0	16.4001	2.7982	4.3997	3.5145	7.9142	19.1983	27.1125
1273651PIP	2008	13	155	2.8	4.3	0.6353	0.154	0.7069	0.2376	0.9445	0.7893	1.7339
1273651PIP	2008	3	158	11.2	11.8	26.772	2.7354	2.5354	2.704	5.2394	29.5074	34.7468
1273651PIP	2008	3	160	17.2	13.3	75.0914	6.6486	5.3233	7.6216	12.9449	81.74	94.6849
1273651PIP	2008	3	161	10.4	11.5	22.403	2.3463	2.2305	2.2608	4.4913	24.7493	29.2406
1273651PIP	2008	3	165	9.1	10.9	16.2513	1.7796	1.7706	1.6375	3.4082	18.0309	21.4391
1273651PIP	2008	3	166	8.5	10.6	13.7934	1.5452	1.5737	1.3888	2.9625	15.3387	18.3011
1273651PIP	2008	3	168	10.5	11.6	22.9244	2.3932	2.2677	2.3137	4.5814	25.3176	29.899
1273651PIP	2008	3	169	6.4	9.2	6.9726	0.8587	0.9635	0.6998	1.6632	7.8313	9.4945
1273651PIP	2008	3	171	3.7	6.7	1.8675	0.2762	0.3736	0.1863	0.5598	2.1437	2.7035
1273651PIP	2008	3	174	16.6	13.2	68.9474	6.1774	5.0063	6.9952	12.0015	75.1248	87.1263
1273651PIP	2008	3	175	12.1	12.2	32.2389	3.21	2.8979	3.2591	6.157	35.4489	41.6059
1273651PIP	2008	3	178	11.0	11.8	25.6371	2.6352	2.4576	2.5889	5.0465	28.2723	33.3188
1273651PIP	2008	3	181	11.5	11.9	28.5286	2.8892	2.654	2.8823	5.5363	31.4178	36.9541
1273651PIP	2008	3	186	11.7	12.0	29.7359	2.9942	2.7343	3.0049	5.7392	32.7302	38.4693
1273651PIP	2008	3	188	6.5	9.3	7.2374	0.8867	0.9896	0.7265	1.7161	8.1241	9.8402
1273651PIP	2008	3	189	5.2	8.2	4.2325	0.5587	0.6729	0.4238	1.0966	4.7912	5.8878
1273651PIP	2008	3	191	13.2	12.5	39.74	3.8436	3.3684	4.0214	7.3898	43.5836	50.9734
1273661PIP	2008	20	101	13.1	13.5	25.8431	4.8361	6.1598	4.8266	10.9863	30.6792	41.6655
1273661PIP	2008	20	103	14.9	14.8	35.2134	6.5435	7.6368	6.6941	14.331	41.7569	56.0879
1273661PIP	2008	38	106	16.0	14.6	61.1625	10.6317	5.0822	16.0211	21.1033	71.7942	92.8975
1273661PIP	2008	22	110	2.8	3.3	0.6379	0.1036	0.2956	0.2461	0.5417	0.7415	1.2831
1273661PIP	2008	20	112	20.5	17.6	75.8029	13.8427	13.0093	15.0571	28.0663	89.6456	117.7119
1273661PIP	2008	38	115	7.2	9.9	8.2912	1.5577	1.3773	2.0858	3.4631	9.8488	13.3119
1273661PIP	2008	20	117	15.6	15.2	39.3206	7.2884	8.2452	7.5223	15.7675	46.6089	62.3764
1273661PIP	2008	20	118	14.1	14.2	30.84	5.7481	6.9647	5.8184	12.7831	36.5881	49.3712
1273661PIP	2008	22	120	18.7	10.9	42.5617	6.0634	7.863	9.7324	17.5954	48.6251	66.2205
1273661PIP	2008	20	121	9.8	10.8	12.8664	2.4462	3.7943	2.3089	6.1032	15.3126	21.4158
1273661PIP	2008	20	124	18.0	16.5	55.4576	10.1995	10.4702	10.8204	21.2906	65.6571	86.9478
1273661PIP	2008	20	133	4.9	5.8	2.4327	0.4803	1.1928	0.3968	1.5896	2.913	4.5026
1273661PIP	2008	20	135	10.1	11.1	13.8333	2.6257	3.9902	2.4927	6.4829	16.459	22.9419
1273661PIP	2008	22	138	6.8	5.7	4.5412	0.6936	1.3693	1.372	2.7414	5.2348	7.9762
1273661PIP	2008	20	140	9.1	10.2	10.7676	2.0555	3.3527	1.9127	5.2654	12.823	18.0884
1273661PIP	2008	20	141	15.4	15.1	38.1201	7.0708	8.0695	7.2797	15.3492	45.1909	60.5401
1273661PIP	2008	20	143	15.3	15.0	37.5279	6.9635	7.9822	7.1602	15.1424	44.4914	59.6338
1273661PIP	2008	20	144	11.6	12.4	19.2945	3.6347	5.028	3.5437	8.5717	22.9292	31.5009
1273661PIP	2008	20	146	11.2	12.0	17.7342	3.3472	4.7419	3.2415	7.9833	21.0814	29.0647
1273661PIP	2008	20	150	10.7	11.6	15.891	3.0068	4.3938	2.8864	7.2801	18.8978	26.1779
1273661PIP	2008	22	152	34.8	14.8	168.1532	22.9518	22.9954	32.4057	55.4011	191.1051	246.5062
1273661PIP	2008	20	153	3.0	3.7	0.7483	0.1518	0.5258	0.1141	0.6399	0.9	1.54
1273661PIP	2008	22	155	9.7	7.2	9.9636	1.4851	2.5296	2.7298	5.2593	11.4487	16.708
1273661PIP	2008	22	158	15.8	9.8	29.3175	4.2254	5.8768	7.0224	12.8992	33.5429	46.4421
1273661PIP	2008	20	160	13.1	13.5	25.8431	4.8361	6.1598	4.8266	10.9863	30.6792	41.6655
1273661PIP	2008	20	161	9.2	10.3	11.0541	2.1089	3.4145	1.9665	5.381	13.163	18.544
1273661PIP	2008	22	164	5.9	5.2	3.3173	0.5117	1.0715	1.0422	2.1137	3.8289	5.9426
1273661PIP	2008	22	166	3.0	3.4	0.743	0.1201	0.333	0.2812	0.6143	0.8631	1.4774
1273661PIP	2008	22	167	4.0	4.0	1.4041	0.2225	0.5474	0.491	1.0384	1.6265	2.665
1273661PIP	2008	38	170	8.8	11.2	13.6999	2.524	1.9121	3.4817	5.3938	16.2239	21.6177
1273661PIP	2008	22	173	3.8	3.9	1.2535	0.1993	0.501	0.4445	0.9456	1.4528	2.3983
1273661PIP	2008	38	178	9.3	11.5	15.7319	2.8829	2.093	4.0093	6.1022	18.6147	24.7169
1273661PIP	2008	20	180	6.2	7.2	4.2821	0.8347	1.7668	0.7215	2.4883	5.1169	7.6051
1273661PIP	2008	20	181	11.7	12.5	19.6966	3.7087	5.1005	3.6219	8.7224	23.4054	32.1277
1273661PIP	2008	12	183	4.7	4.6	1.9383	0.409	1.5501	0.7101	2.2602	2.3474	4.6075
1273661PIP	2008	38	184	5.6	8.5	4.4205	0.851	0.9132	1.098	2.0112	5.2715	7.2827
1273661PIP	2008	20	186	19.2	17.1	64.7611	11.8687	11.6614	12.7483	24.4097	76.6298	101.0395
1273661PIP	2008	20	187	5.5	6.5	3.2109	0.63	1.4465	0.5322	1.9787	3.841	5.8197
1273661PIP	2008	20	189	6.0	7.0	3.9577	0.7729	1.6726	0.6638	2.3365	4.7305	7.067
1273661PIP	2008	20	190	11.9	12.6	20.5154	3.8593	5.2469	3.7812	9.0282	24.3748	33.4029
1273661PIP	2008	20	193	12.4	13.0	22.6482	4.251	5.6201	4.198	9.8182	26.8992	36.7173
1273661PIP	2008	38	195	7.0	9.8	7.7268	1.4556	1.3153	1.9411	3.2563	9.1824	12.4387
1273661PIP	2008	20	201	5.3	6.3	2.9375	0.5775	1.3597	0.4844	1.8441	3.515	5.3592
1273661PIP	2008	22	203	9.1	6.9	8.6511	1.2952	2.2653	2.4122	4.6776	9.9463	14.6239
1273661PIP	2008	20	204	5.3	6.3	2.9375	0.5775	1.3597	0.4844	1.8441	3.515	5.3592
1273661PIP	2008	20	206	4.4	5.3	1.8783	0.3731	0.9966	0.3019	1.2985	2.2513	3.5498
1273661PIP	2008	38	207	7.1	9.9	8.006	1.5061	1.3461	2.0126	3.3588	9.5121	12.8709
1273661PIP	2008	13	209	13.0	11.6	30.1823	4.8212	6.2002	5.8263	12.0265	35.0035	47.03
1273661PIP	2008	20	210	5.3	6.3	2.9375	0.5775	1.3597	0.4844	1.8441	3.515	5.3592
1273661PIP	2008	20	213	13.4	13.7	27.2881	5.1002	6.3971	5.1123	11.5094	32.3884	43.8978
1273661PIP	2008	38	215	13.8	13.8	42.2392	7.4488	3.9903	10.9818	14.9721	49.688	64.6601
1273661PIP	2008	38	216	7.8	10.4	10.13	1.8884	1.5698	2.5588	4.1286	12.0184	16.147
1273661PIP	2008	20	218	3.5	4.3	1.0838	0.218	0.6801	0.1688	0.8489	1.3017	2.1507
1273661PIP	2008	38	220	7.7	10.4	9.8081	1.8307	1.5371	2.4758	4.0129	11.6388	15.6517
1273661PIP	2008	38	221	13.3	13.6	38.5129	6.8161	3.7567	9.9943	13.751	45.3289	59.0799
1273661PIP	2008	38	223	21.4	15.8	126.6334	21.3982	8.1762	33.6625	41.8387	148.0316	189.8703
1280446PIP	2008	38	2	3.1	5.3	1.0063	0.2052	0.3472	0.2426	0.5898	1.2115	1.8014
1280446PIP	2008	13	3	3.2	3.5	0.8888	0.2078	0.8539	0.3139	1.1677	1.0967	2.2644
1280446PIP	2008	38	6	3.1	5.3	1.0063	0.2052	0.3472	0.2426	0.5898	1.2115	1.8014
1280446PIP	2008	13	9	3.9	4.1	1.4617	0.3239	1.1295	0.474	1.6035	1.7856	3.3891
1280446PIP	2008	3	12	7.5	7.7	10.2092	1.1925	1.2674	1.0264	2.2939	11.4017	13.6956
1280446PIP	2008	38	14	8.2	8.9	11.4806	2.1298	1.7036	2.9073	4.6109	13.6104	18.2212
1280446PIP	2008	13	17	2.6	3.1	0.5273	0.1304	0.6366	0.2036	0.8402	0.6577	1.4979
1280446PIP	2008	3	19	5.2	6.5	4.2325	0.5587	0.6729	0.4238	1.0966	4.7912	5.8878
1280446PIP	2008	38	20	2.9	5.1	0.8516	0.1748	0.3114	0.2046	0.516	1.0264	1.5424
1280446PIP	2008	3	22	7.5	7.7	10.2092	1.1925	1.2674	1.0264	2.2939	11.4017	13.6956
1280446PIP	2008	38	23	4.3	6.4	2.2823	0.4508	0.5929	0.5594	1.1523	2.7331	3.8854
1280446PIP	2008	13	25	5.4	5.4	3.3134	0.672	1.7897	0.9339	2.7236	3.9854	6.7089
1280446PIP	2008	38	26	6.4	7.9	6.1745	1.1734	1.136	1.5441	2.6801	7.3479	10.028
1280446PIP	2008	38	29	5.0	7.0	3.3289	0.648	0.7587	0.8221	1.5809	3.9769	5.5577
1280446PIP	2008	3	32	2.9	4.7	1.0397	0.1668	0.2452	0.1034	0.3486	1.2065	1.555
1280446PIP	2008	38	34	7.3	8.4	8.5824	1.6102	1.4087	2.1606	3.5693	10.1926	13.7618
1280446PIP	2008	38	37	7.2	8.4	8.2912	1.5577	1.3773	2.0858	3.4631	9.8488	13.3119
1280446PIP	2008	38	39	2.5	4.6	0.5874	0.1223	0.2443	0.1401	0.3843	0.7097	1.0941
1280446PIP	2008	3	40	11.5	9.0	28.5286	2.8892	2.654	2.8823	5.5363	31.4178	36.9541
1280446PIP	2008	38	42	7.3	8.4	8.5824	1.6102	1.4087	2.1606	3.5693	10.1926	13.7618
1280446PIP	2008	38	43	4.0	6.2	1.9045	0.3789	0.5268	0.4651	0.9918	2.2833	3.2751
1280446PIP	2008	38	45	2.7	4.8	0.7122	0.1472	0.277	0.1705	0.4475	0.8594	1.3069
1280446PIP	2008	38	46	5.5	7.4	4.2256	0.8149	0.8867	1.0486	1.9353	5.0405	6.9758
1280446PIP	2008	38	48	7.1	8.3	8.006	1.5061	1.3461	2.0126	3.3588	9.5121	12.8709
1280446PIP	2008	38	49	5.4	7.3	4.0359	0.7798	0.8605	1.0006	1.8611	4.8157	6.6768
1280446PIP	2008	13	54	4.3	4.5	1.8685	0.4032	1.2968	0.5809	1.8777	2.2717	4.1494
1280446PIP	2008	38	55	3.6	5.8	1.463	0.294	0.4434	0.3554	0.7988	1.7571	2.5559
1280446PIP	2008	13	57	8.4	7.8	10.0648	1.8103	3.3432	2.345	5.6883	11.8751	17.5634
1280446PIP	2008	38	59	6.4	7.9	6.1745	1.1734	1.136	1.5441	2.6801	7.3479	10.028
1280446PIP	2008	38	62	5.1	7.1	3.498	0.6796	0.7837	0.8648	1.6485	4.1776	5.8261
1280446PIP	2008	38	63	8.9	9.2	14.0928	2.5936	1.9478	3.5836	5.5314	16.6864	22.2178
1280446PIP	2008	38	65	3.0	5.2	0.927	0.1897	0.3291	0.2231	0.5522	1.1167	1.6689
1280446PIP	2008	38	66	4.8	6.8	3.0056	0.5874	0.7097	0.7408	1.4505	3.593	5.0435
1280446PIP	2008	38	68	5.0	7.0	3.3289	0.648	0.7587	0.8221	1.5809	3.9769	5.5577
1280446PIP	2008	38	69	5.9	7.6	5.0372	0.9649	0.9945	1.2545	2.249	6.0021	8.2511
1280446PIP	2008	38	72	4.3	6.4	2.2823	0.4508	0.5929	0.5594	1.1523	2.7331	3.8854
1280446PIP	2008	13	74	3.2	3.5	0.8888	0.2078	0.8539	0.3139	1.1677	1.0967	2.2644
1280446PIP	2008	38	75	5.0	7.0	3.3289	0.648	0.7587	0.8221	1.5809	3.9769	5.5577
1280446PIP	2008	38	77	7.3	8.4	8.5824	1.6102	1.4087	2.1606	3.5693	10.1926	13.7618
1280446PIP	2008	38	79	4.2	6.3	2.1518	0.426	0.5705	0.5268	1.0973	2.5778	3.6751
1280446PIP	2008	38	80	5.3	7.2	3.8515	0.7455	0.8346	0.954	1.7886	4.597	6.3855
1280446PIP	2008	38	82	7.0	8.3	7.7268	1.4556	1.3153	1.9411	3.2563	9.1824	12.4387
1280446PIP	2008	38	83	2.5	4.6	0.5874	0.1223	0.2443	0.1401	0.3843	0.7097	1.0941
1280446PIP	2008	38	85	4.0	6.2	1.9045	0.3789	0.5268	0.4651	0.9918	2.2833	3.2751
1280446PIP	2008	38	86	5.3	7.2	3.8515	0.7455	0.8346	0.954	1.7886	4.597	6.3855
1280446PIP	2008	38	88	3.7	5.9	1.5669	0.3141	0.4637	0.3811	0.8448	1.881	2.7258
1280446PIP	2008	38	89	4.7	6.8	2.8513	0.5584	0.6857	0.702	1.3877	3.4097	4.7974
1280446PIP	2008	20	92	3.4	3.6	1.0108	0.2036	0.648	0.1568	0.8048	1.2145	2.0193
1280446PIP	2008	20	95	2.5	2.8	0.4828	0.0989	0.3878	0.0718	0.4596	0.5817	1.0414
1280446PIP	2008	20	97	3.8	3.9	1.3206	0.2644	0.7802	0.208	0.9883	1.585	2.5732
1280446PIP	2008	38	100	3.8	6.0	1.675	0.3349	0.4844	0.408	0.8924	2.0099	2.9023
1280446PIP	2008	38	102	3.1	5.3	1.0063	0.2052	0.3472	0.2426	0.5898	1.2115	1.8014
1280446PIP	2008	38	103	6.0	7.7	5.2536	1.0047	1.0222	1.3095	2.3317	6.2583	8.59
1280446PIP	2008	38	105	4.5	6.6	2.5573	0.5029	0.6386	0.6282	1.2669	3.0602	4.3271
1280446PIP	2008	38	106	4.3	6.4	2.2823	0.4508	0.5929	0.5594	1.1523	2.7331	3.8854
1280446PIP	2008	38	108	3.8	6.0	1.675	0.3349	0.4844	0.408	0.8924	2.0099	2.9023
1280446PIP	2008	20	109	5.1	5.0	2.6781	0.5277	1.2752	0.4393	1.7145	3.2058	4.9203
1280446PIP	2008	13	111	2.5	3.0	0.4778	0.1195	0.6022	0.1876	0.7899	0.5972	1.3871
1280446PIP	2008	38	112	7.4	8.5	8.8796	1.6638	1.4404	2.2369	3.6773	10.5434	14.2207
1280446PIP	2008	38	115	3.3	5.5	1.1768	0.2385	0.3846	0.2846	0.6692	1.4153	2.0845
1280446PIP	2008	38	117	2.6	4.7	0.648	0.1344	0.2604	0.1548	0.4153	0.7824	1.1977
1280446PIP	2008	38	120	6.7	8.1	6.9245	1.3101	1.2244	1.7357	2.96	8.2346	11.1946
1280446PIP	2008	38	122	4.2	6.3	2.1518	0.426	0.5705	0.5268	1.0973	2.5778	3.6751
1280446PIP	2008	38	125	6.2	7.8	5.7029	1.0871	1.0785	1.4239	2.5024	6.79	9.2924
1280446PIP	2008	20	126	4.4	4.4	1.8783	0.3731	0.9966	0.3019	1.2985	2.2513	3.5498
1280446PIP	2008	38	128	3.7	5.9	1.5669	0.3141	0.4637	0.3811	0.8448	1.881	2.7258
1280446PIP	2008	38	129	4.1	6.2	2.0259	0.402	0.5485	0.4953	1.0438	2.4279	3.4717
1280446PIP	2008	13	131	4.1	4.3	1.6576	0.3623	1.2123	0.526	1.7384	2.02	3.7583
1280446PIP	2008	38	132	3.7	5.9	1.5669	0.3141	0.4637	0.3811	0.8448	1.881	2.7258
1280446PIP	2008	38	135	2.6	4.7	0.648	0.1344	0.2604	0.1548	0.4153	0.7824	1.1977
1280446PIP	2008	38	137	3.9	6.1	1.7875	0.3565	0.5054	0.436	0.9414	2.144	3.0854
1280446PIP	2008	38	138	3.8	6.0	1.675	0.3349	0.4844	0.408	0.8924	2.0099	2.9023
1280446PIP	2008	38	140	4.1	6.2	2.0259	0.402	0.5485	0.4953	1.0438	2.4279	3.4717
1280446PIP	2008	38	142	3.0	5.2	0.927	0.1897	0.3291	0.2231	0.5522	1.1167	1.6689
1280446PIP	2008	38	143	2.9	5.1	0.8516	0.1748	0.3114	0.2046	0.516	1.0264	1.5424
1280446PIP	2008	38	145	5.8	7.6	4.8262	0.926	0.9671	1.2009	2.168	5.7522	7.9203
1280446PIP	2008	38	146	4.0	6.2	1.9045	0.3789	0.5268	0.4651	0.9918	2.2833	3.2751
1280446PIP	2008	13	148	3.2	3.5	0.8888	0.2078	0.8539	0.3139	1.1677	1.0967	2.2644
1280446PIP	2008	38	149	3.8	6.0	1.675	0.3349	0.4844	0.408	0.8924	2.0099	2.9023
1280446PIP	2008	38	151	4.6	6.7	2.7019	0.5302	0.662	0.6645	1.3265	3.2322	4.5587
1280446PIP	2008	38	152	5.2	7.1	3.6722	0.7121	0.809	0.9087	1.7177	4.3843	6.102
1280446PIP	2008	13	155	5.4	5.4	3.3134	0.672	1.7897	0.9339	2.7236	3.9854	6.7089
1280446PIP	2008	38	157	3.5	5.7	1.3635	0.2748	0.4234	0.3307	0.7542	1.6382	2.3924
1280446PIP	2008	38	158	2.8	5.0	0.78	0.1607	0.294	0.1871	0.4811	0.9407	1.4218
1280446PIP	2008	38	160	3.7	5.9	1.5669	0.3141	0.4637	0.3811	0.8448	1.881	2.7258
1280446PIP	2008	38	162	2.7	4.8	0.7122	0.1472	0.277	0.1705	0.4475	0.8594	1.3069
1280446PIP	2008	13	163	4.9	5.0	2.5951	0.5404	1.5599	0.7627	2.3226	3.1355	5.4581
1280446PIP	2008	13	166	2.8	3.2	0.6353	0.154	0.7069	0.2376	0.9445	0.7893	1.7339
1280446PIP	2008	38	168	6.5	8.0	6.4188	1.218	1.1652	1.6064	2.7716	7.6367	10.4083
1280446PIP	2008	38	169	4.3	6.4	2.2823	0.4508	0.5929	0.5594	1.1523	2.7331	3.8854
1280446PIP	2008	3	171	5.4	6.6	4.6345	0.6041	0.7182	0.4642	1.1824	5.2386	6.421
1280446PIP	2008	38	172	4.9	6.9	3.1647	0.6173	0.7341	0.7808	1.5149	3.782	5.2969
1280446PIP	2008	38	175	5.9	7.6	5.0372	0.9649	0.9945	1.2545	2.249	6.0021	8.2511
1280446PIP	2008	38	178	5.2	7.1	3.6722	0.7121	0.809	0.9087	1.7177	4.3843	6.102
1280446PIP	2008	38	180	5.8	7.6	4.8262	0.926	0.9671	1.2009	2.168	5.7522	7.9203
1280446PIP	2008	13	183	6.4	6.2	5.0795	0.9837	2.2758	1.3306	3.6064	6.0632	9.6696
1280446PIP	2008	38	185	8.7	9.1	13.3136	2.4556	1.8767	3.3815	5.2583	15.7692	21.0275
1280446PIP	2008	38	186	10.5	9.7	21.3149	3.8601	2.5523	5.4656	8.0179	25.175	33.1929
1280446PIP	2008	13	188	4.8	4.9	2.464	0.516	1.5151	0.7306	2.2457	2.98	5.2257
1280526PIP	2008	13	106	18.1	15.1	69.375	10.1284	9.9013	11.6124	21.5137	79.5033	101.017
1280526PIP	2008	38	112	6.9	10.5	7.4535	1.4061	1.2847	1.871	3.1557	8.8596	12.0153
1280526PIP	2008	13	120	4.4	4.8	1.9797	0.4245	1.3397	0.6094	1.9491	2.4043	4.3534
1280526PIP	2008	22	125	3.9	3.9	1.3276	0.2107	0.524	0.4675	0.9915	1.5383	2.5298
1280526PIP	2008	22	133	13.0	8.6	19.0428	2.7817	4.1954	4.813	9.0084	21.8245	30.833
1280526PIP	2008	22	134	4.7	4.4	2.006	0.3143	0.7234	0.671	1.3943	2.3203	3.7146
1280526PIP	2008	20	143	11.9	9.8	20.5154	3.8593	5.2469	3.7812	9.0282	24.3748	33.4029
1280526PIP	2008	13	154	5.7	5.9	3.7959	0.7587	1.9319	1.0452	2.9772	4.5546	7.5317
1280526PIP	2008	20	157	11.5	9.5	18.8972	3.5616	4.9558	3.4666	8.4224	22.4588	30.8812
1280526PIP	2008	20	159	4.0	3.9	1.4938	0.2982	0.85	0.237	1.087	1.792	2.879
1280526PIP	2008	13	160	4.3	4.7	1.8685	0.4032	1.2968	0.5809	1.8777	2.2717	4.1494
1280526PIP	2008	13	166	18.7	15.5	75.3041	10.897	10.3687	12.429	22.7976	86.201	108.9987
1280526PIP	2008	74	169	39.2	21.0	531.0536	109.9183	10.3356	83.2533	93.5889	640.972	734.5608
1280526PIP	2008	38	172	18.3	16.5	85.5982	14.6861	6.3303	22.5748	28.9051	100.2844	129.1895
1280526PIP	2008	13	173	20.2	16.3	91.4293	12.9558	11.5642	14.5971	26.1613	104.3851	130.5464
1280526PIP	2008	20	175	3.0	3.1	0.7483	0.1518	0.5258	0.1141	0.6399	0.9	1.54
1280526PIP	2008	13	178	3.4	3.9	1.0352	0.2381	0.9303	0.3561	1.2864	1.2733	2.5597
1280526PIP	2008	20	180	4.2	4.1	1.6796	0.3345	0.9221	0.2682	1.1904	2.0141	3.2044
1280526PIP	2008	22	183	2.9	3.3	0.6894	0.1117	0.3141	0.2634	0.5774	0.801	1.3785
1280546PIP	2008	20	4	2.8	3.2	0.634	0.1291	0.4686	0.0958	0.5644	0.763	1.3274
1280546PIP	2008	74	10	17.1	21.5	68.1429	15.0734	2.6725	10.2794	12.9519	83.2163	96.1682
1280546PIP	2008	20	15	16.2	13.5	43.0532	7.9638	8.7814	8.2793	17.0607	51.0171	68.0778
1280546PIP	2008	38	27	15.7	15.0	58.3328	10.1585	4.9273	15.2653	20.1926	68.4914	88.684
1280546PIP	2008	20	32	13.6	12.1	28.2771	5.2808	6.5573	5.3084	11.8657	33.5579	45.4236
1287311PIP	2008	13	1	8.6	7.1	10.6783	1.9084	3.4564	2.4629	5.9193	12.5867	18.506
1287311PIP	2008	13	2	4.3	4.0	1.8685	0.4032	1.2968	0.5809	1.8777	2.2717	4.1494
1287311PIP	2008	13	5	7.7	6.5	8.0868	1.4894	2.9561	1.9562	4.9123	9.5762	14.4884
1287311PIP	2008	13	7	6.2	5.4	4.6897	0.9161	2.1759	1.2454	3.4213	5.6058	9.0271
1287311PIP	2008	13	8	6.7	5.8	5.6997	1.0902	2.4281	1.4639	3.892	6.7898	10.6818
1287311PIP	2008	13	10	4.4	4.1	1.9797	0.4245	1.3397	0.6094	1.9491	2.4043	4.3534
1287311PIP	2008	13	12	4.4	4.1	1.9797	0.4245	1.3397	0.6094	1.9491	2.4043	4.3534
1287311PIP	2008	13	13	2.8	3.0	0.6353	0.154	0.7069	0.2376	0.9445	0.7893	1.7339
1287311PIP	2008	13	15	5.0	4.6	2.7303	0.5655	1.6051	0.7955	2.4006	3.2958	5.6964
1287311PIP	2008	13	16	4.8	4.4	2.464	0.516	1.5151	0.7306	2.2457	2.98	5.2257
1287311PIP	2008	74	18	9.2	10.5	14.6937	3.4157	0.9727	2.1537	3.1264	18.1094	21.2359
1287311PIP	2008	13	19	3.2	3.2	0.8888	0.2078	0.8539	0.3139	1.1677	1.0967	2.2644
1287311PIP	2008	13	21	3.7	3.6	1.2805	0.2878	1.0485	0.4247	1.4732	1.5683	3.0415
1287311PIP	2008	13	22	3.2	3.2	0.8888	0.2078	0.8539	0.3139	1.1677	1.0967	2.2644
1287311PIP	2008	74	25	8.6	10.2	12.4348	2.9063	0.8715	1.8169	2.6884	15.3411	18.0295
1287311PIP	2008	74	28	7.6	9.6	9.1573	2.1616	0.7124	1.3304	2.0428	11.3189	13.3617
1287311PIP	2008	74	30	8.4	10.1	11.7313	2.747	0.8387	1.7123	2.5509	14.4784	17.0293
1287311PIP	2008	13	35	4.0	3.8	1.5578	0.3428	1.1707	0.4997	1.6704	1.9006	3.571
1287311PIP	2008	13	36	3.5	3.5	1.1135	0.2541	0.9692	0.3783	1.3475	1.3676	2.7151
1287311PIP	2008	13	38	4.6	4.3	2.2139	0.469	1.4266	0.6686	2.0952	2.6829	4.7781
1287311PIP	2008	13	41	2.9	3.0	0.6939	0.1666	0.7429	0.2556	0.9985	0.8606	1.8591
1287311PIP	2008	13	42	3.2	3.2	0.8888	0.2078	0.8539	0.3139	1.1677	1.0967	2.2644
1287311PIP	2008	13	44	4.5	4.2	2.0948	0.4465	1.3829	0.6387	2.0216	2.5413	4.5629
1287311PIP	2008	13	45	3.3	3.3	0.9603	0.2227	0.8918	0.3346	1.2265	1.183	2.4095
1287311PIP	2008	13	48	14.1	10.6	37.022	5.7846	6.955	6.9008	13.8559	42.8066	56.6625
1287311PIP	2008	13	50	2.7	2.9	0.5798	0.142	0.6715	0.2203	0.8918	0.7218	1.6135
1287311PIP	2008	13	53	3.9	3.8	1.4617	0.3239	1.1295	0.474	1.6035	1.7856	3.3891
1287311PIP	2008	38	55	8.9	9.6	14.0928	2.5936	1.9478	3.5836	5.5314	16.6864	22.2178
1287311PIP	2008	38	56	6.3	8.1	5.9359	1.1298	1.1071	1.4832	2.5904	7.0656	9.656
1287311PIP	2008	13	58	3.3	3.3	0.9603	0.2227	0.8918	0.3346	1.2265	1.183	2.4095
1287311PIP	2008	13	59	3.2	3.2	0.8888	0.2078	0.8539	0.3139	1.1677	1.0967	2.2644
1287311PIP	2008	13	61	5.8	5.1	3.9656	0.7888	1.98	1.0838	3.0638	4.7544	7.8183
1287311PIP	2008	13	62	3.9	3.8	1.4617	0.3239	1.1295	0.474	1.6035	1.7856	3.3891
1287311PIP	2008	13	65	3.7	3.6	1.2805	0.2878	1.0485	0.4247	1.4732	1.5683	3.0415
1287311PIP	2008	13	68	10.8	8.6	18.9352	3.181	4.7701	3.9591	8.7292	22.1161	30.8453
1287311PIP	2008	13	70	5.0	4.6	2.7303	0.5655	1.6051	0.7955	2.4006	3.2958	5.6964
1287311PIP	2008	13	71	7.7	6.5	8.0868	1.4894	2.9561	1.9562	4.9123	9.5762	14.4884
1287311PIP	2008	13	73	6.5	5.6	5.2814	1.0185	2.3263	1.3743	3.7006	6.3	10.0005
1287311PIP	2008	13	76	11.4	8.9	21.6929	3.5911	5.1492	4.4313	9.5805	25.2839	34.8644
1287311PIP	2008	13	78	5.2	4.7	3.0134	0.6175	1.6967	0.8632	2.5599	3.6308	6.1907
1287311PIP	2008	74	79	7.0	9.2	7.4709	1.7751	0.623	1.0812	1.7042	9.246	10.9503
1287311PIP	2008	13	81	6.0	5.3	4.3185	0.8512	2.0773	1.1631	3.2404	5.1697	8.4101
1287311PIP	2008	13	82	4.0	3.8	1.5578	0.3428	1.1707	0.4997	1.6704	1.9006	3.571
1287311PIP	2008	13	84	5.1	4.6	2.8698	0.5912	1.6507	0.829	2.4797	3.4609	5.9406
1287311PIP	2008	13	85	8.2	6.8	9.473	1.7151	3.2312	2.2302	5.4614	11.188	16.6494
1287311PIP	2008	13	88	2.7	2.9	0.5798	0.142	0.6715	0.2203	0.8918	0.7218	1.6135
1287311PIP	2008	13	90	2.5	2.8	0.4778	0.1195	0.6022	0.1876	0.7899	0.5972	1.3871
1287311PIP	2008	13	91	4.1	3.9	1.6576	0.3623	1.2123	0.526	1.7384	2.02	3.7583
1287311PIP	2008	13	93	12.3	9.5	26.2605	4.2583	5.7334	5.1916	10.9249	30.5188	41.4438
1287311PIP	2008	13	95	5.0	4.6	2.7303	0.5655	1.6051	0.7955	2.4006	3.2958	5.6964
1287311PIP	2008	13	96	7.8	6.6	8.3535	1.5331	3.0106	2.0095	5.02	9.8866	14.9066
1287311PIP	2008	13	98	4.8	4.4	2.464	0.516	1.5151	0.7306	2.2457	2.98	5.2257
1287311PIP	2008	13	105	4.8	4.4	2.464	0.516	1.5151	0.7306	2.2457	2.98	5.2257
1287311PIP	2008	13	108	9.1	7.5	12.3089	2.1663	3.7439	2.7707	6.5147	14.4752	20.9899
1287401PIP	2008	3	3	16.9	13.5	71.9811	6.4108	5.1638	7.3044	12.4682	78.3919	90.8601
1287401PIP	2008	3	5	8.2	10.3	12.6519	1.4345	1.4789	1.2733	2.7522	14.0864	16.8386
1287401PIP	2008	3	8	14.2	12.9	47.3666	4.471	3.8217	4.7971	8.6188	51.8376	60.4564
1287401PIP	2008	3	10	9.7	11.2	18.9476	2.0311	1.9773	1.9106	3.8879	20.9787	24.8666
1287401PIP	2008	3	11	19.7	14.0	104.0596	8.8054	6.731	10.5782	17.3092	112.8651	130.1743
1287401PIP	2008	3	13	7.9	10.1	11.5675	1.3279	1.3866	1.1637	2.5503	12.8955	15.4458
1287401PIP	2008	3	14	14.1	12.9	46.5687	4.406	3.7753	4.7159	8.4912	50.9747	59.4659
1287401PIP	2008	3	16	5.0	7.9	3.8517	0.5151	0.6287	0.3855	1.0142	4.3668	5.381
1287401PIP	2008	3	17	6.2	8.9	6.4602	0.8041	0.912	0.6481	1.5601	7.2643	8.8244
1287401PIP	2008	13	19	5.8	6.2	3.9656	0.7888	1.98	1.0838	3.0638	4.7544	7.8183
1287401PIP	2008	3	20	13.6	12.7	42.697	4.0887	3.5468	4.3221	7.8689	46.7856	54.6545
1287421PIP	2008	13	3	21.5	15.5	106.9551	14.9011	12.6306	16.6231	29.2538	121.8561	151.1099
1287421PIP	2008	13	5	10.2	9.0	16.4001	2.7982	4.3997	3.5145	7.9142	19.1983	27.1125
1287421PIP	2008	13	8	13.0	10.9	30.1823	4.8212	6.2002	5.8263	12.0265	35.0035	47.03
1287421PIP	2008	13	13	21.6	15.5	108.2105	15.057	12.7138	16.7847	29.4985	123.2674	152.7659
1287421PIP	2008	13	14	20.0	14.8	89.1699	12.6699	11.4026	14.2975	25.7001	101.8398	127.5399
1287421PIP	2008	38	16	16.9	11.6	70.1397	12.1275	5.5579	18.4236	23.9815	82.2672	106.2486
1287421PIP	2008	13	17	8.7	7.9	10.9933	1.9586	3.5133	2.523	6.0363	12.9519	18.9881
1287421PIP	2008	3	20	20.8	15.3	118.5802	9.8538	7.394	12.0617	19.4557	128.434	147.8897
1287421PIP	2008	13	23	20.9	15.2	99.6071	13.9845	12.135	15.671	27.806	113.5916	141.3976
1287421PIP	2008	13	25	22.9	16.1	125.342	17.1659	13.8093	18.9586	32.7679	142.5079	175.2758
1287421PIP	2008	3	26	20.1	15.2	109.2118	9.1796	6.9691	11.1045	18.0735	118.3914	136.465
1287421PIP	2008	3	28	18.3	14.8	87.1595	7.5591	5.9255	8.8527	14.7783	94.7186	109.4969
1287421PIP	2008	13	30	23.0	16.1	126.723	17.3345	13.8947	19.1315	33.0262	144.0575	177.0837
1287411PIP	2008	74	1	10.3	12.4	19.4324	4.4767	1.1694	2.8632	4.0327	23.9091	27.9418
1287411PIP	2008	74	3	13.0	13.6	34.5752	7.8179	1.7093	5.1498	6.859	42.3932	49.2522
1287411PIP	2008	74	4	10.9	12.7	22.3556	5.1267	1.2825	3.3026	4.5851	27.4823	32.0674
1287411PIP	2008	74	6	11.8	13.1	27.2059	6.1995	1.4596	4.034	5.4936	33.4055	38.899
1287411PIP	2008	38	7	2.9	5.1	0.8516	0.1748	0.3114	0.2046	0.516	1.0264	1.5424
1287411PIP	2008	74	9	12.5	13.4	31.3767	7.117	1.6034	4.6649	6.2683	38.4938	44.762
1287411PIP	2008	74	10	5.0	8.2	3.2487	0.793	0.3599	0.4629	0.8228	4.0417	4.8645
1287411PIP	2008	74	13	11.6	13.0	26.0789	5.9509	1.4195	3.8638	5.2833	32.0297	37.313
1287411PIP	2008	74	16	6.9	10.0	7.2095	1.715	0.6086	1.0427	1.6513	8.9245	10.5758
1287411PIP	2008	74	18	11.4	12.9	24.9801	5.7081	1.3798	3.698	5.0778	30.6882	35.7661
1287411PIP	2008	74	21	10.0	12.2	18.0616	4.1707	1.1144	2.6576	3.772	22.2323	26.0043
1287411PIP	2008	74	23	10.5	12.5	20.3798	4.6877	1.2067	3.0055	4.2122	25.0674	29.2796
1287411PIP	2008	38	24	2.5	4.6	0.5874	0.1223	0.2443	0.1401	0.3843	0.7097	1.0941
1287411PIP	2008	74	26	6.7	9.8	6.7033	1.5984	0.5801	0.9682	1.5482	8.3017	9.8499
1287411PIP	2008	74	27	9.1	11.6	14.3015	3.3275	0.9556	2.0952	3.0507	17.629	20.6798
1287411PIP	2008	74	29	9.1	11.6	14.3015	3.3275	0.9556	2.0952	3.0507	17.629	20.6798
1287411PIP	2008	74	30	11.3	12.9	24.4413	5.5889	1.3601	3.6168	4.9769	30.0302	35.0071
1287411PIP	2008	74	33	13.1	13.6	35.2372	7.9627	1.7308	5.2502	6.981	43.2	50.181
1287411PIP	2008	74	36	5.7	8.9	4.4931	1.0853	0.4457	0.6441	1.0898	5.5784	6.6682
1287411PIP	2008	74	38	10.1	12.2	18.5119	4.2713	1.1326	2.7251	3.8577	22.7832	26.6409
1287411PIP	2008	74	41	9.2	11.7	14.6937	3.4157	0.9727	2.1537	3.1264	18.1094	21.2359
1287411PIP	2008	74	43	11.5	13.0	25.526	5.8287	1.3996	3.7804	5.18	31.3547	36.5347
1287411PIP	2008	74	44	10.4	12.4	19.9027	4.5814	1.188	2.9338	4.1218	24.4842	28.606
1287411PIP	2008	74	46	5.7	8.9	4.4931	1.0853	0.4457	0.6441	1.0898	5.5784	6.6682
1287411PIP	2008	74	47	8.2	11.0	11.0521	2.593	0.8063	1.6113	2.4177	13.6451	16.0628
1287411PIP	2008	74	49	4.7	7.9	2.7874	0.6838	0.3254	0.396	0.7214	3.4712	4.1926
1287411PIP	2008	38	50	2.9	5.1	0.8516	0.1748	0.3114	0.2046	0.516	1.0264	1.5424
1287411PIP	2008	74	52	13.9	13.9	40.8053	9.1773	1.9064	6.0966	8.003	49.9827	57.9856
1287411PIP	2008	74	53	9.0	11.6	13.9157	3.2406	0.9385	2.0376	2.9761	17.1563	20.1324
1287411PIP	2008	74	56	9.4	11.8	15.497	3.5963	1.0075	2.2737	3.2812	19.0932	22.3744
1287411PIP	2008	74	58	8.1	11.0	10.7215	2.5179	0.7904	1.5622	2.3526	13.2394	15.592
1287411PIP	2008	74	59	3.8	6.8	1.6471	0.411	0.2301	0.2317	0.4618	2.0581	2.5199
1287411PIP	2008	74	61	8.2	11.0	11.0521	2.593	0.8063	1.6113	2.4177	13.6451	16.0628
1287411PIP	2008	74	63	9.2	11.7	14.6937	3.4157	0.9727	2.1537	3.1264	18.1094	21.2359
1287411PIP	2008	74	64	5.2	8.4	3.5798	0.8711	0.3837	0.511	0.8947	4.4509	5.3457
1287411PIP	2008	74	66	12.4	13.4	30.7591	6.9814	1.5825	4.5713	6.1539	37.7406	43.8944
1287411PIP	2008	12	67	5.0	4.7	2.2735	0.4717	1.6974	0.8077	2.5051	2.7451	5.2502
1287411PIP	2008	74	69	12.8	13.5	33.2736	7.533	1.6666	4.9523	6.6189	40.8066	47.4255
1287411PIP	2008	74	70	13.3	13.7	36.5837	8.257	1.7741	5.4547	7.2287	44.8407	52.0695
1287411PIP	2008	74	72	5.7	8.9	4.4931	1.0853	0.4457	0.6441	1.0898	5.5784	6.6682
1287411PIP	2008	74	73	10.9	12.7	22.3556	5.1267	1.2825	3.3026	4.5851	27.4823	32.0674
1287411PIP	2008	74	76	16.1	14.6	58.7015	13.0478	2.4224	8.8304	11.2528	71.7493	83.0021
1287411PIP	2008	74	78	7.1	10.2	7.7378	1.8365	0.6376	1.1206	1.7582	9.5743	11.3325
1287411PIP	2008	74	79	8.8	11.4	13.1629	3.0708	0.9047	1.9253	2.8301	16.2336	19.0637
1287411PIP	2008	74	81	14.2	14.0	43.0199	9.6588	1.9739	6.4338	8.4078	52.6787	61.0865
1287411PIP	2008	38	84	2.9	5.1	0.8516	0.1748	0.3114	0.2046	0.516	1.0264	1.5424
1287411PIP	2008	74	86	10.4	12.4	19.9027	4.5814	1.188	2.9338	4.1218	24.4842	28.606
1287411PIP	2008	74	87	12.4	13.4	30.7591	6.9814	1.5825	4.5713	6.1539	37.7406	43.8944
1287411PIP	2008	74	89	8.4	11.2	11.7313	2.747	0.8387	1.7123	2.5509	14.4784	17.0293
1287411PIP	2008	20	90	5.4	5.3	3.0724	0.6035	1.4028	0.5079	1.9108	3.6759	5.5867
1287411PIP	2008	74	96	10.2	12.3	18.9688	4.3733	1.151	2.7937	3.9446	23.3421	27.2867
1287411PIP	2008	38	99	2.6	4.8	0.648	0.1344	0.2604	0.1548	0.4153	0.7824	1.1977
1287411PIP	2008	38	101	2.9	5.1	0.8516	0.1748	0.3114	0.2046	0.516	1.0264	1.5424
1287411PIP	2008	74	104	8.8	11.4	13.1629	3.0708	0.9047	1.9253	2.8301	16.2336	19.0637
1287411PIP	2008	38	109	5.3	7.5	3.8515	0.7455	0.8346	0.954	1.7886	4.597	6.3855
1287411PIP	2008	74	110	7.9	10.8	10.0782	2.3716	0.7588	1.4668	2.2256	12.4498	14.6754
1287411PIP	2008	74	112	6.1	9.3	5.3143	1.2767	0.4978	0.7642	1.262	6.591	7.853
1287411PIP	2008	20	113	5.8	5.6	3.648	0.7137	1.5806	0.6091	2.1897	4.3618	6.5514
1287411PIP	2008	74	116	8.8	11.4	13.1629	3.0708	0.9047	1.9253	2.8301	16.2336	19.0637
1287411PIP	2008	38	121	3.8	6.1	1.675	0.3349	0.4844	0.408	0.8924	2.0099	2.9023
1287411PIP	2008	38	124	3.4	5.7	1.268	0.2563	0.4038	0.3071	0.711	1.5243	2.2353
1287411PIP	2008	74	126	5.8	9.0	4.6907	1.1315	0.4585	0.673	1.1315	5.8222	6.9537
1287411PIP	2008	74	127	8.4	11.2	11.7313	2.747	0.8387	1.7123	2.5509	14.4784	17.0293
1287411PIP	2008	74	129	6.2	9.4	5.5325	1.3274	0.5112	0.7962	1.3074	6.86	8.1673
1287411PIP	2008	74	130	6.7	9.8	6.7033	1.5984	0.5801	0.9682	1.5482	8.3017	9.8499
1287411PIP	2008	74	132	6.6	9.8	6.4584	1.5418	0.566	0.9322	1.4982	8.0002	9.4984
1287411PIP	2008	74	133	9.3	11.8	15.0921	3.5053	0.99	2.2132	3.2033	18.5975	21.8007
1287411PIP	2008	74	135	8.1	11.0	10.7215	2.5179	0.7904	1.5622	2.3526	13.2394	15.592
1287411PIP	2008	74	139	7.3	10.3	8.2886	1.9628	0.6671	1.2019	1.869	10.2514	12.1204
1287411PIP	2008	74	142	8.3	11.1	11.3887	2.6694	0.8224	1.6613	2.4838	14.0581	16.5418
1287411PIP	2008	74	144	8.0	10.9	10.3969	2.4441	0.7745	1.5141	2.2886	12.841	15.1296
1287411PIP	2008	74	147	10.0	12.2	18.0616	4.1707	1.1144	2.6576	3.772	22.2323	26.0043
1287411PIP	2008	74	150	5.8	9.0	4.6907	1.1315	0.4585	0.673	1.1315	5.8222	6.9537
1287411PIP	2008	74	152	9.8	12.1	17.1807	3.9737	1.0783	2.5256	3.6039	21.1544	24.7583
1287411PIP	2008	74	153	7.2	10.3	8.0104	1.899	0.6523	1.1608	1.8131	9.9094	11.7225
1294266PIP	2008	20	1	4.3	3.7	1.7773	0.3535	0.9591	0.2848	1.2438	2.1308	3.3746
1294266PIP	2008	13	2	2.6	2.9	0.5273	0.1304	0.6366	0.2036	0.8402	0.6577	1.4979
1294266PIP	2008	3	5	4.2	4.3	2.5329	0.359	0.4651	0.253	0.7181	2.8919	3.61
1294266PIP	2008	3	7	3.7	4.0	1.8675	0.2762	0.3736	0.1863	0.5598	2.1437	2.7035
1294266PIP	2008	3	8	4.9	4.6	3.6691	0.494	0.6072	0.3671	0.9743	4.1631	5.1373
1294266PIP	2008	3	10	3.6	4.0	1.7485	0.2609	0.3563	0.1743	0.5306	2.0094	2.54
1294266PIP	2008	3	12	5.4	4.8	4.6345	0.6041	0.7182	0.4642	1.1824	5.2386	6.421
1294266PIP	2008	3	13	7.0	5.2	8.6488	1.0338	1.1249	0.8689	1.9938	9.6826	11.6764
1294266PIP	2008	3	15	6.5	5.1	7.2374	0.8867	0.9896	0.7265	1.7161	8.1241	9.8402
1294266PIP	2008	3	16	3.6	4.0	1.7485	0.2609	0.3563	0.1743	0.5306	2.0094	2.54
1294266PIP	2008	3	18	4.3	4.3	2.6803	0.377	0.4844	0.2678	0.7522	3.0572	3.8094
1294266PIP	2008	3	19	4.3	4.3	2.6803	0.377	0.4844	0.2678	0.7522	3.0572	3.8094
1294266PIP	2008	3	21	4.0	4.2	2.2525	0.3245	0.4275	0.2249	0.6523	2.5771	3.2294
1294266PIP	2008	3	22	5.6	4.8	5.058	0.6513	0.7648	0.5068	1.2717	5.7093	6.9809
1294266PIP	2008	3	25	2.5	3.4	0.7277	0.1227	0.1897	0.0723	0.2619	0.8503	1.1123
1294266PIP	2008	3	28	4.1	4.2	2.3903	0.3416	0.4461	0.2387	0.6848	2.7318	3.4166
1294266PIP	2008	3	30	6.5	5.1	7.2374	0.8867	0.9896	0.7265	1.7161	8.1241	9.8402
1294266PIP	2008	3	33	4.8	4.5	3.4916	0.4734	0.5859	0.3493	0.9352	3.965	4.9002
1294266PIP	2008	3	35	3.9	4.1	2.1195	0.308	0.4092	0.2115	0.6207	2.4275	3.0482
1294266PIP	2008	3	36	3.0	3.7	1.128	0.1789	0.26	0.1122	0.3722	1.3069	1.6791
1294266PIP	2008	3	38	4.3	4.3	2.6803	0.377	0.4844	0.2678	0.7522	3.0572	3.8094
1294266PIP	2008	3	39	2.7	3.5	0.8756	0.1438	0.2167	0.087	0.3037	1.0194	1.3231
1294266PIP	2008	3	41	3.8	4.1	1.9912	0.2918	0.3912	0.1987	0.5898	2.283	2.8729
1294266PIP	2008	3	42	5.0	4.6	3.8517	0.5151	0.6287	0.3855	1.0142	4.3668	5.381
1294266PIP	2008	3	44	4.7	4.5	3.3193	0.4532	0.5649	0.332	0.8969	3.7725	4.6694
1294266PIP	2008	3	45	2.7	3.5	0.8756	0.1438	0.2167	0.087	0.3037	1.0194	1.3231
1294266PIP	2008	13	48	2.9	3.1	0.6939	0.1666	0.7429	0.2556	0.9985	0.8606	1.8591
1294266PIP	2008	3	50	3.9	4.1	2.1195	0.308	0.4092	0.2115	0.6207	2.4275	3.0482
1294266PIP	2008	3	53	5.1	4.6	4.0395	0.5367	0.6506	0.4044	1.055	4.5761	5.6311
1294266PIP	2008	3	55	3.2	3.8	1.3173	0.2045	0.2906	0.1312	0.4218	1.5218	1.9436
1294266PIP	2008	3	56	6.1	5.0	6.2125	0.7775	0.8867	0.6231	1.5099	6.99	8.4999
1294266PIP	2008	3	59	3.3	3.8	1.4185	0.2179	0.3065	0.1413	0.4478	1.6364	2.0842
1294266PIP	2008	3	61	6.1	5.0	6.2125	0.7775	0.8867	0.6231	1.5099	6.99	8.4999
1294266PIP	2008	3	62	6.0	5.0	5.9705	0.7513	0.8617	0.5988	1.4605	6.7218	8.1823
1294266PIP	2008	3	65	7.6	5.4	10.5395	1.2256	1.2968	1.0598	2.3566	11.7651	14.1218
1294266PIP	2008	3	68	3.8	4.1	1.9912	0.2918	0.3912	0.1987	0.5898	2.283	2.8729
1294266PIP	2008	3	70	4.4	4.4	2.8326	0.3953	0.5041	0.2831	0.7871	3.2279	4.015
1294266PIP	2008	3	73	6.9	5.2	8.3547	1.0034	1.0973	0.8392	1.9365	9.3582	11.2947
1294266PIP	2008	3	75	4.1	4.2	2.3903	0.3416	0.4461	0.2387	0.6848	2.7318	3.4166
1294266PIP	2008	3	76	5.3	4.7	4.4309	0.5811	0.6954	0.4437	1.1391	5.012	6.1511
1294266PIP	2008	3	78	6.0	5.0	5.9705	0.7513	0.8617	0.5988	1.4605	6.7218	8.1823
1294266PIP	2008	13	79	3.9	3.7	1.4617	0.3239	1.1295	0.474	1.6035	1.7856	3.3891
1294266PIP	2008	3	81	3.6	4.0	1.7485	0.2609	0.3563	0.1743	0.5306	2.0094	2.54
1294266PIP	2008	3	82	7.2	5.3	9.2548	1.0959	1.1811	0.9301	2.1111	10.3507	12.4618
1294266PIP	2008	3	84	5.1	4.6	4.0395	0.5367	0.6506	0.4044	1.055	4.5761	5.6311
1294266PIP	2008	3	85	2.9	3.6	1.0397	0.1668	0.2452	0.1034	0.3486	1.2065	1.555
1294266PIP	2008	3	88	4.4	4.4	2.8326	0.3953	0.5041	0.2831	0.7871	3.2279	4.015
1294266PIP	2008	3	91	7.5	5.3	10.2092	1.1925	1.2674	1.0264	2.2939	11.4017	13.6956
1294266PIP	2008	3	93	6.4	5.1	6.9726	0.8587	0.9635	0.6998	1.6632	7.8313	9.4945
1294266PIP	2008	3	96	2.9	3.6	1.0397	0.1668	0.2452	0.1034	0.3486	1.2065	1.555
1294266PIP	2008	3	98	2.5	3.4	0.7277	0.1227	0.1897	0.0723	0.2619	0.8503	1.1123
1294266PIP	2008	3	99	5.6	4.8	5.058	0.6513	0.7648	0.5068	1.2717	5.7093	6.9809
1294266PIP	2008	3	101	5.0	4.6	3.8517	0.5151	0.6287	0.3855	1.0142	4.3668	5.381
1294266PIP	2008	3	102	4.4	4.4	2.8326	0.3953	0.5041	0.2831	0.7871	3.2279	4.015
1294266PIP	2008	3	104	5.0	4.6	3.8517	0.5151	0.6287	0.3855	1.0142	4.3668	5.381
1294266PIP	2008	3	105	3.6	4.0	1.7485	0.2609	0.3563	0.1743	0.5306	2.0094	2.54
1294266PIP	2008	3	108	6.1	5.0	6.2125	0.7775	0.8867	0.6231	1.5099	6.99	8.4999
1294266PIP	2008	3	111	7.1	5.3	8.9488	1.0646	1.1529	0.8992	2.052	10.0134	12.0654
1294266PIP	2008	3	113	4.4	4.4	2.8326	0.3953	0.5041	0.2831	0.7871	3.2279	4.015
1294266PIP	2008	3	116	5.7	4.9	5.2778	0.6756	0.7886	0.529	1.3176	5.9534	7.271
1294266PIP	2008	3	119	7.0	5.2	8.6488	1.0338	1.1249	0.8689	1.9938	9.6826	11.6764
1294266PIP	2008	3	121	4.0	4.2	2.2525	0.3245	0.4275	0.2249	0.6523	2.5771	3.2294
1294266PIP	2008	3	122	5.5	4.8	4.8435	0.6275	0.7414	0.4853	1.2266	5.471	6.6976
1294266PIP	2008	3	124	4.9	4.6	3.6691	0.494	0.6072	0.3671	0.9743	4.1631	5.1373
1294266PIP	2008	3	125	4.5	4.4	2.9898	0.4142	0.524	0.2989	0.8229	3.404	4.2269
1294266PIP	2008	3	127	9.2	5.7	16.6839	1.8203	1.8044	1.6813	3.4858	18.5043	21.99
1294266PIP	2008	3	128	4.4	4.4	2.8326	0.3953	0.5041	0.2831	0.7871	3.2279	4.015
1294266PIP	2008	3	131	6.0	5.0	5.9705	0.7513	0.8617	0.5988	1.4605	6.7218	8.1823
1294266PIP	2008	3	133	5.6	4.8	5.058	0.6513	0.7648	0.5068	1.2717	5.7093	6.9809
1294266PIP	2008	3	134	3.3	3.8	1.4185	0.2179	0.3065	0.1413	0.4478	1.6364	2.0842
1294266PIP	2008	3	138	6.4	5.1	6.9726	0.8587	0.9635	0.6998	1.6632	7.8313	9.4945
1294266PIP	2008	3	139	3.8	4.1	1.9912	0.2918	0.3912	0.1987	0.5898	2.283	2.8729
1294266PIP	2008	3	141	7.1	5.3	8.9488	1.0646	1.1529	0.8992	2.052	10.0134	12.0654
1294266PIP	2008	3	142	5.5	4.8	4.8435	0.6275	0.7414	0.4853	1.2266	5.471	6.6976
1294266PIP	2008	3	144	3.9	4.1	2.1195	0.308	0.4092	0.2115	0.6207	2.4275	3.0482
1294266PIP	2008	3	145	8.0	5.5	11.9227	1.363	1.4171	1.1996	2.6167	13.2857	15.9024
1294266PIP	2008	3	147	2.7	3.5	0.8756	0.1438	0.2167	0.087	0.3037	1.0194	1.3231
1294266PIP	2008	3	148	4.7	4.5	3.3193	0.4532	0.5649	0.332	0.8969	3.7725	4.6694
1294266PIP	2008	3	153	5.8	4.9	5.5032	0.7004	0.8127	0.5517	1.3644	6.2036	7.5679
1294266PIP	2008	3	154	2.9	3.6	1.0397	0.1668	0.2452	0.1034	0.3486	1.2065	1.555
1294266PIP	2008	3	156	5.2	4.7	4.2325	0.5587	0.6729	0.4238	1.0966	4.7912	5.8878
1294266PIP	2008	3	158	5.0	4.6	3.8517	0.5151	0.6287	0.3855	1.0142	4.3668	5.381
1294266PIP	2008	3	159	2.9	3.6	1.0397	0.1668	0.2452	0.1034	0.3486	1.2065	1.555
1294266PIP	2008	3	161	6.3	5.0	6.7135	0.8312	0.9376	0.6736	1.6112	7.5447	9.1559
1294266PIP	2008	3	162	4.2	4.3	2.5329	0.359	0.4651	0.253	0.7181	2.8919	3.61
1294266PIP	2008	3	164	3.2	3.8	1.3173	0.2045	0.2906	0.1312	0.4218	1.5218	1.9436
1294266PIP	2008	3	165	3.1	3.7	1.2205	0.1915	0.2751	0.1215	0.3966	1.412	1.8086
1294266PIP	2008	3	167	5.2	4.7	4.2325	0.5587	0.6729	0.4238	1.0966	4.7912	5.8878
1294266PIP	2008	3	168	4.7	4.5	3.3193	0.4532	0.5649	0.332	0.8969	3.7725	4.6694
1294266PIP	2008	3	171	4.7	4.5	3.3193	0.4532	0.5649	0.332	0.8969	3.7725	4.6694
1294266PIP	2008	3	174	3.7	4.0	1.8675	0.2762	0.3736	0.1863	0.5598	2.1437	2.7035
1294266PIP	2008	3	176	7.0	5.2	8.6488	1.0338	1.1249	0.8689	1.9938	9.6826	11.6764
1294266PIP	2008	3	179	3.1	3.7	1.2205	0.1915	0.2751	0.1215	0.3966	1.412	1.8086
1294266PIP	2008	3	181	3.7	4.0	1.8675	0.2762	0.3736	0.1863	0.5598	2.1437	2.7035
1294266PIP	2008	3	182	3.5	3.9	1.634	0.2462	0.3393	0.1629	0.5022	1.8801	2.3824
1294266PIP	2008	3	184	6.0	5.0	5.9705	0.7513	0.8617	0.5988	1.4605	6.7218	8.1823
1294266PIP	2008	3	185	3.2	3.8	1.3173	0.2045	0.2906	0.1312	0.4218	1.5218	1.9436
1294266PIP	2008	3	187	6.4	5.1	6.9726	0.8587	0.9635	0.6998	1.6632	7.8313	9.4945
1294266PIP	2008	3	188	3.6	4.0	1.7485	0.2609	0.3563	0.1743	0.5306	2.0094	2.54
1294266PIP	2008	3	191	4.8	4.5	3.4916	0.4734	0.5859	0.3493	0.9352	3.965	4.9002
1294266PIP	2008	3	194	4.2	4.3	2.5329	0.359	0.4651	0.253	0.7181	2.8919	3.61
1294266PIP	2008	3	196	4.3	4.3	2.6803	0.377	0.4844	0.2678	0.7522	3.0572	3.8094
1294266PIP	2008	3	199	3.6	4.0	1.7485	0.2609	0.3563	0.1743	0.5306	2.0094	2.54
1294266PIP	2008	3	201	4.3	4.3	2.6803	0.377	0.4844	0.2678	0.7522	3.0572	3.8094
1294266PIP	2008	3	202	2.9	3.6	1.0397	0.1668	0.2452	0.1034	0.3486	1.2065	1.555
1294276PIP	2008	3	3	2.5	3.5	0.7277	0.1227	0.1897	0.0723	0.2619	0.8503	1.1123
1294276PIP	2008	3	5	3.0	3.8	1.128	0.1789	0.26	0.1122	0.3722	1.3069	1.6791
1294276PIP	2008	3	6	4.3	4.5	2.6803	0.377	0.4844	0.2678	0.7522	3.0572	3.8094
1294276PIP	2008	3	8	4.5	4.5	2.9898	0.4142	0.524	0.2989	0.8229	3.404	4.2269
1294276PIP	2008	3	9	3.5	4.1	1.634	0.2462	0.3393	0.1629	0.5022	1.8801	2.3824
1294276PIP	2008	3	12	4.1	4.4	2.3903	0.3416	0.4461	0.2387	0.6848	2.7318	3.4166
1294276PIP	2008	3	14	3.3	4.0	1.4185	0.2179	0.3065	0.1413	0.4478	1.6364	2.0842
1294276PIP	2008	3	15	3.0	3.8	1.128	0.1789	0.26	0.1122	0.3722	1.3069	1.6791
1294276PIP	2008	3	17	4.1	4.4	2.3903	0.3416	0.4461	0.2387	0.6848	2.7318	3.4166
1294276PIP	2008	3	19	2.7	3.6	0.8756	0.1438	0.2167	0.087	0.3037	1.0194	1.3231
1294276PIP	2008	3	20	5.7	4.9	5.2778	0.6756	0.7886	0.529	1.3176	5.9534	7.271
1294276PIP	2008	3	22	2.9	3.8	1.0397	0.1668	0.2452	0.1034	0.3486	1.2065	1.555
1294276PIP	2008	3	23	3.8	4.2	1.9912	0.2918	0.3912	0.1987	0.5898	2.283	2.8729
1294276PIP	2008	3	26	3.8	4.2	1.9912	0.2918	0.3912	0.1987	0.5898	2.283	2.8729
1294276PIP	2008	3	28	2.6	3.6	0.7996	0.133	0.203	0.0794	0.2824	0.9327	1.2151
1294276PIP	2008	3	29	4.1	4.4	2.3903	0.3416	0.4461	0.2387	0.6848	2.7318	3.4166
1294276PIP	2008	3	32	2.6	3.6	0.7996	0.133	0.203	0.0794	0.2824	0.9327	1.2151
1294276PIP	2008	3	34	2.8	3.7	0.9556	0.1551	0.2307	0.095	0.3257	1.1107	1.4364
1294276PIP	2008	74	35	2.8	4.0	0.7735	0.1978	0.1399	0.1073	0.2471	0.9713	1.2185
1294276PIP	2008	3	37	5.7	4.9	5.2778	0.6756	0.7886	0.529	1.3176	5.9534	7.271
1294276PIP	2008	3	39	4.1	4.4	2.3903	0.3416	0.4461	0.2387	0.6848	2.7318	3.4166
1294276PIP	2008	74	40	3.1	4.3	0.9951	0.2524	0.1651	0.1387	0.3038	1.2475	1.5513
1294276PIP	2008	13	42	3.0	3.1	0.7557	0.1798	0.7794	0.2744	1.0537	0.9355	1.9892
1294276PIP	2008	3	43	4.9	4.7	3.6691	0.494	0.6072	0.3671	0.9743	4.1631	5.1373
1294276PIP	2008	3	45	3.4	4.0	1.524	0.2318	0.3228	0.1518	0.4746	1.7558	2.2304
1294276PIP	2008	3	46	2.8	3.7	0.9556	0.1551	0.2307	0.095	0.3257	1.1107	1.4364
1294276PIP	2008	3	48	4.5	4.5	2.9898	0.4142	0.524	0.2989	0.8229	3.404	4.2269
1294276PIP	2008	3	49	3.2	3.9	1.3173	0.2045	0.2906	0.1312	0.4218	1.5218	1.9436
1294276PIP	2008	3	52	3.0	3.8	1.128	0.1789	0.26	0.1122	0.3722	1.3069	1.6791
1294276PIP	2008	74	55	2.5	3.8	0.5843	0.1508	0.1163	0.0806	0.1969	0.7351	0.932
1294276PIP	2008	3	57	3.0	3.8	1.128	0.1789	0.26	0.1122	0.3722	1.3069	1.6791
1294276PIP	2008	3	60	4.6	4.6	3.152	0.4334	0.5443	0.3152	0.8595	3.5855	4.445
1294276PIP	2008	3	62	2.8	3.7	0.9556	0.1551	0.2307	0.095	0.3257	1.1107	1.4364
1294276PIP	2008	3	63	3.3	4.0	1.4185	0.2179	0.3065	0.1413	0.4478	1.6364	2.0842
1294276PIP	2008	3	65	2.6	3.6	0.7996	0.133	0.203	0.0794	0.2824	0.9327	1.2151
1294276PIP	2008	74	66	2.5	3.8	0.5843	0.1508	0.1163	0.0806	0.1969	0.7351	0.932
1294276PIP	2008	3	68	5.5	4.9	4.8435	0.6275	0.7414	0.4853	1.2266	5.471	6.6976
1294276PIP	2008	3	69	3.9	4.3	2.1195	0.308	0.4092	0.2115	0.6207	2.4275	3.0482
1294276PIP	2008	3	71	3.4	4.0	1.524	0.2318	0.3228	0.1518	0.4746	1.7558	2.2304
1294276PIP	2008	3	72	4.7	4.6	3.3193	0.4532	0.5649	0.332	0.8969	3.7725	4.6694
1294276PIP	2008	74	77	3.5	4.6	1.3438	0.3375	0.2012	0.1883	0.3896	1.6813	2.0708
1294276PIP	2008	3	80	4.7	4.6	3.3193	0.4532	0.5649	0.332	0.8969	3.7725	4.6694
1294276PIP	2008	3	82	3.2	3.9	1.3173	0.2045	0.2906	0.1312	0.4218	1.5218	1.9436
1294276PIP	2008	3	83	3.1	3.9	1.2205	0.1915	0.2751	0.1215	0.3966	1.412	1.8086
1294276PIP	2008	3	85	2.5	3.5	0.7277	0.1227	0.1897	0.0723	0.2619	0.8503	1.1123
1294276PIP	2008	3	86	3.3	4.0	1.4185	0.2179	0.3065	0.1413	0.4478	1.6364	2.0842
1294276PIP	2008	3	88	2.8	3.7	0.9556	0.1551	0.2307	0.095	0.3257	1.1107	1.4364
1294276PIP	2008	3	92	2.8	3.7	0.9556	0.1551	0.2307	0.095	0.3257	1.1107	1.4364
1294276PIP	2008	3	95	4.1	4.4	2.3903	0.3416	0.4461	0.2387	0.6848	2.7318	3.4166
1294276PIP	2008	3	97	4.0	4.3	2.2525	0.3245	0.4275	0.2249	0.6523	2.5771	3.2294
1294276PIP	2008	3	98	3.0	3.8	1.128	0.1789	0.26	0.1122	0.3722	1.3069	1.6791
1294276PIP	2008	3	100	3.1	3.9	1.2205	0.1915	0.2751	0.1215	0.3966	1.412	1.8086
1294276PIP	2008	3	103	3.1	3.9	1.2205	0.1915	0.2751	0.1215	0.3966	1.412	1.8086
1294276PIP	2008	3	105	3.8	4.2	1.9912	0.2918	0.3912	0.1987	0.5898	2.283	2.8729
1294276PIP	2008	3	106	3.0	3.8	1.128	0.1789	0.26	0.1122	0.3722	1.3069	1.6791
1294276PIP	2008	3	108	2.7	3.6	0.8756	0.1438	0.2167	0.087	0.3037	1.0194	1.3231
1294276PIP	2008	3	109	3.1	3.9	1.2205	0.1915	0.2751	0.1215	0.3966	1.412	1.8086
1294276PIP	2008	3	111	4.8	4.6	3.4916	0.4734	0.5859	0.3493	0.9352	3.965	4.9002
1294276PIP	2008	3	112	4.0	4.3	2.2525	0.3245	0.4275	0.2249	0.6523	2.5771	3.2294
1294276PIP	2008	3	115	2.6	3.6	0.7996	0.133	0.203	0.0794	0.2824	0.9327	1.2151
1294276PIP	2008	3	117	3.3	4.0	1.4185	0.2179	0.3065	0.1413	0.4478	1.6364	2.0842
1294276PIP	2008	3	118	2.8	3.7	0.9556	0.1551	0.2307	0.095	0.3257	1.1107	1.4364
1294276PIP	2008	3	120	2.7	3.6	0.8756	0.1438	0.2167	0.087	0.3037	1.0194	1.3231
1294276PIP	2008	3	122	2.9	3.8	1.0397	0.1668	0.2452	0.1034	0.3486	1.2065	1.555
1294276PIP	2008	3	123	2.8	3.7	0.9556	0.1551	0.2307	0.095	0.3257	1.1107	1.4364
1294276PIP	2008	3	125	3.9	4.3	2.1195	0.308	0.4092	0.2115	0.6207	2.4275	3.0482
1294276PIP	2008	3	126	4.5	4.5	2.9898	0.4142	0.524	0.2989	0.8229	3.404	4.2269
1294276PIP	2008	3	128	4.4	4.5	2.8326	0.3953	0.5041	0.2831	0.7871	3.2279	4.015
1294276PIP	2008	3	129	4.0	4.3	2.2525	0.3245	0.4275	0.2249	0.6523	2.5771	3.2294
1294276PIP	2008	3	131	2.7	3.6	0.8756	0.1438	0.2167	0.087	0.3037	1.0194	1.3231
1294276PIP	2008	3	132	2.7	3.6	0.8756	0.1438	0.2167	0.087	0.3037	1.0194	1.3231
1294276PIP	2008	3	135	2.5	3.5	0.7277	0.1227	0.1897	0.0723	0.2619	0.8503	1.1123
1294276PIP	2008	3	138	3.9	4.3	2.1195	0.308	0.4092	0.2115	0.6207	2.4275	3.0482
1294276PIP	2008	3	140	2.5	3.5	0.7277	0.1227	0.1897	0.0723	0.2619	0.8503	1.1123
1294276PIP	2008	3	143	5.0	4.7	3.8517	0.5151	0.6287	0.3855	1.0142	4.3668	5.381
1294276PIP	2008	3	145	2.9	3.8	1.0397	0.1668	0.2452	0.1034	0.3486	1.2065	1.555
1294276PIP	2008	3	146	3.5	4.1	1.634	0.2462	0.3393	0.1629	0.5022	1.8801	2.3824
1294276PIP	2008	74	148	2.8	4.0	0.7735	0.1978	0.1399	0.1073	0.2471	0.9713	1.2185
1294276PIP	2008	3	149	2.8	3.7	0.9556	0.1551	0.2307	0.095	0.3257	1.1107	1.4364
1294276PIP	2008	3	152	4.2	4.4	2.5329	0.359	0.4651	0.253	0.7181	2.8919	3.61
1294276PIP	2008	3	154	2.6	3.6	0.7996	0.133	0.203	0.0794	0.2824	0.9327	1.2151
1294276PIP	2008	3	155	3.1	3.9	1.2205	0.1915	0.2751	0.1215	0.3966	1.412	1.8086
1294276PIP	2008	3	158	2.5	3.5	0.7277	0.1227	0.1897	0.0723	0.2619	0.8503	1.1123
1294276PIP	2008	3	160	5.0	4.7	3.8517	0.5151	0.6287	0.3855	1.0142	4.3668	5.381
1294276PIP	2008	3	163	4.7	4.6	3.3193	0.4532	0.5649	0.332	0.8969	3.7725	4.6694
1294276PIP	2008	3	165	3.9	4.3	2.1195	0.308	0.4092	0.2115	0.6207	2.4275	3.0482
1294276PIP	2008	3	166	2.8	3.7	0.9556	0.1551	0.2307	0.095	0.3257	1.1107	1.4364
1294276PIP	2008	3	168	2.6	3.6	0.7996	0.133	0.203	0.0794	0.2824	0.9327	1.2151
1294276PIP	2008	3	169	2.9	3.8	1.0397	0.1668	0.2452	0.1034	0.3486	1.2065	1.555
1294276PIP	2008	3	171	3.9	4.3	2.1195	0.308	0.4092	0.2115	0.6207	2.4275	3.0482
1294276PIP	2008	3	172	3.2	3.9	1.3173	0.2045	0.2906	0.1312	0.4218	1.5218	1.9436
1294276PIP	2008	3	174	2.7	3.6	0.8756	0.1438	0.2167	0.087	0.3037	1.0194	1.3231
1294276PIP	2008	3	178	3.0	3.8	1.128	0.1789	0.26	0.1122	0.3722	1.3069	1.6791
1294276PIP	2008	3	180	3.2	3.9	1.3173	0.2045	0.2906	0.1312	0.4218	1.5218	1.9436
1294276PIP	2008	3	181	2.7	3.6	0.8756	0.1438	0.2167	0.087	0.3037	1.0194	1.3231
1294276PIP	2008	3	185	3.5	4.1	1.634	0.2462	0.3393	0.1629	0.5022	1.8801	2.3824
1294276PIP	2008	3	186	3.2	3.9	1.3173	0.2045	0.2906	0.1312	0.4218	1.5218	1.9436
1294276PIP	2008	3	189	2.5	3.5	0.7277	0.1227	0.1897	0.0723	0.2619	0.8503	1.1123
1294276PIP	2008	3	191	3.7	4.2	1.8675	0.2762	0.3736	0.1863	0.5598	2.1437	2.7035
1294276PIP	2008	3	194	3.1	3.9	1.2205	0.1915	0.2751	0.1215	0.3966	1.412	1.8086
1294276PIP	2008	3	195	3.4	4.0	1.524	0.2318	0.3228	0.1518	0.4746	1.7558	2.2304
1294276PIP	2008	3	198	2.9	3.8	1.0397	0.1668	0.2452	0.1034	0.3486	1.2065	1.555
1294276PIP	2008	3	200	3.4	4.0	1.524	0.2318	0.3228	0.1518	0.4746	1.7558	2.2304
1294276PIP	2008	3	201	4.1	4.4	2.3903	0.3416	0.4461	0.2387	0.6848	2.7318	3.4166
1294276PIP	2008	3	203	3.9	4.3	2.1195	0.308	0.4092	0.2115	0.6207	2.4275	3.0482
1294276PIP	2008	3	208	2.5	3.5	0.7277	0.1227	0.1897	0.0723	0.2619	0.8503	1.1123
1294276PIP	2008	3	211	5.2	4.8	4.2325	0.5587	0.6729	0.4238	1.0966	4.7912	5.8878
1294276PIP	2008	3	214	3.0	3.8	1.128	0.1789	0.26	0.1122	0.3722	1.3069	1.6791
1294276PIP	2008	3	215	3.4	4.0	1.524	0.2318	0.3228	0.1518	0.4746	1.7558	2.2304
1294276PIP	2008	3	218	3.4	4.0	1.524	0.2318	0.3228	0.1518	0.4746	1.7558	2.2304
1294276PIP	2008	3	221	2.6	3.6	0.7996	0.133	0.203	0.0794	0.2824	0.9327	1.2151
1294286PIP	2008	13	2	11.8	9.2	23.6581	3.8799	5.4065	4.7615	10.168	27.538	37.706
1294286PIP	2008	74	5	5.6	9.0	4.3005	1.0403	0.433	0.616	1.049	5.3408	6.3898
1294286PIP	2008	25	7	3.0	4.5	0.9197	0.1769	0.4105	0.2361	0.6466	1.0966	1.7432
1294286PIP	2008	74	8	6.3	9.7	5.756	1.3793	0.5247	0.829	1.3537	7.1353	8.489
1294286PIP	2008	74	10	4.9	8.3	3.0902	0.7555	0.3483	0.4399	0.7882	3.8458	4.634
1294286PIP	2008	74	11	6.4	9.8	5.9848	1.4323	0.5383	0.8626	1.4009	7.4171	8.818
1294286PIP	2008	74	13	5.8	9.2	4.6907	1.1315	0.4585	0.673	1.1315	5.8222	6.9537
1294286PIP	2008	74	14	3.0	5.9	0.9176	0.2333	0.1565	0.1277	0.2842	1.1509	1.4351
1294286PIP	2008	74	16	9.8	12.2	17.1807	3.9737	1.0783	2.5256	3.6039	21.1544	24.7583
1294286PIP	2008	74	17	3.4	6.5	1.2507	0.3149	0.1919	0.175	0.367	1.5656	1.9326
1294286PIP	2008	74	20	9.0	11.7	13.9157	3.2406	0.9385	2.0376	2.9761	17.1563	20.1324
1294286PIP	2008	74	22	10.1	12.4	18.5119	4.2713	1.1326	2.7251	3.8577	22.7832	26.6409
1294286PIP	2008	74	23	6.2	9.6	5.5325	1.3274	0.5112	0.7962	1.3074	6.86	8.1673
1294286PIP	2008	74	25	4.9	8.3	3.0902	0.7555	0.3483	0.4399	0.7882	3.8458	4.634
1294286PIP	2008	74	27	10.5	12.6	20.3798	4.6877	1.2067	3.0055	4.2122	25.0674	29.2796
1294286PIP	2008	38	28	3.0	5.2	0.927	0.1897	0.3291	0.2231	0.5522	1.1167	1.6689
1294286PIP	2008	3	34	7.5	9.6	10.2092	1.1925	1.2674	1.0264	2.2939	11.4017	13.6956
1294286PIP	2008	3	36	2.7	5.4	0.8756	0.1438	0.2167	0.087	0.3037	1.0194	1.3231
1294286PIP	2008	3	37	3.4	6.2	1.524	0.2318	0.3228	0.1518	0.4746	1.7558	2.2304
1294286PIP	2008	3	42	8.2	10.0	12.6519	1.4345	1.4789	1.2733	2.7522	14.0864	16.8386
1294286PIP	2008	3	43	8.9	10.4	15.4058	1.6996	1.7039	1.552	3.2559	17.1054	20.3612
1294286PIP	2008	3	45	12.2	11.7	32.8832	3.2652	2.9394	3.3245	6.264	36.1484	42.4123
1294286PIP	2008	3	47	3.7	6.5	1.8675	0.2762	0.3736	0.1863	0.5598	2.1437	2.7035
1294286PIP	2008	3	48	6.8	9.1	8.0666	0.9736	1.0699	0.8101	1.8801	9.0402	10.9202
1294286PIP	2008	3	50	9.4	10.6	17.5692	1.9032	1.8728	1.771	3.6438	19.4724	23.1162
1294286PIP	2008	3	51	5.5	8.1	4.8435	0.6275	0.7414	0.4853	1.2266	5.471	6.6976
1294286PIP	2008	38	53	3.0	5.2	0.927	0.1897	0.3291	0.2231	0.5522	1.1167	1.6689
1294286PIP	2008	25	54	7.4	8.4	8.3816	1.1896	1.5726	1.8249	3.3975	9.5712	12.9687
1294286PIP	2008	74	56	4.4	7.7	2.3676	0.5839	0.2922	0.3353	0.6276	2.9514	3.579
1294286PIP	2008	74	57	5.3	8.7	3.7527	0.9118	0.3958	0.5361	0.932	4.6644	5.5964
1294286PIP	2008	74	60	16.1	14.6	58.7015	13.0478	2.4224	8.8304	11.2528	71.7493	83.0021
1294286PIP	2008	3	63	10.4	11.0	22.403	2.3463	2.2305	2.2608	4.4913	24.7493	29.2406
1294286PIP	2008	3	68	13.2	12.0	39.74	3.8436	3.3684	4.0214	7.3898	43.5836	50.9734
1294286PIP	2008	3	70	7.3	9.4	9.5669	1.1276	1.2096	0.9616	2.1712	10.6945	12.8656
1294286PIP	2008	3	71	10.0	10.9	20.3871	2.1633	2.0842	2.0565	4.1407	22.5504	26.6912
1294286PIP	2008	74	73	6.2	9.6	5.5325	1.3274	0.5112	0.7962	1.3074	6.86	8.1673
1294286PIP	2008	74	74	9.5	12.0	15.9082	3.6886	1.025	2.3352	3.3602	19.5968	22.957
1294286PIP	2008	74	76	5.6	9.0	4.3005	1.0403	0.433	0.616	1.049	5.3408	6.3898
1294286PIP	2008	74	77	11.8	13.2	27.2059	6.1995	1.4596	4.034	5.4936	33.4055	38.899
1294286PIP	2008	3	79	5.8	8.4	5.5032	0.7004	0.8127	0.5517	1.3644	6.2036	7.5679
1294286PIP	2008	3	80	4.2	7.0	2.5329	0.359	0.4651	0.253	0.7181	2.8919	3.61
1294286PIP	2008	73	83	6.3	9.8	4.6588	1.4516	0.5458	1.0252	1.571	6.1104	7.6813
1294286PIP	2008	3	85	8.0	9.9	11.9227	1.363	1.4171	1.1996	2.6167	13.2857	15.9024
1294286PIP	2008	3	88	12.1	11.7	32.2389	3.21	2.8979	3.2591	6.157	35.4489	41.6059
1294286PIP	2008	3	90	5.5	8.1	4.8435	0.6275	0.7414	0.4853	1.2266	5.471	6.6976
1294286PIP	2008	74	91	6.2	9.6	5.5325	1.3274	0.5112	0.7962	1.3074	6.86	8.1673
1294286PIP	2008	38	93	8.0	9.4	10.7926	2.0069	1.6362	2.7296	4.3658	12.7996	17.1654
1294286PIP	2008	38	94	6.4	8.3	6.1745	1.1734	1.136	1.5441	2.6801	7.3479	10.028
1294286PIP	2008	3	96	10.6	11.1	23.4528	2.4407	2.3052	2.3673	4.6725	25.8934	30.5659
1294286PIP	2008	38	97	2.7	4.9	0.7122	0.1472	0.277	0.1705	0.4475	0.8594	1.3069
1294286PIP	2008	3	99	12.6	11.8	35.535	3.4907	3.1081	3.594	6.702	39.0258	45.7278
1294286PIP	2008	3	100	9.7	10.7	18.9476	2.0311	1.9773	1.9106	3.8879	20.9787	24.8666
1294286PIP	2008	3	103	6.4	8.8	6.9726	0.8587	0.9635	0.6998	1.6632	7.8313	9.4945
1294286PIP	2008	3	105	5.1	7.8	4.0395	0.5367	0.6506	0.4044	1.055	4.5761	5.6311
1294286PIP	2008	3	106	5.7	8.3	5.2778	0.6756	0.7886	0.529	1.3176	5.9534	7.271
1294286PIP	2008	3	108	7.4	9.5	9.885	1.1598	1.2384	0.9937	2.2321	11.0448	13.2769
1294286PIP	2008	74	110	3.8	7.0	1.6471	0.411	0.2301	0.2317	0.4618	2.0581	2.5199
1294286PIP	2008	74	111	4.5	7.8	2.503	0.6162	0.3031	0.3549	0.658	3.1191	3.7772
1294286PIP	2008	74	113	8.0	11.1	10.3969	2.4441	0.7745	1.5141	2.2886	12.841	15.1296
1294286PIP	2008	38	114	5.0	7.2	3.3289	0.648	0.7587	0.8221	1.5809	3.9769	5.5577
1294286PIP	2008	74	116	10.8	12.8	21.8514	5.0148	1.2634	3.2267	4.4901	26.8662	31.3563
1294286PIP	2008	74	119	2.9	5.8	0.8437	0.2151	0.1481	0.1172	0.2653	1.0588	1.3241
1294286PIP	2008	74	120	3.7	6.9	1.5419	0.3856	0.2203	0.2166	0.437	1.9275	2.3644
1294286PIP	2008	20	123	8.8	7.2	9.9342	1.8999	3.1702	1.7565	4.9268	11.8341	16.7608
1294286PIP	2008	74	125	5.5	8.9	4.1129	0.9963	0.4205	0.5886	1.0091	5.1093	6.1184
1294286PIP	2008	74	126	4.6	7.9	2.6429	0.6495	0.3142	0.3751	0.6893	3.2924	3.9817
1294286PIP	2008	74	130	7.3	10.5	8.2886	1.9628	0.6671	1.2019	1.869	10.2514	12.1204
1294286PIP	2008	74	131	6.7	10.0	6.7033	1.5984	0.5801	0.9682	1.5482	8.3017	9.8499
1294286PIP	2008	74	133	3.1	6.1	0.9951	0.2524	0.1651	0.1387	0.3038	1.2475	1.5513
1294286PIP	2008	38	136	7.1	8.8	8.006	1.5061	1.3461	2.0126	3.3588	9.5121	12.8709
1294286PIP	2008	74	137	3.1	6.1	0.9951	0.2524	0.1651	0.1387	0.3038	1.2475	1.5513
1294286PIP	2008	74	139	5.3	8.7	3.7527	0.9118	0.3958	0.5361	0.932	4.6644	5.5964
1294286PIP	2008	74	140	3.1	6.1	0.9951	0.2524	0.1651	0.1387	0.3038	1.2475	1.5513
1294286PIP	2008	74	143	7.4	10.6	8.5724	2.0278	0.6821	1.2439	1.9259	10.6003	12.5262
1294286PIP	2008	38	148	14.0	11.6	43.788	7.7111	4.0853	11.3927	15.4781	51.499	66.9771
1294286PIP	2008	74	151	5.5	8.9	4.1129	0.9963	0.4205	0.5886	1.0091	5.1093	6.1184
1294286PIP	2008	74	153	7.8	10.9	9.7654	2.3003	0.7432	1.4204	2.1636	12.0657	14.2293
1294286PIP	2008	20	154	5.9	5.2	3.801	0.743	1.6264	0.6361	2.2625	4.544	6.8064
1294286PIP	2008	13	156	10.7	8.5	18.4974	3.1153	4.7078	3.8831	8.5909	21.6126	30.2035
1294286PIP	2008	74	157	4.3	7.6	2.2366	0.5526	0.2815	0.3165	0.5979	2.7892	3.3871
1294286PIP	2008	13	159	3.6	3.5	1.1952	0.2707	1.0086	0.4012	1.4098	1.4659	2.8757
1294286PIP	2008	13	160	7.5	6.4	7.5689	1.404	2.8481	1.8518	4.6999	8.9729	13.6728
1294286PIP	2008	74	166	12.0	13.3	28.3615	6.4542	1.5002	4.2086	5.7088	34.8157	40.5244
1294286PIP	2008	74	168	7.1	10.4	7.7378	1.8365	0.6376	1.1206	1.7582	9.5743	11.3325
1294286PIP	2008	74	171	5.0	8.4	3.2487	0.793	0.3599	0.4629	0.8228	4.0417	4.8645
1301151PIP	2008	13	2	7.0	8.5	6.3634	1.2027	2.5833	1.6038	4.1871	7.5661	11.7532
1301151PIP	2008	13	3	3.4	4.5	1.0352	0.2381	0.9303	0.3561	1.2864	1.2733	2.5597
1301151PIP	2008	13	5	6.0	7.4	4.3185	0.8512	2.0773	1.1631	3.2404	5.1697	8.4101
1301151PIP	2008	20	6	13.1	12.6	25.8431	4.8361	6.1598	4.8266	10.9863	30.6792	41.6655
1301151PIP	2008	13	8	2.9	3.9	0.6939	0.1666	0.7429	0.2556	0.9985	0.8606	1.8591
1301151PIP	2008	20	9	11.2	11.3	17.7342	3.3472	4.7419	3.2415	7.9833	21.0814	29.0647
1301151PIP	2008	13	11	3.1	4.2	0.8206	0.1935	0.8164	0.2938	1.1101	1.0142	2.1243
1301151PIP	2008	13	12	2.5	3.5	0.4778	0.1195	0.6022	0.1876	0.7899	0.5972	1.3871
1301151PIP	2008	20	15	12.8	12.4	24.4437	4.58	5.9261	4.5507	10.4767	29.0237	39.5005
1301151PIP	2008	13	17	6.3	7.7	4.8823	0.9496	2.2257	1.2876	3.5133	5.8318	9.3452
1301151PIP	2008	13	20	3.8	4.9	1.3693	0.3056	1.0888	0.449	1.5378	1.6749	3.2127
1301151PIP	2008	13	22	6.6	8.0	5.4881	1.054	2.377	1.4187	3.7958	6.5422	10.3379
1301151PIP	2008	13	23	5.3	6.6	3.1612	0.6444	1.743	0.8982	2.6412	3.8056	6.4468
1301151PIP	2008	13	25	5.4	6.7	3.3134	0.672	1.7897	0.9339	2.7236	3.9854	6.7089
1301151PIP	2008	13	26	9.6	11.2	14.0811	2.4425	4.0382	3.0974	7.1356	16.5235	23.6591
1301151PIP	2008	20	28	12.1	11.9	21.3538	4.0134	5.395	3.9448	9.3398	25.3672	34.7069
1301151PIP	2008	13	29	2.8	3.8	0.6353	0.154	0.7069	0.2376	0.9445	0.7893	1.7339
1301151PIP	2008	13	31	7.9	9.4	8.6254	1.5775	3.0653	2.0635	5.1288	10.203	15.3318
1301151PIP	2008	20	32	12.3	12.0	22.2118	4.1709	5.5447	4.1125	9.6572	26.3827	36.0399
1301151PIP	2008	74	35	32.4	21.3	331.4014	69.6488	7.5759	51.4966	59.0724	401.0501	460.1226
1301151PIP	2008	20	37	11.7	11.6	19.6966	3.7087	5.1005	3.6219	8.7224	23.4054	32.1277
1301151PIP	2008	13	40	21.1	20.5	102.0214	14.2865	12.2996	15.9852	28.2847	116.3079	144.5926
1301151PIP	2008	13	43	3.5	4.6	1.1135	0.2541	0.9692	0.3783	1.3475	1.3676	2.7151
1301151PIP	2008	13	45	3.1	4.2	0.8206	0.1935	0.8164	0.2938	1.1101	1.0142	2.1243
1301151PIP	2008	13	46	4.1	5.3	1.6576	0.3623	1.2123	0.526	1.7384	2.02	3.7583
1301151PIP	2008	13	48	2.7	3.7	0.5798	0.142	0.6715	0.2203	0.8918	0.7218	1.6135
1301151PIP	2008	13	51	2.7	3.7	0.5798	0.142	0.6715	0.2203	0.8918	0.7218	1.6135
1301151PIP	2008	13	52	3.2	4.3	0.8888	0.2078	0.8539	0.3139	1.1677	1.0967	2.2644
1301151PIP	2008	13	55	4.4	5.6	1.9797	0.4245	1.3397	0.6094	1.9491	2.4043	4.3534
1301161PIP	2008	13	3	2.6	3.0	0.5273	0.1304	0.6366	0.2036	0.8402	0.6577	1.4979
1301161PIP	2008	20	5	8.4	8.6	8.8835	1.7032	2.9333	1.5607	4.4941	10.5867	15.0808
1301161PIP	2008	13	8	8.7	8.0	10.9933	1.9586	3.5133	2.523	6.0363	12.9519	18.9881
1301161PIP	2008	20	10	3.9	4.4	1.4056	0.281	0.8148	0.2222	1.037	1.6867	2.7237
1301161PIP	2008	13	11	16.9	13.6	58.3828	8.684	8.9858	10.0656	19.0514	67.0668	86.1182
1301161PIP	2008	20	13	4.2	4.7	1.6796	0.3345	0.9221	0.2682	1.1904	2.0141	3.2044
1301161PIP	2008	20	14	6.1	6.5	4.118	0.8035	1.7194	0.6923	2.4118	4.9215	7.3332
1301161PIP	2008	13	16	14.4	12.1	39.0349	6.0643	7.1652	7.2104	14.3756	45.0992	59.4747
1301161PIP	2008	13	17	5.3	5.3	3.1612	0.6444	1.743	0.8982	2.6412	3.8056	6.4468
1301161PIP	2008	13	19	4.6	4.7	2.2139	0.469	1.4266	0.6686	2.0952	2.6829	4.7781
1301161PIP	2008	13	20	11.5	10.1	22.1746	3.6621	5.2132	4.5127	9.7258	25.8367	35.5625
1301161PIP	2008	13	23	11.5	10.1	22.1746	3.6621	5.2132	4.5127	9.7258	25.8367	35.5625
1301161PIP	2008	13	25	14.5	12.1	39.7201	6.1592	7.2357	7.3151	14.5508	45.8793	60.4301
1301161PIP	2008	13	26	2.7	3.1	0.5798	0.142	0.6715	0.2203	0.8918	0.7218	1.6135
1301161PIP	2008	13	28	3.7	3.9	1.2805	0.2878	1.0485	0.4247	1.4732	1.5683	3.0415
1301161PIP	2008	20	30	5.0	5.5	2.5537	0.5037	1.2337	0.4177	1.6514	3.0574	4.7088
1301161PIP	2008	13	31	11.6	10.2	22.6627	3.7339	5.2774	4.5948	9.8722	26.3966	36.2688
1301161PIP	2008	13	33	9.3	8.5	13.0006	2.2746	3.8608	2.8991	6.76	15.2752	22.0351
1301161PIP	2008	13	34	3.5	3.8	1.1135	0.2541	0.9692	0.3783	1.3475	1.3676	2.7151
1301161PIP	2008	13	36	6.9	6.6	6.1372	1.1645	2.5313	1.5564	4.0877	7.3017	11.3894
1301161PIP	2008	13	39	5.2	5.2	3.0134	0.6175	1.6967	0.8632	2.5599	3.6308	6.1907
1301161PIP	2008	13	40	9.5	8.6	13.7151	2.3858	3.9788	3.0306	7.0094	16.1009	23.1103
1301161PIP	2008	13	43	9.2	8.4	12.6519	2.2201	3.8023	2.8345	6.6368	14.872	21.5088
1301161PIP	2008	13	45	12.8	11.0	29.0281	4.6564	6.0657	5.641	11.7068	33.6846	45.3914
1301161PIP	2008	13	46	6.0	5.9	4.3185	0.8512	2.0773	1.1631	3.2404	5.1697	8.4101
1301161PIP	2008	20	48	5.5	6.0	3.2109	0.63	1.4465	0.5322	1.9787	3.841	5.8197
1301161PIP	2008	13	50	9.2	8.4	12.6519	2.2201	3.8023	2.8345	6.6368	14.872	21.5088
1301161PIP	2008	13	53	6.3	6.1	4.8823	0.9496	2.2257	1.2876	3.5133	5.8318	9.3452
1301161PIP	2008	13	54	5.2	5.2	3.0134	0.6175	1.6967	0.8632	2.5599	3.6308	6.1907
1301161PIP	2008	13	56	10.6	9.5	18.0657	3.0504	4.6457	3.8078	8.4535	21.1161	29.5696
1301161PIP	2008	13	57	7.8	7.3	8.3535	1.5331	3.0106	2.0095	5.02	9.8866	14.9066
1301161PIP	2008	13	59	20.7	15.5	97.2275	13.6862	11.9711	15.3601	27.3312	110.9136	138.2449
1301161PIP	2008	20	60	4.0	4.5	1.4938	0.2982	0.85	0.237	1.087	1.792	2.879
1301161PIP	2008	20	63	5.4	5.9	3.0724	0.6035	1.4028	0.5079	1.9108	3.6759	5.5867
1301161PIP	2008	13	66	5.9	5.8	4.1398	0.8197	2.0285	1.1231	3.1516	4.9595	8.1111
1301161PIP	2008	13	68	3.7	3.9	1.2805	0.2878	1.0485	0.4247	1.4732	1.5683	3.0415
1301161PIP	2008	13	71	3.3	3.6	0.9603	0.2227	0.8918	0.3346	1.2265	1.183	2.4095
1301161PIP	2008	13	73	16.2	13.2	52.4911	7.8979	8.464	9.2162	17.6802	60.389	78.0692
1301161PIP	2008	13	74	7.5	7.1	7.5689	1.404	2.8481	1.8518	4.6999	8.9729	13.6728
1301161PIP	2008	13	77	5.0	5.0	2.7303	0.5655	1.6051	0.7955	2.4006	3.2958	5.6964
1301161PIP	2008	13	79	11.0	9.7	19.8294	3.3146	4.8955	4.1134	9.0089	23.144	32.1529
1301161PIP	2008	13	80	2.7	3.1	0.5798	0.142	0.6715	0.2203	0.8918	0.7218	1.6135
1301161PIP	2008	13	82	7.9	7.4	8.6254	1.5775	3.0653	2.0635	5.1288	10.203	15.3318
1301161PIP	2008	13	83	2.7	3.1	0.5798	0.142	0.6715	0.2203	0.8918	0.7218	1.6135
1301161PIP	2008	20	86	5.4	5.9	3.0724	0.6035	1.4028	0.5079	1.9108	3.6759	5.5867
1301161PIP	2008	13	91	6.5	6.3	5.2814	1.0185	2.3263	1.3743	3.7006	6.3	10.0005
1301161PIP	2008	13	94	12.4	10.7	26.8007	4.3364	5.7994	5.2799	11.0793	31.1371	42.2164
1301161PIP	2008	13	96	12.0	10.5	24.6794	4.0289	5.5366	4.9312	10.4678	28.7084	39.1761
1301161PIP	2008	13	97	6.8	6.5	5.916	1.127	2.4796	1.5098	3.9893	7.043	11.0323
1301161PIP	2008	13	99	5.0	5.0	2.7303	0.5655	1.6051	0.7955	2.4006	3.2958	5.6964
1301161PIP	2008	13	100	4.4	4.5	1.9797	0.4245	1.3397	0.6094	1.9491	2.4043	4.3534
1301161PIP	2008	13	102	6.4	6.2	5.0795	0.9837	2.2758	1.3306	3.6064	6.0632	9.6696
1301161PIP	2008	13	103	3.2	3.5	0.8888	0.2078	0.8539	0.3139	1.1677	1.0967	2.2644
1301161PIP	2008	13	106	5.6	5.5	3.6307	0.7291	1.8842	1.0074	2.8915	4.3598	7.2513
1301161PIP	2008	13	108	8.4	7.8	10.0648	1.8103	3.3432	2.345	5.6883	11.8751	17.5634
1301161PIP	2008	13	109	13.7	11.6	34.4373	5.423	6.6776	6.4992	13.1768	39.8604	53.0371
1301161PIP	2008	13	111	5.9	5.8	4.1398	0.8197	2.0285	1.1231	3.1516	4.9595	8.1111
1301161PIP	2008	13	113	4.4	4.5	1.9797	0.4245	1.3397	0.6094	1.9491	2.4043	4.3534
1301161PIP	2008	13	114	5.2	5.2	3.0134	0.6175	1.6967	0.8632	2.5599	3.6308	6.1907
1301161PIP	2008	13	117	11.8	10.3	23.6581	3.8799	5.4065	4.7615	10.168	27.538	37.706
1301161PIP	2008	13	119	5.9	5.8	4.1398	0.8197	2.0285	1.1231	3.1516	4.9595	8.1111
1301161PIP	2008	13	120	11.9	10.4	24.1655	3.954	5.4715	4.8459	10.3174	28.1195	38.4369
1301161PIP	2008	13	122	16.2	13.2	52.4911	7.8979	8.464	9.2162	17.6802	60.389	78.0692
1301161PIP	2008	13	123	17.8	14.1	66.5196	9.7557	9.67	11.2149	20.8849	76.2753	97.1602
1301161PIP	2008	13	126	6.9	6.6	6.1372	1.1645	2.5313	1.5564	4.0877	7.3017	11.3894
1301161PIP	2008	13	128	9.5	8.6	13.7151	2.3858	3.9788	3.0306	7.0094	16.1009	23.1103
1301161PIP	2008	13	129	13.5	11.5	33.1871	5.2471	6.5402	6.303	12.8432	38.4341	51.2773
1301161PIP	2008	13	131	6.5	6.3	5.2814	1.0185	2.3263	1.3743	3.7006	6.3	10.0005
1301161PIP	2008	13	133	3.2	3.5	0.8888	0.2078	0.8539	0.3139	1.1677	1.0967	2.2644
1301161PIP	2008	13	134	3.8	4.0	1.3693	0.3056	1.0888	0.449	1.5378	1.6749	3.2127
1301161PIP	2008	13	136	6.5	6.3	5.2814	1.0185	2.3263	1.3743	3.7006	6.3	10.0005
1301161PIP	2008	13	139	8.4	7.8	10.0648	1.8103	3.3432	2.345	5.6883	11.8751	17.5634
1301161PIP	2008	13	140	4.0	4.2	1.5578	0.3428	1.1707	0.4997	1.6704	1.9006	3.571
1301161PIP	2008	13	143	4.3	4.4	1.8685	0.4032	1.2968	0.5809	1.8777	2.2717	4.1494
1301161PIP	2008	13	146	9.0	8.3	11.9716	2.1133	3.6859	2.7076	6.3935	14.0849	20.4784
1301161PIP	2008	13	149	5.2	5.2	3.0134	0.6175	1.6967	0.8632	2.5599	3.6308	6.1907
1301161PIP	2008	13	151	10.8	9.6	18.9352	3.181	4.7701	3.9591	8.7292	22.1161	30.8453
1301161PIP	2008	13	154	2.8	3.2	0.6353	0.154	0.7069	0.2376	0.9445	0.7893	1.7339
1301161PIP	2008	13	156	14.9	12.4	42.5334	6.5468	7.5196	7.7419	15.2615	49.0802	64.3417
1301161PIP	2008	13	157	7.0	6.7	6.3634	1.2027	2.5833	1.6038	4.1871	7.5661	11.7532
1301161PIP	2008	13	159	8.3	7.7	9.7662	1.7623	3.2871	2.2872	5.5743	11.5285	17.1028
1301161PIP	2008	13	160	9.3	8.5	13.0006	2.2746	3.8608	2.8991	6.76	15.2752	22.0351
1301161PIP	2008	13	163	8.7	8.0	10.9933	1.9586	3.5133	2.523	6.0363	12.9519	18.9881
1301161PIP	2008	13	165	10.6	9.5	18.0657	3.0504	4.6457	3.8078	8.4535	21.1161	29.5696
1301161PIP	2008	13	166	12.8	11.0	29.0281	4.6564	6.0657	5.641	11.7068	33.6846	45.3914
1301161PIP	2008	13	169	6.8	6.5	5.916	1.127	2.4796	1.5098	3.9893	7.043	11.0323
1301161PIP	2008	13	174	8.2	7.6	9.473	1.7151	3.2312	2.2302	5.4614	11.188	16.6494
1301161PIP	2008	13	176	4.0	4.2	1.5578	0.3428	1.1707	0.4997	1.6704	1.9006	3.571
1301161PIP	2008	13	177	15.5	12.7	46.9727	7.153	7.9514	8.4058	16.3572	54.1257	70.4828
1301161PIP	2008	13	179	13.7	11.6	34.4373	5.423	6.6776	6.4992	13.1768	39.8604	53.0371
1301161PIP	2008	13	180	3.1	3.4	0.8206	0.1935	0.8164	0.2938	1.1101	1.0142	2.1243
1307946PIP	2008	3	1	16.6	6.9	68.9474	6.1774	5.0063	6.9952	12.0015	75.1248	87.1263
1307946PIP	2008	3	2	16.7	6.9	69.9502	6.2547	5.0586	7.0974	12.1559	76.2049	88.3608
1307946PIP	2008	38	5	5.1	4.8	3.498	0.6796	0.7837	0.8648	1.6485	4.1776	5.8261
1307996PIP	2008	22	43	4.1	4.2	1.4829	0.2345	0.5713	0.515	1.0863	1.7175	2.8038
1307996PIP	2008	22	46	15.0	10.1	26.1342	3.7801	5.3722	6.3501	11.7223	29.9143	41.6366
1307996PIP	2008	22	48	3.4	3.8	0.9801	0.157	0.4134	0.3584	0.7718	1.1371	1.9089
1308026PIP	2008	20	3	7.5	7.2	6.7657	1.3052	2.4277	1.1703	3.5979	8.071	11.6689
1308026PIP	2008	38	5	2.8	5.2	0.78	0.1607	0.294	0.1871	0.4811	0.9407	1.4218
1308026PIP	2008	20	7	4.1	4.2	1.5851	0.3161	0.8858	0.2523	1.1381	1.9012	3.0393
1308026PIP	2008	20	14	2.6	2.9	0.5305	0.1084	0.4141	0.0793	0.4934	0.639	1.1324
1308026PIP	2008	13	16	16.9	15.7	58.3828	8.684	8.9858	10.0656	19.0514	67.0668	86.1182
1308026PIP	2008	20	17	2.9	3.2	0.6897	0.1402	0.4969	0.1047	0.6016	0.8299	1.4314
1308026PIP	2008	20	25	12.0	10.5	20.9321	3.9359	5.3207	3.8625	9.1832	24.8681	34.0513
1308026PIP	2008	13	28	31.8	22.8	286.2015	35.8497	21.9705	37.5796	59.5501	322.0511	381.6013
1308026PIP	2008	20	30	7.5	7.2	6.7657	1.3052	2.4277	1.1703	3.5979	8.071	11.6689
1308026PIP	2008	13	31	21.5	18.5	106.9551	14.9011	12.6306	16.6231	29.2538	121.8561	151.1099
1308026PIP	2008	13	33	26.4	20.8	179.2362	23.616	16.8862	25.4991	42.3853	202.8522	245.2376
1308026PIP	2008	20	34	11.6	10.3	19.2945	3.6347	5.028	3.5437	8.5717	22.9292	31.5009
1308026PIP	2008	20	36	10.7	9.7	15.891	3.0068	4.3938	2.8864	7.2801	18.8978	26.1779
1308026PIP	2008	32	37	3.7	6.4	2.1795	0.4478	0.3761	0.4516	0.8278	2.6273	3.455
1308026PIP	2008	20	40	2.6	2.9	0.5305	0.1084	0.4141	0.0793	0.4934	0.639	1.1324
1308026PIP	2008	20	43	12.1	10.6	21.3538	4.0134	5.395	3.9448	9.3398	25.3672	34.7069
1308026PIP	2008	20	45	7.3	7.0	6.3402	1.225	2.3206	1.0926	3.4132	7.5652	10.9784
1308026PIP	2008	20	48	7.4	7.1	6.551	1.2647	2.3739	1.131	3.5049	7.8157	11.3206
1308026PIP	2008	20	53	11.0	9.9	16.9827	3.2085	4.6013	3.0964	7.6978	20.1913	27.889
1308026PIP	2008	20	54	7.4	7.1	6.551	1.2647	2.3739	1.131	3.5049	7.8157	11.3206
1308026PIP	2008	20	56	7.9	7.5	7.6655	1.4746	2.6477	1.3354	3.9831	9.1401	13.1232
1308026PIP	2008	20	59	5.1	5.1	2.6781	0.5277	1.2752	0.4393	1.7145	3.2058	4.9203
1308036PIP	2008	13	3	5.6	5.8	3.6307	0.7291	1.8842	1.0074	2.8915	4.3598	7.2513
1308036PIP	2008	13	5	12.8	11.7	29.0281	4.6564	6.0657	5.641	11.7068	33.6846	45.3914
1308036PIP	2008	20	6	5.0	5.0	2.5537	0.5037	1.2337	0.4177	1.6514	3.0574	4.7088
1308036PIP	2008	13	8	4.6	4.9	2.2139	0.469	1.4266	0.6686	2.0952	2.6829	4.7781
1308036PIP	2008	13	13	9.7	9.3	14.4528	2.4999	4.0978	3.165	7.2628	16.9527	24.2155
1308036PIP	2008	20	16	3.9	4.1	1.4056	0.281	0.8148	0.2222	1.037	1.6867	2.7237
1308036PIP	2008	13	17	3.2	3.7	0.8888	0.2078	0.8539	0.3139	1.1677	1.0967	2.2644
1308036PIP	2008	13	19	4.2	4.6	1.7612	0.3825	1.2543	0.5531	1.8075	2.1436	3.9511
1308036PIP	2008	20	20	8.4	7.8	8.8835	1.7032	2.9333	1.5607	4.4941	10.5867	15.0808
1308036PIP	2008	13	23	19.6	15.9	84.7529	12.1086	11.0814	13.7081	24.7895	96.8615	121.651
1308036PIP	2008	13	26	3.5	3.9	1.1135	0.2541	0.9692	0.3783	1.3475	1.3676	2.7151
1308036PIP	2008	13	28	16.1	13.9	51.6801	7.789	8.3902	9.0981	17.4882	59.4691	76.9573
1308036PIP	2008	13	30	4.4	4.7	1.9797	0.4245	1.3397	0.6094	1.9491	2.4043	4.3534
1308036PIP	2008	13	31	12.2	11.2	25.7269	4.1811	5.6676	5.104	10.7715	29.908	40.6795
1308036PIP	2008	13	34	3.3	3.8	0.9603	0.2227	0.8918	0.3346	1.2265	1.183	2.4095
1308036PIP	2008	13	36	7.7	7.6	8.0868	1.4894	2.9561	1.9562	4.9123	9.5762	14.4884
1308036PIP	2008	13	37	9.2	8.9	12.6519	2.2201	3.8023	2.8345	6.6368	14.872	21.5088
1308036PIP	2008	38	39	10.9	13.0	23.4055	4.2233	2.7132	6.013	8.7262	27.6289	36.3551
1308036PIP	2008	13	40	8.2	8.1	9.473	1.7151	3.2312	2.2302	5.4614	11.188	16.6494
1308036PIP	2008	20	46	7.8	7.4	7.4344	1.4312	2.592	1.2929	3.8848	8.8656	12.7504
1308036PIP	2008	13	48	4.0	4.4	1.5578	0.3428	1.1707	0.4997	1.6704	1.9006	3.571
1308036PIP	2008	13	51	3.6	4.0	1.1952	0.2707	1.0086	0.4012	1.4098	1.4659	2.8757
1308036PIP	2008	13	56	5.4	5.6	3.3134	0.672	1.7897	0.9339	2.7236	3.9854	6.7089
1308036PIP	2008	13	57	14.9	13.1	42.5334	6.5468	7.5196	7.7419	15.2615	49.0802	64.3417
1308036PIP	2008	13	59	8.7	8.5	10.9933	1.9586	3.5133	2.523	6.0363	12.9519	18.9881
1308036PIP	2008	13	60	4.3	4.7	1.8685	0.4032	1.2968	0.5809	1.8777	2.2717	4.1494
1308036PIP	2008	13	62	10.0	9.5	15.6034	2.6766	4.2782	3.3724	7.6506	18.28	25.9306
1308036PIP	2008	13	63	3.8	4.2	1.3693	0.3056	1.0888	0.449	1.5378	1.6749	3.2127
1308036PIP	2008	13	66	12.1	11.2	25.1999	4.1046	5.602	5.0172	10.6192	29.3045	39.9237
1308036PIP	2008	13	71	15.3	13.4	45.4634	6.9476	7.8067	8.1813	15.988	52.411	68.399
1308036PIP	2008	13	73	5.9	6.1	4.1398	0.8197	2.0285	1.1231	3.1516	4.9595	8.1111
1308036PIP	2008	13	74	4.3	4.7	1.8685	0.4032	1.2968	0.5809	1.8777	2.2717	4.1494
1308036PIP	2008	13	76	5.7	5.9	3.7959	0.7587	1.9319	1.0452	2.9772	4.5546	7.5317
1308036PIP	2008	13	79	2.6	3.2	0.5273	0.1304	0.6366	0.2036	0.8402	0.6577	1.4979
1308036PIP	2008	13	80	9.4	9.1	13.355	2.3298	3.9197	2.9645	6.8842	15.6848	22.5689
1308036PIP	2008	13	82	9.5	9.1	13.7151	2.3858	3.9788	3.0306	7.0094	16.1009	23.1103
1308036PIP	2008	13	83	16.3	14.0	53.3097	8.0077	8.538	9.3352	17.8731	61.3174	79.1906
1308036PIP	2008	13	88	10.5	9.9	17.6402	2.9862	4.5838	3.7334	8.3172	20.6264	28.9435
1308036PIP	2008	13	91	5.2	5.5	3.0134	0.6175	1.6967	0.8632	2.5599	3.6308	6.1907
1308036PIP	2008	13	93	5.7	5.9	3.7959	0.7587	1.9319	1.0452	2.9772	4.5546	7.5317
1308036PIP	2008	13	94	2.8	3.3	0.6353	0.154	0.7069	0.2376	0.9445	0.7893	1.7339
1308036PIP	2008	13	96	10.4	9.9	17.2208	2.9228	4.5222	3.6597	8.1818	20.1435	28.3254
1308036PIP	2008	13	97	4.6	4.9	2.2139	0.469	1.4266	0.6686	2.0952	2.6829	4.7781
1308036PIP	2008	13	99	4.4	4.7	1.9797	0.4245	1.3397	0.6094	1.9491	2.4043	4.3534
1308036PIP	2008	13	100	3.3	3.8	0.9603	0.2227	0.8918	0.3346	1.2265	1.183	2.4095
1308036PIP	2008	13	102	5.7	5.9	3.7959	0.7587	1.9319	1.0452	2.9772	4.5546	7.5317
1308036PIP	2008	13	103	4.4	4.7	1.9797	0.4245	1.3397	0.6094	1.9491	2.4043	4.3534
1308036PIP	2008	13	106	15.8	13.7	49.2926	7.4672	8.1699	8.7484	16.9183	56.7598	73.6781
1308036PIP	2008	13	108	9.6	9.2	14.0811	2.4425	4.0382	3.0974	7.1356	16.5235	23.6591
1308036PIP	2008	13	109	3.4	3.9	1.0352	0.2381	0.9303	0.3561	1.2864	1.2733	2.5597
1308036PIP	2008	13	111	3.4	3.9	1.0352	0.2381	0.9303	0.3561	1.2864	1.2733	2.5597
1308036PIP	2008	13	113	6.7	6.8	5.6997	1.0902	2.4281	1.4639	3.892	6.7898	10.6818
1308036PIP	2008	13	114	2.9	3.4	0.6939	0.1666	0.7429	0.2556	0.9985	0.8606	1.8591
1308036PIP	2008	13	117	5.2	5.5	3.0134	0.6175	1.6967	0.8632	2.5599	3.6308	6.1907
1308036PIP	2008	13	119	4.0	4.4	1.5578	0.3428	1.1707	0.4997	1.6704	1.9006	3.571
1308036PIP	2008	13	120	17.8	14.9	66.5196	9.7557	9.67	11.2149	20.8849	76.2753	97.1602
1308036PIP	2008	13	122	3.4	3.9	1.0352	0.2381	0.9303	0.3561	1.2864	1.2733	2.5597
1308036PIP	2008	13	131	4.1	4.5	1.6576	0.3623	1.2123	0.526	1.7384	2.02	3.7583
1308036PIP	2008	13	134	4.8	5.1	2.464	0.516	1.5151	0.7306	2.2457	2.98	5.2257
1308036PIP	2008	13	136	10.3	9.8	16.8074	2.8601	4.4608	3.5867	8.0475	19.6675	27.715
1308036PIP	2008	13	137	7.9	7.8	8.6254	1.5775	3.0653	2.0635	5.1288	10.203	15.3318
1308036PIP	2008	20	139	3.5	3.7	1.0838	0.218	0.6801	0.1688	0.8489	1.3017	2.1507
1308036PIP	2008	13	140	5.8	6.0	3.9656	0.7888	1.98	1.0838	3.0638	4.7544	7.8183
1308036PIP	2008	13	142	4.3	4.7	1.8685	0.4032	1.2968	0.5809	1.8777	2.2717	4.1494
1308036PIP	2008	13	143	3.1	3.6	0.8206	0.1935	0.8164	0.2938	1.1101	1.0142	2.1243
1308036PIP	2008	13	145	11.2	10.5	20.7485	3.4513	5.0219	4.2708	9.2927	24.1998	33.4925
1308036PIP	2008	13	146	4.9	5.2	2.5951	0.5404	1.5599	0.7627	2.3226	3.1355	5.4581
1308036PIP	2008	13	151	14.9	13.1	42.5334	6.5468	7.5196	7.7419	15.2615	49.0802	64.3417
1308036PIP	2008	13	156	19.2	15.7	80.4704	11.5613	10.7629	13.1316	23.8945	92.0317	115.9262
1308036PIP	2008	20	157	3.3	3.5	0.9409	0.1898	0.6165	0.1454	0.7619	1.1307	1.8926
1308036PIP	2008	13	159	4.8	5.1	2.464	0.516	1.5151	0.7306	2.2457	2.98	5.2257
1308036PIP	2008	13	162	3.0	3.5	0.7557	0.1798	0.7794	0.2744	1.0537	0.9355	1.9892
1308036PIP	2008	20	163	3.0	3.3	0.7483	0.1518	0.5258	0.1141	0.6399	0.9	1.54
1308046PIP	2008	74	2	3.5	4.3	1.3438	0.3375	0.2012	0.1883	0.3896	1.6813	2.0708
1308046PIP	2008	74	3	3.6	4.4	1.4408	0.3611	0.2107	0.2022	0.4129	1.8019	2.2147
1308046PIP	2008	20	6	2.9	2.8	0.6897	0.1402	0.4969	0.1047	0.6016	0.8299	1.4314
1308046PIP	2008	74	11	3.5	4.3	1.3438	0.3375	0.2012	0.1883	0.3896	1.6813	2.0708
1308046PIP	2008	20	13	2.6	2.6	0.5305	0.1084	0.4141	0.0793	0.4934	0.639	1.1324
1308046PIP	2008	74	14	2.6	3.7	0.6439	0.1656	0.1239	0.089	0.2129	0.8095	1.0225
1308046PIP	2008	74	16	2.6	3.7	0.6439	0.1656	0.1239	0.089	0.2129	0.8095	1.0225
1308046PIP	2008	74	17	3.9	4.6	1.7565	0.4374	0.2401	0.2474	0.4875	2.1938	2.6813
1308046PIP	2008	74	19	2.6	3.7	0.6439	0.1656	0.1239	0.089	0.2129	0.8095	1.0225
1308046PIP	2008	38	20	2.8	4.0	0.78	0.1607	0.294	0.1871	0.4811	0.9407	1.4218
1308046PIP	2008	74	22	2.6	3.7	0.6439	0.1656	0.1239	0.089	0.2129	0.8095	1.0225
1308046PIP	2008	74	23	2.7	3.7	0.7069	0.1813	0.1318	0.0979	0.2297	0.8882	1.1179
1308046PIP	2008	74	26	2.6	3.7	0.6439	0.1656	0.1239	0.089	0.2129	0.8095	1.0225
1308046PIP	2008	74	28	2.7	3.7	0.7069	0.1813	0.1318	0.0979	0.2297	0.8882	1.1179
1308046PIP	2008	74	29	3.6	4.4	1.4408	0.3611	0.2107	0.2022	0.4129	1.8019	2.2147
1308046PIP	2008	74	31	3.5	4.3	1.3438	0.3375	0.2012	0.1883	0.3896	1.6813	2.0708
1308046PIP	2008	74	34	3.0	4.0	0.9176	0.2333	0.1565	0.1277	0.2842	1.1509	1.4351
1308046PIP	2008	74	36	3.6	4.4	1.4408	0.3611	0.2107	0.2022	0.4129	1.8019	2.2147
1308046PIP	2008	74	37	2.5	3.6	0.5843	0.1508	0.1163	0.0806	0.1969	0.7351	0.932
1308046PIP	2008	3	39	3.5	3.6	1.634	0.2462	0.3393	0.1629	0.5022	1.8801	2.3824
1308046PIP	2008	74	40	3.4	4.2	1.2507	0.3149	0.1919	0.175	0.367	1.5656	1.9326
1308046PIP	2008	74	42	2.7	3.7	0.7069	0.1813	0.1318	0.0979	0.2297	0.8882	1.1179
1308046PIP	2008	74	46	3.9	4.6	1.7565	0.4374	0.2401	0.2474	0.4875	2.1938	2.6813
1308046PIP	2008	20	49	3.6	3.2	1.1597	0.2329	0.7129	0.1813	0.8942	1.3925	2.2868
1308046PIP	2008	38	51	2.6	3.8	0.648	0.1344	0.2604	0.1548	0.4153	0.7824	1.1977
1308046PIP	2008	20	54	3.0	2.8	0.7483	0.1518	0.5258	0.1141	0.6399	0.9	1.54
1308046PIP	2008	74	56	2.8	3.8	0.7735	0.1978	0.1399	0.1073	0.2471	0.9713	1.2185
1314841PIP	2008	20	2	3.6	3.8	1.1597	0.2329	0.7129	0.1813	0.8942	1.3925	2.2868
1314841PIP	2008	20	3	2.7	3.0	0.5809	0.1185	0.441	0.0873	0.5283	0.6994	1.2277
1314841PIP	2008	13	5	8.1	7.0	9.1851	1.6685	3.1756	2.1739	5.3495	10.8537	16.2032
1314841PIP	2008	13	6	7.7	6.7	8.0868	1.4894	2.9561	1.9562	4.9123	9.5762	14.4884
1314841PIP	2008	13	8	7.6	6.6	7.8253	1.4463	2.902	1.9036	4.8055	9.2716	14.0772
1314841PIP	2008	13	9	13.6	10.6	33.8087	5.3346	6.6088	6.4007	13.0095	39.1434	52.1528
1314841PIP	2008	13	14	4.3	4.2	1.8685	0.4032	1.2968	0.5809	1.8777	2.2717	4.1494
1314841PIP	2008	13	15	6.5	5.8	5.2814	1.0185	2.3263	1.3743	3.7006	6.3	10.0005
1314841PIP	2008	38	17	7.2	9.4	8.2912	1.5577	1.3773	2.0858	3.4631	9.8488	13.3119
1314841PIP	2008	38	19	2.7	5.1	0.7122	0.1472	0.277	0.1705	0.4475	0.8594	1.3069
1314841PIP	2008	13	20	17.5	12.8	63.7362	9.3908	9.4403	10.8246	20.2649	73.127	93.3919
1314841PIP	2008	38	22	2.5	4.8	0.5874	0.1223	0.2443	0.1401	0.3843	0.7097	1.0941
1314841PIP	2008	20	23	3.2	3.5	0.8738	0.1766	0.5856	0.1344	0.7201	1.0504	1.7705
1314841PIP	2008	20	25	3.7	3.9	1.2386	0.2483	0.7463	0.1944	0.9407	1.4869	2.4276
1314841PIP	2008	13	28	19.2	13.6	80.4704	11.5613	10.7629	13.1316	23.8945	92.0317	115.9262
1314841PIP	2008	13	29	20.8	14.3	98.4129	13.8349	12.053	15.5152	27.5682	112.2478	139.816
1314841PIP	2008	13	32	3.5	3.5	1.1135	0.2541	0.9692	0.3783	1.3475	1.3676	2.7151
1314841PIP	2008	13	34	6.4	5.7	5.0795	0.9837	2.2758	1.3306	3.6064	6.0632	9.6696
1314841PIP	2008	13	35	9.0	7.6	11.9716	2.1133	3.6859	2.7076	6.3935	14.0849	20.4784
1314841PIP	2008	13	37	2.7	3.0	0.5798	0.142	0.6715	0.2203	0.8918	0.7218	1.6135
1314841PIP	2008	13	39	5.4	5.0	3.3134	0.672	1.7897	0.9339	2.7236	3.9854	6.7089
1314841PIP	2008	20	40	4.5	4.6	1.9825	0.3933	1.0347	0.3196	1.3543	2.3758	3.7301
1314841PIP	2008	38	42	4.9	7.5	3.1647	0.6173	0.7341	0.7808	1.5149	3.782	5.2969
1314841PIP	2008	13	43	16.6	12.3	55.8116	8.342	8.761	9.6968	18.4578	64.1536	82.6114
1314841PIP	2008	38	45	7.4	9.6	8.8796	1.6638	1.4404	2.2369	3.6773	10.5434	14.2207
1314841PIP	2008	13	46	8.0	6.9	8.9026	1.6227	3.1203	2.1183	5.2386	10.5253	15.764
1314841PIP	2008	13	48	4.2	4.1	1.7612	0.3825	1.2543	0.5531	1.8075	2.1436	3.9511
1314841PIP	2008	38	49	3.5	6.1	1.3635	0.2748	0.4234	0.3307	0.7542	1.6382	2.3924
1314841PIP	2008	38	52	3.8	6.4	1.675	0.3349	0.4844	0.408	0.8924	2.0099	2.9023
1314841PIP	2008	13	55	5.6	5.1	3.6307	0.7291	1.8842	1.0074	2.8915	4.3598	7.2513
1314841PIP	2008	38	57	11.5	11.7	26.7644	4.8043	2.9617	6.8946	9.8563	31.5687	41.4249
1314841PIP	2008	38	60	15.9	13.0	60.2103	10.4726	5.0303	15.7667	20.797	70.6829	91.48
1314841PIP	2008	38	62	8.7	10.4	13.3136	2.4556	1.8767	3.3815	5.2583	15.7692	21.0275
1314841PIP	2008	13	63	3.8	3.8	1.3693	0.3056	1.0888	0.449	1.5378	1.6749	3.2127
1314841PIP	2008	13	65	14.8	11.3	41.8192	6.4487	7.4483	7.634	15.0823	48.2679	63.3502
1314841PIP	2008	13	68	11.4	9.2	21.6929	3.5911	5.1492	4.4313	9.5805	25.2839	34.8644
1314841PIP	2008	38	69	4.0	6.6	1.9045	0.3789	0.5268	0.4651	0.9918	2.2833	3.2751
1314841PIP	2008	38	71	8.5	10.3	12.5608	2.322	1.8067	3.1866	4.9933	14.8829	19.8761
1314841PIP	2008	13	72	7.8	6.8	8.3535	1.5331	3.0106	2.0095	5.02	9.8866	14.9066
1314841PIP	2008	20	75	4.0	4.2	1.4938	0.2982	0.85	0.237	1.087	1.792	2.879
1314841PIP	2008	13	77	4.1	4.0	1.6576	0.3623	1.2123	0.526	1.7384	2.02	3.7583
1314841PIP	2008	13	80	5.1	4.8	2.8698	0.5912	1.6507	0.829	2.4797	3.4609	5.9406
1314841PIP	2008	38	82	8.7	10.4	13.3136	2.4556	1.8767	3.3815	5.2583	15.7692	21.0275
1314841PIP	2008	38	85	8.2	10.1	11.4806	2.1298	1.7036	2.9073	4.6109	13.6104	18.2212
1314911PIP	2008	38	1	18.0	18.2	82.1296	14.1137	6.1615	21.6419	27.8034	96.2433	124.0467
1314911PIP	2008	38	3	7.4	12.0	8.8796	1.6638	1.4404	2.2369	3.6773	10.5434	14.2207
1314911PIP	2008	3	4	22.9	18.9	149.4296	12.025	8.7318	15.2163	23.9481	161.4546	185.4027
1314911PIP	2008	3	6	17.6	17.6	79.3584	6.9727	5.5391	8.0568	13.5959	86.3312	99.9271
1314911PIP	2008	38	7	14.9	17.1	51.1765	8.9577	4.5234	13.3571	17.8806	60.1343	78.0148
1314911PIP	2008	13	10	5.0	6.1	2.7303	0.5655	1.6051	0.7955	2.4006	3.2958	5.6964
1314911PIP	2008	13	12	14.0	14.7	36.3652	5.693	6.8854	6.7992	13.6846	42.0583	55.7429
1314911PIP	2008	38	13	8.9	13.4	14.0928	2.5936	1.9478	3.5836	5.5314	16.6864	22.2178
1314911PIP	2008	13	15	12.9	13.8	29.6018	4.7384	6.1329	5.7333	11.8662	34.3402	46.2064
1314911PIP	2008	38	17	9.8	14.1	17.9348	3.2699	2.2801	4.5828	6.8629	21.2047	28.0676
1314911PIP	2008	13	18	5.7	6.8	3.7959	0.7587	1.9319	1.0452	2.9772	4.5546	7.5317
1314911PIP	2008	13	20	15.6	16.0	47.7385	7.2569	8.024	8.5192	16.5432	54.9954	71.5386
1314911PIP	2008	13	23	23.7	21.1	136.6464	18.5402	14.4965	20.3649	34.8614	155.1866	190.048
1314911PIP	2008	13	26	15.6	16.0	47.7385	7.2569	8.024	8.5192	16.5432	54.9954	71.5386
1314911PIP	2008	74	27	11.5	15.6	25.526	5.8287	1.3996	3.7804	5.18	31.3547	36.5347
1314911PIP	2008	13	30	21.6	20.0	108.2105	15.057	12.7138	16.7847	29.4985	123.2674	152.7659
1314911PIP	2008	13	32	11.4	12.5	21.6929	3.5911	5.1492	4.4313	9.5805	25.2839	34.8644
1314911PIP	2008	20	35	16.0	15.1	41.787	7.7349	8.6012	8.022	16.6232	49.5219	66.1451
1314911PIP	2008	3	38	24.9	19.2	182.7506	14.3011	10.092	18.6272	28.7192	197.0517	225.7709
1314911PIP	2008	12	40	4.3	4.6	1.5412	0.3333	1.3605	0.59	1.9505	1.8745	3.825
1314911PIP	2008	38	41	11.3	15.1	25.6147	4.6058	2.8779	6.5926	9.4705	30.2205	39.6909
1314911PIP	2008	13	44	8.9	10.1	11.6399	2.061	3.6281	2.6453	6.2734	13.7009	19.9743
1314911PIP	2008	13	46	19.4	18.6	82.5949	11.8332	10.9218	13.4182	24.34	94.4281	118.7682
1314911PIP	2008	38	50	8.4	12.9	12.1943	2.2569	1.7721	3.0917	4.8638	14.4511	19.3149
1314911PIP	2008	13	53	10.1	11.3	15.9987	2.7371	4.3388	3.4431	7.7819	18.7358	26.5177
1314911PIP	2008	38	55	7.5	12.1	9.183	1.7184	1.4723	2.3149	3.7873	10.9013	14.6886
1314911PIP	2008	3	58	26.4	19.4	210.3459	16.1423	11.1661	21.4542	32.6203	226.4882	259.1084
1314911PIP	2008	3	61	22.9	18.9	149.4296	12.025	8.7318	15.2163	23.9481	161.4546	185.4027
1314911PIP	2008	38	66	4.9	9.1	3.1647	0.6173	0.7341	0.7808	1.5149	3.782	5.2969
1314911PIP	2008	38	69	10.9	14.9	23.4055	4.2233	2.7132	6.013	8.7262	27.6289	36.3551
1314911PIP	2008	38	70	5.7	10.1	4.6207	0.8881	0.94	1.1488	2.0888	5.5087	7.5975
1314911PIP	2008	13	73	13.8	14.5	35.073	5.5122	6.7467	6.5984	13.3451	40.5852	53.9302
1314911PIP	2008	13	75	2.8	3.7	0.6353	0.154	0.7069	0.2376	0.9445	0.7893	1.7339
1314911PIP	2008	38	80	9.8	14.1	17.9348	3.2699	2.2801	4.5828	6.8629	21.2047	28.0676
1314911PIP	2008	20	81	9.2	10.1	11.0541	2.1089	3.4145	1.9665	5.381	13.163	18.544
1314921PIP	2008	13	340	6.5	6.6	5.2814	1.0185	2.3263	1.3743	3.7006	6.3	10.0005
1314921PIP	2008	74	341	7.2	8.8	8.0104	1.899	0.6523	1.1608	1.8131	9.9094	11.7225
1314921PIP	2008	13	343	7.9	7.8	8.6254	1.5775	3.0653	2.0635	5.1288	10.203	15.3318
1314921PIP	2008	13	344	6.9	7.0	6.1372	1.1645	2.5313	1.5564	4.0877	7.3017	11.3894
1314921PIP	2008	13	347	6.8	6.9	5.916	1.127	2.4796	1.5098	3.9893	7.043	11.0323
1314921PIP	2008	13	349	3.8	4.2	1.3693	0.3056	1.0888	0.449	1.5378	1.6749	3.2127
1314921PIP	2008	20	350	2.5	2.8	0.4828	0.0989	0.3878	0.0718	0.4596	0.5817	1.0414
1314921PIP	2008	20	352	4.8	4.7	2.3151	0.4576	1.1524	0.3766	1.529	2.7727	4.3017
1314921PIP	2008	20	354	2.7	3.0	0.5809	0.1185	0.441	0.0873	0.5283	0.6994	1.2277
1314921PIP	2008	20	355	3.0	3.2	0.7483	0.1518	0.5258	0.1141	0.6399	0.9	1.54
1314921PIP	2008	20	357	5.9	5.7	3.801	0.743	1.6264	0.6361	2.2625	4.544	6.8064
1314921PIP	2008	13	358	3.3	3.8	0.9603	0.2227	0.8918	0.3346	1.2265	1.183	2.4095
1314921PIP	2008	74	360	8.3	9.5	11.3887	2.6694	0.8224	1.6613	2.4838	14.0581	16.5418
1314921PIP	2008	20	361	3.6	3.7	1.1597	0.2329	0.7129	0.1813	0.8942	1.3925	2.2868
1314921PIP	2008	13	363	8.4	8.3	10.0648	1.8103	3.3432	2.345	5.6883	11.8751	17.5634
1314921PIP	2008	13	364	4.3	4.7	1.8685	0.4032	1.2968	0.5809	1.8777	2.2717	4.1494
1314921PIP	2008	13	367	3.9	4.3	1.4617	0.3239	1.1295	0.474	1.6035	1.7856	3.3891
1314921PIP	2008	13	369	4.4	4.8	1.9797	0.4245	1.3397	0.6094	1.9491	2.4043	4.3534
1314921PIP	2008	13	370	9.1	8.8	12.3089	2.1663	3.7439	2.7707	6.5147	14.4752	20.9899
1314921PIP	2008	13	372	10.0	9.6	15.6034	2.6766	4.2782	3.3724	7.6506	18.28	25.9306
1314921PIP	2008	13	375	4.3	4.7	1.8685	0.4032	1.2968	0.5809	1.8777	2.2717	4.1494
1314921PIP	2008	13	377	6.1	6.3	4.5018	0.8833	2.1264	1.2039	3.3303	5.3851	8.7154
1314921PIP	2008	13	378	7.6	7.6	7.8253	1.4463	2.902	1.9036	4.8055	9.2716	14.0772
1314921PIP	2008	13	380	9.8	9.4	14.8305	2.5581	4.1577	3.2334	7.3911	17.3885	24.7796
1314921PIP	2008	13	381	6.6	6.7	5.4881	1.054	2.377	1.4187	3.7958	6.5422	10.3379
1314921PIP	2008	13	383	6.5	6.6	5.2814	1.0185	2.3263	1.3743	3.7006	6.3	10.0005
1314921PIP	2008	13	384	9.9	9.5	15.214	2.617	4.2178	3.3025	7.5203	17.8309	25.3513
1314921PIP	2008	13	387	5.2	5.5	3.0134	0.6175	1.6967	0.8632	2.5599	3.6308	6.1907
1314921PIP	2008	13	390	8.5	8.3	10.3688	1.859	3.3997	2.4036	5.8032	12.2278	18.0311
1314921PIP	2008	13	392	3.3	3.8	0.9603	0.2227	0.8918	0.3346	1.2265	1.183	2.4095
1314921PIP	2008	20	395	3.5	3.6	1.0838	0.218	0.6801	0.1688	0.8489	1.3017	2.1507
1314921PIP	2008	20	397	3.1	3.3	0.8096	0.1639	0.5554	0.124	0.6794	0.9735	1.6529
1314921PIP	2008	13	398	4.4	4.8	1.9797	0.4245	1.3397	0.6094	1.9491	2.4043	4.3534
1314921PIP	2008	13	400	6.6	6.7	5.4881	1.054	2.377	1.4187	3.7958	6.5422	10.3379
1314921PIP	2008	38	401	22.9	12.4	150.0303	25.1852	9.134	40.019	49.1529	175.2155	224.3685
1314921PIP	2008	13	403	5.2	5.5	3.0134	0.6175	1.6967	0.8632	2.5599	3.6308	6.1907
1314921PIP	2008	13	404	5.6	5.8	3.6307	0.7291	1.8842	1.0074	2.8915	4.3598	7.2513
1314921PIP	2008	13	406	4.2	4.6	1.7612	0.3825	1.2543	0.5531	1.8075	2.1436	3.9511
1314921PIP	2008	38	407	3.8	6.0	1.675	0.3349	0.4844	0.408	0.8924	2.0099	2.9023
1314921PIP	2008	38	410	6.1	7.9	5.4755	1.0454	1.0502	1.366	2.4162	6.5209	8.9371
1314921PIP	2008	13	412	6.5	6.6	5.2814	1.0185	2.3263	1.3743	3.7006	6.3	10.0005
1314921PIP	2008	13	413	2.6	3.2	0.5273	0.1304	0.6366	0.2036	0.8402	0.6577	1.4979
1314921PIP	2008	13	415	7.7	7.7	8.0868	1.4894	2.9561	1.9562	4.9123	9.5762	14.4884
1314921PIP	2008	38	417	5.3	7.3	3.8515	0.7455	0.8346	0.954	1.7886	4.597	6.3855
1314921PIP	2008	74	420	12.1	11.2	28.95	6.5837	1.5206	4.2976	5.8182	35.5338	41.352
1314921PIP	2008	13	421	8.9	8.7	11.6399	2.061	3.6281	2.6453	6.2734	13.7009	19.9743
1314921PIP	2008	74	423	5.2	7.3	3.5798	0.8711	0.3837	0.511	0.8947	4.4509	5.3457
1314921PIP	2008	20	424	5.5	5.3	3.2109	0.63	1.4465	0.5322	1.9787	3.841	5.8197
1314921PIP	2008	13	426	11.2	10.5	20.7485	3.4513	5.0219	4.2708	9.2927	24.1998	33.4925
1314921PIP	2008	13	427	13.6	12.3	33.8087	5.3346	6.6088	6.4007	13.0095	39.1434	52.1528
1314921PIP	2008	13	430	12.3	11.4	26.2605	4.2583	5.7334	5.1916	10.9249	30.5188	41.4438
1314921PIP	2008	20	432	3.2	3.4	0.8738	0.1766	0.5856	0.1344	0.7201	1.0504	1.7705
1314921PIP	2008	74	433	7.4	9.0	8.5724	2.0278	0.6821	1.2439	1.9259	10.6003	12.5262
1314921PIP	2008	20	435	4.9	4.8	2.4327	0.4803	1.1928	0.3968	1.5896	2.913	4.5026
1314921PIP	2008	20	437	6.2	5.9	4.2821	0.8347	1.7668	0.7215	2.4883	5.1169	7.6051
1314921PIP	2008	20	438	4.3	4.3	1.7773	0.3535	0.9591	0.2848	1.2438	2.1308	3.3746
1314921PIP	2008	20	441	11.7	9.7	19.6966	3.7087	5.1005	3.6219	8.7224	23.4054	32.1277
1314921PIP	2008	20	444	5.7	5.5	3.4987	0.6852	1.5354	0.5827	2.1181	4.1839	6.302
1314921PIP	2008	20	446	2.8	3.1	0.634	0.1291	0.4686	0.0958	0.5644	0.763	1.3274
1314921PIP	2008	20	447	3.3	3.5	0.9409	0.1898	0.6165	0.1454	0.7619	1.1307	1.8926
1314921PIP	2008	13	450	5.6	5.8	3.6307	0.7291	1.8842	1.0074	2.8915	4.3598	7.2513
1314921PIP	2008	13	453	4.5	4.8	2.0948	0.4465	1.3829	0.6387	2.0216	2.5413	4.5629
1314921PIP	2008	20	455	7.0	6.5	5.7321	1.11	2.1636	0.9821	3.1457	6.8421	9.9877
1314921PIP	2008	20	458	6.4	6.1	4.6216	0.8994	1.8629	0.7821	2.6451	5.5209	8.166
1314921PIP	2008	20	460	16.7	11.9	46.3158	8.5531	9.2386	8.944	18.1826	54.8689	73.0515
1314921PIP	2008	13	461	15.3	13.5	45.4634	6.9476	7.8067	8.1813	15.988	52.411	68.399
1314921PIP	2008	13	463	6.0	6.2	4.3185	0.8512	2.0773	1.1631	3.2404	5.1697	8.4101
1314921PIP	2008	13	464	8.4	8.3	10.0648	1.8103	3.3432	2.345	5.6883	11.8751	17.5634
1314921PIP	2008	13	467	5.5	5.7	3.4698	0.7002	1.8368	0.9703	2.807	4.1701	6.9771
1314921PIP	2008	13	469	11.0	10.4	19.8294	3.3146	4.8955	4.1134	9.0089	23.144	32.1529
1314921PIP	2008	13	470	7.4	7.4	7.3177	1.3624	2.7945	1.8007	4.5952	8.6801	13.2753
1314921PIP	2008	13	475	5.2	5.5	3.0134	0.6175	1.6967	0.8632	2.5599	3.6308	6.1907
1314921PIP	2008	13	478	8.8	8.6	11.3138	2.0094	3.5706	2.5838	6.1543	13.3232	19.4776
1314921PIP	2008	38	480	4.3	6.4	2.2823	0.4508	0.5929	0.5594	1.1523	2.7331	3.8854
1314921PIP	2008	38	481	6.2	8.0	5.7029	1.0871	1.0785	1.4239	2.5024	6.79	9.2924
1314921PIP	2008	13	483	4.5	4.8	2.0948	0.4465	1.3829	0.6387	2.0216	2.5413	4.5629
1314921PIP	2008	13	484	5.4	5.6	3.3134	0.672	1.7897	0.9339	2.7236	3.9854	6.7089
1314921PIP	2008	13	487	11.5	10.8	22.1746	3.6621	5.2132	4.5127	9.7258	25.8367	35.5625
1314921PIP	2008	13	489	6.7	6.8	5.6997	1.0902	2.4281	1.4639	3.892	6.7898	10.6818
1314921PIP	2008	20	490	11.0	9.3	16.9827	3.2085	4.6013	3.0964	7.6978	20.1913	27.889
1314921PIP	2008	20	493	2.8	3.1	0.634	0.1291	0.4686	0.0958	0.5644	0.763	1.3274
1314921PIP	2008	20	495	4.6	4.6	2.09	0.4141	1.0734	0.338	1.4114	2.5041	3.9155
1314921PIP	2008	13	496	4.2	4.6	1.7612	0.3825	1.2543	0.5531	1.8075	2.1436	3.9511
1314921PIP	2008	20	498	5.7	5.5	3.4987	0.6852	1.5354	0.5827	2.1181	4.1839	6.302
1314921PIP	2008	13	500	11.7	10.9	23.1572	3.8065	5.3419	4.6778	10.0196	26.9637	36.9833
1314921PIP	2008	20	501	4.1	4.2	1.5851	0.3161	0.8858	0.2523	1.1381	1.9012	3.0393
1314921PIP	2008	13	503	8.4	8.3	10.0648	1.8103	3.3432	2.345	5.6883	11.8751	17.5634
1314921PIP	2008	20	504	2.9	3.1	0.6897	0.1402	0.4969	0.1047	0.6016	0.8299	1.4314
1314931PIP	2008	20	201	4.3	4.6	1.7773	0.3535	0.9591	0.2848	1.2438	2.1308	3.3746
1314931PIP	2008	20	202	4.2	4.5	1.6796	0.3345	0.9221	0.2682	1.1904	2.0141	3.2044
1314931PIP	2008	20	204	4.3	4.6	1.7773	0.3535	0.9591	0.2848	1.2438	2.1308	3.3746
1314931PIP	2008	20	205	4.1	4.4	1.5851	0.3161	0.8858	0.2523	1.1381	1.9012	3.0393
1314931PIP	2008	20	208	2.6	3.0	0.5305	0.1084	0.4141	0.0793	0.4934	0.639	1.1324
1314931PIP	2008	20	210	3.5	3.9	1.0838	0.218	0.6801	0.1688	0.8489	1.3017	2.1507
1314931PIP	2008	38	211	11.1	13.7	24.4951	4.4121	2.7951	6.2987	9.0938	28.9073	38.0011
1314931PIP	2008	13	213	8.0	7.1	8.9026	1.6227	3.1203	2.1183	5.2386	10.5253	15.764
1314931PIP	2008	20	215	2.5	3.0	0.4828	0.0989	0.3878	0.0718	0.4596	0.5817	1.0414
1314931PIP	2008	20	216	3.0	3.4	0.7483	0.1518	0.5258	0.1141	0.6399	0.9	1.54
1314931PIP	2008	38	218	13.6	14.8	40.7239	7.1918	3.8962	10.58	14.4762	47.9156	62.3918
1314931PIP	2008	38	219	13.1	14.6	37.0798	6.5721	3.6647	9.615	13.2798	43.652	56.9317
1314931PIP	2008	20	222	3.0	3.4	0.7483	0.1518	0.5258	0.1141	0.6399	0.9	1.54
1314931PIP	2008	20	224	5.3	5.5	2.9375	0.5775	1.3597	0.4844	1.8441	3.515	5.3592
1314931PIP	2008	20	225	2.9	3.3	0.6897	0.1402	0.4969	0.1047	0.6016	0.8299	1.4314
1314931PIP	2008	20	228	7.4	7.4	6.551	1.2647	2.3739	1.131	3.5049	7.8157	11.3206
1314931PIP	2008	20	231	3.6	3.9	1.1597	0.2329	0.7129	0.1813	0.8942	1.3925	2.2868
1314931PIP	2008	20	236	3.6	3.9	1.1597	0.2329	0.7129	0.1813	0.8942	1.3925	2.2868
1314931PIP	2008	20	241	2.8	3.2	0.634	0.1291	0.4686	0.0958	0.5644	0.763	1.3274
1314931PIP	2008	20	242	3.0	3.4	0.7483	0.1518	0.5258	0.1141	0.6399	0.9	1.54
1314931PIP	2008	38	245	7.5	11.4	9.183	1.7184	1.4723	2.3149	3.7873	10.9013	14.6886
1314931PIP	2008	20	247	11.0	10.1	16.9827	3.2085	4.6013	3.0964	7.6978	20.1913	27.889
1314931PIP	2008	20	248	8.9	8.6	10.2076	1.9509	3.2306	1.8077	5.0383	12.1586	17.1969
1314931PIP	2008	38	251	16.1	15.5	62.1237	10.7923	5.1342	16.278	21.4122	72.9159	94.3282
1314931PIP	2008	38	253	20.8	16.3	117.9343	19.9835	7.8047	31.305	39.1097	137.9178	177.0274
1314931PIP	2008	20	256	14.4	12.0	32.4404	6.0394	7.2138	6.1381	13.3519	38.4798	51.8318
1314931PIP	2008	38	259	14.6	15.1	48.6367	8.5301	4.3755	12.6812	17.0567	57.1668	74.2234
1314931PIP	2008	20	261	6.9	6.9	5.5373	1.0731	2.1122	0.9468	3.0591	6.6104	9.6695
1314931PIP	2008	20	262	3.8	4.1	1.3206	0.2644	0.7802	0.208	0.9883	1.585	2.5732
1314931PIP	2008	38	264	17.4	15.8	75.449	13.0085	5.8293	19.8474	25.6767	88.4574	114.1341
1314931PIP	2008	38	265	9.1	12.6	14.8988	2.736	2.0199	3.7928	5.8126	17.6348	23.4475
1314931PIP	2008	20	267	9.5	9.0	11.9402	2.274	3.6024	2.1335	5.7359	14.2142	19.9501
1314931PIP	2008	20	268	7.7	7.6	7.2074	1.3885	2.5367	1.2512	3.7879	8.5959	12.3838
1314931PIP	2008	20	271	8.4	8.2	8.8835	1.7032	2.9333	1.5607	4.4941	10.5867	15.0808
1314931PIP	2008	20	273	2.9	3.3	0.6897	0.1402	0.4969	0.1047	0.6016	0.8299	1.4314
1314931PIP	2008	20	274	4.2	4.5	1.6796	0.3345	0.9221	0.2682	1.1904	2.0141	3.2044
1314931PIP	2008	20	276	2.8	3.2	0.634	0.1291	0.4686	0.0958	0.5644	0.763	1.3274
1314931PIP	2008	20	278	4.2	4.5	1.6796	0.3345	0.9221	0.2682	1.1904	2.0141	3.2044
1314931PIP	2008	13	279	13.3	10.7	31.9645	5.0743	6.4035	6.11	12.5135	37.0388	49.5524
1314931PIP	2008	20	281	2.8	3.2	0.634	0.1291	0.4686	0.0958	0.5644	0.763	1.3274
1314931PIP	2008	20	282	2.5	3.0	0.4828	0.0989	0.3878	0.0718	0.4596	0.5817	1.0414
1314931PIP	2008	20	285	6.4	6.5	4.6216	0.8994	1.8629	0.7821	2.6451	5.5209	8.166
1314931PIP	2008	20	287	3.3	3.7	0.9409	0.1898	0.6165	0.1454	0.7619	1.1307	1.8926
1314931PIP	2008	20	288	2.5	3.0	0.4828	0.0989	0.3878	0.0718	0.4596	0.5817	1.0414
1314931PIP	2008	13	296	3.5	3.6	1.1135	0.2541	0.9692	0.3783	1.3475	1.3676	2.7151
1314931PIP	2008	13	298	4.0	4.0	1.5578	0.3428	1.1707	0.4997	1.6704	1.9006	3.571
1314931PIP	2008	13	299	14.0	11.1	36.3652	5.693	6.8854	6.7992	13.6846	42.0583	55.7429
1314931PIP	2008	20	301	8.3	8.1	8.6315	1.656	2.8753	1.5139	4.3892	10.2875	14.6767
1314931PIP	2008	20	304	9.6	9.1	12.2444	2.3306	3.6659	2.1911	5.857	14.575	20.432
1314931PIP	2008	20	305	9.3	8.9	11.345	2.1631	3.4767	2.0213	5.4979	13.5082	19.0061
1314931PIP	2008	20	307	11.4	10.3	18.5048	3.4893	4.8841	3.3906	8.2746	21.994	30.2686
1314931PIP	2008	20	308	10.2	9.5	14.1647	2.6872	4.0564	2.5559	6.6123	16.8519	23.4642
1314931PIP	2008	20	314	6.0	6.2	3.9577	0.7729	1.6726	0.6638	2.3365	4.7305	7.067
1314931PIP	2008	20	316	8.2	8.0	8.3837	1.6095	2.8177	1.468	4.2857	9.9932	14.2789
1314931PIP	2008	20	319	7.5	7.4	6.7657	1.3052	2.4277	1.1703	3.5979	8.071	11.6689
1314931PIP	2008	20	321	7.5	7.4	6.7657	1.3052	2.4277	1.1703	3.5979	8.071	11.6689
1314931PIP	2008	20	322	10.8	9.9	16.2502	3.0732	4.4625	2.9554	7.4179	19.3234	26.7413
1314931PIP	2008	20	324	5.1	5.3	2.6781	0.5277	1.2752	0.4393	1.7145	3.2058	4.9203
1314931PIP	2008	20	327	6.7	6.8	5.1594	1.0015	2.011	0.8787	2.8897	6.1609	9.0506
1314931PIP	2008	20	328	5.0	5.2	2.5537	0.5037	1.2337	0.4177	1.6514	3.0574	4.7088
1314931PIP	2008	20	330	2.9	3.3	0.6897	0.1402	0.4969	0.1047	0.6016	0.8299	1.4314
1314931PIP	2008	20	331	5.3	5.5	2.9375	0.5775	1.3597	0.4844	1.8441	3.515	5.3592
1314931PIP	2008	20	334	5.0	5.2	2.5537	0.5037	1.2337	0.4177	1.6514	3.0574	4.7088
1321796PIP	2008	13	1	3.1	3.5	0.8206	0.1935	0.8164	0.2938	1.1101	1.0142	2.1243
1321796PIP	2008	13	2	8.4	8.0	10.0648	1.8103	3.3432	2.345	5.6883	11.8751	17.5634
1321796PIP	2008	13	4	2.8	3.3	0.6353	0.154	0.7069	0.2376	0.9445	0.7893	1.7339
1321796PIP	2008	13	6	2.8	3.3	0.6353	0.154	0.7069	0.2376	0.9445	0.7893	1.7339
1321796PIP	2008	13	7	5.0	5.1	2.7303	0.5655	1.6051	0.7955	2.4006	3.2958	5.6964
1321796PIP	2008	13	9	2.7	3.2	0.5798	0.142	0.6715	0.2203	0.8918	0.7218	1.6135
1321796PIP	2008	13	10	4.7	4.9	2.3369	0.4922	1.4706	0.6992	2.1699	2.8291	4.999
1321796PIP	2008	13	12	6.1	6.1	4.5018	0.8833	2.1264	1.2039	3.3303	5.3851	8.7154
1321796PIP	2008	13	13	5.1	5.2	2.8698	0.5912	1.6507	0.829	2.4797	3.4609	5.9406
1321796PIP	2008	13	15	4.8	5.0	2.464	0.516	1.5151	0.7306	2.2457	2.98	5.2257
1321796PIP	2008	1	16	2.5	2.5	0.7987	0.1446	0.1676	0.0607	0.2283	0.9433	1.1717
1321796PIP	2008	13	19	3.8	4.1	1.3693	0.3056	1.0888	0.449	1.5378	1.6749	3.2127
1321796PIP	2008	13	21	4.9	5.1	2.5951	0.5404	1.5599	0.7627	2.3226	3.1355	5.4581
1321796PIP	2008	13	22	3.7	4.0	1.2805	0.2878	1.0485	0.4247	1.4732	1.5683	3.0415
1321796PIP	2008	13	24	7.0	6.8	6.3634	1.2027	2.5833	1.6038	4.1871	7.5661	11.7532
1321796PIP	2008	13	26	5.7	5.7	3.7959	0.7587	1.9319	1.0452	2.9772	4.5546	7.5317
1321796PIP	2008	1	27	2.8	2.7	1.0331	0.1857	0.2088	0.0815	0.2903	1.2188	1.5091
1321796PIP	2008	13	29	3.9	4.2	1.4617	0.3239	1.1295	0.474	1.6035	1.7856	3.3891
1321796PIP	2008	13	32	7.7	7.4	8.0868	1.4894	2.9561	1.9562	4.9123	9.5762	14.4884
1321796PIP	2008	13	33	7.2	7.0	6.8305	1.2812	2.6883	1.7007	4.3891	8.1117	12.5007
1321796PIP	2008	13	35	9.8	9.1	14.8305	2.5581	4.1577	3.2334	7.3911	17.3885	24.7796
1321796PIP	2008	13	36	3.6	3.9	1.1952	0.2707	1.0086	0.4012	1.4098	1.4659	2.8757
1321796PIP	2008	13	42	12.3	11.0	26.2605	4.2583	5.7334	5.1916	10.9249	30.5188	41.4438
1321796PIP	2008	13	44	3.0	3.4	0.7557	0.1798	0.7794	0.2744	1.0537	0.9355	1.9892
1321796PIP	2008	13	47	5.2	5.3	3.0134	0.6175	1.6967	0.8632	2.5599	3.6308	6.1907
1321796PIP	2008	13	49	4.9	5.1	2.5951	0.5404	1.5599	0.7627	2.3226	3.1355	5.4581
1321796PIP	2008	20	50	5.7	5.5	3.4987	0.6852	1.5354	0.5827	2.1181	4.1839	6.302
1321796PIP	2008	13	52	9.2	8.6	12.6519	2.2201	3.8023	2.8345	6.6368	14.872	21.5088
1321796PIP	2008	13	53	7.3	7.1	7.0716	1.3214	2.7413	1.7503	4.4916	8.393	12.8846
1321796PIP	2008	13	55	3.0	3.4	0.7557	0.1798	0.7794	0.2744	1.0537	0.9355	1.9892
1321796PIP	2008	13	56	4.0	4.3	1.5578	0.3428	1.1707	0.4997	1.6704	1.9006	3.571
1321796PIP	2008	13	59	4.9	5.1	2.5951	0.5404	1.5599	0.7627	2.3226	3.1355	5.4581
1321796PIP	2008	13	62	7.4	7.2	7.3177	1.3624	2.7945	1.8007	4.5952	8.6801	13.2753
1321796PIP	2008	13	64	6.6	6.5	5.4881	1.054	2.377	1.4187	3.7958	6.5422	10.3379
1321796PIP	2008	13	67	5.3	5.4	3.1612	0.6444	1.743	0.8982	2.6412	3.8056	6.4468
1321796PIP	2008	13	69	6.2	6.2	4.6897	0.9161	2.1759	1.2454	3.4213	5.6058	9.0271
1321796PIP	2008	13	70	10.1	9.3	15.9987	2.7371	4.3388	3.4431	7.7819	18.7358	26.5177
1321796PIP	2008	20	72	3.3	3.5	0.9409	0.1898	0.6165	0.1454	0.7619	1.1307	1.8926
1321796PIP	2008	13	73	5.7	5.7	3.7959	0.7587	1.9319	1.0452	2.9772	4.5546	7.5317
1321796PIP	2008	13	75	8.0	7.7	8.9026	1.6227	3.1203	2.1183	5.2386	10.5253	15.764
1321796PIP	2008	13	76	2.7	3.2	0.5798	0.142	0.6715	0.2203	0.8918	0.7218	1.6135
1321796PIP	2008	13	78	8.6	8.2	10.6783	1.9084	3.4564	2.4629	5.9193	12.5867	18.506
1321796PIP	2008	13	79	7.0	6.8	6.3634	1.2027	2.5833	1.6038	4.1871	7.5661	11.7532
1321796PIP	2008	13	82	5.1	5.2	2.8698	0.5912	1.6507	0.829	2.4797	3.4609	5.9406
1321796PIP	2008	13	84	7.3	7.1	7.0716	1.3214	2.7413	1.7503	4.4916	8.393	12.8846
1321796PIP	2008	13	85	5.6	5.7	3.6307	0.7291	1.8842	1.0074	2.8915	4.3598	7.2513
1321796PIP	2008	13	87	9.0	8.5	11.9716	2.1133	3.6859	2.7076	6.3935	14.0849	20.4784
1321796PIP	2008	13	89	4.3	4.5	1.8685	0.4032	1.2968	0.5809	1.8777	2.2717	4.1494
1321796PIP	2008	13	90	5.1	5.2	2.8698	0.5912	1.6507	0.829	2.4797	3.4609	5.9406
1321796PIP	2008	13	92	4.9	5.1	2.5951	0.5404	1.5599	0.7627	2.3226	3.1355	5.4581
1321796PIP	2008	13	93	7.4	7.2	7.3177	1.3624	2.7945	1.8007	4.5952	8.6801	13.2753
1321796PIP	2008	13	95	4.4	4.6	1.9797	0.4245	1.3397	0.6094	1.9491	2.4043	4.3534
1321796PIP	2008	13	96	5.8	5.8	3.9656	0.7888	1.98	1.0838	3.0638	4.7544	7.8183
1321796PIP	2008	13	99	2.8	3.3	0.6353	0.154	0.7069	0.2376	0.9445	0.7893	1.7339
1321796PIP	2008	13	102	9.5	8.9	13.7151	2.3858	3.9788	3.0306	7.0094	16.1009	23.1103
1321796PIP	2008	13	105	10.2	9.4	16.4001	2.7982	4.3997	3.5145	7.9142	19.1983	27.1125
1321796PIP	2008	13	107	5.1	5.2	2.8698	0.5912	1.6507	0.829	2.4797	3.4609	5.9406
1321796PIP	2008	38	109	3.9	5.8	1.7875	0.3565	0.5054	0.436	0.9414	2.144	3.0854
1321796PIP	2008	13	110	3.8	4.1	1.3693	0.3056	1.0888	0.449	1.5378	1.6749	3.2127
1321796PIP	2008	13	112	3.4	3.8	1.0352	0.2381	0.9303	0.3561	1.2864	1.2733	2.5597
1328591PIP	2008	20	1	4.5	4.5	1.9825	0.3933	1.0347	0.3196	1.3543	2.3758	3.7301
1328591PIP	2008	20	3	3.8	3.9	1.3206	0.2644	0.7802	0.208	0.9883	1.585	2.5732
1328591PIP	2008	74	4	12.8	15.5	33.2736	7.533	1.6666	4.9523	6.6189	40.8066	47.4255
1328591PIP	2008	20	7	4.2	4.3	1.6796	0.3345	0.9221	0.2682	1.1904	2.0141	3.2044
1328591PIP	2008	20	10	10.6	9.2	15.5364	2.9412	4.3254	2.8183	7.1437	18.4776	25.6214
1328591PIP	2008	20	13	12.6	10.3	23.5359	4.4138	5.7723	4.3722	10.1445	27.9497	38.0942
1328591PIP	2008	20	15	10.0	8.8	13.5065	2.5651	3.9245	2.4305	6.355	16.0715	22.4265
1328591PIP	2008	20	18	4.8	4.8	2.3151	0.4576	1.1524	0.3766	1.529	2.7727	4.3017
1328591PIP	2008	74	20	6.6	11.2	6.4584	1.5418	0.566	0.9322	1.4982	8.0002	9.4984
1328591PIP	2008	74	21	2.8	6.3	0.7735	0.1978	0.1399	0.1073	0.2471	0.9713	1.2185
1328591PIP	2008	20	23	9.9	8.7	13.1842	2.5052	3.8592	2.3692	6.2284	15.6894	21.9178
1328591PIP	2008	20	24	5.9	5.7	3.801	0.743	1.6264	0.6361	2.2625	4.544	6.8064
1328591PIP	2008	20	26	7.5	7.0	6.7657	1.3052	2.4277	1.1703	3.5979	8.071	11.6689
1328591PIP	2008	20	27	2.5	2.8	0.4828	0.0989	0.3878	0.0718	0.4596	0.5817	1.0414
1328591PIP	2008	20	29	8.9	8.0	10.2076	1.9509	3.2306	1.8077	5.0383	12.1586	17.1969
1328591PIP	2008	13	30	11.3	9.7	21.2175	3.5208	5.0854	4.3507	9.4361	24.7383	34.1744
1328591PIP	2008	20	33	3.0	3.3	0.7483	0.1518	0.5258	0.1141	0.6399	0.9	1.54
1328591PIP	2008	20	35	5.9	5.7	3.801	0.743	1.6264	0.6361	2.2625	4.544	6.8064
1328591PIP	2008	20	38	4.7	4.7	2.2009	0.4356	1.1126	0.357	1.4696	2.6364	4.106
1328591PIP	2008	74	40	29.4	18.5	260.5644	55.1892	6.466	40.307	46.773	315.7536	362.5266
1328591PIP	2008	20	41	2.5	2.8	0.4828	0.0989	0.3878	0.0718	0.4596	0.5817	1.0414
1328591PIP	2008	20	43	3.8	3.9	1.3206	0.2644	0.7802	0.208	0.9883	1.585	2.5732
1328591PIP	2008	20	44	3.1	3.3	0.8096	0.1639	0.5554	0.124	0.6794	0.9735	1.6529
1328591PIP	2008	20	46	2.8	3.1	0.634	0.1291	0.4686	0.0958	0.5644	0.763	1.3274
1328591PIP	2008	20	47	5.3	5.2	2.9375	0.5775	1.3597	0.4844	1.8441	3.515	5.3592
1328591PIP	2008	20	49	7.8	7.2	7.4344	1.4312	2.592	1.2929	3.8848	8.8656	12.7504
1328591PIP	2008	20	50	5.4	5.3	3.0724	0.6035	1.4028	0.5079	1.9108	3.6759	5.5867
1328591PIP	2008	20	53	7.3	6.9	6.3402	1.225	2.3206	1.0926	3.4132	7.5652	10.9784
1328591PIP	2008	20	55	2.8	3.1	0.634	0.1291	0.4686	0.0958	0.5644	0.763	1.3274
1328591PIP	2008	38	56	8.2	11.2	11.4806	2.1298	1.7036	2.9073	4.6109	13.6104	18.2212
1328591PIP	2008	13	58	8.2	7.5	9.473	1.7151	3.2312	2.2302	5.4614	11.188	16.6494
1328591PIP	2008	74	60	7.6	12.2	9.1573	2.1616	0.7124	1.3304	2.0428	11.3189	13.3617
1328591PIP	2008	20	63	5.3	5.2	2.9375	0.5775	1.3597	0.4844	1.8441	3.515	5.3592
1328591PIP	2008	20	64	5.5	5.4	3.2109	0.63	1.4465	0.5322	1.9787	3.841	5.8197
1328591PIP	2008	20	66	3.3	3.5	0.9409	0.1898	0.6165	0.1454	0.7619	1.1307	1.8926
1328591PIP	2008	38	67	10.4	12.5	20.8105	3.7723	2.5127	5.3336	7.8464	24.5828	32.4291
1328591PIP	2008	20	69	15.1	11.5	36.3599	6.7516	7.8087	6.9248	14.7335	43.1115	57.8451
1328591PIP	2008	3	70	16.1	18.4	64.0599	5.7984	4.7484	6.497	11.2455	69.8583	81.1038
1328591PIP	2008	20	73	13.5	10.8	27.7801	5.1901	6.477	5.2098	11.6868	32.9701	44.6569
1328591PIP	2008	20	75	2.7	3.0	0.5809	0.1185	0.441	0.0873	0.5283	0.6994	1.2277
1328591PIP	2008	13	76	10.1	8.9	15.9987	2.7371	4.3388	3.4431	7.7819	18.7358	26.5177
1328591PIP	2008	20	78	2.5	2.8	0.4828	0.0989	0.3878	0.0718	0.4596	0.5817	1.0414
1328591PIP	2008	20	80	3.3	3.5	0.9409	0.1898	0.6165	0.1454	0.7619	1.1307	1.8926
1328591PIP	2008	20	81	4.0	4.1	1.4938	0.2982	0.85	0.237	1.087	1.792	2.879
1328591PIP	2008	74	83	17.1	17.0	68.1429	15.0734	2.6725	10.2794	12.9519	83.2163	96.1682
1328591PIP	2008	20	84	4.0	4.1	1.4938	0.2982	0.85	0.237	1.087	1.792	2.879
1328591PIP	2008	20	86	3.9	4.0	1.4056	0.281	0.8148	0.2222	1.037	1.6867	2.7237
1328591PIP	2008	20	87	5.4	5.3	3.0724	0.6035	1.4028	0.5079	1.9108	3.6759	5.5867
1328591PIP	2008	38	89	3.1	6.2	1.0063	0.2052	0.3472	0.2426	0.5898	1.2115	1.8014
1328591PIP	2008	20	90	4.2	4.3	1.6796	0.3345	0.9221	0.2682	1.1904	2.0141	3.2044
1328591PIP	2008	20	93	6.4	6.1	4.6216	0.8994	1.8629	0.7821	2.6451	5.5209	8.166
1328591PIP	2008	20	96	5.3	5.2	2.9375	0.5775	1.3597	0.4844	1.8441	3.515	5.3592
1328591PIP	2008	20	98	4.8	4.8	2.3151	0.4576	1.1524	0.3766	1.529	2.7727	4.3017
1328591PIP	2008	20	101	3.5	3.7	1.0838	0.218	0.6801	0.1688	0.8489	1.3017	2.1507
1328591PIP	2008	20	103	4.1	4.2	1.5851	0.3161	0.8858	0.2523	1.1381	1.9012	3.0393
1328591PIP	2008	20	104	6.2	6.0	4.2821	0.8347	1.7668	0.7215	2.4883	5.1169	7.6051
1328591PIP	2008	20	106	4.1	4.2	1.5851	0.3161	0.8858	0.2523	1.1381	1.9012	3.0393
1328591PIP	2008	20	107	4.0	4.1	1.4938	0.2982	0.85	0.237	1.087	1.792	2.879
1328591PIP	2008	20	109	4.5	4.5	1.9825	0.3933	1.0347	0.3196	1.3543	2.3758	3.7301
1328591PIP	2008	20	110	3.0	3.3	0.7483	0.1518	0.5258	0.1141	0.6399	0.9	1.54
1328591PIP	2008	20	112	5.4	5.3	3.0724	0.6035	1.4028	0.5079	1.9108	3.6759	5.5867
1328591PIP	2008	20	113	5.4	5.3	3.0724	0.6035	1.4028	0.5079	1.9108	3.6759	5.5867
1328591PIP	2008	74	116	2.5	5.8	0.5843	0.1508	0.1163	0.0806	0.1969	0.7351	0.932
1328591PIP	2008	20	118	6.1	5.9	4.118	0.8035	1.7194	0.6923	2.4118	4.9215	7.3332
1328591PIP	2008	20	121	5.3	5.2	2.9375	0.5775	1.3597	0.4844	1.8441	3.515	5.3592
1328591PIP	2008	20	123	5.5	5.4	3.2109	0.63	1.4465	0.5322	1.9787	3.841	5.8197
1328591PIP	2008	20	124	3.2	3.4	0.8738	0.1766	0.5856	0.1344	0.7201	1.0504	1.7705
1328591PIP	2008	20	126	3.7	3.9	1.2386	0.2483	0.7463	0.1944	0.9407	1.4869	2.4276
1328591PIP	2008	20	127	2.9	3.2	0.6897	0.1402	0.4969	0.1047	0.6016	0.8299	1.4314
1328591PIP	2008	20	129	2.6	2.9	0.5305	0.1084	0.4141	0.0793	0.4934	0.639	1.1324
1328591PIP	2008	20	130	2.9	3.2	0.6897	0.1402	0.4969	0.1047	0.6016	0.8299	1.4314
1328611PIP	2008	20	2	8.2	8.7	8.3837	1.6095	2.8177	1.468	4.2857	9.9932	14.2789
1328611PIP	2008	20	7	6.2	6.8	4.2821	0.8347	1.7668	0.7215	2.4883	5.1169	7.6051
1328611PIP	2008	74	13	13.5	16.6	37.9605	8.5575	1.8178	5.6639	7.4816	46.5179	53.9996
1328611PIP	2008	20	15	13.0	12.4	25.3716	4.7499	6.0815	4.7335	10.815	30.1214	40.9364
1328611PIP	2008	20	16	9.5	9.8	11.9402	2.274	3.6024	2.1335	5.7359	14.2142	19.9501
1328611PIP	2008	74	21	22.1	19.1	128.566	27.8608	4.0601	19.6264	23.6865	156.4269	180.1134
1328611PIP	2008	20	22	10.8	10.9	16.2502	3.0732	4.4625	2.9554	7.4179	19.3234	26.7413
1328611PIP	2008	20	25	13.3	12.6	26.8014	5.0113	6.3176	5.016	11.3335	31.8127	43.1462
1328611PIP	2008	20	27	11.4	11.3	18.5048	3.4893	4.8841	3.3906	8.2746	21.994	30.2686
1328611PIP	2008	51	30	3.3	9.9	0.9988	0.3695	0.2035	0.3329	0.5364	1.3683	1.9047
1328611PIP	2008	74	35	9.0	13.8	13.9157	3.2406	0.9385	2.0376	2.9761	17.1563	20.1324
1328611PIP	2008	20	48	4.5	5.1	1.9825	0.3933	1.0347	0.3196	1.3543	2.3758	3.7301
1328611PIP	2008	20	68	7.1	7.7	5.9308	1.1476	2.2154	1.0181	3.2335	7.0784	10.312
1328611PIP	2008	74	73	37.4	20.2	472.7294	98.2154	9.5731	73.9483	83.5214	570.9448	654.4661
1328611PIP	2008	20	79	16.7	14.5	46.3158	8.5531	9.2386	8.944	18.1826	54.8689	73.0515
1328611PIP	2008	74	84	11.8	15.7	27.2059	6.1995	1.4596	4.034	5.4936	33.4055	38.899
1328611PIP	2008	74	93	9.5	14.2	15.9082	3.6886	1.025	2.3352	3.3602	19.5968	22.957
1328611PIP	2008	20	99	7.0	7.6	5.7321	1.11	2.1636	0.9821	3.1457	6.8421	9.9877
1328621PIP	2008	13	1	7.4	5.7	7.3177	1.3624	2.7945	1.8007	4.5952	8.6801	13.2753
1328621PIP	2008	13	2	7.7	5.8	8.0868	1.4894	2.9561	1.9562	4.9123	9.5762	14.4884
1328621PIP	2008	25	8	3.4	4.4	1.2493	0.2304	0.4945	0.3134	0.808	1.4797	2.2877
1328621PIP	2008	13	10	6.3	5.0	4.8823	0.9496	2.2257	1.2876	3.5133	5.8318	9.3452
1328621PIP	2008	13	15	8.4	6.3	10.0648	1.8103	3.3432	2.345	5.6883	11.8751	17.5634
1328621PIP	2008	74	16	4.5	6.7	2.503	0.6162	0.3031	0.3549	0.658	3.1191	3.7772
1328621PIP	2008	20	18	7.6	6.6	6.9845	1.3465	2.482	1.2103	3.6923	8.331	12.0233
1328621PIP	2008	13	19	5.9	4.7	4.1398	0.8197	2.0285	1.1231	3.1516	4.9595	8.1111
1328621PIP	2008	13	21	5.1	4.2	2.8698	0.5912	1.6507	0.829	2.4797	3.4609	5.9406
1328621PIP	2008	13	22	5.9	4.7	4.1398	0.8197	2.0285	1.1231	3.1516	4.9595	8.1111
1328621PIP	2008	13	24	6.5	5.1	5.2814	1.0185	2.3263	1.3743	3.7006	6.3	10.0005
1328621PIP	2008	74	30	2.6	4.7	0.6439	0.1656	0.1239	0.089	0.2129	0.8095	1.0225
1328621PIP	2008	20	33	11.3	8.9	18.1171	3.4178	4.8128	3.3155	8.1283	21.5349	29.6632
1328621PIP	2008	20	36	7.6	6.6	6.9845	1.3465	2.482	1.2103	3.6923	8.331	12.0233
1328621PIP	2008	20	38	2.9	3.0	0.6897	0.1402	0.4969	0.1047	0.6016	0.8299	1.4314
1328621PIP	2008	1	39	3.6	3.4	1.8281	0.3231	0.3397	0.1567	0.4965	2.1512	2.6477
1328621PIP	2008	22	41	45.3	14.8	301.3232	40.3882	36.2666	54.002	90.2687	341.7114	431.9801
1328621PIP	2008	13	42	5.5	4.5	3.4698	0.7002	1.8368	0.9703	2.807	4.1701	6.9771
1328621PIP	2008	20	44	3.2	3.2	0.8738	0.1766	0.5856	0.1344	0.7201	1.0504	1.7705
1328621PIP	2008	13	45	3.6	3.3	1.1952	0.2707	1.0086	0.4012	1.4098	1.4659	2.8757
1328621PIP	2008	20	48	4.7	4.4	2.2009	0.4356	1.1126	0.357	1.4696	2.6364	4.106
1328621PIP	2008	20	50	4.1	3.9	1.5851	0.3161	0.8858	0.2523	1.1381	1.9012	3.0393
1328621PIP	2008	20	51	5.9	5.3	3.801	0.743	1.6264	0.6361	2.2625	4.544	6.8064
1328621PIP	2008	20	53	4.5	4.3	1.9825	0.3933	1.0347	0.3196	1.3543	2.3758	3.7301
1328621PIP	2008	20	58	4.8	4.5	2.3151	0.4576	1.1524	0.3766	1.529	2.7727	4.3017
1328621PIP	2008	13	59	3.5	3.2	1.1135	0.2541	0.9692	0.3783	1.3475	1.3676	2.7151
1328621PIP	2008	20	61	4.5	4.3	1.9825	0.3933	1.0347	0.3196	1.3543	2.3758	3.7301
1328621PIP	2008	20	62	3.7	3.6	1.2386	0.2483	0.7463	0.1944	0.9407	1.4869	2.4276
1328621PIP	2008	13	64	5.3	4.3	3.1612	0.6444	1.743	0.8982	2.6412	3.8056	6.4468
1328621PIP	2008	13	65	4.5	3.8	2.0948	0.4465	1.3829	0.6387	2.0216	2.5413	4.5629
1328621PIP	2008	20	68	4.9	4.6	2.4327	0.4803	1.1928	0.3968	1.5896	2.913	4.5026
1328621PIP	2008	13	70	5.5	4.5	3.4698	0.7002	1.8368	0.9703	2.807	4.1701	6.9771
1328621PIP	2008	13	71	5.3	4.3	3.1612	0.6444	1.743	0.8982	2.6412	3.8056	6.4468
1328621PIP	2008	20	73	7.4	6.4	6.551	1.2647	2.3739	1.131	3.5049	7.8157	11.3206
1328621PIP	2008	20	75	5.0	4.6	2.5537	0.5037	1.2337	0.4177	1.6514	3.0574	4.7088
1328621PIP	2008	13	76	3.7	3.3	1.2805	0.2878	1.0485	0.4247	1.4732	1.5683	3.0415
1328621PIP	2008	20	78	2.5	2.7	0.4828	0.0989	0.3878	0.0718	0.4596	0.5817	1.0414
1328621PIP	2008	13	79	5.3	4.3	3.1612	0.6444	1.743	0.8982	2.6412	3.8056	6.4468
1328621PIP	2008	13	81	5.1	4.2	2.8698	0.5912	1.6507	0.829	2.4797	3.4609	5.9406
1328621PIP	2008	13	82	4.2	3.6	1.7612	0.3825	1.2543	0.5531	1.8075	2.1436	3.9511
1328621PIP	2008	13	84	4.9	4.1	2.5951	0.5404	1.5599	0.7627	2.3226	3.1355	5.4581
1328621PIP	2008	13	85	6.5	5.1	5.2814	1.0185	2.3263	1.3743	3.7006	6.3	10.0005
1328621PIP	2008	20	88	6.4	5.7	4.6216	0.8994	1.8629	0.7821	2.6451	5.5209	8.166
1328621PIP	2008	13	91	6.1	4.9	4.5018	0.8833	2.1264	1.2039	3.3303	5.3851	8.7154
1328621PIP	2008	20	96	4.9	4.6	2.4327	0.4803	1.1928	0.3968	1.5896	2.913	4.5026
1328621PIP	2008	13	98	8.9	6.6	11.6399	2.061	3.6281	2.6453	6.2734	13.7009	19.9743
1328621PIP	2008	20	99	7.4	6.4	6.551	1.2647	2.3739	1.131	3.5049	7.8157	11.3206
1328621PIP	2008	13	101	2.5	2.6	0.4778	0.1195	0.6022	0.1876	0.7899	0.5972	1.3871
1328621PIP	2008	13	102	5.1	4.2	2.8698	0.5912	1.6507	0.829	2.4797	3.4609	5.9406
1328621PIP	2008	13	104	6.1	4.9	4.5018	0.8833	2.1264	1.2039	3.3303	5.3851	8.7154
1328621PIP	2008	13	105	4.1	3.6	1.6576	0.3623	1.2123	0.526	1.7384	2.02	3.7583
1328681PIP	2008	20	1	12.4	12.4	22.6482	4.251	5.6201	4.198	9.8182	26.8992	36.7173
1328681PIP	2008	20	2	5.5	6.3	3.2109	0.63	1.4465	0.5322	1.9787	3.841	5.8197
1328681PIP	2008	74	5	29.5	22.2	262.7634	55.6399	6.5019	40.6536	47.1555	318.4033	365.5587
1328681PIP	2008	20	7	5.2	6.0	2.8061	0.5523	1.3172	0.4615	1.7787	3.3583	5.137
1328681PIP	2008	38	10	16.7	16.1	68.0808	11.7851	5.4508	17.872	23.3228	79.866	103.1887
1328681PIP	2008	20	12	16.0	14.6	41.787	7.7349	8.6012	8.022	16.6232	49.5219	66.1451
1328681PIP	2008	20	13	13.6	13.2	28.2771	5.2808	6.5573	5.3084	11.8657	33.5579	45.4236
1328681PIP	2008	20	15	3.7	4.4	1.2386	0.2483	0.7463	0.1944	0.9407	1.4869	2.4276
1328681PIP	2008	20	16	6.0	6.8	3.9577	0.7729	1.6726	0.6638	2.3365	4.7305	7.067
1328681PIP	2008	20	18	3.5	4.2	1.0838	0.218	0.6801	0.1688	0.8489	1.3017	2.1507
1328681PIP	2008	20	21	4.4	5.1	1.8783	0.3731	0.9966	0.3019	1.2985	2.2513	3.5498
1328681PIP	2008	20	22	2.9	3.6	0.6897	0.1402	0.4969	0.1047	0.6016	0.8299	1.4314
1328681PIP	2008	20	25	6.5	7.3	4.797	0.9327	1.9118	0.8136	2.7253	5.7297	8.4551
1328681PIP	2008	20	27	9.4	10.1	11.6404	2.2182	3.5393	2.077	5.6162	13.8585	19.4748
1328681PIP	2008	38	28	7.9	11.8	10.4582	1.9471	1.6029	2.6434	4.2462	12.4053	16.6516
1328681PIP	2008	20	30	11.2	11.5	17.7342	3.3472	4.7419	3.2415	7.9833	21.0814	29.0647
1328681PIP	2008	20	32	4.3	5.0	1.7773	0.3535	0.9591	0.2848	1.2438	2.1308	3.3746
1328681PIP	2008	20	33	6.4	7.2	4.6216	0.8994	1.8629	0.7821	2.6451	5.5209	8.166
1328681PIP	2008	20	35	8.0	8.8	7.9007	1.5188	2.7039	1.3788	4.0826	9.4196	13.5022
1328681PIP	2008	20	36	2.8	3.5	0.634	0.1291	0.4686	0.0958	0.5644	0.763	1.3274
1328681PIP	2008	20	38	5.3	6.1	2.9375	0.5775	1.3597	0.4844	1.8441	3.515	5.3592
1328681PIP	2008	38	41	6.1	10.1	5.4755	1.0454	1.0502	1.366	2.4162	6.5209	8.9371
1328681PIP	2008	20	42	10.4	10.9	14.8413	2.8125	4.19	2.6852	6.8752	17.6539	24.5291
1328681PIP	2008	20	47	4.5	5.3	1.9825	0.3933	1.0347	0.3196	1.3543	2.3758	3.7301
1328681PIP	2008	13	48	26.6	20.9	182.6704	24.0192	17.0674	25.9033	42.9707	206.6896	249.6603
1328681PIP	2008	38	53	14.8	15.6	50.3213	8.8138	4.4739	13.1294	17.6033	59.1351	76.7384
1328681PIP	2008	20	55	3.5	4.2	1.0838	0.218	0.6801	0.1688	0.8489	1.3017	2.1507
1328681PIP	2008	20	56	10.4	10.9	14.8413	2.8125	4.19	2.6852	6.8752	17.6539	24.5291
1328681PIP	2008	13	58	5.0	5.7	2.7303	0.5655	1.6051	0.7955	2.4006	3.2958	5.6964
1328681PIP	2008	20	59	6.2	7.0	4.2821	0.8347	1.7668	0.7215	2.4883	5.1169	7.6051
1328681PIP	2008	20	61	13.3	13.0	26.8014	5.0113	6.3176	5.016	11.3335	31.8127	43.1462
1328681PIP	2008	20	65	2.9	3.6	0.6897	0.1402	0.4969	0.1047	0.6016	0.8299	1.4314
1328681PIP	2008	20	68	8.0	8.8	7.9007	1.5188	2.7039	1.3788	4.0826	9.4196	13.5022
1328681PIP	2008	13	70	2.7	3.4	0.5798	0.142	0.6715	0.2203	0.8918	0.7218	1.6135
1328681PIP	2008	20	73	7.4	8.2	6.551	1.2647	2.3739	1.131	3.5049	7.8157	11.3206
1328681PIP	2008	20	75	9.1	9.8	10.7676	2.0555	3.3527	1.9127	5.2654	12.823	18.0884
1328681PIP	2008	20	76	5.5	6.3	3.2109	0.63	1.4465	0.5322	1.9787	3.841	5.8197
1328681PIP	2008	13	78	9.6	10.0	14.0811	2.4425	4.0382	3.0974	7.1356	16.5235	23.6591
1328681PIP	2008	38	79	12.2	14.5	31.0298	5.538	3.2621	8.0173	11.2794	36.5678	47.8472
1328681PIP	2008	13	81	17.8	16.2	66.5196	9.7557	9.67	11.2149	20.8849	76.2753	97.1602
1328681PIP	2008	13	82	4.2	4.9	1.7612	0.3825	1.2543	0.5531	1.8075	2.1436	3.9511
1328681PIP	2008	13	84	7.0	7.6	6.3634	1.2027	2.5833	1.6038	4.1871	7.5661	11.7532
1328681PIP	2008	38	85	8.8	12.5	13.6999	2.524	1.9121	3.4817	5.3938	16.2239	21.6177
1328681PIP	2008	13	88	7.1	7.7	6.5944	1.2416	2.6357	1.6519	4.2876	7.836	12.1236
1328681PIP	2008	13	90	13.4	13.1	32.5723	5.1603	6.4717	6.2061	12.6778	37.7326	50.4105
1328681PIP	2008	20	91	10.7	11.2	15.891	3.0068	4.3938	2.8864	7.2801	18.8978	26.1779
1328681PIP	2008	20	93	17.7	15.5	53.2624	9.8048	10.1805	10.3681	20.5486	63.0672	83.6159
1328681PIP	2008	20	95	3.2	3.9	0.8738	0.1766	0.5856	0.1344	0.7201	1.0504	1.7705
1328681PIP	2008	20	96	8.2	9.0	8.3837	1.6095	2.8177	1.468	4.2857	9.9932	14.2789
1328681PIP	2008	20	98	8.3	9.1	8.6315	1.656	2.8753	1.5139	4.3892	10.2875	14.6767
1328681PIP	2008	20	99	9.5	10.2	11.9402	2.274	3.6024	2.1335	5.7359	14.2142	19.9501
1328681PIP	2008	38	101	8.2	12.0	11.4806	2.1298	1.7036	2.9073	4.6109	13.6104	18.2212
1328681PIP	2008	38	102	5.1	9.0	3.498	0.6796	0.7837	0.8648	1.6485	4.1776	5.8261
1328681PIP	2008	38	104	12.7	14.7	34.311	6.0998	3.4836	8.8831	12.3667	40.4108	52.7775
1328681PIP	2008	13	105	10.1	10.4	15.9987	2.7371	4.3388	3.4431	7.7819	18.7358	26.5177
1328681PIP	2008	20	108	8.6	9.4	9.4003	1.8	3.0509	1.6569	4.7077	11.2003	15.908
1328681PIP	2008	38	110	10.1	13.4	19.3406	3.5158	2.3953	4.9496	7.3449	22.8564	30.2013
1328681PIP	2008	38	111	13.2	15.0	37.7923	6.6935	3.7106	9.8035	13.5141	44.4857	57.9999
1328681PIP	2008	20	113	7.4	8.2	6.551	1.2647	2.3739	1.131	3.5049	7.8157	11.3206
1328681PIP	2008	20	115	2.6	3.3	0.5305	0.1084	0.4141	0.0793	0.4934	0.639	1.1324
1328681PIP	2008	20	116	8.5	9.3	9.1398	1.7512	2.9919	1.6083	4.6002	10.891	15.4912
1328681PIP	2008	20	118	13.0	12.8	25.3716	4.7499	6.0815	4.7335	10.815	30.1214	40.9364
1328681PIP	2008	38	119	17.2	16.2	73.2973	12.6517	5.7201	19.2701	24.9903	85.9491	110.9393
1328681PIP	2008	20	121	15.7	14.5	39.929	7.3986	8.3336	7.6454	15.979	47.3276	63.3066
1328681PIP	2008	20	122	7.6	8.4	6.9845	1.3465	2.482	1.2103	3.6923	8.331	12.0233
1328681PIP	2008	20	124	15.8	14.5	40.5428	7.5097	8.4224	7.7697	16.1922	48.0526	64.2447
1328681PIP	2008	20	125	5.5	6.3	3.2109	0.63	1.4465	0.5322	1.9787	3.841	5.8197
1328681PIP	2008	20	131	11.4	11.7	18.5048	3.4893	4.8841	3.3906	8.2746	21.994	30.2686
1328681PIP	2008	38	133	12.8	14.8	34.9912	6.2159	3.5285	9.0628	12.5913	41.2071	53.7984
1328681PIP	2008	20	138	12.6	12.6	23.5359	4.4138	5.7723	4.3722	10.1445	27.9497	38.0942
1328681PIP	2008	20	139	5.4	6.2	3.0724	0.6035	1.4028	0.5079	1.9108	3.6759	5.5867
1328681PIP	2008	20	141	10.3	10.8	14.5007	2.7494	4.123	2.6201	6.743	17.2501	23.9932
1328681PIP	2008	20	142	5.2	6.0	2.8061	0.5523	1.3172	0.4615	1.7787	3.3583	5.137
1328681PIP	2008	20	144	10.2	10.8	14.1647	2.6872	4.0564	2.5559	6.6123	16.8519	23.4642
1328681PIP	2008	20	145	12.7	12.6	23.9873	4.4965	5.849	4.4609	10.3099	28.4838	38.7936
1328681PIP	2008	20	147	4.2	4.9	1.6796	0.3345	0.9221	0.2682	1.1904	2.0141	3.2044
1328681PIP	2008	20	148	6.3	7.1	4.45	0.8667	1.8146	0.7515	2.566	5.3167	7.8827
1328681PIP	2008	20	151	13.5	13.2	27.7801	5.1901	6.477	5.2098	11.6868	32.9701	44.6569
1328681PIP	2008	20	153	12.2	12.3	21.7803	4.0917	5.4696	4.0281	9.4978	25.872	35.3698
1328681PIP	2008	20	156	4.3	5.0	1.7773	0.3535	0.9591	0.2848	1.2438	2.1308	3.3746
1225496PIP	2011	38	2	2.9	5.2	0.8516	0.1748	0.3114	0.2046	0.516	1.0264	1.5424
1225496PIP	2011	38	39	8.1	10.2	11.1334	2.0678	1.6698	2.8176	4.4874	13.2013	17.6886
1225496PIP	2011	38	52	8.2	10.3	11.4806	2.1298	1.7036	2.9073	4.6109	13.6104	18.2212
1266666PIP	2011	3	4	12.3	11.7	33.5349	3.3208	2.9812	3.3907	6.372	36.8557	43.2277
1225496PIP	2011	13	68	19.3	16.0	81.5285	11.6968	10.8423	13.2745	24.1168	93.2253	117.3421
1225496PIP	2011	38	65	3.1	5.4	1.0063	0.2052	0.3472	0.2426	0.5898	1.2115	1.8014
1225496PIP	2011	38	63	2.5	4.7	0.5874	0.1223	0.2443	0.1401	0.3843	0.7097	1.0941
1225496PIP	2011	13	57	3.8	4.3	1.3693	0.3056	1.0888	0.449	1.5378	1.6749	3.2127
1266666PIP	2011	3	13	13.4	12.1	41.203	3.9652	3.4571	4.1701	7.6272	45.1682	52.7954
1266666PIP	2011	3	15	11.7	11.5	29.7359	2.9942	2.7343	3.0049	5.7392	32.7302	38.4693
1225496PIP	2011	38	37	4.7	7.2	2.8513	0.5584	0.6857	0.702	1.3877	3.4097	4.7974
1225496PIP	2011	13	26	17.7	15.1	65.5838	9.6332	9.5933	11.084	20.6772	75.217	95.8943
1266666PIP	2011	3	22	7.8	9.7	11.2187	1.2934	1.3564	1.1284	2.4848	12.512	14.9968
1266666PIP	2011	3	24	3.4	6.1	1.524	0.2318	0.3228	0.1518	0.4746	1.7558	2.2304
1225496PIP	2011	38	23	11.2	12.1	25.0512	4.5084	2.8364	6.4446	9.281	29.5595	38.8405
1225496PIP	2011	38	22	12.4	12.7	32.3185	5.7589	3.35	8.3571	11.7072	38.0775	49.7846
1225496PIP	2011	13	19	18.5	15.5	73.2951	10.6373	10.2122	12.1536	22.3657	83.9324	106.2982
1266666PIP	2011	13	30	3.8	4.3	1.3693	0.3056	1.0888	0.449	1.5378	1.6749	3.2127
1266666PIP	2011	3	32	7.5	9.5	10.2092	1.1925	1.2674	1.0264	2.2939	11.4017	13.6956
1266666PIP	2011	3	33	2.7	5.3	0.8756	0.1438	0.2167	0.087	0.3037	1.0194	1.3231
1266666PIP	2011	3	35	7.8	9.7	11.2187	1.2934	1.3564	1.1284	2.4848	12.512	14.9968
1225496PIP	2011	38	15	12.6	12.7	33.6389	5.9849	3.4388	8.7056	12.1444	39.6238	51.7682
1225496PIP	2011	38	12	4.0	6.5	1.9045	0.3789	0.5268	0.4651	0.9918	2.2833	3.2751
1266666PIP	2011	3	39	10.5	11.1	22.9244	2.3932	2.2677	2.3137	4.5814	25.3176	29.899
1266666PIP	2011	3	42	5.3	7.9	4.4309	0.5811	0.6954	0.4437	1.1391	5.012	6.1511
1266666PIP	2011	3	44	3.0	5.6	1.128	0.1789	0.26	0.1122	0.3722	1.3069	1.6791
1225496PIP	2011	13	9	14.7	13.2	41.1123	6.3514	7.3772	7.5269	14.9042	47.4636	62.3678
1225496PIP	2011	74	8	23.1	19.6	143.4482	30.9759	4.3639	21.9433	26.3072	174.4241	200.7312
1266666PIP	2011	3	49	5.6	8.1	5.058	0.6513	0.7648	0.5068	1.2717	5.7093	6.9809
1266666PIP	2011	3	50	3.4	6.1	1.524	0.2318	0.3228	0.1518	0.4746	1.7558	2.2304
1266666PIP	2011	3	52	4.7	7.4	3.3193	0.4532	0.5649	0.332	0.8969	3.7725	4.6694
1266666PIP	2011	3	53	4.5	7.2	2.9898	0.4142	0.524	0.2989	0.8229	3.404	4.2269
1266666PIP	2011	3	55	3.3	6.0	1.4185	0.2179	0.3065	0.1413	0.4478	1.6364	2.0842
1225496PIP	2011	38	6	8.5	10.5	12.5608	2.322	1.8067	3.1866	4.9933	14.8829	19.8761
1266666PIP	2011	3	58	4.2	6.9	2.5329	0.359	0.4651	0.253	0.7181	2.8919	3.61
1266666PIP	2011	3	59	9.9	10.8	19.9004	2.1188	2.0483	2.0072	4.0555	22.0192	26.0747
1266666PIP	2011	3	62	6.5	8.8	7.2374	0.8867	0.9896	0.7265	1.7161	8.1241	9.8402
1266666PIP	2011	3	65	6.7	9.0	7.7844	0.9441	1.0429	0.7816	1.8245	8.7285	10.553
1266666PIP	2011	3	67	4.6	7.3	3.152	0.4334	0.5443	0.3152	0.8595	3.5855	4.445
1266666PIP	2011	3	70	6.6	8.9	7.508	0.9152	1.0161	0.7538	1.7699	8.4232	10.193
1266666PIP	2011	3	72	2.7	5.3	0.8756	0.1438	0.2167	0.087	0.3037	1.0194	1.3231
1266666PIP	2011	3	73	9.8	10.7	19.4206	2.0747	2.0127	1.9585	3.9712	21.4953	25.4665
1266666PIP	2011	3	75	5.6	8.1	5.058	0.6513	0.7648	0.5068	1.2717	5.7093	6.9809
1266666PIP	2011	3	76	10.4	11.0	22.403	2.3463	2.2305	2.2608	4.4913	24.7493	29.2406
1266666PIP	2011	3	78	11.1	11.3	26.2009	2.685	2.4964	2.6461	5.1425	28.886	34.0285
1266666PIP	2011	3	79	8.2	9.9	12.6519	1.4345	1.4789	1.2733	2.7522	14.0864	16.8386
1266666PIP	2011	3	81	10.2	10.9	21.3812	2.2538	2.1568	2.1573	4.3141	23.635	27.9491
1266666PIP	2011	3	82	7.4	9.4	9.885	1.1598	1.2384	0.9937	2.2321	11.0448	13.2769
1266666PIP	2011	3	85	7.1	9.2	8.9488	1.0646	1.1529	0.8992	2.052	10.0134	12.0654
1266666PIP	2011	3	87	6.5	8.8	7.2374	0.8867	0.9896	0.7265	1.7161	8.1241	9.8402
1266666PIP	2011	3	88	9.6	10.7	18.4814	1.988	1.9422	1.8634	3.8056	20.4694	24.275
1266666PIP	2011	3	90	13.3	12.1	40.4676	3.9042	3.4126	4.0953	7.508	44.3718	51.8798
1266666PIP	2011	3	92	9.6	10.7	18.4814	1.988	1.9422	1.8634	3.8056	20.4694	24.275
1266666PIP	2011	3	93	4.5	7.2	2.9898	0.4142	0.524	0.2989	0.8229	3.404	4.2269
1266666PIP	2011	3	95	11.4	11.4	27.9358	2.8374	2.6142	2.8222	5.4363	30.7732	36.2096
1266666PIP	2011	3	7	3.0	5.6	1.128	0.1789	0.26	0.1122	0.3722	1.3069	1.6791
1266666PIP	2011	3	98	6.5	8.8	7.2374	0.8867	0.9896	0.7265	1.7161	8.1241	9.8402
1266666PIP	2011	3	99	8.2	9.9	12.6519	1.4345	1.4789	1.2733	2.7522	14.0864	16.8386
1266666PIP	2011	3	101	12.8	11.9	36.9062	3.6064	3.1939	3.7333	6.9272	40.5126	47.4398
1266666PIP	2011	3	102	7.8	9.7	11.2187	1.2934	1.3564	1.1284	2.4848	12.512	14.9968
1266666PIP	2011	3	105	9.8	10.7	19.4206	2.0747	2.0127	1.9585	3.9712	21.4953	25.4665
1266666PIP	2011	3	107	7.3	9.4	9.5669	1.1276	1.2096	0.9616	2.1712	10.6945	12.8656
1266666PIP	2011	3	108	14.6	12.4	50.638	4.7356	4.0097	5.13	9.1398	55.3737	64.5134
1266666PIP	2011	3	110	10.4	11.0	22.403	2.3463	2.2305	2.2608	4.4913	24.7493	29.2406
1266666PIP	2011	13	2	2.7	3.3	0.5798	0.142	0.6715	0.2203	0.8918	0.7218	1.6135
1266666PIP	2011	3	113	11.9	11.6	30.9727	3.1011	2.8156	3.1305	5.9461	34.0738	40.0199
1266666PIP	2011	3	115	2.8	5.4	0.9556	0.1551	0.2307	0.095	0.3257	1.1107	1.4364
1225496PIP	2011	74	69	12.3	15.8	30.1488	6.8474	1.5618	4.479	6.0407	36.9962	43.0369
1266666PIP	2011	3	9	10.0	10.8	20.3871	2.1633	2.0842	2.0565	4.1407	22.5504	26.6912
1225496PIP	2011	13	66	4.0	4.5	1.5578	0.3428	1.1707	0.4997	1.6704	1.9006	3.571
1266666PIP	2011	3	10	3.6	6.3	1.7485	0.2609	0.3563	0.1743	0.5306	2.0094	2.54
1266666PIP	2011	3	122	13.1	12.0	39.0201	3.7836	3.3244	3.9482	7.2726	42.8037	50.0762
1266666PIP	2011	3	12	10.5	11.1	22.9244	2.3932	2.2677	2.3137	4.5814	25.3176	29.899
1225496PIP	2011	13	60	19.0	15.8	78.3791	11.293	10.6047	12.8481	23.4528	89.672	113.1248
1266666PIP	2011	3	16	10.9	11.2	25.0803	2.5858	2.4191	2.5324	4.9515	27.6662	32.6177
1266666PIP	2011	3	133	11.3	11.4	27.3503	2.7862	2.5747	2.7627	5.3374	30.1365	35.4739
1266666PIP	2011	3	135	9.4	10.6	17.5692	1.9032	1.8728	1.771	3.6438	19.4724	23.1162
1225496PIP	2011	74	49	25.8	20.0	188.588	40.3643	5.2257	28.9967	34.2224	228.9523	263.1747
1225496PIP	2011	74	48	17.8	18.3	75.2566	16.5936	2.8532	11.3736	14.2268	91.8502	106.077
1266666PIP	2011	3	139	8.2	9.9	12.6519	1.4345	1.4789	1.2733	2.7522	14.0864	16.8386
1266666PIP	2011	3	141	11.0	11.3	25.6371	2.6352	2.4576	2.5889	5.0465	28.2723	33.3188
1266666PIP	2011	3	142	6.4	8.8	6.9726	0.8587	0.9635	0.6998	1.6632	7.8313	9.4945
1225496PIP	2011	74	45	2.9	6.2	0.8437	0.2151	0.1481	0.1172	0.2653	1.0588	1.3241
1266666PIP	2011	3	148	8.7	10.2	14.5866	1.6215	1.6382	1.469	3.1073	16.2081	19.3154
1266666PIP	2011	3	150	3.6	6.3	1.7485	0.2609	0.3563	0.1743	0.5306	2.0094	2.54
1266666PIP	2011	3	153	13.7	12.2	43.4556	4.1512	3.592	4.3992	7.9912	47.6068	55.598
1184156PIP	2011	13	2	6.6	6.4	5.4881	1.054	2.377	1.4187	3.7958	6.5422	10.3379
1184156PIP	2011	3	3	9.9	11.5	19.9004	2.1188	2.0483	2.0072	4.0555	22.0192	26.0747
1225496PIP	2011	13	43	11.8	11.1	23.6581	3.8799	5.4065	4.7615	10.168	27.538	37.706
1225496PIP	2011	74	42	19.1	18.7	89.601	19.6452	3.2006	13.5859	16.7865	109.2462	126.0327
1184156PIP	2011	13	9	19.5	15.0	83.6697	11.9704	11.0015	13.5628	24.5643	95.6402	120.2045
1184156PIP	2011	13	11	9.0	8.3	11.9716	2.1133	3.6859	2.7076	6.3935	14.0849	20.4784
1184156PIP	2011	13	12	5.4	5.4	3.3134	0.672	1.7897	0.9339	2.7236	3.9854	6.7089
1184156PIP	2011	13	15	2.6	3.1	0.5273	0.1304	0.6366	0.2036	0.8402	0.6577	1.4979
1184156PIP	2011	13	17	25.2	17.5	159.4485	21.2761	15.811	23.1432	38.9541	180.7246	219.6787
1184156PIP	2011	13	18	4.0	4.2	1.5578	0.3428	1.1707	0.4997	1.6704	1.9006	3.571
1266666PIP	2011	3	18	9.0	10.4	15.8252	1.7393	1.7371	1.5944	3.3315	17.5646	20.8961
1225496PIP	2011	38	32	12.6	12.7	33.6389	5.9849	3.4388	8.7056	12.1444	39.6238	51.7682
1156756PIP	2011	13	5	9.5	7.5	13.7151	2.3858	3.9788	3.0306	7.0094	16.1009	23.1103
1156756PIP	2011	13	8	11.0	8.4	19.8294	3.3146	4.8955	4.1134	9.0089	23.144	32.1529
1156756PIP	2011	13	11	14.4	10.4	39.0349	6.0643	7.1652	7.2104	14.3756	45.0992	59.4747
1156756PIP	2011	13	12	15.2	10.8	44.7199	6.8462	7.7346	8.0703	15.8049	51.566	67.3709
1156756PIP	2011	13	15	9.9	7.7	15.214	2.617	4.2178	3.3025	7.5203	17.8309	25.3513
1266666PIP	2011	3	25	9.5	10.6	18.0219	1.9454	1.9074	1.8168	3.7242	19.9673	23.6915
1266666PIP	2011	3	27	6.1	8.5	6.2125	0.7775	0.8867	0.6231	1.5099	6.99	8.4999
1156756PIP	2011	13	20	3.7	3.5	1.2805	0.2878	1.0485	0.4247	1.4732	1.5683	3.0415
1156756PIP	2011	13	22	12.9	9.6	29.6018	4.7384	6.1329	5.7333	11.8662	34.3402	46.2064
1156756PIP	2011	13	23	10.0	7.8	15.6034	2.6766	4.2782	3.3724	7.6506	18.28	25.9306
1156756PIP	2011	13	25	3.3	3.3	0.9603	0.2227	0.8918	0.3346	1.2265	1.183	2.4095
1156756PIP	2011	13	28	9.1	7.2	12.3089	2.1663	3.7439	2.7707	6.5147	14.4752	20.9899
1156756PIP	2011	13	29	7.3	6.0	7.0716	1.3214	2.7413	1.7503	4.4916	8.393	12.8846
1156756PIP	2011	13	31	9.0	7.2	11.9716	2.1133	3.6859	2.7076	6.3935	14.0849	20.4784
1156756PIP	2011	13	32	14.4	10.4	39.0349	6.0643	7.1652	7.2104	14.3756	45.0992	59.4747
1156756PIP	2011	13	35	4.4	4.0	1.9797	0.4245	1.3397	0.6094	1.9491	2.4043	4.3534
1156756PIP	2011	13	38	12.0	9.0	24.6794	4.0289	5.5366	4.9312	10.4678	28.7084	39.1761
1156756PIP	2011	13	40	11.2	8.6	20.7485	3.4513	5.0219	4.2708	9.2927	24.1998	33.4925
1156756PIP	2011	13	45	2.8	2.9	0.6353	0.154	0.7069	0.2376	0.9445	0.7893	1.7339
1156756PIP	2011	13	48	8.5	6.8	10.3688	1.859	3.3997	2.4036	5.8032	12.2278	18.0311
1156756PIP	2011	13	49	10.7	8.2	18.4974	3.1153	4.7078	3.8831	8.5909	21.6126	30.2035
1156756PIP	2011	13	51	6.7	5.6	5.6997	1.0902	2.4281	1.4639	3.892	6.7898	10.6818
1156756PIP	2011	13	52	2.5	2.7	0.4778	0.1195	0.6022	0.1876	0.7899	0.5972	1.3871
1156756PIP	2011	13	55	12.5	9.3	27.3475	4.4152	5.8657	5.369	11.2347	31.7627	42.9974
1156756PIP	2011	13	60	4.8	4.3	2.464	0.516	1.5151	0.7306	2.2457	2.98	5.2257
1156756PIP	2011	13	63	12.0	9.0	24.6794	4.0289	5.5366	4.9312	10.4678	28.7084	39.1761
1156756PIP	2011	13	68	11.0	8.4	19.8294	3.3146	4.8955	4.1134	9.0089	23.144	32.1529
1156756PIP	2011	13	69	10.6	8.2	18.0657	3.0504	4.6457	3.8078	8.4535	21.1161	29.5696
1156756PIP	2011	13	71	4.1	3.8	1.6576	0.3623	1.2123	0.526	1.7384	2.02	3.7583
1156756PIP	2011	13	72	5.9	5.1	4.1398	0.8197	2.0285	1.1231	3.1516	4.9595	8.1111
1156756PIP	2011	13	74	9.5	7.5	13.7151	2.3858	3.9788	3.0306	7.0094	16.1009	23.1103
1156756PIP	2011	13	75	15.5	11.0	46.9727	7.153	7.9514	8.4058	16.3572	54.1257	70.4828
1156756PIP	2011	13	78	5.3	4.7	3.1612	0.6444	1.743	0.8982	2.6412	3.8056	6.4468
1156756PIP	2011	13	80	4.1	3.8	1.6576	0.3623	1.2123	0.526	1.7384	2.02	3.7583
1156756PIP	2011	13	81	11.8	8.9	23.6581	3.8799	5.4065	4.7615	10.168	27.538	37.706
1156756PIP	2011	13	83	12.6	9.4	27.901	4.4948	5.9321	5.4589	11.3911	32.3958	43.7869
1156756PIP	2011	13	85	5.1	4.5	2.8698	0.5912	1.6507	0.829	2.4797	3.4609	5.9406
1156756PIP	2011	13	86	10.0	7.8	15.6034	2.6766	4.2782	3.3724	7.6506	18.28	25.9306
1156756PIP	2011	13	88	5.5	4.8	3.4698	0.7002	1.8368	0.9703	2.807	4.1701	6.9771
1266666PIP	2011	3	29	6.3	8.7	6.7135	0.8312	0.9376	0.6736	1.6112	7.5447	9.1559
1266666PIP	2011	3	36	3.3	6.0	1.4185	0.2179	0.3065	0.1413	0.4478	1.6364	2.0842
1266666PIP	2011	3	38	5.4	8.0	4.6345	0.6041	0.7182	0.4642	1.1824	5.2386	6.421
1266666PIP	2011	3	45	4.3	7.0	2.6803	0.377	0.4844	0.2678	0.7522	3.0572	3.8094
1266666PIP	2011	3	47	8.6	10.1	14.1868	1.5831	1.6058	1.4286	3.0344	15.7699	18.8043
1266666PIP	2011	3	56	2.6	5.2	0.7996	0.133	0.203	0.0794	0.2824	0.9327	1.2151
1266666PIP	2011	3	112	8.6	10.1	14.1868	1.5831	1.6058	1.4286	3.0344	15.7699	18.8043
1266666PIP	2011	3	116	5.1	7.7	4.0395	0.5367	0.6506	0.4044	1.055	4.5761	5.6311
1266666PIP	2011	3	118	11.5	11.5	28.5286	2.8892	2.654	2.8823	5.5363	31.4178	36.9541
1266666PIP	2011	3	119	7.9	9.7	11.5675	1.3279	1.3866	1.1637	2.5503	12.8955	15.4458
1266666PIP	2011	3	121	12.6	11.8	35.535	3.4907	3.1081	3.594	6.702	39.0258	45.7278
1266666PIP	2011	3	125	12.9	11.9	37.6032	3.665	3.2371	3.8041	7.0413	41.2682	48.3094
1266666PIP	2011	3	128	9.1	10.4	16.2513	1.7796	1.7706	1.6375	3.4082	18.0309	21.4391
1266666PIP	2011	3	130	12.4	11.8	34.1941	3.377	3.0233	3.4577	6.481	37.5711	44.052
1266666PIP	2011	3	136	12.8	11.9	36.9062	3.6064	3.1939	3.7333	6.9272	40.5126	47.4398
1266666PIP	2011	3	138	7.6	9.6	10.5395	1.2256	1.2968	1.0598	2.3566	11.7651	14.1218
1266666PIP	2011	3	145	9.5	10.6	18.0219	1.9454	1.9074	1.8168	3.7242	19.9673	23.6915
1184156PIP	2011	13	5	15.1	12.5	43.9837	6.7456	7.6627	7.96	15.6228	50.7293	66.352
1184156PIP	2011	13	6	18.7	14.6	75.3041	10.897	10.3687	12.429	22.7976	86.201	108.9987
1184156PIP	2011	13	20	2.9	3.3	0.6939	0.1666	0.7429	0.2556	0.9985	0.8606	1.8591
1156756PIP	2011	13	3	12.4	9.3	26.8007	4.3364	5.7994	5.2799	11.0793	31.1371	42.2164
1156756PIP	2011	13	17	5.2	4.6	3.0134	0.6175	1.6967	0.8632	2.5599	3.6308	6.1907
1156756PIP	2011	13	18	12.1	9.1	25.1999	4.1046	5.602	5.0172	10.6192	29.3045	39.9237
1266666PIP	2011	3	96	9.3	10.5	17.1232	1.8615	1.8385	1.7258	3.5643	18.9848	22.5491
1156756PIP	2011	13	89	5.9	5.1	4.1398	0.8197	2.0285	1.1231	3.1516	4.9595	8.1111
1156756PIP	2011	13	91	7.9	6.4	8.6254	1.5775	3.0653	2.0635	5.1288	10.203	15.3318
1156756PIP	2011	13	92	7.1	5.9	6.5944	1.2416	2.6357	1.6519	4.2876	7.836	12.1236
1156756PIP	2011	13	94	4.8	4.3	2.464	0.516	1.5151	0.7306	2.2457	2.98	5.2257
1156756PIP	2011	13	95	6.3	5.4	4.8823	0.9496	2.2257	1.2876	3.5133	5.8318	9.3452
1156756PIP	2011	13	98	13.7	10.0	34.4373	5.423	6.6776	6.4992	13.1768	39.8604	53.0371
1156756PIP	2011	13	100	9.4	7.4	13.355	2.3298	3.9197	2.9645	6.8842	15.6848	22.5689
1156756PIP	2011	13	101	8.1	6.6	9.1851	1.6685	3.1756	2.1739	5.3495	10.8537	16.2032
1156756PIP	2011	13	103	18.2	12.3	70.3428	10.2543	9.9788	11.7465	21.7252	80.5971	102.3224
1156756PIP	2011	13	105	8.7	7.0	10.9933	1.9586	3.5133	2.523	6.0363	12.9519	18.9881
1156756PIP	2011	13	106	7.5	6.2	7.5689	1.404	2.8481	1.8518	4.6999	8.9729	13.6728
1156756PIP	2011	13	108	11.3	8.6	21.2175	3.5208	5.0854	4.3507	9.4361	24.7383	34.1744
1156756PIP	2011	13	109	10.6	8.2	18.0657	3.0504	4.6457	3.8078	8.4535	21.1161	29.5696
1156756PIP	2011	13	111	4.5	4.1	2.0948	0.4465	1.3829	0.6387	2.0216	2.5413	4.5629
1156756PIP	2011	13	112	10.5	8.1	17.6402	2.9862	4.5838	3.7334	8.3172	20.6264	28.9435
1156756PIP	2011	25	114	4.4	5.5	2.3482	0.397	0.7257	0.5621	1.2878	2.7452	4.033
1156756PIP	2011	13	115	3.2	3.2	0.8888	0.2078	0.8539	0.3139	1.1677	1.0967	2.2644
1184156PIP	2011	3	21	14.5	13.5	49.8082	4.6687	3.9624	5.0456	9.008	54.4769	63.4849
1184156PIP	2011	3	23	22.5	15.1	143.2313	11.5942	8.4698	14.5822	23.052	154.8255	177.8776
1184156PIP	2011	13	24	8.3	7.7	9.7662	1.7623	3.2871	2.2872	5.5743	11.5285	17.1028
1184156PIP	2011	13	26	3.5	3.8	1.1135	0.2541	0.9692	0.3783	1.3475	1.3676	2.7151
1184156PIP	2011	13	27	5.0	5.0	2.7303	0.5655	1.6051	0.7955	2.4006	3.2958	5.6964
1184156PIP	2011	13	30	10.7	9.6	18.4974	3.1153	4.7078	3.8831	8.5909	21.6126	30.2035
1184156PIP	2011	13	32	10.7	9.6	18.4974	3.1153	4.7078	3.8831	8.5909	21.6126	30.2035
1184156PIP	2011	13	35	6.8	6.5	5.916	1.127	2.4796	1.5098	3.9893	7.043	11.0323
1184156PIP	2011	13	38	8.9	8.2	11.6399	2.061	3.6281	2.6453	6.2734	13.7009	19.9743
1184156PIP	2011	13	40	4.2	4.4	1.7612	0.3825	1.2543	0.5531	1.8075	2.1436	3.9511
1184156PIP	2011	13	41	11.1	9.8	20.2858	3.3826	4.9586	4.1917	9.1503	23.6684	32.8187
1184156PIP	2011	13	44	3.1	3.5	0.8206	0.1935	0.8164	0.2938	1.1101	1.0142	2.1243
1184156PIP	2011	13	46	4.0	4.2	1.5578	0.3428	1.1707	0.4997	1.6704	1.9006	3.571
1184156PIP	2011	13	47	14.2	11.9	37.6858	5.877	7.0249	7.0032	14.0281	43.5629	57.591
1184156PIP	2011	13	50	3.5	3.8	1.1135	0.2541	0.9692	0.3783	1.3475	1.3676	2.7151
1184156PIP	2011	13	52	3.6	3.9	1.1952	0.2707	1.0086	0.4012	1.4098	1.4659	2.8757
1184156PIP	2011	13	53	7.0	6.7	6.3634	1.2027	2.5833	1.6038	4.1871	7.5661	11.7532
1184156PIP	2011	13	55	7.9	7.4	8.6254	1.5775	3.0653	2.0635	5.1288	10.203	15.3318
1184156PIP	2011	13	57	9.3	8.5	13.0006	2.2746	3.8608	2.8991	6.76	15.2752	22.0351
1184156PIP	2011	13	58	2.9	3.3	0.6939	0.1666	0.7429	0.2556	0.9985	0.8606	1.8591
1184156PIP	2011	13	60	6.5	6.3	5.2814	1.0185	2.3263	1.3743	3.7006	6.3	10.0005
1184156PIP	2011	13	61	11.0	9.8	19.8294	3.3146	4.8955	4.1134	9.0089	23.144	32.1529
1184156PIP	2011	13	63	7.5	7.1	7.5689	1.404	2.8481	1.8518	4.6999	8.9729	13.6728
1184156PIP	2011	13	64	12.9	11.1	29.6018	4.7384	6.1329	5.7333	11.8662	34.3402	46.2064
1184156PIP	2011	13	66	14.8	12.3	41.8192	6.4487	7.4483	7.634	15.0823	48.2679	63.3502
1184156PIP	2011	13	67	12.1	10.6	25.1999	4.1046	5.602	5.0172	10.6192	29.3045	39.9237
1184156PIP	2011	13	70	8.9	8.2	11.6399	2.061	3.6281	2.6453	6.2734	13.7009	19.9743
1184156PIP	2011	13	73	8.2	7.7	9.473	1.7151	3.2312	2.2302	5.4614	11.188	16.6494
1184156PIP	2011	13	75	15.0	12.4	43.2549	6.6458	7.5911	7.8506	15.4416	49.9007	65.3423
1184166PIP	2011	25	2	10.6	12.3	20.1984	2.5402	2.684	4.1189	6.8028	22.7386	29.5414
1184166PIP	2011	13	4	10.0	9.2	15.6034	2.6766	4.2782	3.3724	7.6506	18.28	25.9306
1184166PIP	2011	13	5	3.1	3.5	0.8206	0.1935	0.8164	0.2938	1.1101	1.0142	2.1243
1184166PIP	2011	13	7	13.2	11.6	31.3636	4.9892	6.3356	6.0146	12.3502	36.3527	48.7029
1184166PIP	2011	25	8	15.5	15.1	51.1937	5.6653	4.7234	9.7408	14.4642	56.859	71.3232
1184166PIP	2011	13	10	11.4	10.3	21.6929	3.5911	5.1492	4.4313	9.5805	25.2839	34.8644
1184166PIP	2011	13	11	3.9	4.2	1.4617	0.3239	1.1295	0.474	1.6035	1.7856	3.3891
1184166PIP	2011	13	14	7.1	6.9	6.5944	1.2416	2.6357	1.6519	4.2876	7.836	12.1236
1184166PIP	2011	13	17	11.4	10.3	21.6929	3.5911	5.1492	4.4313	9.5805	25.2839	34.8644
1184166PIP	2011	13	19	10.1	9.3	15.9987	2.7371	4.3388	3.4431	7.7819	18.7358	26.5177
1184166PIP	2011	13	22	4.1	4.4	1.6576	0.3623	1.2123	0.526	1.7384	2.02	3.7583
1184166PIP	2011	13	24	15.6	13.1	47.7385	7.2569	8.024	8.5192	16.5432	54.9954	71.5386
1184166PIP	2011	13	25	9.4	8.8	13.355	2.3298	3.9197	2.9645	6.8842	15.6848	22.5689
1184166PIP	2011	13	27	9.3	8.7	13.0006	2.2746	3.8608	2.8991	6.76	15.2752	22.0351
1184166PIP	2011	13	28	5.5	5.6	3.4698	0.7002	1.8368	0.9703	2.807	4.1701	6.9771
1184166PIP	2011	13	30	9.7	9.0	14.4528	2.4999	4.0978	3.165	7.2628	16.9527	24.2155
1184166PIP	2011	13	31	9.2	8.6	12.6519	2.2201	3.8023	2.8345	6.6368	14.872	21.5088
1184166PIP	2011	13	33	11.6	10.4	22.6627	3.7339	5.2774	4.5948	9.8722	26.3966	36.2688
1184166PIP	2011	13	34	12.2	10.9	25.7269	4.1811	5.6676	5.104	10.7715	29.908	40.6795
1184166PIP	2011	13	37	9.0	8.5	11.9716	2.1133	3.6859	2.7076	6.3935	14.0849	20.4784
1184166PIP	2011	13	39	12.2	10.9	25.7269	4.1811	5.6676	5.104	10.7715	29.908	40.6795
1184166PIP	2011	13	40	13.1	11.5	30.7695	4.9048	6.2678	5.9201	12.1878	35.6743	47.8621
1184166PIP	2011	13	42	15.5	13.1	46.9727	7.153	7.9514	8.4058	16.3572	54.1257	70.4828
1184166PIP	2011	13	44	3.6	3.9	1.1952	0.2707	1.0086	0.4012	1.4098	1.4659	2.8757
1184166PIP	2011	13	45	7.3	7.1	7.0716	1.3214	2.7413	1.7503	4.4916	8.393	12.8846
1184166PIP	2011	13	47	12.5	11.1	27.3475	4.4152	5.8657	5.369	11.2347	31.7627	42.9974
1184166PIP	2011	13	48	15.8	13.3	49.2926	7.4672	8.1699	8.7484	16.9183	56.7598	73.6781
1184166PIP	2011	13	50	11.0	10.0	19.8294	3.3146	4.8955	4.1134	9.0089	23.144	32.1529
1184166PIP	2011	13	51	6.7	6.6	5.6997	1.0902	2.4281	1.4639	3.892	6.7898	10.6818
1184166PIP	2011	13	53	11.5	10.4	22.1746	3.6621	5.2132	4.5127	9.7258	25.8367	35.5625
1184166PIP	2011	13	54	6.6	6.5	5.4881	1.054	2.377	1.4187	3.7958	6.5422	10.3379
1184166PIP	2011	13	57	16.4	13.6	54.136	8.1183	8.6121	9.4549	18.0671	62.2543	80.3214
1184166PIP	2011	13	59	7.8	7.5	8.3535	1.5331	3.0106	2.0095	5.02	9.8866	14.9066
1184166PIP	2011	13	60	10.6	9.7	18.0657	3.0504	4.6457	3.8078	8.4535	21.1161	29.5696
1184166PIP	2011	13	62	23.3	17.1	130.9207	17.8457	14.1517	19.6552	33.8069	148.7664	182.5733
1184166PIP	2011	13	64	11.3	10.2	21.2175	3.5208	5.0854	4.3507	9.4361	24.7383	34.1744
1184166PIP	2011	13	65	6.0	6.0	4.3185	0.8512	2.0773	1.1631	3.2404	5.1697	8.4101
1184166PIP	2011	13	67	7.1	6.9	6.5944	1.2416	2.6357	1.6519	4.2876	7.836	12.1236
1184166PIP	2011	13	68	7.4	7.2	7.3177	1.3624	2.7945	1.8007	4.5952	8.6801	13.2753
1184166PIP	2011	13	70	20.6	15.9	96.0506	13.5383	11.8894	15.2059	27.0953	109.5889	136.6843
1184166PIP	2011	13	73	15.7	13.2	48.5118	7.3616	8.0969	8.6334	16.7303	55.8734	72.6037
1184166PIP	2011	13	74	11.5	10.4	22.1746	3.6621	5.2132	4.5127	9.7258	25.8367	35.5625
1184166PIP	2011	13	77	11.9	10.7	24.1655	3.954	5.4715	4.8459	10.3174	28.1195	38.4369
1184166PIP	2011	13	82	8.3	7.9	9.7662	1.7623	3.2871	2.2872	5.5743	11.5285	17.1028
1184166PIP	2011	13	85	11.0	10.0	19.8294	3.3146	4.8955	4.1134	9.0089	23.144	32.1529
1184166PIP	2011	13	87	3.0	3.4	0.7557	0.1798	0.7794	0.2744	1.0537	0.9355	1.9892
1184166PIP	2011	13	88	18.0	14.5	68.4151	10.0033	9.824	11.4791	21.3031	78.4184	99.7215
1184166PIP	2011	13	90	18.8	15.0	76.3208	11.0281	10.4472	12.5679	23.0151	87.3489	110.364
1184166PIP	2011	13	91	19.5	15.3	83.6697	11.9704	11.0015	13.5628	24.5643	95.6402	120.2045
1184166PIP	2011	13	93	10.6	9.7	18.0657	3.0504	4.6457	3.8078	8.4535	21.1161	29.5696
1184166PIP	2011	13	94	17.0	14.0	59.2554	8.7996	9.0611	10.1901	19.2512	68.0551	87.3063
1184166PIP	2011	13	96	9.0	8.5	11.9716	2.1133	3.6859	2.7076	6.3935	14.0849	20.4784
1184166PIP	2011	13	97	11.1	10.1	20.2858	3.3826	4.9586	4.1917	9.1503	23.6684	32.8187
1184166PIP	2011	13	100	16.2	13.5	52.4911	7.8979	8.464	9.2162	17.6802	60.389	78.0692
1184166PIP	2011	13	105	11.8	10.6	23.6581	3.8799	5.4065	4.7615	10.168	27.538	37.706
1184166PIP	2011	13	107	15.1	12.8	43.9837	6.7456	7.6627	7.96	15.6228	50.7293	66.352
1184166PIP	2011	13	108	14.0	12.1	36.3652	5.693	6.8854	6.7992	13.6846	42.0583	55.7429
1184166PIP	2011	13	110	15.0	12.8	43.2549	6.6458	7.5911	7.8506	15.4416	49.9007	65.3423
1184166PIP	2011	13	111	12.0	10.7	24.6794	4.0289	5.5366	4.9312	10.4678	28.7084	39.1761
1184166PIP	2011	13	113	7.2	7.0	6.8305	1.2812	2.6883	1.7007	4.3891	8.1117	12.5007
1184166PIP	2011	38	114	2.9	4.9	0.8516	0.1748	0.3114	0.2046	0.516	1.0264	1.5424
1184166PIP	2011	13	116	2.7	3.2	0.5798	0.142	0.6715	0.2203	0.8918	0.7218	1.6135
1184166PIP	2011	13	117	11.9	10.7	24.1655	3.954	5.4715	4.8459	10.3174	28.1195	38.4369
1184166PIP	2011	13	120	5.2	5.3	3.0134	0.6175	1.6967	0.8632	2.5599	3.6308	6.1907
1184166PIP	2011	13	122	13.2	11.6	31.3636	4.9892	6.3356	6.0146	12.3502	36.3527	48.7029
1184166PIP	2011	13	123	12.9	11.4	29.6018	4.7384	6.1329	5.7333	11.8662	34.3402	46.2064
1184166PIP	2011	13	125	12.5	11.1	27.3475	4.4152	5.8657	5.369	11.2347	31.7627	42.9974
1184166PIP	2011	13	128	19.8	15.5	86.9445	12.3874	11.2417	14.0012	25.2429	99.332	124.5749
1184166PIP	2011	13	130	13.2	11.6	31.3636	4.9892	6.3356	6.0146	12.3502	36.3527	48.7029
1184166PIP	2011	13	131	3.3	3.7	0.9603	0.2227	0.8918	0.3346	1.2265	1.183	2.4095
1184166PIP	2011	13	133	12.0	10.7	24.6794	4.0289	5.5366	4.9312	10.4678	28.7084	39.1761
1184166PIP	2011	13	134	8.1	7.7	9.1851	1.6685	3.1756	2.1739	5.3495	10.8537	16.2032
1184166PIP	2011	13	136	6.1	6.1	4.5018	0.8833	2.1264	1.2039	3.3303	5.3851	8.7154
1184166PIP	2011	13	137	3.0	3.4	0.7557	0.1798	0.7794	0.2744	1.0537	0.9355	1.9892
1184166PIP	2011	13	140	4.2	4.5	1.7612	0.3825	1.2543	0.5531	1.8075	2.1436	3.9511
1184166PIP	2011	13	142	9.9	9.2	15.214	2.617	4.2178	3.3025	7.5203	17.8309	25.3513
1184166PIP	2011	13	143	4.2	4.5	1.7612	0.3825	1.2543	0.5531	1.8075	2.1436	3.9511
1184166PIP	2011	13	145	4.5	4.7	2.0948	0.4465	1.3829	0.6387	2.0216	2.5413	4.5629
1184166PIP	2011	13	147	14.6	12.5	40.4126	6.2549	7.3064	7.4206	14.727	46.6674	61.3944
1184166PIP	2011	13	148	11.3	10.2	21.2175	3.5208	5.0854	4.3507	9.4361	24.7383	34.1744
1184166PIP	2011	13	150	8.0	7.7	8.9026	1.6227	3.1203	2.1183	5.2386	10.5253	15.764
1184166PIP	2011	13	151	15.5	13.1	46.9727	7.153	7.9514	8.4058	16.3572	54.1257	70.4828
1184166PIP	2011	13	153	7.0	6.8	6.3634	1.2027	2.5833	1.6038	4.1871	7.5661	11.7532
1184166PIP	2011	13	154	14.6	12.5	40.4126	6.2549	7.3064	7.4206	14.727	46.6674	61.3944
1184166PIP	2011	13	156	14.9	12.7	42.5334	6.5468	7.5196	7.7419	15.2615	49.0802	64.3417
1184166PIP	2011	13	157	11.1	10.1	20.2858	3.3826	4.9586	4.1917	9.1503	23.6684	32.8187
1184166PIP	2011	13	160	2.6	3.1	0.5273	0.1304	0.6366	0.2036	0.8402	0.6577	1.4979
1191081PIP	2011	13	2	8.5	7.1	10.3688	1.859	3.3997	2.4036	5.8032	12.2278	18.0311
1191081PIP	2011	13	4	9.5	7.8	13.7151	2.3858	3.9788	3.0306	7.0094	16.1009	23.1103
1191081PIP	2011	13	7	9.9	8.1	15.214	2.617	4.2178	3.3025	7.5203	17.8309	25.3513
1191081PIP	2011	13	13	11.2	8.9	20.7485	3.4513	5.0219	4.2708	9.2927	24.1998	33.4925
1191081PIP	2011	13	16	3.3	3.4	0.9603	0.2227	0.8918	0.3346	1.2265	1.183	2.4095
1191081PIP	2011	13	18	3.5	3.5	1.1135	0.2541	0.9692	0.3783	1.3475	1.3676	2.7151
1191081PIP	2011	13	19	2.7	2.9	0.5798	0.142	0.6715	0.2203	0.8918	0.7218	1.6135
1191081PIP	2011	13	22	4.8	4.5	2.464	0.516	1.5151	0.7306	2.2457	2.98	5.2257
1191081PIP	2011	13	24	10.9	8.7	19.3792	3.2474	4.8327	4.0359	8.8686	22.6265	31.4951
1191081PIP	2011	13	27	6.5	5.7	5.2814	1.0185	2.3263	1.3743	3.7006	6.3	10.0005
1191081PIP	2011	13	29	5.4	4.9	3.3134	0.672	1.7897	0.9339	2.7236	3.9854	6.7089
1191081PIP	2011	13	30	9.3	7.7	13.0006	2.2746	3.8608	2.8991	6.76	15.2752	22.0351
1191081PIP	2011	13	32	12.7	9.9	28.4612	4.5752	5.9988	5.5496	11.5484	33.0365	44.5849
1191081PIP	2011	13	33	4.3	4.1	1.8685	0.4032	1.2968	0.5809	1.8777	2.2717	4.1494
1191081PIP	2011	13	36	6.0	5.3	4.3185	0.8512	2.0773	1.1631	3.2404	5.1697	8.4101
1191081PIP	2011	13	38	8.8	7.3	11.3138	2.0094	3.5706	2.5838	6.1543	13.3232	19.4776
1191081PIP	2011	13	39	12.6	9.8	27.901	4.4948	5.9321	5.4589	11.3911	32.3958	43.7869
1191081PIP	2011	13	42	7.1	6.1	6.5944	1.2416	2.6357	1.6519	4.2876	7.836	12.1236
1191081PIP	2011	13	44	2.9	3.1	0.6939	0.1666	0.7429	0.2556	0.9985	0.8606	1.8591
1191081PIP	2011	13	45	2.9	3.1	0.6939	0.1666	0.7429	0.2556	0.9985	0.8606	1.8591
1191081PIP	2011	13	47	13.0	10.0	30.1823	4.8212	6.2002	5.8263	12.0265	35.0035	47.03
1191081PIP	2011	25	50	18.5	13.3	78.9374	8.2304	6.1454	14.543	20.6884	87.1678	107.8562
1191081PIP	2011	13	52	3.7	3.6	1.2805	0.2878	1.0485	0.4247	1.4732	1.5683	3.0415
1191081PIP	2011	13	53	8.4	7.1	10.0648	1.8103	3.3432	2.345	5.6883	11.8751	17.5634
1191081PIP	2011	13	55	5.4	4.9	3.3134	0.672	1.7897	0.9339	2.7236	3.9854	6.7089
1191081PIP	2011	13	56	8.5	7.1	10.3688	1.859	3.3997	2.4036	5.8032	12.2278	18.0311
1191081PIP	2011	13	58	3.0	3.1	0.7557	0.1798	0.7794	0.2744	1.0537	0.9355	1.9892
1191081PIP	2011	13	62	11.8	9.3	23.6581	3.8799	5.4065	4.7615	10.168	27.538	37.706
1191081PIP	2011	13	64	6.4	5.6	5.0795	0.9837	2.2758	1.3306	3.6064	6.0632	9.6696
1191081PIP	2011	13	65	3.2	3.3	0.8888	0.2078	0.8539	0.3139	1.1677	1.0967	2.2644
1191081PIP	2011	13	67	12.0	9.4	24.6794	4.0289	5.5366	4.9312	10.4678	28.7084	39.1761
1191081PIP	2011	13	72	14.8	11.1	41.8192	6.4487	7.4483	7.634	15.0823	48.2679	63.3502
1191081PIP	2011	25	73	16.8	12.8	62.3483	6.7151	5.3245	11.6903	17.0148	69.0634	86.0783
1191081PIP	2011	13	75	16.3	11.9	53.3097	8.0077	8.538	9.3352	17.8731	61.3174	79.1906
1191081PIP	2011	13	76	3.1	3.2	0.8206	0.1935	0.8164	0.2938	1.1101	1.0142	2.1243
1191081PIP	2011	13	78	6.1	5.4	4.5018	0.8833	2.1264	1.2039	3.3303	5.3851	8.7154
1191081PIP	2011	13	79	7.1	6.1	6.5944	1.2416	2.6357	1.6519	4.2876	7.836	12.1236
1191081PIP	2011	13	82	4.0	3.9	1.5578	0.3428	1.1707	0.4997	1.6704	1.9006	3.571
1191141PIP	2011	13	3	3.8	4.2	1.3693	0.3056	1.0888	0.449	1.5378	1.6749	3.2127
1191141PIP	2011	13	5	5.1	5.3	2.8698	0.5912	1.6507	0.829	2.4797	3.4609	5.9406
1191141PIP	2011	13	8	3.9	4.3	1.4617	0.3239	1.1295	0.474	1.6035	1.7856	3.3891
1191141PIP	2011	13	10	4.9	5.2	2.5951	0.5404	1.5599	0.7627	2.3226	3.1355	5.4581
1191141PIP	2011	13	11	4.5	4.8	2.0948	0.4465	1.3829	0.6387	2.0216	2.5413	4.5629
1191141PIP	2011	13	13	3.3	3.7	0.9603	0.2227	0.8918	0.3346	1.2265	1.183	2.4095
1191141PIP	2011	13	14	3.6	4.0	1.1952	0.2707	1.0086	0.4012	1.4098	1.4659	2.8757
1191141PIP	2011	13	16	7.2	7.2	6.8305	1.2812	2.6883	1.7007	4.3891	8.1117	12.5007
1191141PIP	2011	13	17	8.3	8.1	9.7662	1.7623	3.2871	2.2872	5.5743	11.5285	17.1028
1191141PIP	2011	25	19	8.0	7.4	10.1436	1.4024	1.766	2.1774	3.9433	11.546	15.4894
1191141PIP	2011	13	20	3.6	4.0	1.1952	0.2707	1.0086	0.4012	1.4098	1.4659	2.8757
1191141PIP	2011	13	23	5.4	5.6	3.3134	0.672	1.7897	0.9339	2.7236	3.9854	6.7089
1191141PIP	2011	13	25	6.5	6.6	5.2814	1.0185	2.3263	1.3743	3.7006	6.3	10.0005
1191141PIP	2011	13	26	3.3	3.7	0.9603	0.2227	0.8918	0.3346	1.2265	1.183	2.4095
1191141PIP	2011	13	28	3.4	3.8	1.0352	0.2381	0.9303	0.3561	1.2864	1.2733	2.5597
1191141PIP	2011	13	30	3.5	3.9	1.1135	0.2541	0.9692	0.3783	1.3475	1.3676	2.7151
1191141PIP	2011	13	31	4.7	5.0	2.3369	0.4922	1.4706	0.6992	2.1699	2.8291	4.999
1191141PIP	2011	13	33	3.8	4.2	1.3693	0.3056	1.0888	0.449	1.5378	1.6749	3.2127
1191141PIP	2011	13	36	7.0	7.0	6.3634	1.2027	2.5833	1.6038	4.1871	7.5661	11.7532
1191141PIP	2011	13	37	4.8	5.1	2.464	0.516	1.5151	0.7306	2.2457	2.98	5.2257
1191141PIP	2011	13	39	8.4	8.2	10.0648	1.8103	3.3432	2.345	5.6883	11.8751	17.5634
1191141PIP	2011	13	40	6.9	6.9	6.1372	1.1645	2.5313	1.5564	4.0877	7.3017	11.3894
1191141PIP	2011	13	43	5.4	5.6	3.3134	0.672	1.7897	0.9339	2.7236	3.9854	6.7089
1191141PIP	2011	13	45	4.5	4.8	2.0948	0.4465	1.3829	0.6387	2.0216	2.5413	4.5629
1191141PIP	2011	13	46	2.8	3.3	0.6353	0.154	0.7069	0.2376	0.9445	0.7893	1.7339
1191141PIP	2011	13	48	2.7	3.2	0.5798	0.142	0.6715	0.2203	0.8918	0.7218	1.6135
1191141PIP	2011	13	50	4.0	4.4	1.5578	0.3428	1.1707	0.4997	1.6704	1.9006	3.571
1191141PIP	2011	13	51	5.4	5.6	3.3134	0.672	1.7897	0.9339	2.7236	3.9854	6.7089
1191141PIP	2011	13	53	4.6	4.9	2.2139	0.469	1.4266	0.6686	2.0952	2.6829	4.7781
1191141PIP	2011	13	54	5.4	5.6	3.3134	0.672	1.7897	0.9339	2.7236	3.9854	6.7089
1191141PIP	2011	13	56	6.8	6.8	5.916	1.127	2.4796	1.5098	3.9893	7.043	11.0323
1191141PIP	2011	13	57	3.6	4.0	1.1952	0.2707	1.0086	0.4012	1.4098	1.4659	2.8757
1191141PIP	2011	13	59	3.0	3.5	0.7557	0.1798	0.7794	0.2744	1.0537	0.9355	1.9892
1191141PIP	2011	13	60	7.8	7.7	8.3535	1.5331	3.0106	2.0095	5.02	9.8866	14.9066
1191141PIP	2011	13	63	4.5	4.8	2.0948	0.4465	1.3829	0.6387	2.0216	2.5413	4.5629
1191141PIP	2011	13	66	9.7	9.3	14.4528	2.4999	4.0978	3.165	7.2628	16.9527	24.2155
1191141PIP	2011	13	68	4.0	4.4	1.5578	0.3428	1.1707	0.4997	1.6704	1.9006	3.571
1191141PIP	2011	13	71	3.7	4.1	1.2805	0.2878	1.0485	0.4247	1.4732	1.5683	3.0415
1191141PIP	2011	13	73	5.5	5.7	3.4698	0.7002	1.8368	0.9703	2.807	4.1701	6.9771
1191141PIP	2011	13	74	3.5	3.9	1.1135	0.2541	0.9692	0.3783	1.3475	1.3676	2.7151
1191141PIP	2011	13	76	6.1	6.2	4.5018	0.8833	2.1264	1.2039	3.3303	5.3851	8.7154
1191141PIP	2011	13	77	4.1	4.5	1.6576	0.3623	1.2123	0.526	1.7384	2.02	3.7583
1191141PIP	2011	13	79	4.1	4.5	1.6576	0.3623	1.2123	0.526	1.7384	2.02	3.7583
1191141PIP	2011	13	80	7.5	7.4	7.5689	1.404	2.8481	1.8518	4.6999	8.9729	13.6728
1191141PIP	2011	13	82	7.0	7.0	6.3634	1.2027	2.5833	1.6038	4.1871	7.5661	11.7532
1191141PIP	2011	13	83	9.2	8.9	12.6519	2.2201	3.8023	2.8345	6.6368	14.872	21.5088
1191141PIP	2011	13	86	4.5	4.8	2.0948	0.4465	1.3829	0.6387	2.0216	2.5413	4.5629
1191141PIP	2011	13	88	5.3	5.5	3.1612	0.6444	1.743	0.8982	2.6412	3.8056	6.4468
1191141PIP	2011	13	91	5.0	5.2	2.7303	0.5655	1.6051	0.7955	2.4006	3.2958	5.6964
1191141PIP	2011	25	93	9.1	8.0	13.9038	1.8407	2.139	2.9153	5.0542	15.7445	20.7988
1191141PIP	2011	13	94	3.4	3.8	1.0352	0.2381	0.9303	0.3561	1.2864	1.2733	2.5597
1191141PIP	2011	13	96	6.8	6.8	5.916	1.127	2.4796	1.5098	3.9893	7.043	11.0323
1191141PIP	2011	13	97	3.3	3.7	0.9603	0.2227	0.8918	0.3346	1.2265	1.183	2.4095
1191141PIP	2011	13	99	3.2	3.7	0.8888	0.2078	0.8539	0.3139	1.1677	1.0967	2.2644
1191141PIP	2011	13	100	3.0	3.5	0.7557	0.1798	0.7794	0.2744	1.0537	0.9355	1.9892
1191141PIP	2011	13	102	4.2	4.5	1.7612	0.3825	1.2543	0.5531	1.8075	2.1436	3.9511
1191141PIP	2011	13	103	9.7	9.3	14.4528	2.4999	4.0978	3.165	7.2628	16.9527	24.2155
1191141PIP	2011	13	106	5.1	5.3	2.8698	0.5912	1.6507	0.829	2.4797	3.4609	5.9406
1191141PIP	2011	13	108	7.5	7.4	7.5689	1.404	2.8481	1.8518	4.6999	8.9729	13.6728
1191141PIP	2011	13	109	6.4	6.5	5.0795	0.9837	2.2758	1.3306	3.6064	6.0632	9.6696
1191141PIP	2011	13	111	3.6	4.0	1.1952	0.2707	1.0086	0.4012	1.4098	1.4659	2.8757
1191141PIP	2011	13	113	8.8	8.5	11.3138	2.0094	3.5706	2.5838	6.1543	13.3232	19.4776
1191141PIP	2011	13	114	5.1	5.3	2.8698	0.5912	1.6507	0.829	2.4797	3.4609	5.9406
1191141PIP	2011	13	116	5.4	5.6	3.3134	0.672	1.7897	0.9339	2.7236	3.9854	6.7089
1191141PIP	2011	13	117	4.6	4.9	2.2139	0.469	1.4266	0.6686	2.0952	2.6829	4.7781
1191141PIP	2011	13	119	6.1	6.2	4.5018	0.8833	2.1264	1.2039	3.3303	5.3851	8.7154
1191141PIP	2011	13	120	5.0	5.2	2.7303	0.5655	1.6051	0.7955	2.4006	3.2958	5.6964
1191141PIP	2011	13	122	4.8	5.1	2.464	0.516	1.5151	0.7306	2.2457	2.98	5.2257
1191141PIP	2011	13	123	7.5	7.4	7.5689	1.404	2.8481	1.8518	4.6999	8.9729	13.6728
1191141PIP	2011	13	126	4.6	4.9	2.2139	0.469	1.4266	0.6686	2.0952	2.6829	4.7781
1191141PIP	2011	13	128	9.6	9.2	14.0811	2.4425	4.0382	3.0974	7.1356	16.5235	23.6591
1191141PIP	2011	13	129	10.9	10.2	19.3792	3.2474	4.8327	4.0359	8.8686	22.6265	31.4951
1191141PIP	2011	13	131	4.8	5.1	2.464	0.516	1.5151	0.7306	2.2457	2.98	5.2257
1191141PIP	2011	13	133	3.8	4.2	1.3693	0.3056	1.0888	0.449	1.5378	1.6749	3.2127
1191141PIP	2011	13	134	9.5	9.1	13.7151	2.3858	3.9788	3.0306	7.0094	16.1009	23.1103
1191141PIP	2011	13	136	10.8	10.1	18.9352	3.181	4.7701	3.9591	8.7292	22.1161	30.8453
1191141PIP	2011	13	137	3.2	3.7	0.8888	0.2078	0.8539	0.3139	1.1677	1.0967	2.2644
1191141PIP	2011	13	139	2.7	3.2	0.5798	0.142	0.6715	0.2203	0.8918	0.7218	1.6135
1191141PIP	2011	13	140	2.5	3.1	0.4778	0.1195	0.6022	0.1876	0.7899	0.5972	1.3871
1191141PIP	2011	13	142	4.5	4.8	2.0948	0.4465	1.3829	0.6387	2.0216	2.5413	4.5629
1191141PIP	2011	13	143	2.9	3.4	0.6939	0.1666	0.7429	0.2556	0.9985	0.8606	1.8591
1191141PIP	2011	13	146	9.9	9.4	15.214	2.617	4.2178	3.3025	7.5203	17.8309	25.3513
1191141PIP	2011	25	149	12.2	9.5	28.4935	3.4178	3.3082	5.6634	8.9716	31.9113	40.8829
1191141PIP	2011	13	151	8.3	8.1	9.7662	1.7623	3.2871	2.2872	5.5743	11.5285	17.1028
1191141PIP	2011	13	154	5.7	5.9	3.7959	0.7587	1.9319	1.0452	2.9772	4.5546	7.5317
1191141PIP	2011	13	156	5.5	5.7	3.4698	0.7002	1.8368	0.9703	2.807	4.1701	6.9771
1191141PIP	2011	13	157	7.2	7.2	6.8305	1.2812	2.6883	1.7007	4.3891	8.1117	12.5007
1191141PIP	2011	13	159	2.8	3.3	0.6353	0.154	0.7069	0.2376	0.9445	0.7893	1.7339
1191141PIP	2011	13	160	4.6	4.9	2.2139	0.469	1.4266	0.6686	2.0952	2.6829	4.7781
1191141PIP	2011	13	162	8.3	8.1	9.7662	1.7623	3.2871	2.2872	5.5743	11.5285	17.1028
1191141PIP	2011	13	163	6.6	6.7	5.4881	1.054	2.377	1.4187	3.7958	6.5422	10.3379
1191141PIP	2011	13	165	8.0	7.9	8.9026	1.6227	3.1203	2.1183	5.2386	10.5253	15.764
1191141PIP	2011	13	166	8.0	7.9	8.9026	1.6227	3.1203	2.1183	5.2386	10.5253	15.764
1191141PIP	2011	13	169	4.8	5.1	2.464	0.516	1.5151	0.7306	2.2457	2.98	5.2257
1191141PIP	2011	13	171	5.0	5.2	2.7303	0.5655	1.6051	0.7955	2.4006	3.2958	5.6964
1191141PIP	2011	13	174	9.9	9.4	15.214	2.617	4.2178	3.3025	7.5203	17.8309	25.3513
1191141PIP	2011	13	176	7.1	7.1	6.5944	1.2416	2.6357	1.6519	4.2876	7.836	12.1236
1191141PIP	2011	13	177	3.1	3.6	0.8206	0.1935	0.8164	0.2938	1.1101	1.0142	2.1243
1191141PIP	2011	13	180	6.0	6.1	4.3185	0.8512	2.0773	1.1631	3.2404	5.1697	8.4101
1191141PIP	2011	13	182	3.2	3.7	0.8888	0.2078	0.8539	0.3139	1.1677	1.0967	2.2644
1191141PIP	2011	13	183	4.1	4.5	1.6576	0.3623	1.2123	0.526	1.7384	2.02	3.7583
1191141PIP	2011	13	185	5.2	5.4	3.0134	0.6175	1.6967	0.8632	2.5599	3.6308	6.1907
1191141PIP	2011	13	186	2.7	3.2	0.5798	0.142	0.6715	0.2203	0.8918	0.7218	1.6135
1191141PIP	2011	13	189	7.4	7.3	7.3177	1.3624	2.7945	1.8007	4.5952	8.6801	13.2753
1191141PIP	2011	13	191	4.2	4.5	1.7612	0.3825	1.2543	0.5531	1.8075	2.1436	3.9511
1191141PIP	2011	13	192	6.3	6.4	4.8823	0.9496	2.2257	1.2876	3.5133	5.8318	9.3452
1191141PIP	2011	13	194	4.8	5.1	2.464	0.516	1.5151	0.7306	2.2457	2.98	5.2257
1191141PIP	2011	13	196	8.2	8.0	9.473	1.7151	3.2312	2.2302	5.4614	11.188	16.6494
1191141PIP	2011	25	197	7.9	7.3	9.8361	1.3657	1.7332	2.1162	3.8494	11.2018	15.0512
1191141PIP	2011	13	199	5.7	5.9	3.7959	0.7587	1.9319	1.0452	2.9772	4.5546	7.5317
1191141PIP	2011	13	202	4.7	5.0	2.3369	0.4922	1.4706	0.6992	2.1699	2.8291	4.999
1191141PIP	2011	13	203	4.5	4.8	2.0948	0.4465	1.3829	0.6387	2.0216	2.5413	4.5629
1191141PIP	2011	13	205	3.5	3.9	1.1135	0.2541	0.9692	0.3783	1.3475	1.3676	2.7151
1191141PIP	2011	13	206	6.9	6.9	6.1372	1.1645	2.5313	1.5564	4.0877	7.3017	11.3894
1191141PIP	2011	13	209	2.5	3.1	0.4778	0.1195	0.6022	0.1876	0.7899	0.5972	1.3871
1191141PIP	2011	13	211	4.8	5.1	2.464	0.516	1.5151	0.7306	2.2457	2.98	5.2257
1191141PIP	2011	13	212	4.5	4.8	2.0948	0.4465	1.3829	0.6387	2.0216	2.5413	4.5629
1191141PIP	2011	13	214	5.4	5.6	3.3134	0.672	1.7897	0.9339	2.7236	3.9854	6.7089
1191141PIP	2011	13	216	4.6	4.9	2.2139	0.469	1.4266	0.6686	2.0952	2.6829	4.7781
1191141PIP	2011	13	217	6.4	6.5	5.0795	0.9837	2.2758	1.3306	3.6064	6.0632	9.6696
1191141PIP	2011	13	219	4.2	4.5	1.7612	0.3825	1.2543	0.5531	1.8075	2.1436	3.9511
1191141PIP	2011	13	220	4.7	5.0	2.3369	0.4922	1.4706	0.6992	2.1699	2.8291	4.999
1191141PIP	2011	13	222	4.8	5.1	2.464	0.516	1.5151	0.7306	2.2457	2.98	5.2257
1191141PIP	2011	13	223	6.3	6.4	4.8823	0.9496	2.2257	1.2876	3.5133	5.8318	9.3452
1191141PIP	2011	13	225	4.1	4.5	1.6576	0.3623	1.2123	0.526	1.7384	2.02	3.7583
1191141PIP	2011	13	226	4.2	4.5	1.7612	0.3825	1.2543	0.5531	1.8075	2.1436	3.9511
1191141PIP	2011	13	229	5.8	6.0	3.9656	0.7888	1.98	1.0838	3.0638	4.7544	7.8183
1191141PIP	2011	13	232	3.3	3.7	0.9603	0.2227	0.8918	0.3346	1.2265	1.183	2.4095
1191141PIP	2011	13	234	6.0	6.1	4.3185	0.8512	2.0773	1.1631	3.2404	5.1697	8.4101
1191141PIP	2011	13	237	5.3	5.5	3.1612	0.6444	1.743	0.8982	2.6412	3.8056	6.4468
1191141PIP	2011	13	239	8.0	7.9	8.9026	1.6227	3.1203	2.1183	5.2386	10.5253	15.764
1191141PIP	2011	13	240	4.2	4.5	1.7612	0.3825	1.2543	0.5531	1.8075	2.1436	3.9511
1191141PIP	2011	13	242	3.9	4.3	1.4617	0.3239	1.1295	0.474	1.6035	1.7856	3.3891
1191141PIP	2011	13	243	4.5	4.8	2.0948	0.4465	1.3829	0.6387	2.0216	2.5413	4.5629
1191141PIP	2011	13	245	6.9	6.9	6.1372	1.1645	2.5313	1.5564	4.0877	7.3017	11.3894
1191141PIP	2011	13	246	4.5	4.8	2.0948	0.4465	1.3829	0.6387	2.0216	2.5413	4.5629
1191141PIP	2011	13	248	3.9	4.3	1.4617	0.3239	1.1295	0.474	1.6035	1.7856	3.3891
1191141PIP	2011	13	249	4.6	4.9	2.2139	0.469	1.4266	0.6686	2.0952	2.6829	4.7781
1191141PIP	2011	13	252	5.7	5.9	3.7959	0.7587	1.9319	1.0452	2.9772	4.5546	7.5317
1191141PIP	2011	13	254	2.6	3.1	0.5273	0.1304	0.6366	0.2036	0.8402	0.6577	1.4979
1191141PIP	2011	13	255	5.2	5.4	3.0134	0.6175	1.6967	0.8632	2.5599	3.6308	6.1907
1191141PIP	2011	13	257	2.7	3.2	0.5798	0.142	0.6715	0.2203	0.8918	0.7218	1.6135
1191141PIP	2011	13	259	4.0	4.4	1.5578	0.3428	1.1707	0.4997	1.6704	1.9006	3.571
1191141PIP	2011	13	260	3.5	3.9	1.1135	0.2541	0.9692	0.3783	1.3475	1.3676	2.7151
1191141PIP	2011	13	262	5.5	5.7	3.4698	0.7002	1.8368	0.9703	2.807	4.1701	6.9771
1191141PIP	2011	13	263	4.2	4.5	1.7612	0.3825	1.2543	0.5531	1.8075	2.1436	3.9511
1191141PIP	2011	13	265	3.4	3.8	1.0352	0.2381	0.9303	0.3561	1.2864	1.2733	2.5597
1191141PIP	2011	13	266	7.0	7.0	6.3634	1.2027	2.5833	1.6038	4.1871	7.5661	11.7532
1191141PIP	2011	25	268	9.8	8.4	16.6689	2.1524	2.3883	3.4481	5.8364	18.8213	24.6577
1191141PIP	2011	13	269	7.0	7.0	6.3634	1.2027	2.5833	1.6038	4.1871	7.5661	11.7532
1191141PIP	2011	13	272	3.6	4.0	1.1952	0.2707	1.0086	0.4012	1.4098	1.4659	2.8757
1191141PIP	2011	13	274	3.2	3.7	0.8888	0.2078	0.8539	0.3139	1.1677	1.0967	2.2644
1191141PIP	2011	13	275	5.6	5.8	3.6307	0.7291	1.8842	1.0074	2.8915	4.3598	7.2513
1191141PIP	2011	13	277	6.1	6.2	4.5018	0.8833	2.1264	1.2039	3.3303	5.3851	8.7154
1191141PIP	2011	13	279	2.9	3.4	0.6939	0.1666	0.7429	0.2556	0.9985	0.8606	1.8591
1191141PIP	2011	13	280	4.5	4.8	2.0948	0.4465	1.3829	0.6387	2.0216	2.5413	4.5629
1191141PIP	2011	13	282	2.6	3.1	0.5273	0.1304	0.6366	0.2036	0.8402	0.6577	1.4979
1191141PIP	2011	13	283	4.2	4.5	1.7612	0.3825	1.2543	0.5531	1.8075	2.1436	3.9511
1191141PIP	2011	13	285	4.6	4.9	2.2139	0.469	1.4266	0.6686	2.0952	2.6829	4.7781
1191141PIP	2011	13	286	4.7	5.0	2.3369	0.4922	1.4706	0.6992	2.1699	2.8291	4.999
1191141PIP	2011	13	288	11.4	10.6	21.6929	3.5911	5.1492	4.4313	9.5805	25.2839	34.8644
1191141PIP	2011	13	289	4.5	4.8	2.0948	0.4465	1.3829	0.6387	2.0216	2.5413	4.5629
1191141PIP	2011	13	292	5.5	5.7	3.4698	0.7002	1.8368	0.9703	2.807	4.1701	6.9771
1197886PIP	2011	13	2	17.6	17.4	64.656	9.5116	9.5167	10.9539	20.4706	74.1676	94.6382
1197886PIP	2011	13	9	23.7	21.1	136.6464	18.5402	14.4965	20.3649	34.8614	155.1866	190.048
1197886PIP	2011	13	10	13.6	14.4	33.8087	5.3346	6.6088	6.4007	13.0095	39.1434	52.1528
1197886PIP	2011	3	12	22.7	19.5	146.3113	11.8086	8.6004	14.8973	23.4977	158.1199	181.6176
1197886PIP	2011	13	13	5.6	6.7	3.6307	0.7291	1.8842	1.0074	2.8915	4.3598	7.2513
1197886PIP	2011	13	19	15.7	16.0	48.5118	7.3616	8.0969	8.6334	16.7303	55.8734	72.6037
1197886PIP	2011	13	22	7.5	8.7	7.5689	1.404	2.8481	1.8518	4.6999	8.9729	13.6728
1197886PIP	2011	13	29	8.6	9.8	10.6783	1.9084	3.4564	2.4629	5.9193	12.5867	18.506
1197886PIP	2011	13	30	21.5	19.9	106.9551	14.9011	12.6306	16.6231	29.2538	121.8561	151.1099
1197886PIP	2011	13	32	13.7	14.4	34.4373	5.423	6.6776	6.4992	13.1768	39.8604	53.0371
1197886PIP	2011	13	33	17.0	17.0	59.2554	8.7996	9.0611	10.1901	19.2512	68.0551	87.3063
1197886PIP	2011	13	39	14.1	14.8	37.022	5.7846	6.955	6.9008	13.8559	42.8066	56.6625
1197886PIP	2011	13	42	19.8	18.9	86.9445	12.3874	11.2417	14.0012	25.2429	99.332	124.5749
1197886PIP	2011	13	44	13.8	14.5	35.073	5.5122	6.7467	6.5984	13.3451	40.5852	53.9302
1197886PIP	2011	3	45	14.5	16.8	49.8082	4.6687	3.9624	5.0456	9.008	54.4769	63.4849
1197886PIP	2011	13	47	23.7	21.1	136.6464	18.5402	14.4965	20.3649	34.8614	155.1866	190.048
1197886PIP	2011	13	49	9.3	10.5	13.0006	2.2746	3.8608	2.8991	6.76	15.2752	22.0351
1197886PIP	2011	13	50	24.0	21.2	141.0378	19.0707	14.7567	20.9058	35.6625	160.1085	195.7711
1197886PIP	2011	13	53	19.3	18.5	81.5285	11.6968	10.8423	13.2745	24.1168	93.2253	117.3421
1197886PIP	2011	13	55	16.6	16.7	55.8116	8.342	8.761	9.6968	18.4578	64.1536	82.6114
1197886PIP	2011	13	56	22.3	20.3	117.2467	16.1735	13.3004	17.9381	31.2385	133.4202	164.6587
1197886PIP	2011	13	58	13.6	14.4	33.8087	5.3346	6.6088	6.4007	13.0095	39.1434	52.1528
1197886PIP	2011	3	62	16.8	17.8	70.9614	6.3325	5.111	7.2005	12.3115	77.2939	89.6054
1197886PIP	2011	13	69	22.0	20.2	113.3206	15.6896	13.048	17.4389	30.487	129.0101	159.4971
1197886PIP	2011	13	72	10.1	11.3	15.9987	2.7371	4.3388	3.4431	7.7819	18.7358	26.5177
1197886PIP	2011	13	75	22.9	20.7	125.342	17.1659	13.8093	18.9586	32.7679	142.5079	175.2758
1197886PIP	2011	13	76	14.5	15.1	39.7201	6.1592	7.2357	7.3151	14.5508	45.8793	60.4301
1197886PIP	2011	13	78	19.8	18.9	86.9445	12.3874	11.2417	14.0012	25.2429	99.332	124.5749
1197886PIP	2011	13	79	13.6	14.4	33.8087	5.3346	6.6088	6.4007	13.0095	39.1434	52.1528
1197986PIP	2011	20	1	8.3	7.0	8.6315	1.656	2.8753	1.5139	4.3892	10.2875	14.6767
1197986PIP	2011	13	4	8.0	8.0	8.9026	1.6227	3.1203	2.1183	5.2386	10.5253	15.764
1197986PIP	2011	13	6	6.8	6.9	5.916	1.127	2.4796	1.5098	3.9893	7.043	11.0323
1197986PIP	2011	13	11	9.9	9.6	15.214	2.617	4.2178	3.3025	7.5203	17.8309	25.3513
1197986PIP	2011	13	14	3.9	4.3	1.4617	0.3239	1.1295	0.474	1.6035	1.7856	3.3891
1197986PIP	2011	13	15	19.0	15.8	78.3791	11.293	10.6047	12.8481	23.4528	89.672	113.1248
1197986PIP	2011	13	17	8.5	8.4	10.3688	1.859	3.3997	2.4036	5.8032	12.2278	18.0311
1197986PIP	2011	13	18	5.7	6.0	3.7959	0.7587	1.9319	1.0452	2.9772	4.5546	7.5317
1197986PIP	2011	13	20	17.9	15.1	67.4633	9.8791	9.7469	11.3466	21.0935	77.3424	98.4359
1197986PIP	2011	13	21	6.5	6.7	5.2814	1.0185	2.3263	1.3743	3.7006	6.3	10.0005
1197986PIP	2011	13	24	16.7	14.4	56.6609	8.4552	8.8358	9.8189	18.6547	65.1161	83.7708
1197986PIP	2011	13	32	15.8	13.8	49.2926	7.4672	8.1699	8.7484	16.9183	56.7598	73.6781
1197986PIP	2011	13	38	18.5	15.5	73.2951	10.6373	10.2122	12.1536	22.3657	83.9324	106.2982
1197986PIP	2011	13	46	9.4	9.2	13.355	2.3298	3.9197	2.9645	6.8842	15.6848	22.5689
1211756PIP	2011	38	1	4.1	6.2	2.0259	0.402	0.5485	0.4953	1.0438	2.4279	3.4717
1211756PIP	2011	38	3	5.2	7.2	3.6722	0.7121	0.809	0.9087	1.7177	4.3843	6.102
1211756PIP	2011	38	5	4.2	6.3	2.1518	0.426	0.5705	0.5268	1.0973	2.5778	3.6751
1211756PIP	2011	74	6	10.3	12.8	19.4324	4.4767	1.1694	2.8632	4.0327	23.9091	27.9418
1211756PIP	2011	13	8	11.6	9.5	22.6627	3.7339	5.2774	4.5948	9.8722	26.3966	36.2688
1211756PIP	2011	38	9	5.9	7.8	5.0372	0.9649	0.9945	1.2545	2.249	6.0021	8.2511
1211756PIP	2011	74	11	2.9	5.8	0.8437	0.2151	0.1481	0.1172	0.2653	1.0588	1.3241
1211756PIP	2011	38	12	7.9	9.1	10.4582	1.9471	1.6029	2.6434	4.2462	12.4053	16.6516
1211756PIP	2011	13	14	21.8	14.9	110.7478	15.3715	12.8806	17.1102	29.9908	126.1192	156.11
1211756PIP	2011	13	15	19.6	13.9	84.7529	12.1086	11.0814	13.7081	24.7895	96.8615	121.651
1211756PIP	2011	74	18	5.5	9.0	4.1129	0.9963	0.4205	0.5886	1.0091	5.1093	6.1184
1211756PIP	2011	38	20	2.7	4.7	0.7122	0.1472	0.277	0.1705	0.4475	0.8594	1.3069
1211756PIP	2011	74	21	3.0	5.9	0.9176	0.2333	0.1565	0.1277	0.2842	1.1509	1.4351
1197996PIP	2011	13	1	8.8	8.0	11.3138	2.0094	3.5706	2.5838	6.1543	13.3232	19.4776
1197996PIP	2011	13	3	3.1	3.4	0.8206	0.1935	0.8164	0.2938	1.1101	1.0142	2.1243
1197996PIP	2011	13	4	19.3	14.7	81.5285	11.6968	10.8423	13.2745	24.1168	93.2253	117.3421
1197996PIP	2011	13	10	6.1	5.9	4.5018	0.8833	2.1264	1.2039	3.3303	5.3851	8.7154
1197996PIP	2011	13	13	19.0	14.5	78.3791	11.293	10.6047	12.8481	23.4528	89.672	113.1248
1197996PIP	2011	13	14	14.5	12.0	39.7201	6.1592	7.2357	7.3151	14.5508	45.8793	60.4301
1197996PIP	2011	13	17	6.2	6.0	4.6897	0.9161	2.1759	1.2454	3.4213	5.6058	9.0271
1197996PIP	2011	13	20	5.3	5.2	3.1612	0.6444	1.743	0.8982	2.6412	3.8056	6.4468
1197996PIP	2011	13	22	6.5	6.2	5.2814	1.0185	2.3263	1.3743	3.7006	6.3	10.0005
1197996PIP	2011	13	25	5.0	5.0	2.7303	0.5655	1.6051	0.7955	2.4006	3.2958	5.6964
1197996PIP	2011	13	27	2.9	3.3	0.6939	0.1666	0.7429	0.2556	0.9985	0.8606	1.8591
1197996PIP	2011	13	30	8.4	7.7	10.0648	1.8103	3.3432	2.345	5.6883	11.8751	17.5634
1197996PIP	2011	13	31	16.8	13.3	57.518	8.5691	8.9107	9.9418	18.8525	66.0871	84.9397
1197996PIP	2011	13	34	11.5	10.0	22.1746	3.6621	5.2132	4.5127	9.7258	25.8367	35.5625
1197996PIP	2011	22	36	8.1	5.6	6.6871	1.0092	1.8526	1.9253	3.7779	7.6963	11.4742
1197996PIP	2011	22	37	5.6	4.4	2.9556	0.4575	0.9791	0.942	1.9211	3.4131	5.3342
1197996PIP	2011	22	40	4.8	4.0	2.1016	0.3288	0.7502	0.6989	1.449	2.4304	3.8794
1197996PIP	2011	13	42	12.4	10.6	26.8007	4.3364	5.7994	5.2799	11.0793	31.1371	42.2164
1197996PIP	2011	22	45	10.2	6.5	11.1353	1.654	2.7591	3.0089	5.7679	12.7893	18.5572
1197996PIP	2011	22	47	3.9	3.5	1.3276	0.2107	0.524	0.4675	0.9915	1.5383	2.5298
1197996PIP	2011	22	50	2.7	2.9	0.5886	0.0958	0.2776	0.2293	0.5069	0.6844	1.1913
1197996PIP	2011	22	51	4.0	3.6	1.4041	0.2225	0.5474	0.491	1.0384	1.6265	2.665
1197996PIP	2011	13	53	15.2	12.4	44.7199	6.8462	7.7346	8.0703	15.8049	51.566	67.3709
1197996PIP	2011	22	54	4.5	3.9	1.822	0.2863	0.671	0.6168	1.2878	2.1083	3.3961
1197996PIP	2011	13	56	8.0	7.4	8.9026	1.6227	3.1203	2.1183	5.2386	10.5253	15.764
1197996PIP	2011	13	57	15.6	12.6	47.7385	7.2569	8.024	8.5192	16.5432	54.9954	71.5386
1197996PIP	2011	13	62	12.6	10.7	27.901	4.4948	5.9321	5.4589	11.3911	32.3958	43.7869
1197996PIP	2011	22	65	4.4	3.8	1.7336	0.2729	0.6454	0.5905	1.2359	2.0065	3.2425
1197996PIP	2011	22	67	2.6	2.8	0.5414	0.0884	0.2601	0.2132	0.4732	0.6298	1.103
1197996PIP	2011	13	68	11.7	10.1	23.1572	3.8065	5.3419	4.6778	10.0196	26.9637	36.9833
1197996PIP	2011	13	70	11.8	10.2	23.6581	3.8799	5.4065	4.7615	10.168	27.538	37.706
1197996PIP	2011	22	71	7.7	5.4	5.9784	0.9054	1.6974	1.7455	3.4428	6.8838	10.3266
1197996PIP	2011	22	74	4.2	3.7	1.5641	0.247	0.5956	0.5396	1.1352	1.8111	2.9463
1197996PIP	2011	13	76	9.8	8.8	14.8305	2.5581	4.1577	3.2334	7.3911	17.3885	24.7796
1197996PIP	2011	13	77	3.8	4.0	1.3693	0.3056	1.0888	0.449	1.5378	1.6749	3.2127
1197996PIP	2011	22	80	6.4	4.8	3.9713	0.6091	1.2332	1.22	2.4532	4.5804	7.0336
1197996PIP	2011	22	82	7.4	5.3	5.4753	0.8315	1.5847	1.6162	3.2009	6.3067	9.5076
1197996PIP	2011	22	83	3.7	3.4	1.1817	0.1882	0.4785	0.4222	0.9006	1.3699	2.2705
1197996PIP	2011	22	85	2.9	3.0	0.6894	0.1117	0.3141	0.2634	0.5774	0.801	1.3785
1197996PIP	2011	22	88	3.2	3.2	0.8571	0.1379	0.3723	0.3187	0.691	0.995	1.686
1197996PIP	2011	22	90	10.5	6.7	11.8727	1.76	2.9008	3.1826	6.0834	13.6328	19.7161
1197996PIP	2011	13	93	10.7	9.4	18.4974	3.1153	4.7078	3.8831	8.5909	21.6126	30.2035
1197996PIP	2011	13	94	2.8	3.2	0.6353	0.154	0.7069	0.2376	0.9445	0.7893	1.7339
1197996PIP	2011	13	96	3.7	3.9	1.2805	0.2878	1.0485	0.4247	1.4732	1.5683	3.0415
1197996PIP	2011	13	97	5.0	5.0	2.7303	0.5655	1.6051	0.7955	2.4006	3.2958	5.6964
1197996PIP	2011	13	100	12.4	10.6	26.8007	4.3364	5.7994	5.2799	11.0793	31.1371	42.2164
1218631PIP	2011	13	102	2.9	3.1	0.6939	0.1666	0.7429	0.2556	0.9985	0.8606	1.8591
1218631PIP	2011	13	104	6.0	5.3	4.3185	0.8512	2.0773	1.1631	3.2404	5.1697	8.4101
1218631PIP	2011	25	107	6.5	5.4	6.1022	0.9047	1.2967	1.3604	2.6571	7.0069	9.664
1218631PIP	2011	25	109	4.0	4.0	1.8596	0.3247	0.6298	0.4529	1.0827	2.1843	3.267
1218631PIP	2011	13	110	5.4	4.9	3.3134	0.672	1.7897	0.9339	2.7236	3.9854	6.7089
1218631PIP	2011	25	112	2.7	3.2	0.7106	0.1416	0.351	0.1859	0.5369	0.8522	1.3892
1218631PIP	2011	25	113	4.5	4.3	2.4809	0.4163	0.7504	0.5914	1.3418	2.8973	4.2391
1218631PIP	2011	25	115	4.8	4.5	2.9055	0.4771	0.826	0.6845	1.5105	3.3825	4.8931
1218631PIP	2011	25	116	3.0	3.4	0.9197	0.1769	0.4105	0.2361	0.6466	1.0966	1.7432
1218631PIP	2011	25	119	4.7	4.4	2.7596	0.4563	0.8005	0.6527	1.4532	3.2159	4.6691
1218631PIP	2011	25	122	4.0	4.0	1.8596	0.3247	0.6298	0.4529	1.0827	2.1843	3.267
1218631PIP	2011	25	124	4.6	4.4	2.6181	0.4361	0.7753	0.6216	1.397	3.0541	4.4511
1218631PIP	2011	13	125	5.4	4.9	3.3134	0.672	1.7897	0.9339	2.7236	3.9854	6.7089
1218631PIP	2011	25	129	5.7	5.0	4.4247	0.6857	1.0666	1.0103	2.0769	5.1104	7.1873
1218631PIP	2011	13	130	8.8	7.3	11.3138	2.0094	3.5706	2.5838	6.1543	13.3232	19.4776
1218631PIP	2011	13	132	5.3	4.8	3.1612	0.6444	1.743	0.8982	2.6412	3.8056	6.4468
1218631PIP	2011	13	133	3.9	3.8	1.4617	0.3239	1.1295	0.474	1.6035	1.7856	3.3891
1218631PIP	2011	13	135	6.4	5.6	5.0795	0.9837	2.2758	1.3306	3.6064	6.0632	9.6696
1218631PIP	2011	25	136	6.1	5.2	5.2237	0.7912	1.1798	1.1781	2.3579	6.0149	8.3728
1218631PIP	2011	25	138	2.7	3.2	0.7106	0.1416	0.351	0.1859	0.5369	0.8522	1.3892
1218631PIP	2011	25	139	3.0	3.4	0.9197	0.1769	0.4105	0.2361	0.6466	1.0966	1.7432
1218631PIP	2011	25	142	4.1	4.1	1.9755	0.342	0.6534	0.479	1.1324	2.3175	3.4499
1204841PIP	2011	3	102	4.4	4.5	2.8326	0.3953	0.5041	0.2831	0.7871	3.2279	4.015
1204841PIP	2011	3	103	6.8	5.5	8.0666	0.9736	1.0699	0.8101	1.8801	9.0402	10.9202
1204841PIP	2011	3	105	6.3	5.3	6.7135	0.8312	0.9376	0.6736	1.6112	7.5447	9.1559
1204841PIP	2011	3	107	6.0	5.2	5.9705	0.7513	0.8617	0.5988	1.4605	6.7218	8.1823
1204841PIP	2011	3	108	4.2	4.4	2.5329	0.359	0.4651	0.253	0.7181	2.8919	3.61
1204841PIP	2011	3	110	6.3	5.3	6.7135	0.8312	0.9376	0.6736	1.6112	7.5447	9.1559
1204841PIP	2011	3	111	3.6	4.1	1.7485	0.2609	0.3563	0.1743	0.5306	2.0094	2.54
1204841PIP	2011	3	113	5.4	5.0	4.6345	0.6041	0.7182	0.4642	1.1824	5.2386	6.421
1204841PIP	2011	3	114	4.5	4.6	2.9898	0.4142	0.524	0.2989	0.8229	3.404	4.2269
1204841PIP	2011	3	117	3.8	4.2	1.9912	0.2918	0.3912	0.1987	0.5898	2.283	2.8729
1204841PIP	2011	3	120	3.6	4.1	1.7485	0.2609	0.3563	0.1743	0.5306	2.0094	2.54
1204841PIP	2011	3	123	3.4	4.0	1.524	0.2318	0.3228	0.1518	0.4746	1.7558	2.2304
1204841PIP	2011	74	130	4.9	5.5	3.0902	0.7555	0.3483	0.4399	0.7882	3.8458	4.634
1204841PIP	2011	74	131	4.9	5.5	3.0902	0.7555	0.3483	0.4399	0.7882	3.8458	4.634
1204841PIP	2011	74	133	2.8	3.9	0.7735	0.1978	0.1399	0.1073	0.2471	0.9713	1.2185
1204841PIP	2011	74	134	4.8	5.4	2.9365	0.7191	0.3368	0.4176	0.7544	3.6556	4.41
1204841PIP	2011	74	136	4.0	4.9	1.8701	0.4647	0.2502	0.2637	0.5139	2.3348	2.8486
1204841PIP	2011	74	137	3.5	4.5	1.3438	0.3375	0.2012	0.1883	0.3896	1.6813	2.0708
1204841PIP	2011	3	139	4.5	4.6	2.9898	0.4142	0.524	0.2989	0.8229	3.404	4.2269
1204841PIP	2011	38	140	3.1	3.9	1.0063	0.2052	0.3472	0.2426	0.5898	1.2115	1.8014
1204841PIP	2011	38	145	2.7	3.6	0.7122	0.1472	0.277	0.1705	0.4475	0.8594	1.3069
1204841PIP	2011	3	148	4.0	4.3	2.2525	0.3245	0.4275	0.2249	0.6523	2.5771	3.2294
1204841PIP	2011	3	150	6.5	5.4	7.2374	0.8867	0.9896	0.7265	1.7161	8.1241	9.8402
1204841PIP	2011	3	151	3.1	3.8	1.2205	0.1915	0.2751	0.1215	0.3966	1.412	1.8086
1204841PIP	2011	3	153	5.2	4.9	4.2325	0.5587	0.6729	0.4238	1.0966	4.7912	5.8878
1204841PIP	2011	3	154	5.9	5.2	5.734	0.7256	0.8371	0.5749	1.412	6.4597	7.8717
1204841PIP	2011	3	156	5.4	5.0	4.6345	0.6041	0.7182	0.4642	1.1824	5.2386	6.421
1204841PIP	2011	3	157	6.3	5.3	6.7135	0.8312	0.9376	0.6736	1.6112	7.5447	9.1559
1204841PIP	2011	38	159	2.8	3.7	0.78	0.1607	0.294	0.1871	0.4811	0.9407	1.4218
1204841PIP	2011	38	160	3.9	4.5	1.7875	0.3565	0.5054	0.436	0.9414	2.144	3.0854
1204841PIP	2011	3	163	7.4	5.7	9.885	1.1598	1.2384	0.9937	2.2321	11.0448	13.2769
1204841PIP	2011	3	165	3.9	4.3	2.1195	0.308	0.4092	0.2115	0.6207	2.4275	3.0482
1204841PIP	2011	3	166	6.7	5.5	7.7844	0.9441	1.0429	0.7816	1.8245	8.7285	10.553
1204841PIP	2011	3	168	7.1	5.6	8.9488	1.0646	1.1529	0.8992	2.052	10.0134	12.0654
1204841PIP	2011	3	170	5.8	5.1	5.5032	0.7004	0.8127	0.5517	1.3644	6.2036	7.5679
1204841PIP	2011	3	171	6.4	5.3	6.9726	0.8587	0.9635	0.6998	1.6632	7.8313	9.4945
1204841PIP	2011	3	173	2.9	3.7	1.0397	0.1668	0.2452	0.1034	0.3486	1.2065	1.555
1204841PIP	2011	3	174	3.0	3.7	1.128	0.1789	0.26	0.1122	0.3722	1.3069	1.6791
1204841PIP	2011	3	176	6.0	5.2	5.9705	0.7513	0.8617	0.5988	1.4605	6.7218	8.1823
1204841PIP	2011	3	177	6.1	5.2	6.2125	0.7775	0.8867	0.6231	1.5099	6.99	8.4999
1204841PIP	2011	3	179	4.6	4.6	3.152	0.4334	0.5443	0.3152	0.8595	3.5855	4.445
1204841PIP	2011	3	180	6.7	5.5	7.7844	0.9441	1.0429	0.7816	1.8245	8.7285	10.553
1204841PIP	2011	3	183	4.6	4.6	3.152	0.4334	0.5443	0.3152	0.8595	3.5855	4.445
1204841PIP	2011	3	185	5.6	5.0	5.058	0.6513	0.7648	0.5068	1.2717	5.7093	6.9809
1204841PIP	2011	3	186	6.0	5.2	5.9705	0.7513	0.8617	0.5988	1.4605	6.7218	8.1823
1204841PIP	2011	3	188	5.1	4.8	4.0395	0.5367	0.6506	0.4044	1.055	4.5761	5.6311
1204841PIP	2011	3	190	3.3	3.9	1.4185	0.2179	0.3065	0.1413	0.4478	1.6364	2.0842
1211746PIP	2011	25	1	3.9	4.6	1.7479	0.3078	0.6065	0.4277	1.0342	2.0556	3.0899
1211746PIP	2011	25	3	3.3	4.1	1.1613	0.2163	0.4731	0.293	0.766	1.3776	2.1436
1211746PIP	2011	13	6	11.8	9.0	23.6581	3.8799	5.4065	4.7615	10.168	27.538	37.706
1211746PIP	2011	13	7	3.1	3.1	0.8206	0.1935	0.8164	0.2938	1.1101	1.0142	2.1243
1211746PIP	2011	25	9	2.9	3.8	0.8464	0.1647	0.3903	0.2186	0.609	1.0111	1.6201
1211746PIP	2011	25	10	5.0	5.4	3.2108	0.52	0.8777	0.7509	1.6286	3.7308	5.3593
1211746PIP	2011	13	13	3.5	3.4	1.1135	0.2541	0.9692	0.3783	1.3475	1.3676	2.7151
1211746PIP	2011	13	16	4.3	4.0	1.8685	0.4032	1.2968	0.5809	1.8777	2.2717	4.1494
1211746PIP	2011	13	18	2.8	2.9	0.6353	0.154	0.7069	0.2376	0.9445	0.7893	1.7339
1211746PIP	2011	13	21	3.5	3.4	1.1135	0.2541	0.9692	0.3783	1.3475	1.3676	2.7151
1211746PIP	2011	25	23	4.9	5.3	3.0559	0.4983	0.8517	0.7173	1.569	3.5542	5.1232
1211746PIP	2011	25	24	5.4	5.7	3.8763	0.6117	0.9842	0.8939	1.878	4.488	6.366
1211746PIP	2011	25	26	3.9	4.6	1.7479	0.3078	0.6065	0.4277	1.0342	2.0556	3.0899
1211746PIP	2011	13	27	3.2	3.2	0.8888	0.2078	0.8539	0.3139	1.1677	1.0967	2.2644
1211746PIP	2011	13	29	2.6	2.8	0.5273	0.1304	0.6366	0.2036	0.8402	0.6577	1.4979
1211746PIP	2011	13	30	2.9	3.0	0.6939	0.1666	0.7429	0.2556	0.9985	0.8606	1.8591
1211746PIP	2011	25	33	3.1	3.9	0.9965	0.1896	0.4311	0.2543	0.6853	1.1861	1.8714
1211746PIP	2011	25	36	5.3	5.6	3.7029	0.5881	0.9572	0.8568	1.814	4.291	6.105
1211746PIP	2011	25	38	4.7	5.2	2.7596	0.4563	0.8005	0.6527	1.4532	3.2159	4.6691
1211746PIP	2011	13	41	3.8	3.6	1.3693	0.3056	1.0888	0.449	1.5378	1.6749	3.2127
1211746PIP	2011	13	43	2.5	2.7	0.4778	0.1195	0.6022	0.1876	0.7899	0.5972	1.3871
1211746PIP	2011	13	44	8.2	6.7	9.473	1.7151	3.2312	2.2302	5.4614	11.188	16.6494
1211746PIP	2011	13	46	9.0	7.3	11.9716	2.1133	3.6859	2.7076	6.3935	14.0849	20.4784
1211746PIP	2011	13	47	11.2	8.7	20.7485	3.4513	5.0219	4.2708	9.2927	24.1998	33.4925
1211746PIP	2011	13	49	5.0	4.5	2.7303	0.5655	1.6051	0.7955	2.4006	3.2958	5.6964
1211746PIP	2011	13	50	3.1	3.1	0.8206	0.1935	0.8164	0.2938	1.1101	1.0142	2.1243
1211746PIP	2011	20	52	4.2	4.3	1.6796	0.3345	0.9221	0.2682	1.1904	2.0141	3.2044
1211746PIP	2011	13	56	15.6	11.2	47.7385	7.2569	8.024	8.5192	16.5432	54.9954	71.5386
1211746PIP	2011	13	58	6.6	5.6	5.4881	1.054	2.377	1.4187	3.7958	6.5422	10.3379
1211746PIP	2011	13	59	9.1	7.3	12.3089	2.1663	3.7439	2.7707	6.5147	14.4752	20.9899
1211746PIP	2011	13	61	10.5	8.2	17.6402	2.9862	4.5838	3.7334	8.3172	20.6264	28.9435
1211746PIP	2011	13	63	9.3	7.5	13.0006	2.2746	3.8608	2.8991	6.76	15.2752	22.0351
1211746PIP	2011	13	64	8.7	7.1	10.9933	1.9586	3.5133	2.523	6.0363	12.9519	18.9881
1211746PIP	2011	13	66	5.0	4.5	2.7303	0.5655	1.6051	0.7955	2.4006	3.2958	5.6964
1211746PIP	2011	13	67	3.1	3.1	0.8206	0.1935	0.8164	0.2938	1.1101	1.0142	2.1243
1211746PIP	2011	25	70	4.3	4.9	2.2197	0.3782	0.7013	0.5336	1.2349	2.5979	3.8328
1211746PIP	2011	25	73	4.7	5.2	2.7596	0.4563	0.8005	0.6527	1.4532	3.2159	4.6691
1211746PIP	2011	25	76	6.1	6.2	5.2237	0.7912	1.1798	1.1781	2.3579	6.0149	8.3728
1211746PIP	2011	25	78	6.9	6.7	7.0626	1.0263	1.4172	1.5575	2.9746	8.0889	11.0635
1211746PIP	2011	13	79	2.5	2.7	0.4778	0.1195	0.6022	0.1876	0.7899	0.5972	1.3871
1211746PIP	2011	25	81	4.1	4.7	1.9755	0.342	0.6534	0.479	1.1324	2.3175	3.4499
1211746PIP	2011	25	84	7.8	7.3	9.5341	1.3294	1.7007	2.056	3.7567	10.8636	14.6203
1211746PIP	2011	25	86	5.1	5.5	3.3702	0.5422	0.9039	0.7853	1.6893	3.9124	5.6017
1211746PIP	2011	22	87	5.1	3.6	2.4032	0.3744	0.833	0.786	1.6189	2.7776	4.3966
1211746PIP	2011	25	89	4.4	5.0	2.3482	0.397	0.7257	0.5621	1.2878	2.7452	4.033
1211746PIP	2011	25	90	5.6	5.8	4.2371	0.6605	1.0389	0.9706	2.0095	4.8977	6.9072
1211746PIP	2011	25	92	3.6	4.3	1.4369	0.2599	0.5384	0.3568	0.8952	1.6968	2.592
1211746PIP	2011	25	93	4.2	4.8	2.0955	0.3599	0.6772	0.5059	1.1831	2.4554	3.6384
1211746PIP	2011	13	96	4.0	3.8	1.5578	0.3428	1.1707	0.4997	1.6704	1.9006	3.571
1211746PIP	2011	13	99	9.1	7.3	12.3089	2.1663	3.7439	2.7707	6.5147	14.4752	20.9899
1211746PIP	2011	13	101	8.6	7.0	10.6783	1.9084	3.4564	2.4629	5.9193	12.5867	18.506
1211746PIP	2011	13	104	13.5	10.0	33.1871	5.2471	6.5402	6.303	12.8432	38.4341	51.2773
1211746PIP	2011	13	106	8.3	6.8	9.7662	1.7623	3.2871	2.2872	5.5743	11.5285	17.1028
1211746PIP	2011	25	109	3.8	4.5	1.6402	0.2913	0.5835	0.4033	0.9868	1.9316	2.9183
1211746PIP	2011	25	110	5.5	5.8	4.0543	0.6359	1.0114	0.9318	1.9432	4.6902	6.6334
1211746PIP	2011	13	112	2.6	2.8	0.5273	0.1304	0.6366	0.2036	0.8402	0.6577	1.4979
1211746PIP	2011	13	113	7.3	6.1	7.0716	1.3214	2.7413	1.7503	4.4916	8.393	12.8846
1211746PIP	2011	25	115	3.4	4.2	1.2493	0.2304	0.4945	0.3134	0.808	1.4797	2.2877
1211746PIP	2011	25	116	2.7	3.6	0.7106	0.1416	0.351	0.1859	0.5369	0.8522	1.3892
1211746PIP	2011	13	119	5.8	5.1	3.9656	0.7888	1.98	1.0838	3.0638	4.7544	7.8183
1211746PIP	2011	25	121	2.7	3.6	0.7106	0.1416	0.351	0.1859	0.5369	0.8522	1.3892
1211746PIP	2011	25	122	4.8	5.3	2.9055	0.4771	0.826	0.6845	1.5105	3.3825	4.8931
1211746PIP	2011	25	126	3.5	4.3	1.3412	0.2449	0.5163	0.3347	0.8511	1.5861	2.4372
1211746PIP	2011	22	127	6.4	4.1	3.9713	0.6091	1.2332	1.22	2.4532	4.5804	7.0336
1204881PIP	2011	74	2	25.9	19.7	190.4023	40.74	5.2588	29.2809	34.5396	231.1423	265.682
1204881PIP	2011	13	3	5.2	5.9	3.0134	0.6175	1.6967	0.8632	2.5599	3.6308	6.1907
1204881PIP	2011	20	5	2.7	2.8	0.5809	0.1185	0.441	0.0873	0.5283	0.6994	1.2277
1204881PIP	2011	13	6	6.5	7.1	5.2814	1.0185	2.3263	1.3743	3.7006	6.3	10.0005
1204881PIP	2011	20	8	3.3	3.2	0.9409	0.1898	0.6165	0.1454	0.7619	1.1307	1.8926
1204881PIP	2011	13	9	18.1	16.4	69.375	10.1284	9.9013	11.6124	21.5137	79.5033	101.017
1204881PIP	2011	13	14	19.7	17.4	85.8445	12.2476	11.1615	13.8542	25.0157	98.0921	123.1078
1204881PIP	2011	13	15	19.8	17.4	86.9445	12.3874	11.2417	14.0012	25.2429	99.332	124.5749
1204881PIP	2011	13	17	5.9	6.5	4.1398	0.8197	2.0285	1.1231	3.1516	4.9595	8.1111
1204881PIP	2011	13	19	4.8	5.5	2.464	0.516	1.5151	0.7306	2.2457	2.98	5.2257
1204881PIP	2011	13	22	7.0	7.6	6.3634	1.2027	2.5833	1.6038	4.1871	7.5661	11.7532
1204881PIP	2011	13	23	11.1	11.3	20.2858	3.3826	4.9586	4.1917	9.1503	23.6684	32.8187
1204881PIP	2011	13	26	22.1	18.7	114.6203	15.85	13.132	17.6045	30.7365	130.4703	161.2068
1204881PIP	2011	13	29	18.4	16.6	72.3029	10.5088	10.1342	12.0171	22.1513	82.8117	104.9629
1204881PIP	2011	20	32	7.4	6.3	6.551	1.2647	2.3739	1.131	3.5049	7.8157	11.3206
1204881PIP	2011	13	35	4.4	5.1	1.9797	0.4245	1.3397	0.6094	1.9491	2.4043	4.3534
1204881PIP	2011	13	37	5.1	5.8	2.8698	0.5912	1.6507	0.829	2.4797	3.4609	5.9406
1204881PIP	2011	13	40	2.7	3.4	0.5798	0.142	0.6715	0.2203	0.8918	0.7218	1.6135
1225536PIP	2011	13	2	11.2	9.2	20.7485	3.4513	5.0219	4.2708	9.2927	24.1998	33.4925
1225536PIP	2011	13	4	8.4	7.3	10.0648	1.8103	3.3432	2.345	5.6883	11.8751	17.5634
1225536PIP	2011	13	5	5.0	4.7	2.7303	0.5655	1.6051	0.7955	2.4006	3.2958	5.6964
1225536PIP	2011	13	7	15.7	12.0	48.5118	7.3616	8.0969	8.6334	16.7303	55.8734	72.6037
1225536PIP	2011	13	8	17.0	12.7	59.2554	8.7996	9.0611	10.1901	19.2512	68.0551	87.3063
1225536PIP	2011	13	10	14.8	11.5	41.8192	6.4487	7.4483	7.634	15.0823	48.2679	63.3502
1225536PIP	2011	13	11	13.7	10.8	34.4373	5.423	6.6776	6.4992	13.1768	39.8604	53.0371
1225536PIP	2011	13	14	7.5	6.6	7.5689	1.404	2.8481	1.8518	4.6999	8.9729	13.6728
1225536PIP	2011	13	16	13.4	10.6	32.5723	5.1603	6.4717	6.2061	12.6778	37.7326	50.4105
1225536PIP	2011	13	19	4.0	4.0	1.5578	0.3428	1.1707	0.4997	1.6704	1.9006	3.571
1225536PIP	2011	13	21	7.5	6.6	7.5689	1.404	2.8481	1.8518	4.6999	8.9729	13.6728
1225536PIP	2011	13	24	9.0	7.7	11.9716	2.1133	3.6859	2.7076	6.3935	14.0849	20.4784
1225536PIP	2011	13	25	9.2	7.9	12.6519	2.2201	3.8023	2.8345	6.6368	14.872	21.5088
1225536PIP	2011	13	28	5.5	5.1	3.4698	0.7002	1.8368	0.9703	2.807	4.1701	6.9771
1225536PIP	2011	13	30	19.7	14.0	85.8445	12.2476	11.1615	13.8542	25.0157	98.0921	123.1078
1225536PIP	2011	13	31	20.8	14.5	98.4129	13.8349	12.053	15.5152	27.5682	112.2478	139.816
1225536PIP	2011	13	34	5.8	5.4	3.9656	0.7888	1.98	1.0838	3.0638	4.7544	7.8183
1225536PIP	2011	13	36	4.9	4.7	2.5951	0.5404	1.5599	0.7627	2.3226	3.1355	5.4581
1225536PIP	2011	13	37	13.2	10.5	31.3636	4.9892	6.3356	6.0146	12.3502	36.3527	48.7029
1225536PIP	2011	13	39	16.5	12.4	54.9699	8.2297	8.6865	9.5755	18.262	63.1997	81.4616
1225536PIP	2011	13	42	14.6	11.3	40.4126	6.2549	7.3064	7.4206	14.727	46.6674	61.3944
1225536PIP	2011	13	44	10.3	8.6	16.8074	2.8601	4.4608	3.5867	8.0475	19.6675	27.715
1225536PIP	2011	13	45	3.2	3.4	0.8888	0.2078	0.8539	0.3139	1.1677	1.0967	2.2644
1225536PIP	2011	13	47	3.4	3.5	1.0352	0.2381	0.9303	0.3561	1.2864	1.2733	2.5597
1225536PIP	2011	13	48	4.5	4.4	2.0948	0.4465	1.3829	0.6387	2.0216	2.5413	4.5629
1225536PIP	2011	13	50	16.2	12.2	52.4911	7.8979	8.464	9.2162	17.6802	60.389	78.0692
1225536PIP	2011	13	51	19.7	14.0	85.8445	12.2476	11.1615	13.8542	25.0157	98.0921	123.1078
1225536PIP	2011	13	54	12.7	10.2	28.4612	4.5752	5.9988	5.5496	11.5484	33.0365	44.5849
1225536PIP	2011	13	57	14.8	11.5	41.8192	6.4487	7.4483	7.634	15.0823	48.2679	63.3502
1225536PIP	2011	13	59	9.7	8.2	14.4528	2.4999	4.0978	3.165	7.2628	16.9527	24.2155
1225536PIP	2011	13	61	18.0	13.2	68.4151	10.0033	9.824	11.4791	21.3031	78.4184	99.7215
1225536PIP	2011	20	62	9.8	8.4	12.8664	2.4462	3.7943	2.3089	6.1032	15.3126	21.4158
1225536PIP	2011	13	64	10.6	8.8	18.0657	3.0504	4.6457	3.8078	8.4535	21.1161	29.5696
1225536PIP	2011	13	65	8.3	7.2	9.7662	1.7623	3.2871	2.2872	5.5743	11.5285	17.1028
1225536PIP	2011	13	67	20.7	14.4	97.2275	13.6862	11.9711	15.3601	27.3312	110.9136	138.2449
1225536PIP	2011	13	68	5.8	5.4	3.9656	0.7888	1.98	1.0838	3.0638	4.7544	7.8183
1225536PIP	2011	13	70	17.1	12.7	60.1359	8.9162	9.1366	10.3154	19.452	69.0521	88.504
1225536PIP	2011	13	71	2.8	3.1	0.6353	0.154	0.7069	0.2376	0.9445	0.7893	1.7339
1225536PIP	2011	13	74	7.9	6.9	8.6254	1.5775	3.0653	2.0635	5.1288	10.203	15.3318
1225536PIP	2011	13	77	5.9	5.4	4.1398	0.8197	2.0285	1.1231	3.1516	4.9595	8.1111
1225536PIP	2011	13	79	5.0	4.7	2.7303	0.5655	1.6051	0.7955	2.4006	3.2958	5.6964
1225536PIP	2011	13	82	7.9	6.9	8.6254	1.5775	3.0653	2.0635	5.1288	10.203	15.3318
1211766PIP	2011	13	302	18.4	16.7	72.3029	10.5088	10.1342	12.0171	22.1513	82.8117	104.9629
1211766PIP	2011	13	303	11.4	11.6	21.6929	3.5911	5.1492	4.4313	9.5805	25.2839	34.8644
1211766PIP	2011	13	305	16.3	15.3	53.3097	8.0077	8.538	9.3352	17.8731	61.3174	79.1906
1211766PIP	2011	13	306	18.5	16.7	73.2951	10.6373	10.2122	12.1536	22.3657	83.9324	106.2982
1211766PIP	2011	13	308	15.3	14.6	45.4634	6.9476	7.8067	8.1813	15.988	52.411	68.399
1211766PIP	2011	13	309	11.1	11.3	20.2858	3.3826	4.9586	4.1917	9.1503	23.6684	32.8187
1211766PIP	2011	13	311	9.4	9.9	13.355	2.3298	3.9197	2.9645	6.8842	15.6848	22.5689
1211766PIP	2011	13	312	13.5	13.3	33.1871	5.2471	6.5402	6.303	12.8432	38.4341	51.2773
1211766PIP	2011	13	315	15.7	14.9	48.5118	7.3616	8.0969	8.6334	16.7303	55.8734	72.6037
1211766PIP	2011	13	322	5.3	6.0	3.1612	0.6444	1.743	0.8982	2.6412	3.8056	6.4468
1211766PIP	2011	13	323	3.7	4.4	1.2805	0.2878	1.0485	0.4247	1.4732	1.5683	3.0415
1211766PIP	2011	38	325	6.8	8.2	7.1861	1.3576	1.2544	1.8026	3.057	8.5437	11.6006
1211766PIP	2011	38	326	4.0	5.8	1.9045	0.3789	0.5268	0.4651	0.9918	2.2833	3.2751
1211766PIP	2011	13	328	7.3	7.9	7.0716	1.3214	2.7413	1.7503	4.4916	8.393	12.8846
1211766PIP	2011	13	331	4.3	5.0	1.8685	0.4032	1.2968	0.5809	1.8777	2.2717	4.1494
1211766PIP	2011	13	335	7.1	7.7	6.5944	1.2416	2.6357	1.6519	4.2876	7.836	12.1236
1211766PIP	2011	13	337	12.2	12.2	25.7269	4.1811	5.6676	5.104	10.7715	29.908	40.6795
1211766PIP	2011	13	338	3.5	4.2	1.1135	0.2541	0.9692	0.3783	1.3475	1.3676	2.7151
1211766PIP	2011	13	342	14.3	13.9	38.3568	5.9703	7.0949	7.1064	14.2013	44.327	58.5284
1197926PIP	2011	13	3	11.2	9.6	20.7485	3.4513	5.0219	4.2708	9.2927	24.1998	33.4925
1197926PIP	2011	13	6	23.5	16.2	133.7651	18.1911	14.3238	20.0084	34.3322	151.9562	186.2884
1197926PIP	2011	13	8	6.0	5.7	4.3185	0.8512	2.0773	1.1631	3.2404	5.1697	8.4101
1197926PIP	2011	13	9	7.4	6.8	7.3177	1.3624	2.7945	1.8007	4.5952	8.6801	13.2753
1197926PIP	2011	13	12	19.1	14.3	79.4206	11.4267	10.6837	12.9894	23.6732	90.8473	114.5204
1197926PIP	2011	13	14	21.0	15.2	100.8099	14.135	12.2172	15.8277	28.0449	114.945	142.9899
1197926PIP	2011	13	15	5.3	5.2	3.1612	0.6444	1.743	0.8982	2.6412	3.8056	6.4468
1197926PIP	2011	13	17	15.8	12.5	49.2926	7.4672	8.1699	8.7484	16.9183	56.7598	73.6781
1197926PIP	2011	13	19	17.6	13.5	64.656	9.5116	9.5167	10.9539	20.4706	74.1676	94.6382
1197926PIP	2011	13	20	5.2	5.1	3.0134	0.6175	1.6967	0.8632	2.5599	3.6308	6.1907
1197926PIP	2011	13	22	2.5	2.9	0.4778	0.1195	0.6022	0.1876	0.7899	0.5972	1.3871
1197926PIP	2011	13	23	5.9	5.6	4.1398	0.8197	2.0285	1.1231	3.1516	4.9595	8.1111
1197926PIP	2011	13	25	12.5	10.5	27.3475	4.4152	5.8657	5.369	11.2347	31.7627	42.9974
1197926PIP	2011	13	26	25.4	17.0	162.6499	21.6567	15.9887	23.5276	39.5163	184.3066	223.8229
1197926PIP	2011	13	29	8.8	7.9	11.3138	2.0094	3.5706	2.5838	6.1543	13.3232	19.4776
1197926PIP	2011	13	35	13.7	11.3	34.4373	5.423	6.6776	6.4992	13.1768	39.8604	53.0371
1197926PIP	2011	13	37	9.2	8.2	12.6519	2.2201	3.8023	2.8345	6.6368	14.872	21.5088
1197926PIP	2011	13	40	16.4	12.9	54.136	8.1183	8.6121	9.4549	18.0671	62.2543	80.3214
1197926PIP	2011	13	42	5.1	5.0	2.8698	0.5912	1.6507	0.829	2.4797	3.4609	5.9406
1197926PIP	2011	13	43	4.0	4.1	1.5578	0.3428	1.1707	0.4997	1.6704	1.9006	3.571
1197926PIP	2011	13	45	2.8	3.2	0.6353	0.154	0.7069	0.2376	0.9445	0.7893	1.7339
1197926PIP	2011	13	46	6.8	6.4	5.916	1.127	2.4796	1.5098	3.9893	7.043	11.0323
1197926PIP	2011	13	48	14.5	11.8	39.7201	6.1592	7.2357	7.3151	14.5508	45.8793	60.4301
1197926PIP	2011	13	51	15.0	12.1	43.2549	6.6458	7.5911	7.8506	15.4416	49.9007	65.3423
1197926PIP	2011	13	52	4.9	4.8	2.5951	0.5404	1.5599	0.7627	2.3226	3.1355	5.4581
1197926PIP	2011	13	55	3.6	3.8	1.1952	0.2707	1.0086	0.4012	1.4098	1.4659	2.8757
1197926PIP	2011	13	57	8.5	7.7	10.3688	1.859	3.3997	2.4036	5.8032	12.2278	18.0311
1197926PIP	2011	13	60	4.2	4.3	1.7612	0.3825	1.2543	0.5531	1.8075	2.1436	3.9511
1197926PIP	2011	13	63	6.2	5.9	4.6897	0.9161	2.1759	1.2454	3.4213	5.6058	9.0271
1197926PIP	2011	13	65	12.4	10.4	26.8007	4.3364	5.7994	5.2799	11.0793	31.1371	42.2164
1197926PIP	2011	13	66	17.1	13.2	60.1359	8.9162	9.1366	10.3154	19.452	69.0521	88.504
1197926PIP	2011	13	68	9.5	8.4	13.7151	2.3858	3.9788	3.0306	7.0094	16.1009	23.1103
1197926PIP	2011	13	69	9.3	8.3	13.0006	2.2746	3.8608	2.8991	6.76	15.2752	22.0351
1197926PIP	2011	13	71	12.3	10.4	26.2605	4.2583	5.7334	5.1916	10.9249	30.5188	41.4438
1197926PIP	2011	13	72	7.3	6.7	7.0716	1.3214	2.7413	1.7503	4.4916	8.393	12.8846
1197926PIP	2011	13	75	9.1	8.1	12.3089	2.1663	3.7439	2.7707	6.5147	14.4752	20.9899
1197926PIP	2011	13	77	9.6	8.5	14.0811	2.4425	4.0382	3.0974	7.1356	16.5235	23.6591
1197926PIP	2011	13	78	17.0	13.2	59.2554	8.7996	9.0611	10.1901	19.2512	68.0551	87.3063
1197926PIP	2011	13	80	13.6	11.2	33.8087	5.3346	6.6088	6.4007	13.0095	39.1434	52.1528
1197926PIP	2011	13	82	17.2	13.3	61.0242	9.0335	9.2122	10.4415	19.6537	70.0577	89.7114
1197926PIP	2011	13	83	18.9	14.2	77.3458	11.1601	10.5258	12.7076	23.2334	88.5059	111.7394
1197926PIP	2011	13	85	15.2	12.2	44.7199	6.8462	7.7346	8.0703	15.8049	51.566	67.3709
1197926PIP	2011	13	86	11.0	9.5	19.8294	3.3146	4.8955	4.1134	9.0089	23.144	32.1529
1197926PIP	2011	13	89	16.7	13.0	56.6609	8.4552	8.8358	9.8189	18.6547	65.1161	83.7708
1197926PIP	2011	13	91	6.8	6.4	5.916	1.127	2.4796	1.5098	3.9893	7.043	11.0323
1197926PIP	2011	13	92	5.2	5.1	3.0134	0.6175	1.6967	0.8632	2.5599	3.6308	6.1907
1197926PIP	2011	13	95	25.0	16.8	156.2853	20.8993	15.6338	22.7621	38.3959	177.1846	215.5804
1198026PIP	2011	22	2	2.7	3.3	0.5886	0.0958	0.2776	0.2293	0.5069	0.6844	1.1913
1198026PIP	2011	20	4	4.0	3.8	1.4938	0.2982	0.85	0.237	1.087	1.792	2.879
1198026PIP	2011	22	7	31.0	14.6	130.2024	17.9139	18.8311	25.9039	44.735	148.1163	192.8513
1198026PIP	2011	22	9	15.1	10.0	26.5212	3.8343	5.4342	6.4323	11.8666	30.3555	42.2221
1198026PIP	2011	20	10	6.2	5.6	4.2821	0.8347	1.7668	0.7215	2.4883	5.1169	7.6051
1198026PIP	2011	22	12	43.6	16.5	276.8763	37.2094	33.9473	50.1462	84.0935	314.0857	398.1792
1198026PIP	2011	22	13	36.5	15.6	186.8641	25.4221	24.9707	35.5416	60.5123	212.2861	272.7984
1198026PIP	2011	20	15	2.7	2.8	0.5809	0.1185	0.441	0.0873	0.5283	0.6994	1.2277
1198026PIP	2011	22	19	8.3	6.8	7.0578	1.0633	1.9323	2.0185	3.9508	8.1212	12.072
1198026PIP	2011	22	22	10.0	7.7	10.658	1.5853	2.6662	2.8956	5.5619	12.2433	17.8052
1198026PIP	2011	22	24	10.0	7.7	10.658	1.5853	2.6662	2.8956	5.5619	12.2433	17.8052
1198026PIP	2011	22	27	17.6	10.9	37.22	5.3246	7.081	8.6542	15.7353	42.5446	58.2799
1198026PIP	2011	22	29	3.7	4.0	1.1817	0.1882	0.4785	0.4222	0.9006	1.3699	2.2705
1198026PIP	2011	20	30	5.3	4.8	2.9375	0.5775	1.3597	0.4844	1.8441	3.515	5.3592
1198026PIP	2011	20	32	6.1	5.5	4.118	0.8035	1.7194	0.6923	2.4118	4.9215	7.3332
1198026PIP	2011	13	35	3.8	4.2	1.3693	0.3056	1.0888	0.449	1.5378	1.6749	3.2127
1198026PIP	2011	20	36	2.5	2.7	0.4828	0.0989	0.3878	0.0718	0.4596	0.5817	1.0414
1198026PIP	2011	20	38	3.6	3.5	1.1597	0.2329	0.7129	0.1813	0.8942	1.3925	2.2868
1198026PIP	2011	22	39	23.8	12.9	72.5611	10.1668	11.9275	15.5261	27.4536	82.7279	110.1815
1198026PIP	2011	22	42	26.6	13.6	92.8022	12.9036	14.4548	19.2581	33.7128	105.7058	139.4187
1198026PIP	2011	20	44	2.7	2.8	0.5809	0.1185	0.441	0.0873	0.5283	0.6994	1.2277
1198026PIP	2011	20	45	4.8	4.4	2.3151	0.4576	1.1524	0.3766	1.529	2.7727	4.3017
1198026PIP	2011	20	47	6.1	5.5	4.118	0.8035	1.7194	0.6923	2.4118	4.9215	7.3332
1198026PIP	2011	22	49	38.0	15.8	204.2759	27.7139	26.7701	38.4248	65.1949	231.9897	297.1847
1198026PIP	2011	20	50	6.9	6.1	5.5373	1.0731	2.1122	0.9468	3.0591	6.6104	9.6695
1198026PIP	2011	22	52	16.8	10.6	33.5803	4.8193	6.5342	7.9086	14.4428	38.3996	52.8424
1198026PIP	2011	20	53	3.7	3.6	1.2386	0.2483	0.7463	0.1944	0.9407	1.4869	2.4276
1198026PIP	2011	20	55	9.5	8.0	11.9402	2.274	3.6024	2.1335	5.7359	14.2142	19.9501
1198026PIP	2011	20	56	5.7	5.2	3.4987	0.6852	1.5354	0.5827	2.1181	4.1839	6.302
1198026PIP	2011	13	58	4.1	4.4	1.6576	0.3623	1.2123	0.526	1.7384	2.02	3.7583
1198026PIP	2011	22	59	8.5	6.9	7.4395	1.119	2.0135	2.1137	4.1272	8.5585	12.6858
1211776PIP	2011	13	3	12.4	10.9	26.8007	4.3364	5.7994	5.2799	11.0793	31.1371	42.2164
1211776PIP	2011	38	8	4.2	6.5	2.1518	0.426	0.5705	0.5268	1.0973	2.5778	3.6751
1211776PIP	2011	13	10	3.3	3.7	0.9603	0.2227	0.8918	0.3346	1.2265	1.183	2.4095
1211776PIP	2011	13	11	11.4	10.2	21.6929	3.5911	5.1492	4.4313	9.5805	25.2839	34.8644
1211776PIP	2011	13	13	8.6	8.1	10.6783	1.9084	3.4564	2.4629	5.9193	12.5867	18.506
1211776PIP	2011	13	14	3.8	4.1	1.3693	0.3056	1.0888	0.449	1.5378	1.6749	3.2127
1211776PIP	2011	13	16	3.0	3.4	0.7557	0.1798	0.7794	0.2744	1.0537	0.9355	1.9892
1211776PIP	2011	13	17	2.6	3.1	0.5273	0.1304	0.6366	0.2036	0.8402	0.6577	1.4979
1211776PIP	2011	38	19	3.0	5.2	0.927	0.1897	0.3291	0.2231	0.5522	1.1167	1.6689
1211776PIP	2011	13	20	12.0	10.6	24.6794	4.0289	5.5366	4.9312	10.4678	28.7084	39.1761
1211776PIP	2011	13	26	5.7	5.7	3.7959	0.7587	1.9319	1.0452	2.9772	4.5546	7.5317
1211776PIP	2011	13	28	17.4	14.1	62.8243	9.2708	9.3641	10.6961	20.0602	72.0951	92.1553
1211776PIP	2011	13	33	8.3	7.8	9.7662	1.7623	3.2871	2.2872	5.5743	11.5285	17.1028
1211776PIP	2011	13	34	4.2	4.4	1.7612	0.3825	1.2543	0.5531	1.8075	2.1436	3.9511
1211776PIP	2011	13	36	7.8	7.4	8.3535	1.5331	3.0106	2.0095	5.02	9.8866	14.9066
1211776PIP	2011	38	37	4.5	6.8	2.5573	0.5029	0.6386	0.6282	1.2669	3.0602	4.3271
1211776PIP	2011	13	39	14.2	12.1	37.6858	5.877	7.0249	7.0032	14.0281	43.5629	57.591
1211776PIP	2011	13	40	4.3	4.5	1.8685	0.4032	1.2968	0.5809	1.8777	2.2717	4.1494
1211776PIP	2011	13	42	2.7	3.2	0.5798	0.142	0.6715	0.2203	0.8918	0.7218	1.6135
1211776PIP	2011	13	43	13.7	11.8	34.4373	5.423	6.6776	6.4992	13.1768	39.8604	53.0371
1211776PIP	2011	13	48	4.0	4.2	1.5578	0.3428	1.1707	0.4997	1.6704	1.9006	3.571
1211776PIP	2011	13	51	2.6	3.1	0.5273	0.1304	0.6366	0.2036	0.8402	0.6577	1.4979
1211776PIP	2011	13	53	4.8	4.9	2.464	0.516	1.5151	0.7306	2.2457	2.98	5.2257
1211776PIP	2011	13	54	3.0	3.4	0.7557	0.1798	0.7794	0.2744	1.0537	0.9355	1.9892
1211776PIP	2011	13	56	12.6	11.0	27.901	4.4948	5.9321	5.4589	11.3911	32.3958	43.7869
1211776PIP	2011	13	60	14.4	12.2	39.0349	6.0643	7.1652	7.2104	14.3756	45.0992	59.4747
1211776PIP	2011	13	62	21.4	16.1	105.7085	14.7461	12.5476	16.4624	29.0101	120.4546	149.4646
1211776PIP	2011	13	63	15.2	12.7	44.7199	6.8462	7.7346	8.0703	15.8049	51.566	67.3709
1211776PIP	2011	13	66	6.5	6.4	5.2814	1.0185	2.3263	1.3743	3.7006	6.3	10.0005
1211776PIP	2011	13	68	3.2	3.6	0.8888	0.2078	0.8539	0.3139	1.1677	1.0967	2.2644
1211776PIP	2011	13	69	6.8	6.6	5.916	1.127	2.4796	1.5098	3.9893	7.043	11.0323
1211776PIP	2011	13	71	7.6	7.3	7.8253	1.4463	2.902	1.9036	4.8055	9.2716	14.0772
1211776PIP	2011	13	73	4.9	5.0	2.5951	0.5404	1.5599	0.7627	2.3226	3.1355	5.4581
1211776PIP	2011	13	74	3.1	3.5	0.8206	0.1935	0.8164	0.2938	1.1101	1.0142	2.1243
1211776PIP	2011	13	76	7.5	7.2	7.5689	1.404	2.8481	1.8518	4.6999	8.9729	13.6728
1211776PIP	2011	13	77	6.6	6.4	5.4881	1.054	2.377	1.4187	3.7958	6.5422	10.3379
1211776PIP	2011	13	79	7.3	7.0	7.0716	1.3214	2.7413	1.7503	4.4916	8.393	12.8846
1211776PIP	2011	13	82	15.1	12.7	43.9837	6.7456	7.6627	7.96	15.6228	50.7293	66.352
1211776PIP	2011	13	83	6.8	6.6	5.916	1.127	2.4796	1.5098	3.9893	7.043	11.0323
1211776PIP	2011	13	86	9.0	8.4	11.9716	2.1133	3.6859	2.7076	6.3935	14.0849	20.4784
1211776PIP	2011	13	88	4.6	4.8	2.2139	0.469	1.4266	0.6686	2.0952	2.6829	4.7781
1211776PIP	2011	13	89	2.8	3.2	0.6353	0.154	0.7069	0.2376	0.9445	0.7893	1.7339
1211776PIP	2011	13	91	5.0	5.1	2.7303	0.5655	1.6051	0.7955	2.4006	3.2958	5.6964
1287341PIP	2011	13	1	11.5	11.1	22.1746	3.6621	5.2132	4.5127	9.7258	25.8367	35.5625
1287341PIP	2011	13	2	12.0	11.5	24.6794	4.0289	5.5366	4.9312	10.4678	28.7084	39.1761
1287341PIP	2011	13	4	14.6	13.4	40.4126	6.2549	7.3064	7.4206	14.727	46.6674	61.3944
1287341PIP	2011	13	5	7.5	7.8	7.5689	1.404	2.8481	1.8518	4.6999	8.9729	13.6728
1287341PIP	2011	13	10	14.3	13.2	38.3568	5.9703	7.0949	7.1064	14.2013	44.327	58.5284
1287341PIP	2011	13	11	5.1	5.6	2.8698	0.5912	1.6507	0.829	2.4797	3.4609	5.9406
1287341PIP	2011	13	14	19.4	16.4	82.5949	11.8332	10.9218	13.4182	24.34	94.4281	118.7682
1287341PIP	2011	13	17	9.6	9.6	14.0811	2.4425	4.0382	3.0974	7.1356	16.5235	23.6591
1287341PIP	2011	20	22	8.7	8.6	9.6651	1.8495	3.1103	1.7062	4.8166	11.5146	16.3312
1287341PIP	2011	13	25	13.6	12.7	33.8087	5.3346	6.6088	6.4007	13.0095	39.1434	52.1528
1287341PIP	2011	13	27	12.4	11.8	26.8007	4.3364	5.7994	5.2799	11.0793	31.1371	42.2164
1287341PIP	2011	13	28	4.4	4.9	1.9797	0.4245	1.3397	0.6094	1.9491	2.4043	4.3534
1287341PIP	2011	25	30	16.5	17.5	59.6585	6.4645	5.1837	11.2228	16.4065	66.123	82.5295
1287341PIP	2011	13	31	17.8	15.5	66.5196	9.7557	9.67	11.2149	20.8849	76.2753	97.1602
1287341PIP	2011	13	33	21.7	17.6	109.4747	15.2138	12.7971	16.947	29.7441	124.6885	154.4326
1287341PIP	2011	13	34	22.1	17.8	114.6203	15.85	13.132	17.6045	30.7365	130.4703	161.2068
1287341PIP	2011	13	37	13.5	12.6	33.1871	5.2471	6.5402	6.303	12.8432	38.4341	51.2773
1287341PIP	2011	20	42	5.0	5.2	2.5537	0.5037	1.2337	0.4177	1.6514	3.0574	4.7088
1287341PIP	2011	13	45	3.2	3.8	0.8888	0.2078	0.8539	0.3139	1.1677	1.0967	2.2644
1287341PIP	2011	13	47	9.9	9.8	15.214	2.617	4.2178	3.3025	7.5203	17.8309	25.3513
1287341PIP	2011	25	48	36.2	21.9	408.1495	33.949	16.6806	66.5339	83.2145	442.0985	525.3129
1287341PIP	2011	13	50	23.0	18.2	126.723	17.3345	13.8947	19.1315	33.0262	144.0575	177.0837
1287341PIP	2011	13	51	3.9	4.4	1.4617	0.3239	1.1295	0.474	1.6035	1.7856	3.3891
1287341PIP	2011	13	53	11.7	11.3	23.1572	3.8065	5.3419	4.6778	10.0196	26.9637	36.9833
1287341PIP	2011	13	54	3.2	3.8	0.8888	0.2078	0.8539	0.3139	1.1677	1.0967	2.2644
1287341PIP	2011	13	57	20.7	17.1	97.2275	13.6862	11.9711	15.3601	27.3312	110.9136	138.2449
1287341PIP	2011	13	59	11.7	11.3	23.1572	3.8065	5.3419	4.6778	10.0196	26.9637	36.9833
1287341PIP	2011	25	60	4.1	7.2	1.9755	0.342	0.6534	0.479	1.1324	2.3175	3.4499
1287341PIP	2011	13	62	23.8	18.6	138.1009	18.7161	14.5831	20.5444	35.1275	156.817	191.9445
1287341PIP	2011	13	64	12.0	11.5	24.6794	4.0289	5.5366	4.9312	10.4678	28.7084	39.1761
1252916PIP	2011	3	5	19.9	18.8	106.6176	8.9915	6.8496	10.8394	17.6891	115.6091	133.2981
1252916PIP	2011	3	6	23.9	19.8	165.6008	13.1376	9.4016	16.8712	26.2728	178.7384	205.0112
1252916PIP	2011	13	8	27.7	19.4	202.2657	26.3045	18.0741	28.1857	46.2598	228.5702	274.8299
1252916PIP	2011	13	9	14.6	12.9	40.4126	6.2549	7.3064	7.4206	14.727	46.6674	61.3944
1252916PIP	2011	38	12	18.4	16.5	86.7736	14.8799	6.387	22.8911	29.2781	101.6535	130.9316
1252916PIP	2011	38	14	19.0	16.7	94.0294	16.0738	6.731	24.8455	31.5765	110.1032	141.6797
1252916PIP	2011	74	15	27.7	20.7	224.85	47.8524	5.8676	34.6863	40.5539	272.7024	313.2563
1252916PIP	2011	13	17	11.2	10.5	20.7485	3.4513	5.0219	4.2708	9.2927	24.1998	33.4925
1252916PIP	2011	3	20	15.0	17.1	54.0377	5.0082	4.2016	5.4762	9.6777	59.0459	68.7236
1252916PIP	2011	13	26	14.8	13.0	41.8192	6.4487	7.4483	7.634	15.0823	48.2679	63.3502
1252916PIP	2011	3	28	26.0	20.2	202.7652	15.64	10.8752	20.6774	31.5526	218.4052	249.9578
1252916PIP	2011	13	29	5.1	5.4	2.8698	0.5912	1.6507	0.829	2.4797	3.4609	5.9406
1252916PIP	2011	13	35	8.9	8.7	11.6399	2.061	3.6281	2.6453	6.2734	13.7009	19.9743
1252916PIP	2011	13	37	15.3	13.3	45.4634	6.9476	7.8067	8.1813	15.988	52.411	68.399
1252916PIP	2011	3	40	15.8	17.4	61.2276	5.577	4.5965	6.2085	10.805	66.8046	77.6096
1252916PIP	2011	3	42	19.0	18.6	95.391	8.17	6.3229	9.693	16.0158	103.561	119.5769
1252916PIP	2011	38	43	13.4	14.5	39.2416	6.94	3.803	10.1873	13.9902	46.1816	60.1719
1301101PIP	2011	13	1	7.0	7.0	6.3634	1.2027	2.5833	1.6038	4.1871	7.5661	11.7532
1301101PIP	2011	13	3	6.9	6.9	6.1372	1.1645	2.5313	1.5564	4.0877	7.3017	11.3894
1301101PIP	2011	13	4	10.8	10.0	18.9352	3.181	4.7701	3.9591	8.7292	22.1161	30.8453
1301101PIP	2011	13	7	7.5	7.4	7.5689	1.404	2.8481	1.8518	4.6999	8.9729	13.6728
1301101PIP	2011	13	9	10.3	9.7	16.8074	2.8601	4.4608	3.5867	8.0475	19.6675	27.715
1301101PIP	2011	13	10	3.2	3.7	0.8888	0.2078	0.8539	0.3139	1.1677	1.0967	2.2644
1301101PIP	2011	13	12	3.6	4.0	1.1952	0.2707	1.0086	0.4012	1.4098	1.4659	2.8757
1301101PIP	2011	13	14	4.8	5.0	2.464	0.516	1.5151	0.7306	2.2457	2.98	5.2257
1301101PIP	2011	13	15	2.6	3.1	0.5273	0.1304	0.6366	0.2036	0.8402	0.6577	1.4979
1301101PIP	2011	13	17	5.7	5.8	3.7959	0.7587	1.9319	1.0452	2.9772	4.5546	7.5317
1301101PIP	2011	74	18	7.2	10.3	8.0104	1.899	0.6523	1.1608	1.8131	9.9094	11.7225
1301101PIP	2011	13	20	7.2	7.1	6.8305	1.2812	2.6883	1.7007	4.3891	8.1117	12.5007
1301101PIP	2011	13	21	9.0	8.6	11.9716	2.1133	3.6859	2.7076	6.3935	14.0849	20.4784
1301101PIP	2011	13	23	7.0	7.0	6.3634	1.2027	2.5833	1.6038	4.1871	7.5661	11.7532
1301101PIP	2011	13	24	2.7	3.2	0.5798	0.142	0.6715	0.2203	0.8918	0.7218	1.6135
1301101PIP	2011	13	27	7.0	7.0	6.3634	1.2027	2.5833	1.6038	4.1871	7.5661	11.7532
1301101PIP	2011	13	29	13.0	11.7	30.1823	4.8212	6.2002	5.8263	12.0265	35.0035	47.03
1301101PIP	2011	13	30	2.8	3.3	0.6353	0.154	0.7069	0.2376	0.9445	0.7893	1.7339
1301101PIP	2011	13	32	12.5	11.3	27.3475	4.4152	5.8657	5.369	11.2347	31.7627	42.9974
1301101PIP	2011	13	34	4.2	4.5	1.7612	0.3825	1.2543	0.5531	1.8075	2.1436	3.9511
1301101PIP	2011	13	35	11.4	10.5	21.6929	3.5911	5.1492	4.4313	9.5805	25.2839	34.8644
1301101PIP	2011	13	37	5.0	5.2	2.7303	0.5655	1.6051	0.7955	2.4006	3.2958	5.6964
1301101PIP	2011	13	38	6.0	6.1	4.3185	0.8512	2.0773	1.1631	3.2404	5.1697	8.4101
1301101PIP	2011	13	40	2.5	3.1	0.4778	0.1195	0.6022	0.1876	0.7899	0.5972	1.3871
1301101PIP	2011	13	41	5.1	5.3	2.8698	0.5912	1.6507	0.829	2.4797	3.4609	5.9406
1301101PIP	2011	13	43	3.4	3.8	1.0352	0.2381	0.9303	0.3561	1.2864	1.2733	2.5597
1301101PIP	2011	25	44	21.3	16.2	111.4523	11.0822	7.5787	20.0125	27.5913	122.5345	150.1258
1301101PIP	2011	13	47	65.0	25.2	1727.6334	178.1865	60.3894	166.7151	227.1045	1905.8199	2132.9244
1301101PIP	2011	13	50	9.5	9.0	13.7151	2.3858	3.9788	3.0306	7.0094	16.1009	23.1103
1301101PIP	2011	13	52	2.5	3.1	0.4778	0.1195	0.6022	0.1876	0.7899	0.5972	1.3871
1301101PIP	2011	13	55	8.2	8.0	9.473	1.7151	3.2312	2.2302	5.4614	11.188	16.6494
1301101PIP	2011	13	57	6.6	6.6	5.4881	1.054	2.377	1.4187	3.7958	6.5422	10.3379
1301101PIP	2011	13	58	14.2	12.5	37.6858	5.877	7.0249	7.0032	14.0281	43.5629	57.591
1301101PIP	2011	13	60	6.1	6.2	4.5018	0.8833	2.1264	1.2039	3.3303	5.3851	8.7154
1301101PIP	2011	25	61	9.1	10.5	13.9038	1.8407	2.139	2.9153	5.0542	15.7445	20.7988
1301101PIP	2011	13	63	3.9	4.3	1.4617	0.3239	1.1295	0.474	1.6035	1.7856	3.3891
1301101PIP	2011	13	64	7.3	7.2	7.0716	1.3214	2.7413	1.7503	4.4916	8.393	12.8846
1301101PIP	2011	13	66	2.8	3.3	0.6353	0.154	0.7069	0.2376	0.9445	0.7893	1.7339
1301101PIP	2011	13	67	12.6	11.4	27.901	4.4948	5.9321	5.4589	11.3911	32.3958	43.7869
1301101PIP	2011	13	70	6.6	6.6	5.4881	1.054	2.377	1.4187	3.7958	6.5422	10.3379
1301101PIP	2011	13	72	3.9	4.3	1.4617	0.3239	1.1295	0.474	1.6035	1.7856	3.3891
1301101PIP	2011	13	76	10.6	9.9	18.0657	3.0504	4.6457	3.8078	8.4535	21.1161	29.5696
1301101PIP	2011	13	78	9.5	9.0	13.7151	2.3858	3.9788	3.0306	7.0094	16.1009	23.1103
1301101PIP	2011	13	79	8.8	8.5	11.3138	2.0094	3.5706	2.5838	6.1543	13.3232	19.4776
1301101PIP	2011	13	81	6.1	6.2	4.5018	0.8833	2.1264	1.2039	3.3303	5.3851	8.7154
1301101PIP	2011	13	82	5.3	5.5	3.1612	0.6444	1.743	0.8982	2.6412	3.8056	6.4468
1301101PIP	2011	13	84	7.3	7.2	7.0716	1.3214	2.7413	1.7503	4.4916	8.393	12.8846
1301101PIP	2011	13	85	8.7	8.4	10.9933	1.9586	3.5133	2.523	6.0363	12.9519	18.9881
1301101PIP	2011	13	86	6.8	6.8	5.916	1.127	2.4796	1.5098	3.9893	7.043	11.0323
1301101PIP	2011	13	87	6.2	6.3	4.6897	0.9161	2.1759	1.2454	3.4213	5.6058	9.0271
1301101PIP	2011	13	90	13.1	11.7	30.7695	4.9048	6.2678	5.9201	12.1878	35.6743	47.8621
1301101PIP	2011	13	92	5.2	5.4	3.0134	0.6175	1.6967	0.8632	2.5599	3.6308	6.1907
1301101PIP	2011	13	93	12.2	11.1	25.7269	4.1811	5.6676	5.104	10.7715	29.908	40.6795
1301101PIP	2011	13	95	13.1	11.7	30.7695	4.9048	6.2678	5.9201	12.1878	35.6743	47.8621
1301101PIP	2011	13	97	6.8	6.8	5.916	1.127	2.4796	1.5098	3.9893	7.043	11.0323
1301101PIP	2011	13	98	4.9	5.1	2.5951	0.5404	1.5599	0.7627	2.3226	3.1355	5.4581
1301101PIP	2011	13	100	6.0	6.1	4.3185	0.8512	2.0773	1.1631	3.2404	5.1697	8.4101
1301101PIP	2011	13	101	3.2	3.7	0.8888	0.2078	0.8539	0.3139	1.1677	1.0967	2.2644
1301101PIP	2011	13	103	9.3	8.9	13.0006	2.2746	3.8608	2.8991	6.76	15.2752	22.0351
1301101PIP	2011	13	104	9.9	9.3	15.214	2.617	4.2178	3.3025	7.5203	17.8309	25.3513
1301101PIP	2011	13	106	6.1	6.2	4.5018	0.8833	2.1264	1.2039	3.3303	5.3851	8.7154
1301101PIP	2011	13	107	8.3	8.0	9.7662	1.7623	3.2871	2.2872	5.5743	11.5285	17.1028
1301101PIP	2011	13	110	7.6	7.5	7.8253	1.4463	2.902	1.9036	4.8055	9.2716	14.0772
1301101PIP	2011	13	112	3.9	4.3	1.4617	0.3239	1.1295	0.474	1.6035	1.7856	3.3891
1301101PIP	2011	13	113	8.1	7.9	9.1851	1.6685	3.1756	2.1739	5.3495	10.8537	16.2032
1301101PIP	2011	74	115	6.5	9.7	6.2189	1.4865	0.5521	0.897	1.449	7.7054	9.1545
1301101PIP	2011	13	117	7.4	7.3	7.3177	1.3624	2.7945	1.8007	4.5952	8.6801	13.2753
1301101PIP	2011	13	118	10.0	9.4	15.6034	2.6766	4.2782	3.3724	7.6506	18.28	25.9306
1301101PIP	2011	13	120	3.0	3.5	0.7557	0.1798	0.7794	0.2744	1.0537	0.9355	1.9892
1301101PIP	2011	13	121	7.2	7.1	6.8305	1.2812	2.6883	1.7007	4.3891	8.1117	12.5007
1301101PIP	2011	13	123	7.9	7.7	8.6254	1.5775	3.0653	2.0635	5.1288	10.203	15.3318
1301101PIP	2011	13	124	4.2	4.5	1.7612	0.3825	1.2543	0.5531	1.8075	2.1436	3.9511
1301101PIP	2011	13	126	16.7	14.1	56.6609	8.4552	8.8358	9.8189	18.6547	65.1161	83.7708
1301101PIP	2011	13	127	15.9	13.6	50.0809	7.5736	8.2431	8.8641	17.1073	57.6545	74.7618
1301101PIP	2011	13	130	6.6	6.6	5.4881	1.054	2.377	1.4187	3.7958	6.5422	10.3379
1301101PIP	2011	25	133	10.3	11.4	18.8278	2.3908	2.5717	3.8595	6.4313	21.2186	27.6499
1301101PIP	2011	13	135	6.6	6.6	5.4881	1.054	2.377	1.4187	3.7958	6.5422	10.3379
1301101PIP	2011	13	138	9.0	8.6	11.9716	2.1133	3.6859	2.7076	6.3935	14.0849	20.4784
1301101PIP	2011	13	141	13.3	11.9	31.9645	5.0743	6.4035	6.11	12.5135	37.0388	49.5524
1301101PIP	2011	25	143	19.6	15.7	90.9236	9.2976	6.6967	16.5758	23.2725	100.2213	123.4938
1301101PIP	2011	38	144	5.7	8.5	4.6207	0.8881	0.94	1.1488	2.0888	5.5087	7.5975
1301101PIP	2011	13	146	4.7	5.0	2.3369	0.4922	1.4706	0.6992	2.1699	2.8291	4.999
1191031PIP	2011	3	1	7.1	11.0	8.9488	1.0646	1.1529	0.8992	2.052	10.0134	12.0654
1191031PIP	2011	13	3	5.8	5.6	3.9656	0.7888	1.98	1.0838	3.0638	4.7544	7.8183
1191031PIP	2011	13	4	3.7	3.9	1.2805	0.2878	1.0485	0.4247	1.4732	1.5683	3.0415
1191031PIP	2011	3	7	8.7	12.0	14.5866	1.6215	1.6382	1.469	3.1073	16.2081	19.3154
1191031PIP	2011	13	9	4.0	4.1	1.5578	0.3428	1.1707	0.4997	1.6704	1.9006	3.571
1191031PIP	2011	13	12	3.8	4.0	1.3693	0.3056	1.0888	0.449	1.5378	1.6749	3.2127
1191031PIP	2011	13	14	2.5	2.9	0.4778	0.1195	0.6022	0.1876	0.7899	0.5972	1.3871
1191031PIP	2011	13	15	5.3	5.2	3.1612	0.6444	1.743	0.8982	2.6412	3.8056	6.4468
1191031PIP	2011	13	17	3.8	4.0	1.3693	0.3056	1.0888	0.449	1.5378	1.6749	3.2127
1191031PIP	2011	13	18	2.8	3.2	0.6353	0.154	0.7069	0.2376	0.9445	0.7893	1.7339
1191031PIP	2011	13	20	3.1	3.4	0.8206	0.1935	0.8164	0.2938	1.1101	1.0142	2.1243
1191031PIP	2011	3	21	5.2	9.3	4.2325	0.5587	0.6729	0.4238	1.0966	4.7912	5.8878
1191031PIP	2011	13	23	2.6	3.0	0.5273	0.1304	0.6366	0.2036	0.8402	0.6577	1.4979
1191031PIP	2011	13	24	5.4	5.3	3.3134	0.672	1.7897	0.9339	2.7236	3.9854	6.7089
1191031PIP	2011	13	27	4.6	4.6	2.2139	0.469	1.4266	0.6686	2.0952	2.6829	4.7781
1191031PIP	2011	13	29	4.8	4.8	2.464	0.516	1.5151	0.7306	2.2457	2.98	5.2257
1191031PIP	2011	13	30	3.9	4.1	1.4617	0.3239	1.1295	0.474	1.6035	1.7856	3.3891
1191031PIP	2011	13	32	2.6	3.0	0.5273	0.1304	0.6366	0.2036	0.8402	0.6577	1.4979
1191031PIP	2011	13	34	2.5	2.9	0.4778	0.1195	0.6022	0.1876	0.7899	0.5972	1.3871
1191031PIP	2011	13	35	9.0	8.1	11.9716	2.1133	3.6859	2.7076	6.3935	14.0849	20.4784
1191031PIP	2011	13	37	5.7	5.5	3.7959	0.7587	1.9319	1.0452	2.9772	4.5546	7.5317
1191031PIP	2011	13	40	3.5	3.7	1.1135	0.2541	0.9692	0.3783	1.3475	1.3676	2.7151
1191031PIP	2011	3	41	3.4	7.2	1.524	0.2318	0.3228	0.1518	0.4746	1.7558	2.2304
1191031PIP	2011	3	43	3.8	7.8	1.9912	0.2918	0.3912	0.1987	0.5898	2.283	2.8729
1191031PIP	2011	13	44	20.9	15.5	99.6071	13.9845	12.135	15.671	27.806	113.5916	141.3976
1191031PIP	2011	13	47	14.2	11.8	37.6858	5.877	7.0249	7.0032	14.0281	43.5629	57.591
1191031PIP	2011	13	50	22.3	16.1	117.2467	16.1735	13.3004	17.9381	31.2385	133.4202	164.6587
1191031PIP	2011	13	55	2.9	3.2	0.6939	0.1666	0.7429	0.2556	0.9985	0.8606	1.8591
1191031PIP	2011	13	57	2.8	3.2	0.6353	0.154	0.7069	0.2376	0.9445	0.7893	1.7339
1191031PIP	2011	3	60	4.1	8.1	2.3903	0.3416	0.4461	0.2387	0.6848	2.7318	3.4166
1191031PIP	2011	3	63	3.8	7.8	1.9912	0.2918	0.3912	0.1987	0.5898	2.283	2.8729
1191031PIP	2011	13	64	3.4	3.7	1.0352	0.2381	0.9303	0.3561	1.2864	1.2733	2.5597
1191031PIP	2011	13	67	2.7	3.1	0.5798	0.142	0.6715	0.2203	0.8918	0.7218	1.6135
1191031PIP	2011	13	70	4.6	4.6	2.2139	0.469	1.4266	0.6686	2.0952	2.6829	4.7781
1191031PIP	2011	13	72	4.2	4.3	1.7612	0.3825	1.2543	0.5531	1.8075	2.1436	3.9511
1191031PIP	2011	13	75	3.4	3.7	1.0352	0.2381	0.9303	0.3561	1.2864	1.2733	2.5597
1191031PIP	2011	13	77	2.5	2.9	0.4778	0.1195	0.6022	0.1876	0.7899	0.5972	1.3871
1191031PIP	2011	13	78	3.0	3.3	0.7557	0.1798	0.7794	0.2744	1.0537	0.9355	1.9892
1191031PIP	2011	3	80	3.5	7.4	1.634	0.2462	0.3393	0.1629	0.5022	1.8801	2.3824
1191031PIP	2011	13	81	4.1	4.2	1.6576	0.3623	1.2123	0.526	1.7384	2.02	3.7583
1191031PIP	2011	13	83	3.3	3.6	0.9603	0.2227	0.8918	0.3346	1.2265	1.183	2.4095
1191031PIP	2011	13	84	4.7	4.7	2.3369	0.4922	1.4706	0.6992	2.1699	2.8291	4.999
1191031PIP	2011	3	86	4.4	8.5	2.8326	0.3953	0.5041	0.2831	0.7871	3.2279	4.015
1191031PIP	2011	13	87	3.6	3.8	1.1952	0.2707	1.0086	0.4012	1.4098	1.4659	2.8757
1191031PIP	2011	13	90	2.7	3.1	0.5798	0.142	0.6715	0.2203	0.8918	0.7218	1.6135
1191031PIP	2011	13	92	2.9	3.2	0.6939	0.1666	0.7429	0.2556	0.9985	0.8606	1.8591
1191031PIP	2011	13	93	2.9	3.2	0.6939	0.1666	0.7429	0.2556	0.9985	0.8606	1.8591
1191031PIP	2011	13	95	3.1	3.4	0.8206	0.1935	0.8164	0.2938	1.1101	1.0142	2.1243
1191031PIP	2011	13	97	5.0	5.0	2.7303	0.5655	1.6051	0.7955	2.4006	3.2958	5.6964
1191031PIP	2011	13	98	4.1	4.2	1.6576	0.3623	1.2123	0.526	1.7384	2.02	3.7583
1191031PIP	2011	3	103	3.1	6.8	1.2205	0.1915	0.2751	0.1215	0.3966	1.412	1.8086
1191031PIP	2011	13	104	5.7	5.5	3.7959	0.7587	1.9319	1.0452	2.9772	4.5546	7.5317
1191031PIP	2011	3	106	8.4	11.9	13.4065	1.5078	1.5418	1.3497	2.8915	14.9143	17.8058
1191031PIP	2011	13	107	3.8	4.0	1.3693	0.3056	1.0888	0.449	1.5378	1.6749	3.2127
1191031PIP	2011	13	110	4.9	4.9	2.5951	0.5404	1.5599	0.7627	2.3226	3.1355	5.4581
1191031PIP	2011	13	112	6.4	6.1	5.0795	0.9837	2.2758	1.3306	3.6064	6.0632	9.6696
1191031PIP	2011	13	113	3.1	3.4	0.8206	0.1935	0.8164	0.2938	1.1101	1.0142	2.1243
1191031PIP	2011	13	115	5.9	5.7	4.1398	0.8197	2.0285	1.1231	3.1516	4.9595	8.1111
1191031PIP	2011	13	117	3.9	4.1	1.4617	0.3239	1.1295	0.474	1.6035	1.7856	3.3891
1191031PIP	2011	13	118	5.2	5.1	3.0134	0.6175	1.6967	0.8632	2.5599	3.6308	6.1907
1191031PIP	2011	13	120	5.4	5.3	3.3134	0.672	1.7897	0.9339	2.7236	3.9854	6.7089
1191031PIP	2011	3	121	3.9	7.9	2.1195	0.308	0.4092	0.2115	0.6207	2.4275	3.0482
1191031PIP	2011	13	123	3.4	3.7	1.0352	0.2381	0.9303	0.3561	1.2864	1.2733	2.5597
1191031PIP	2011	13	124	5.6	5.4	3.6307	0.7291	1.8842	1.0074	2.8915	4.3598	7.2513
1191031PIP	2011	13	126	9.5	8.5	13.7151	2.3858	3.9788	3.0306	7.0094	16.1009	23.1103
1191031PIP	2011	13	127	3.8	4.0	1.3693	0.3056	1.0888	0.449	1.5378	1.6749	3.2127
1191031PIP	2011	13	130	9.9	8.8	15.214	2.617	4.2178	3.3025	7.5203	17.8309	25.3513
1191031PIP	2011	3	135	4.8	8.9	3.4916	0.4734	0.5859	0.3493	0.9352	3.965	4.9002
1191031PIP	2011	13	138	10.1	9.0	15.9987	2.7371	4.3388	3.4431	7.7819	18.7358	26.5177
1191031PIP	2011	13	140	5.0	5.0	2.7303	0.5655	1.6051	0.7955	2.4006	3.2958	5.6964
1191031PIP	2011	13	141	2.6	3.0	0.5273	0.1304	0.6366	0.2036	0.8402	0.6577	1.4979
1191031PIP	2011	13	143	6.4	6.1	5.0795	0.9837	2.2758	1.3306	3.6064	6.0632	9.6696
1191031PIP	2011	13	144	2.5	2.9	0.4778	0.1195	0.6022	0.1876	0.7899	0.5972	1.3871
1191031PIP	2011	13	146	3.1	3.4	0.8206	0.1935	0.8164	0.2938	1.1101	1.0142	2.1243
1191031PIP	2011	13	147	4.8	4.8	2.464	0.516	1.5151	0.7306	2.2457	2.98	5.2257
1191031PIP	2011	13	150	4.7	4.7	2.3369	0.4922	1.4706	0.6992	2.1699	2.8291	4.999
1191031PIP	2011	13	153	2.5	2.9	0.4778	0.1195	0.6022	0.1876	0.7899	0.5972	1.3871
1191031PIP	2011	13	158	6.5	6.2	5.2814	1.0185	2.3263	1.3743	3.7006	6.3	10.0005
1191031PIP	2011	3	160	7.5	11.3	10.2092	1.1925	1.2674	1.0264	2.2939	11.4017	13.6956
1191031PIP	2011	3	161	7.4	11.2	9.885	1.1598	1.2384	0.9937	2.2321	11.0448	13.2769
1191031PIP	2011	13	163	2.9	3.2	0.6939	0.1666	0.7429	0.2556	0.9985	0.8606	1.8591
1191031PIP	2011	13	164	5.2	5.1	3.0134	0.6175	1.6967	0.8632	2.5599	3.6308	6.1907
1191031PIP	2011	13	101	5.1	5.0	2.8698	0.5912	1.6507	0.829	2.4797	3.4609	5.9406
1191031PIP	2011	13	100	4.1	4.2	1.6576	0.3623	1.2123	0.526	1.7384	2.02	3.7583
1191031PIP	2011	13	58	2.9	3.2	0.6939	0.1666	0.7429	0.2556	0.9985	0.8606	1.8591
1191031PIP	2011	3	166	5.9	10.0	5.734	0.7256	0.8371	0.5749	1.412	6.4597	7.8717
1191031PIP	2011	13	169	4.1	4.2	1.6576	0.3623	1.2123	0.526	1.7384	2.02	3.7583
1191031PIP	2011	13	170	3.9	4.1	1.4617	0.3239	1.1295	0.474	1.6035	1.7856	3.3891
1191031PIP	2011	13	173	7.1	6.7	6.5944	1.2416	2.6357	1.6519	4.2876	7.836	12.1236
1191031PIP	2011	13	175	3.9	4.1	1.4617	0.3239	1.1295	0.474	1.6035	1.7856	3.3891
1191031PIP	2011	13	176	2.8	3.2	0.6353	0.154	0.7069	0.2376	0.9445	0.7893	1.7339
1191031PIP	2011	13	178	2.9	3.2	0.6939	0.1666	0.7429	0.2556	0.9985	0.8606	1.8591
1191031PIP	2011	3	180	2.6	6.1	0.7996	0.133	0.203	0.0794	0.2824	0.9327	1.2151
1191031PIP	2011	3	181	5.0	9.1	3.8517	0.5151	0.6287	0.3855	1.0142	4.3668	5.381
1191031PIP	2011	13	184	2.9	3.2	0.6939	0.1666	0.7429	0.2556	0.9985	0.8606	1.8591
1191031PIP	2011	13	186	3.3	3.6	0.9603	0.2227	0.8918	0.3346	1.2265	1.183	2.4095
1191031PIP	2011	13	187	3.8	4.0	1.3693	0.3056	1.0888	0.449	1.5378	1.6749	3.2127
1191031PIP	2011	13	189	3.0	3.3	0.7557	0.1798	0.7794	0.2744	1.0537	0.9355	1.9892
1191031PIP	2011	13	190	4.8	4.8	2.464	0.516	1.5151	0.7306	2.2457	2.98	5.2257
1191031PIP	2011	13	193	7.7	7.1	8.0868	1.4894	2.9561	1.9562	4.9123	9.5762	14.4884
1191031PIP	2011	13	195	2.5	2.9	0.4778	0.1195	0.6022	0.1876	0.7899	0.5972	1.3871
1191031PIP	2011	13	196	3.1	3.4	0.8206	0.1935	0.8164	0.2938	1.1101	1.0142	2.1243
1191031PIP	2011	13	198	4.8	4.8	2.464	0.516	1.5151	0.7306	2.2457	2.98	5.2257
1191031PIP	2011	13	200	4.1	4.2	1.6576	0.3623	1.2123	0.526	1.7384	2.02	3.7583
1191031PIP	2011	13	301	5.0	5.0	2.7303	0.5655	1.6051	0.7955	2.4006	3.2958	5.6964
1191031PIP	2011	13	303	3.0	3.3	0.7557	0.1798	0.7794	0.2744	1.0537	0.9355	1.9892
1191031PIP	2011	13	304	2.6	3.0	0.5273	0.1304	0.6366	0.2036	0.8402	0.6577	1.4979
1191031PIP	2011	13	306	4.3	4.4	1.8685	0.4032	1.2968	0.5809	1.8777	2.2717	4.1494
1191031PIP	2011	13	307	2.7	3.1	0.5798	0.142	0.6715	0.2203	0.8918	0.7218	1.6135
1191031PIP	2011	13	309	3.1	3.4	0.8206	0.1935	0.8164	0.2938	1.1101	1.0142	2.1243
1191031PIP	2011	13	310	3.6	3.8	1.1952	0.2707	1.0086	0.4012	1.4098	1.4659	2.8757
1191011PIP	2011	13	3	3.8	4.2	1.3693	0.3056	1.0888	0.449	1.5378	1.6749	3.2127
1191011PIP	2011	3	6	20.2	18.8	110.5226	9.2744	7.0291	11.2384	18.2675	119.7971	138.0646
1191011PIP	2011	3	8	18.4	18.4	88.3089	7.6449	5.9816	8.97	14.9517	95.9538	110.9055
1191011PIP	2011	3	16	23.5	19.4	159.0158	12.6864	9.1312	16.1973	25.3284	171.7022	197.0307
1191011PIP	2011	13	17	26.0	18.9	172.4852	22.821	16.5255	24.7006	41.2261	195.3062	236.5323
1191011PIP	2011	3	19	15.8	17.5	61.2276	5.577	4.5965	6.2085	10.805	66.8046	77.6096
1191011PIP	2011	3	20	15.0	17.2	54.0377	5.0082	4.2016	5.4762	9.6777	59.0459	68.7236
1191011PIP	2011	3	28	15.1	17.3	54.9079	5.0775	4.2501	5.5648	9.8149	59.9854	69.8003
1191011PIP	2011	13	33	2.8	3.3	0.6353	0.154	0.7069	0.2376	0.9445	0.7893	1.7339
1191011PIP	2011	13	36	5.1	5.4	2.8698	0.5912	1.6507	0.829	2.4797	3.4609	5.9406
1191011PIP	2011	13	37	4.7	5.0	2.3369	0.4922	1.4706	0.6992	2.1699	2.8291	4.999
1191011PIP	2011	3	39	21.8	19.1	132.7515	10.8599	8.0194	13.5104	21.5298	143.6113	165.1411
1191011PIP	2011	13	40	7.9	7.8	8.6254	1.5775	3.0653	2.0635	5.1288	10.203	15.3318
1191011PIP	2011	13	42	5.0	5.3	2.7303	0.5655	1.6051	0.7955	2.4006	3.2958	5.6964
1191011PIP	2011	13	43	3.5	4.0	1.1135	0.2541	0.9692	0.3783	1.3475	1.3676	2.7151
1191011PIP	2011	13	46	7.6	7.6	7.8253	1.4463	2.902	1.9036	4.8055	9.2716	14.0772
1191011PIP	2011	3	49	16.0	17.6	63.1075	5.7241	4.6976	6.4	11.0976	68.8316	79.9291
1191011PIP	2011	3	53	19.1	18.5	96.6025	8.2593	6.3805	9.8166	16.1972	104.8618	121.0589
1191011PIP	2011	13	54	3.3	3.8	0.9603	0.2227	0.8918	0.3346	1.2265	1.183	2.4095
1191011PIP	2011	3	56	17.8	18.2	81.5438	7.1378	5.6484	8.2797	13.9281	88.6815	102.6097
1191011PIP	2011	13	57	4.2	4.6	1.7612	0.3825	1.2543	0.5531	1.8075	2.1436	3.9511
1191011PIP	2011	13	59	2.9	3.4	0.6939	0.1666	0.7429	0.2556	0.9985	0.8606	1.8591
1191011PIP	2011	13	63	4.2	4.6	1.7612	0.3825	1.2543	0.5531	1.8075	2.1436	3.9511
1191011PIP	2011	13	68	4.8	5.1	2.464	0.516	1.5151	0.7306	2.2457	2.98	5.2257
1191011PIP	2011	3	69	19.3	18.6	99.0523	8.4393	6.4965	10.0668	16.5633	107.4916	124.0548
1191011PIP	2011	13	71	2.9	3.4	0.6939	0.1666	0.7429	0.2556	0.9985	0.8606	1.8591
1191011PIP	2011	3	73	16.8	17.9	70.9614	6.3325	5.111	7.2005	12.3115	77.2939	89.6054
1191011PIP	2011	13	74	14.1	12.6	37.022	5.7846	6.955	6.9008	13.8559	42.8066	56.6625
1191011PIP	2011	13	76	3.9	4.3	1.4617	0.3239	1.1295	0.474	1.6035	1.7856	3.3891
1314861PIP	2011	13	6	2.5	2.9	0.4778	0.1195	0.6022	0.1876	0.7899	0.5972	1.3871
1314861PIP	2011	12	7	4.5	3.6	1.7328	0.3701	1.4543	0.6486	2.1029	2.1029	4.2058
1314861PIP	2011	13	11	3.5	3.7	1.1135	0.2541	0.9692	0.3783	1.3475	1.3676	2.7151
1314861PIP	2011	13	14	3.2	3.5	0.8888	0.2078	0.8539	0.3139	1.1677	1.0967	2.2644
1314861PIP	2011	13	16	3.2	3.5	0.8888	0.2078	0.8539	0.3139	1.1677	1.0967	2.2644
1314861PIP	2011	13	21	5.0	5.0	2.7303	0.5655	1.6051	0.7955	2.4006	3.2958	5.6964
1314861PIP	2011	13	22	8.3	7.7	9.7662	1.7623	3.2871	2.2872	5.5743	11.5285	17.1028
1314861PIP	2011	13	24	3.2	3.5	0.8888	0.2078	0.8539	0.3139	1.1677	1.0967	2.2644
1314861PIP	2011	22	27	5.3	3.6	2.6167	0.4066	0.8902	0.8467	1.737	3.0233	4.7602
1314861PIP	2011	13	28	7.7	7.2	8.0868	1.4894	2.9561	1.9562	4.9123	9.5762	14.4884
1294196PIP	2011	73	50	25.4	17.2	142.3924	27.6255	5.2342	29.7826	35.0167	170.0179	205.0346
1294196PIP	2011	73	51	20.2	15.9	81.1833	17.0253	3.6102	17.1223	20.7326	98.2086	118.9411
1294196PIP	2011	73	54	12.0	12.5	22.6305	5.6647	1.5517	4.8643	6.416	28.2952	34.7112
1294196PIP	2011	73	56	23.1	16.7	112.8169	22.605	4.4875	23.6782	28.1658	135.4219	163.5876
1294196PIP	2011	73	59	24.7	17.1	132.9586	26.0414	5.0023	27.8377	32.84	159.0	191.84
1294196PIP	2011	20	61	7.3	6.4	6.3402	1.225	2.3206	1.0926	3.4132	7.5652	10.9784
1294196PIP	2011	73	64	28.0	17.8	180.844	33.9427	6.1302	37.6911	43.8213	214.7867	258.608
1294206PIP	2011	13	75	3.2	3.4	0.8888	0.2078	0.8539	0.3139	1.1677	1.0967	2.2644
1294206PIP	2011	13	77	3.8	3.9	1.3693	0.3056	1.0888	0.449	1.5378	1.6749	3.2127
1294206PIP	2011	13	78	3.1	3.3	0.8206	0.1935	0.8164	0.2938	1.1101	1.0142	2.1243
1294206PIP	2011	74	80	3.5	3.9	1.3438	0.3375	0.2012	0.1883	0.3896	1.6813	2.0708
1294206PIP	2011	13	81	3.7	3.8	1.2805	0.2878	1.0485	0.4247	1.4732	1.5683	3.0415
1321756PIP	2011	13	3	11.7	9.6	23.1572	3.8065	5.3419	4.6778	10.0196	26.9637	36.9833
1321756PIP	2011	13	4	9.7	8.3	14.4528	2.4999	4.0978	3.165	7.2628	16.9527	24.2155
1321756PIP	2011	13	6	11.3	9.4	21.2175	3.5208	5.0854	4.3507	9.4361	24.7383	34.1744
1321756PIP	2011	13	8	16.1	12.3	51.6801	7.789	8.3902	9.0981	17.4882	59.4691	76.9573
1321756PIP	2011	32	9	2.9	4.8	1.231	0.2691	0.2598	0.2466	0.5063	1.5002	2.0065
1321756PIP	2011	13	11	9.7	8.3	14.4528	2.4999	4.0978	3.165	7.2628	16.9527	24.2155
1321756PIP	2011	13	12	11.2	9.3	20.7485	3.4513	5.0219	4.2708	9.2927	24.1998	33.4925
1321756PIP	2011	13	14	14.2	11.2	37.6858	5.877	7.0249	7.0032	14.0281	43.5629	57.591
1321756PIP	2011	13	15	3.3	3.5	0.9603	0.2227	0.8918	0.3346	1.2265	1.183	2.4095
1321756PIP	2011	13	17	17.5	13.0	63.7362	9.3908	9.4403	10.8246	20.2649	73.127	93.3919
1321756PIP	2011	13	18	16.8	12.7	57.518	8.5691	8.9107	9.9418	18.8525	66.0871	84.9397
1321756PIP	2011	13	21	8.6	7.5	10.6783	1.9084	3.4564	2.4629	5.9193	12.5867	18.506
1321756PIP	2011	13	24	15.3	11.9	45.4634	6.9476	7.8067	8.1813	15.988	52.411	68.399
1321756PIP	2011	13	26	4.2	4.2	1.7612	0.3825	1.2543	0.5531	1.8075	2.1436	3.9511
1321756PIP	2011	13	29	7.0	6.3	6.3634	1.2027	2.5833	1.6038	4.1871	7.5661	11.7532
1321756PIP	2011	13	31	11.1	9.3	20.2858	3.3826	4.9586	4.1917	9.1503	23.6684	32.8187
1321756PIP	2011	13	32	14.3	11.3	38.3568	5.9703	7.0949	7.1064	14.2013	44.327	58.5284
1321756PIP	2011	13	34	9.4	8.1	13.355	2.3298	3.9197	2.9645	6.8842	15.6848	22.5689
1321756PIP	2011	38	35	2.8	5.2	0.78	0.1607	0.294	0.1871	0.4811	0.9407	1.4218
1321756PIP	2011	13	37	12.4	10.1	26.8007	4.3364	5.7994	5.2799	11.0793	31.1371	42.2164
1321756PIP	2011	13	38	10.6	8.9	18.0657	3.0504	4.6457	3.8078	8.4535	21.1161	29.5696
1321756PIP	2011	13	41	13.6	10.9	33.8087	5.3346	6.6088	6.4007	13.0095	39.1434	52.1528
1321756PIP	2011	13	44	5.1	4.9	2.8698	0.5912	1.6507	0.829	2.4797	3.4609	5.9406
1321756PIP	2011	12	46	22.5	15.1	109.7349	15.0471	15.4185	18.5113	33.9298	124.782	158.7118
1321756PIP	2011	13	49	6.7	6.1	5.6997	1.0902	2.4281	1.4639	3.892	6.7898	10.6818
1321756PIP	2011	13	51	4.7	4.5	2.3369	0.4922	1.4706	0.6992	2.1699	2.8291	4.999
1321756PIP	2011	13	52	2.6	2.9	0.5273	0.1304	0.6366	0.2036	0.8402	0.6577	1.4979
1321756PIP	2011	13	54	4.8	4.6	2.464	0.516	1.5151	0.7306	2.2457	2.98	5.2257
1321756PIP	2011	13	58	4.2	4.2	1.7612	0.3825	1.2543	0.5531	1.8075	2.1436	3.9511
1321756PIP	2011	13	60	13.4	10.7	32.5723	5.1603	6.4717	6.2061	12.6778	37.7326	50.4105
1321756PIP	2011	13	61	15.5	12.0	46.9727	7.153	7.9514	8.4058	16.3572	54.1257	70.4828
1321756PIP	2011	13	64	5.8	5.4	3.9656	0.7888	1.98	1.0838	3.0638	4.7544	7.8183
1321756PIP	2011	13	66	17.9	13.2	67.4633	9.8791	9.7469	11.3466	21.0935	77.3424	98.4359
1321756PIP	2011	13	67	20.2	14.4	91.4293	12.9558	11.5642	14.5971	26.1613	104.3851	130.5464
1314891PIP	2011	25	5	7.7	11.7	9.2377	1.2937	1.6684	1.9968	3.6652	10.5315	14.1966
1314891PIP	2011	13	7	12.2	13.3	25.7269	4.1811	5.6676	5.104	10.7715	29.908	40.6795
1314891PIP	2011	25	10	15.6	17.7	52.0059	5.7427	4.7688	9.8838	14.6525	57.7486	72.4011
1314891PIP	2011	25	11	9.3	13.2	14.6636	1.9272	2.2093	3.0624	5.2717	16.5908	21.8625
1314891PIP	2011	25	13	5.0	8.6	3.2108	0.52	0.8777	0.7509	1.6286	3.7308	5.3593
1314891PIP	2011	25	14	14.4	17.0	42.7536	4.8499	4.2335	8.2448	12.4782	47.6035	60.0817
1314891PIP	2011	25	17	7.5	11.5	8.6615	1.2238	1.6043	1.8812	3.4855	9.8853	13.3708
1314891PIP	2011	25	19	15.3	17.5	49.5921	5.5121	4.633	9.4584	14.0914	55.1041	69.1956
1314891PIP	2011	25	20	24.7	21.1	160.1422	15.1493	9.4465	27.9894	37.4358	175.2915	212.7274
1314891PIP	2011	13	22	4.6	5.7	2.2139	0.469	1.4266	0.6686	2.0952	2.6829	4.7781
1308016PIP	2011	13	1	5.3	5.9	3.1612	0.6444	1.743	0.8982	2.6412	3.8056	6.4468
1308016PIP	2011	38	2	4.3	6.5	2.2823	0.4508	0.5929	0.5594	1.1523	2.7331	3.8854
1308016PIP	2011	13	4	3.0	3.7	0.7557	0.1798	0.7794	0.2744	1.0537	0.9355	1.9892
1308016PIP	2011	13	7	6.1	6.7	4.5018	0.8833	2.1264	1.2039	3.3303	5.3851	8.7154
1308016PIP	2011	20	8	11.1	10.2	17.3561	3.2774	4.6714	3.1684	7.8398	20.6335	28.4734
1308016PIP	2011	13	10	6.5	7.0	5.2814	1.0185	2.3263	1.3743	3.7006	6.3	10.0005
1308016PIP	2011	13	11	2.7	3.4	0.5798	0.142	0.6715	0.2203	0.8918	0.7218	1.6135
1308016PIP	2011	38	14	5.0	7.1	3.3289	0.648	0.7587	0.8221	1.5809	3.9769	5.5577
1308016PIP	2011	13	17	11.3	11.3	21.2175	3.5208	5.0854	4.3507	9.4361	24.7383	34.1744
1308016PIP	2011	13	19	17.2	15.7	61.0242	9.0335	9.2122	10.4415	19.6537	70.0577	89.7114
1308016PIP	2011	13	22	2.9	3.6	0.6939	0.1666	0.7429	0.2556	0.9985	0.8606	1.8591
1308016PIP	2011	13	24	20.1	17.4	90.2954	12.8124	11.4833	14.4469	25.9302	103.1078	129.038
1308016PIP	2011	13	25	3.1	3.8	0.8206	0.1935	0.8164	0.2938	1.1101	1.0142	2.1243
1308016PIP	2011	20	27	3.5	3.8	1.0838	0.218	0.6801	0.1688	0.8489	1.3017	2.1507
1308016PIP	2011	13	28	2.8	3.5	0.6353	0.154	0.7069	0.2376	0.9445	0.7893	1.7339
1308016PIP	2011	13	30	8.2	8.6	9.473	1.7151	3.2312	2.2302	5.4614	11.188	16.6494
1308016PIP	2011	13	31	23.3	19.1	130.9207	17.8457	14.1517	19.6552	33.8069	148.7664	182.5733
1308016PIP	2011	13	34	5.1	5.7	2.8698	0.5912	1.6507	0.829	2.4797	3.4609	5.9406
1308016PIP	2011	13	37	3.5	4.2	1.1135	0.2541	0.9692	0.3783	1.3475	1.3676	2.7151
1308016PIP	2011	13	39	2.8	3.5	0.6353	0.154	0.7069	0.2376	0.9445	0.7893	1.7339
1308016PIP	2011	13	44	4.6	5.2	2.2139	0.469	1.4266	0.6686	2.0952	2.6829	4.7781
1308016PIP	2011	1	45	7.2	7.0	8.8229	1.4883	1.3014	0.951	2.2524	10.3112	12.5636
1314891PIP	2011	25	4	15.1	17.4	48.0204	5.3611	4.5432	9.1807	13.7239	53.3815	67.1054
1308016PIP	2011	13	47	3.6	4.3	1.1952	0.2707	1.0086	0.4012	1.4098	1.4659	2.8757
1308016PIP	2011	13	48	24.2	19.5	144.0121	19.429	14.9309	21.2705	36.2014	163.4411	199.6425
1308016PIP	2011	20	50	6.4	6.5	4.6216	0.8994	1.8629	0.7821	2.6451	5.5209	8.166
1308016PIP	2011	13	51	20.8	17.8	98.4129	13.8349	12.053	15.5152	27.5682	112.2478	139.816
1308016PIP	2011	13	53	9.8	10.1	14.8305	2.5581	4.1577	3.2334	7.3911	17.3885	24.7796
1308016PIP	2011	13	54	11.3	11.3	21.2175	3.5208	5.0854	4.3507	9.4361	24.7383	34.1744
1308016PIP	2011	13	57	4.6	5.2	2.2139	0.469	1.4266	0.6686	2.0952	2.6829	4.7781
1308016PIP	2011	13	59	5.7	6.3	3.7959	0.7587	1.9319	1.0452	2.9772	4.5546	7.5317
1308016PIP	2011	13	60	5.2	5.8	3.0134	0.6175	1.6967	0.8632	2.5599	3.6308	6.1907
1308016PIP	2011	13	64	4.3	4.9	1.8685	0.4032	1.2968	0.5809	1.8777	2.2717	4.1494
1308016PIP	2011	13	65	4.0	4.6	1.5578	0.3428	1.1707	0.4997	1.6704	1.9006	3.571
1308016PIP	2011	13	67	5.4	6.0	3.3134	0.672	1.7897	0.9339	2.7236	3.9854	6.7089
1308016PIP	2011	38	68	9.5	10.3	16.5923	3.0343	2.167	4.2331	6.4001	19.6265	26.0267
1308016PIP	2011	13	70	12.9	12.6	29.6018	4.7384	6.1329	5.7333	11.8662	34.3402	46.2064
1308016PIP	2011	38	71	4.7	6.9	2.8513	0.5584	0.6857	0.702	1.3877	3.4097	4.7974
1308016PIP	2011	38	73	10.8	10.9	22.8718	4.1307	2.6727	5.8732	8.5458	27.0026	35.5484
1308016PIP	2011	38	74	2.6	4.6	0.648	0.1344	0.2604	0.1548	0.4153	0.7824	1.1977
1308016PIP	2011	13	79	5.8	6.4	3.9656	0.7888	1.98	1.0838	3.0638	4.7544	7.8183
1308016PIP	2011	13	80	17.5	15.9	63.7362	9.3908	9.4403	10.8246	20.2649	73.127	93.3919
1301141PIP	2011	20	1	5.0	5.2	2.5537	0.5037	1.2337	0.4177	1.6514	3.0574	4.7088
1301141PIP	2011	20	3	3.5	3.8	1.0838	0.218	0.6801	0.1688	0.8489	1.3017	2.1507
1301141PIP	2011	20	4	5.5	5.7	3.2109	0.63	1.4465	0.5322	1.9787	3.841	5.8197
1301141PIP	2011	74	6	3.2	7.7	1.0765	0.2723	0.1739	0.1502	0.3241	1.3488	1.6729
1301141PIP	2011	20	7	2.6	3.0	0.5305	0.1084	0.4141	0.0793	0.4934	0.639	1.1324
1301141PIP	2011	20	9	2.8	3.2	0.634	0.1291	0.4686	0.0958	0.5644	0.763	1.3274
1301141PIP	2011	13	10	24.7	20.4	151.6119	20.341	15.3691	22.1966	37.5657	171.9529	209.5186
1301141PIP	2011	13	12	29.3	22.3	232.9434	29.8352	19.5681	31.6847	51.2528	262.7786	314.0314
1301141PIP	2011	20	13	3.2	3.5	0.8738	0.1766	0.5856	0.1344	0.7201	1.0504	1.7705
1301141PIP	2011	20	16	3.8	4.1	1.3206	0.2644	0.7802	0.208	0.9883	1.585	2.5732
1301141PIP	2011	20	19	2.6	3.0	0.5305	0.1084	0.4141	0.0793	0.4934	0.639	1.1324
1301141PIP	2011	20	21	3.4	3.7	1.0108	0.2036	0.648	0.1568	0.8048	1.2145	2.0193
1301141PIP	2011	20	24	8.1	8.0	8.1401	1.5638	2.7605	1.423	4.1835	9.7039	13.8874
1301141PIP	2011	20	26	2.9	3.3	0.6897	0.1402	0.4969	0.1047	0.6016	0.8299	1.4314
1301141PIP	2011	20	27	3.2	3.5	0.8738	0.1766	0.5856	0.1344	0.7201	1.0504	1.7705
1301141PIP	2011	13	29	27.4	21.6	196.8021	25.6698	17.7979	27.5533	45.3511	222.4719	267.823
1301141PIP	2011	20	30	4.6	4.8	2.09	0.4141	1.0734	0.338	1.4114	2.5041	3.9155
1301141PIP	2011	20	32	4.9	5.1	2.4327	0.4803	1.1928	0.3968	1.5896	2.913	4.5026
1301141PIP	2011	20	35	3.9	4.2	1.4056	0.281	0.8148	0.2222	1.037	1.6867	2.7237
1301141PIP	2011	74	36	40.6	24.8	579.2384	119.5551	10.9441	90.9552	101.8993	698.7935	800.6928
1301141PIP	2011	20	39	2.5	2.9	0.4828	0.0989	0.3878	0.0718	0.4596	0.5817	1.0414
1301141PIP	2011	20	41	2.7	3.1	0.5809	0.1185	0.441	0.0873	0.5283	0.6994	1.2277
1301141PIP	2011	20	44	3.0	3.4	0.7483	0.1518	0.5258	0.1141	0.6399	0.9	1.54
1259871PIP	2011	13	2	10.2	9.6	16.4001	2.7982	4.3997	3.5145	7.9142	19.1983	27.1125
1259871PIP	2011	13	3	2.7	3.2	0.5798	0.142	0.6715	0.2203	0.8918	0.7218	1.6135
1259871PIP	2011	13	5	9.1	8.7	12.3089	2.1663	3.7439	2.7707	6.5147	14.4752	20.9899
1259871PIP	2011	13	6	6.0	6.1	4.3185	0.8512	2.0773	1.1631	3.2404	5.1697	8.4101
1259871PIP	2011	13	8	4.3	4.6	1.8685	0.4032	1.2968	0.5809	1.8777	2.2717	4.1494
1259871PIP	2011	13	9	6.2	6.3	4.6897	0.9161	2.1759	1.2454	3.4213	5.6058	9.0271
1259871PIP	2011	13	11	5.3	5.5	3.1612	0.6444	1.743	0.8982	2.6412	3.8056	6.4468
1259871PIP	2011	13	12	3.2	3.6	0.8888	0.2078	0.8539	0.3139	1.1677	1.0967	2.2644
1259871PIP	2011	13	15	3.5	3.9	1.1135	0.2541	0.9692	0.3783	1.3475	1.3676	2.7151
1259871PIP	2011	13	17	7.0	6.9	6.3634	1.2027	2.5833	1.6038	4.1871	7.5661	11.7532
1259871PIP	2011	13	18	3.5	3.9	1.1135	0.2541	0.9692	0.3783	1.3475	1.3676	2.7151
1252986PIP	2011	3	2	5.4	4.9	4.6345	0.6041	0.7182	0.4642	1.1824	5.2386	6.421
1252986PIP	2011	3	4	7.2	5.6	9.2548	1.0959	1.1811	0.9301	2.1111	10.3507	12.4618
1252986PIP	2011	3	5	7.0	5.5	8.6488	1.0338	1.1249	0.8689	1.9938	9.6826	11.6764
1252986PIP	2011	3	8	5.2	4.9	4.2325	0.5587	0.6729	0.4238	1.0966	4.7912	5.8878
1252986PIP	2011	3	10	7.2	5.6	9.2548	1.0959	1.1811	0.9301	2.1111	10.3507	12.4618
1252986PIP	2011	3	11	6.1	5.2	6.2125	0.7775	0.8867	0.6231	1.5099	6.99	8.4999
1252986PIP	2011	3	14	4.1	4.3	2.3903	0.3416	0.4461	0.2387	0.6848	2.7318	3.4166
1252986PIP	2011	3	17	4.9	4.7	3.6691	0.494	0.6072	0.3671	0.9743	4.1631	5.1373
1252986PIP	2011	3	19	2.8	3.6	0.9556	0.1551	0.2307	0.095	0.3257	1.1107	1.4364
1252986PIP	2011	3	20	5.5	5.0	4.8435	0.6275	0.7414	0.4853	1.2266	5.471	6.6976
1252986PIP	2011	3	22	4.9	4.7	3.6691	0.494	0.6072	0.3671	0.9743	4.1631	5.1373
1252986PIP	2011	3	25	8.1	5.9	12.2841	1.3985	1.4478	1.2362	2.684	13.6826	16.3666
1252986PIP	2011	3	27	5.2	4.9	4.2325	0.5587	0.6729	0.4238	1.0966	4.7912	5.8878
1252986PIP	2011	3	28	4.9	4.7	3.6691	0.494	0.6072	0.3671	0.9743	4.1631	5.1373
1252986PIP	2011	3	30	4.3	4.4	2.6803	0.377	0.4844	0.2678	0.7522	3.0572	3.8094
1252986PIP	2011	3	31	8.3	5.9	13.026	1.4709	1.5102	1.3112	2.8214	14.4969	17.3183
1252986PIP	2011	3	33	3.3	3.9	1.4185	0.2179	0.3065	0.1413	0.4478	1.6364	2.0842
1252986PIP	2011	3	34	3.3	3.9	1.4185	0.2179	0.3065	0.1413	0.4478	1.6364	2.0842
1252986PIP	2011	3	37	5.5	5.0	4.8435	0.6275	0.7414	0.4853	1.2266	5.471	6.6976
1252986PIP	2011	3	40	2.7	3.5	0.8756	0.1438	0.2167	0.087	0.3037	1.0194	1.3231
1252986PIP	2011	3	42	3.9	4.2	2.1195	0.308	0.4092	0.2115	0.6207	2.4275	3.0482
1252986PIP	2011	3	45	7.0	5.5	8.6488	1.0338	1.1249	0.8689	1.9938	9.6826	11.6764
1252986PIP	2011	3	47	4.6	4.6	3.152	0.4334	0.5443	0.3152	0.8595	3.5855	4.445
1252986PIP	2011	3	48	7.1	5.6	8.9488	1.0646	1.1529	0.8992	2.052	10.0134	12.0654
1252986PIP	2011	3	50	5.5	5.0	4.8435	0.6275	0.7414	0.4853	1.2266	5.471	6.6976
1252986PIP	2011	3	51	6.5	5.4	7.2374	0.8867	0.9896	0.7265	1.7161	8.1241	9.8402
1252986PIP	2011	3	53	4.9	4.7	3.6691	0.494	0.6072	0.3671	0.9743	4.1631	5.1373
1252986PIP	2011	3	54	5.3	4.9	4.4309	0.5811	0.6954	0.4437	1.1391	5.012	6.1511
1252986PIP	2011	3	56	6.9	5.5	8.3547	1.0034	1.0973	0.8392	1.9365	9.3582	11.2947
1252986PIP	2011	3	57	3.3	3.9	1.4185	0.2179	0.3065	0.1413	0.4478	1.6364	2.0842
1252986PIP	2011	3	60	5.2	4.9	4.2325	0.5587	0.6729	0.4238	1.0966	4.7912	5.8878
1252986PIP	2011	3	62	6.2	5.3	6.4602	0.8041	0.912	0.6481	1.5601	7.2643	8.8244
1252986PIP	2011	3	63	6.1	5.2	6.2125	0.7775	0.8867	0.6231	1.5099	6.99	8.4999
1252986PIP	2011	3	65	4.4	4.5	2.8326	0.3953	0.5041	0.2831	0.7871	3.2279	4.015
1252986PIP	2011	3	67	4.2	4.4	2.5329	0.359	0.4651	0.253	0.7181	2.8919	3.61
1252986PIP	2011	3	68	4.2	4.4	2.5329	0.359	0.4651	0.253	0.7181	2.8919	3.61
1252986PIP	2011	3	70	5.0	4.8	3.8517	0.5151	0.6287	0.3855	1.0142	4.3668	5.381
1252986PIP	2011	3	71	5.4	4.9	4.6345	0.6041	0.7182	0.4642	1.1824	5.2386	6.421
1252986PIP	2011	3	73	5.7	5.1	5.2778	0.6756	0.7886	0.529	1.3176	5.9534	7.271
1252986PIP	2011	3	74	4.7	4.6	3.3193	0.4532	0.5649	0.332	0.8969	3.7725	4.6694
1252986PIP	2011	3	76	5.1	4.8	4.0395	0.5367	0.6506	0.4044	1.055	4.5761	5.6311
1252986PIP	2011	3	77	3.3	3.9	1.4185	0.2179	0.3065	0.1413	0.4478	1.6364	2.0842
1252986PIP	2011	3	80	2.7	3.5	0.8756	0.1438	0.2167	0.087	0.3037	1.0194	1.3231
1252986PIP	2011	3	82	4.6	4.6	3.152	0.4334	0.5443	0.3152	0.8595	3.5855	4.445
1252986PIP	2011	3	83	6.0	5.2	5.9705	0.7513	0.8617	0.5988	1.4605	6.7218	8.1823
1252986PIP	2011	3	85	3.4	4.0	1.524	0.2318	0.3228	0.1518	0.4746	1.7558	2.2304
1252986PIP	2011	13	87	3.0	3.6	0.7557	0.1798	0.7794	0.2744	1.0537	0.9355	1.9892
1252986PIP	2011	3	88	3.3	3.9	1.4185	0.2179	0.3065	0.1413	0.4478	1.6364	2.0842
1252986PIP	2011	3	90	3.6	4.1	1.7485	0.2609	0.3563	0.1743	0.5306	2.0094	2.54
1252986PIP	2011	3	91	6.8	5.5	8.0666	0.9736	1.0699	0.8101	1.8801	9.0402	10.9202
1252986PIP	2011	3	93	4.5	4.5	2.9898	0.4142	0.524	0.2989	0.8229	3.404	4.2269
1252986PIP	2011	3	94	5.3	4.9	4.4309	0.5811	0.6954	0.4437	1.1391	5.012	6.1511
1252986PIP	2011	3	96	3.8	4.2	1.9912	0.2918	0.3912	0.1987	0.5898	2.283	2.8729
1252986PIP	2011	3	97	7.0	5.5	8.6488	1.0338	1.1249	0.8689	1.9938	9.6826	11.6764
1252986PIP	2011	3	100	3.7	4.1	1.8675	0.2762	0.3736	0.1863	0.5598	2.1437	2.7035
1252986PIP	2011	3	103	5.6	5.0	5.058	0.6513	0.7648	0.5068	1.2717	5.7093	6.9809
1252986PIP	2011	3	105	3.6	4.1	1.7485	0.2609	0.3563	0.1743	0.5306	2.0094	2.54
1252986PIP	2011	3	108	2.6	3.5	0.7996	0.133	0.203	0.0794	0.2824	0.9327	1.2151
1252986PIP	2011	3	110	3.9	4.2	2.1195	0.308	0.4092	0.2115	0.6207	2.4275	3.0482
1252986PIP	2011	3	111	5.1	4.8	4.0395	0.5367	0.6506	0.4044	1.055	4.5761	5.6311
1252986PIP	2011	3	113	5.1	4.8	4.0395	0.5367	0.6506	0.4044	1.055	4.5761	5.6311
1252986PIP	2011	3	114	5.3	4.9	4.4309	0.5811	0.6954	0.4437	1.1391	5.012	6.1511
1252986PIP	2011	3	116	5.7	5.1	5.2778	0.6756	0.7886	0.529	1.3176	5.9534	7.271
1252986PIP	2011	3	117	3.7	4.1	1.8675	0.2762	0.3736	0.1863	0.5598	2.1437	2.7035
1252986PIP	2011	3	119	4.1	4.3	2.3903	0.3416	0.4461	0.2387	0.6848	2.7318	3.4166
1252986PIP	2011	3	120	8.6	6.0	14.1868	1.5831	1.6058	1.4286	3.0344	15.7699	18.8043
1252986PIP	2011	3	123	8.2	5.9	12.6519	1.4345	1.4789	1.2733	2.7522	14.0864	16.8386
1252986PIP	2011	3	125	6.2	5.3	6.4602	0.8041	0.912	0.6481	1.5601	7.2643	8.8244
1252986PIP	2011	3	128	3.8	4.2	1.9912	0.2918	0.3912	0.1987	0.5898	2.283	2.8729
1252986PIP	2011	3	130	6.5	5.4	7.2374	0.8867	0.9896	0.7265	1.7161	8.1241	9.8402
1252986PIP	2011	3	131	7.4	5.7	9.885	1.1598	1.2384	0.9937	2.2321	11.0448	13.2769
1252986PIP	2011	3	133	4.3	4.4	2.6803	0.377	0.4844	0.2678	0.7522	3.0572	3.8094
1252986PIP	2011	3	134	5.1	4.8	4.0395	0.5367	0.6506	0.4044	1.055	4.5761	5.6311
1246111PIP	2011	13	2	17.9	14.7	67.4633	9.8791	9.7469	11.3466	21.0935	77.3424	98.4359
1246111PIP	2011	13	3	7.4	7.3	7.3177	1.3624	2.7945	1.8007	4.5952	8.6801	13.2753
1246111PIP	2011	13	5	5.5	5.6	3.4698	0.7002	1.8368	0.9703	2.807	4.1701	6.9771
1246111PIP	2011	13	6	10.4	9.7	17.2208	2.9228	4.5222	3.6597	8.1818	20.1435	28.3254
1246111PIP	2011	13	11	12.0	10.9	24.6794	4.0289	5.5366	4.9312	10.4678	28.7084	39.1761
1246111PIP	2011	13	14	18.4	15.0	72.3029	10.5088	10.1342	12.0171	22.1513	82.8117	104.9629
1246111PIP	2011	38	16	7.1	9.8	8.006	1.5061	1.3461	2.0126	3.3588	9.5121	12.8709
1246111PIP	2011	13	19	5.1	5.3	2.8698	0.5912	1.6507	0.829	2.4797	3.4609	5.9406
1246111PIP	2011	13	20	15.4	13.2	46.2143	7.0499	7.8789	8.2931	16.1721	53.2642	69.4363
1246111PIP	2011	13	22	4.2	4.5	1.7612	0.3825	1.2543	0.5531	1.8075	2.1436	3.9511
1246111PIP	2011	13	23	10.6	9.8	18.0657	3.0504	4.6457	3.8078	8.4535	21.1161	29.5696
1246111PIP	2011	13	25	13.4	11.9	32.5723	5.1603	6.4717	6.2061	12.6778	37.7326	50.4105
1246111PIP	2011	13	26	17.2	14.3	61.0242	9.0335	9.2122	10.4415	19.6537	70.0577	89.7114
1246111PIP	2011	13	31	9.7	9.1	14.4528	2.4999	4.0978	3.165	7.2628	16.9527	24.2155
1246111PIP	2011	13	32	17.0	14.2	59.2554	8.7996	9.0611	10.1901	19.2512	68.0551	87.3063
1246111PIP	2011	13	34	19.5	15.6	83.6697	11.9704	11.0015	13.5628	24.5643	95.6402	120.2045
1246111PIP	2011	13	36	11.0	10.2	19.8294	3.3146	4.8955	4.1134	9.0089	23.144	32.1529
1246111PIP	2011	13	37	11.1	10.2	20.2858	3.3826	4.9586	4.1917	9.1503	23.6684	32.8187
1246111PIP	2011	3	39	18.9	15.2	94.1885	8.0812	6.2654	9.5702	15.8356	102.2697	118.1054
1246111PIP	2011	13	40	6.5	6.5	5.2814	1.0185	2.3263	1.3743	3.7006	6.3	10.0005
1246111PIP	2011	13	43	4.5	4.8	2.0948	0.4465	1.3829	0.6387	2.0216	2.5413	4.5629
1246111PIP	2011	38	45	7.7	10.3	9.8081	1.8307	1.5371	2.4758	4.0129	11.6388	15.6517
1246111PIP	2011	13	46	18.1	14.8	69.375	10.1284	9.9013	11.6124	21.5137	79.5033	101.017
1246111PIP	2011	38	49	4.7	7.6	2.8513	0.5584	0.6857	0.702	1.3877	3.4097	4.7974
1246111PIP	2011	13	52	4.6	4.9	2.2139	0.469	1.4266	0.6686	2.0952	2.6829	4.7781
1246111PIP	2011	13	54	9.0	8.6	11.9716	2.1133	3.6859	2.7076	6.3935	14.0849	20.4784
1246111PIP	2011	13	57	16.1	13.6	51.6801	7.789	8.3902	9.0981	17.4882	59.4691	76.9573
1246111PIP	2011	13	59	7.6	7.4	7.8253	1.4463	2.902	1.9036	4.8055	9.2716	14.0772
1246111PIP	2011	38	60	8.2	10.6	11.4806	2.1298	1.7036	2.9073	4.6109	13.6104	18.2212
1246111PIP	2011	13	63	10.1	9.5	15.9987	2.7371	4.3388	3.4431	7.7819	18.7358	26.5177
1246111PIP	2011	13	65	8.4	8.1	10.0648	1.8103	3.3432	2.345	5.6883	11.8751	17.5634
1246111PIP	2011	13	66	15.6	13.3	47.7385	7.2569	8.024	8.5192	16.5432	54.9954	71.5386
1246111PIP	2011	13	68	10.0	9.4	15.6034	2.6766	4.2782	3.3724	7.6506	18.28	25.9306
1246111PIP	2011	13	69	9.1	8.7	12.3089	2.1663	3.7439	2.7707	6.5147	14.4752	20.9899
1246111PIP	2011	13	72	9.4	8.9	13.355	2.3298	3.9197	2.9645	6.8842	15.6848	22.5689
1246111PIP	2011	13	74	17.3	14.4	61.9203	9.1518	9.2881	10.5684	19.8565	71.072	90.9285
1246111PIP	2011	13	77	12.7	11.4	28.4612	4.5752	5.9988	5.5496	11.5484	33.0365	44.5849
1246111PIP	2011	13	79	10.5	9.8	17.6402	2.9862	4.5838	3.7334	8.3172	20.6264	28.9435
1246111PIP	2011	13	83	13.0	11.6	30.1823	4.8212	6.2002	5.8263	12.0265	35.0035	47.03
1246111PIP	2011	38	85	3.0	5.6	0.927	0.1897	0.3291	0.2231	0.5522	1.1167	1.6689
1246111PIP	2011	13	86	11.0	10.2	19.8294	3.3146	4.8955	4.1134	9.0089	23.144	32.1529
1246111PIP	2011	13	88	8.9	8.5	11.6399	2.061	3.6281	2.6453	6.2734	13.7009	19.9743
1246111PIP	2011	38	89	8.7	11.0	13.3136	2.4556	1.8767	3.3815	5.2583	15.7692	21.0275
1246111PIP	2011	13	95	10.0	9.4	15.6034	2.6766	4.2782	3.3724	7.6506	18.28	25.9306
1246111PIP	2011	13	97	5.3	5.5	3.1612	0.6444	1.743	0.8982	2.6412	3.8056	6.4468
1246111PIP	2011	13	99	7.9	7.7	8.6254	1.5775	3.0653	2.0635	5.1288	10.203	15.3318
1246111PIP	2011	13	100	16.3	13.8	53.3097	8.0077	8.538	9.3352	17.8731	61.3174	79.1906
1246111PIP	2011	38	105	3.6	6.3	1.463	0.294	0.4434	0.3554	0.7988	1.7571	2.5559
1246111PIP	2011	13	106	3.3	3.7	0.9603	0.2227	0.8918	0.3346	1.2265	1.183	2.4095
1246111PIP	2011	13	108	2.6	3.1	0.5273	0.1304	0.6366	0.2036	0.8402	0.6577	1.4979
1246111PIP	2011	13	112	3.4	3.8	1.0352	0.2381	0.9303	0.3561	1.2864	1.2733	2.5597
1246111PIP	2011	13	114	9.2	8.8	12.6519	2.2201	3.8023	2.8345	6.6368	14.872	21.5088
1246111PIP	2011	13	115	11.1	10.2	20.2858	3.3826	4.9586	4.1917	9.1503	23.6684	32.8187
1246111PIP	2011	13	117	4.0	4.3	1.5578	0.3428	1.1707	0.4997	1.6704	1.9006	3.571
1246111PIP	2011	13	120	15.2	13.1	44.7199	6.8462	7.7346	8.0703	15.8049	51.566	67.3709
1246111PIP	2011	13	122	3.4	3.8	1.0352	0.2381	0.9303	0.3561	1.2864	1.2733	2.5597
1246111PIP	2011	13	125	3.3	3.7	0.9603	0.2227	0.8918	0.3346	1.2265	1.183	2.4095
1246111PIP	2011	13	126	15.2	13.1	44.7199	6.8462	7.7346	8.0703	15.8049	51.566	67.3709
1163631PIP	2011	13	2	14.1	11.9	37.022	5.7846	6.955	6.9008	13.8559	42.8066	56.6625
1163631PIP	2011	13	3	4.4	4.5	1.9797	0.4245	1.3397	0.6094	1.9491	2.4043	4.3534
1163631PIP	2011	13	6	4.9	5.0	2.5951	0.5404	1.5599	0.7627	2.3226	3.1355	5.4581
1163631PIP	2011	13	9	7.0	6.7	6.3634	1.2027	2.5833	1.6038	4.1871	7.5661	11.7532
1163631PIP	2011	13	11	3.2	3.5	0.8888	0.2078	0.8539	0.3139	1.1677	1.0967	2.2644
1163631PIP	2011	13	14	6.0	5.9	4.3185	0.8512	2.0773	1.1631	3.2404	5.1697	8.4101
1163631PIP	2011	13	16	7.3	6.9	7.0716	1.3214	2.7413	1.7503	4.4916	8.393	12.8846
1163631PIP	2011	13	17	6.3	6.1	4.8823	0.9496	2.2257	1.2876	3.5133	5.8318	9.3452
1163631PIP	2011	13	19	6.7	6.5	5.6997	1.0902	2.4281	1.4639	3.892	6.7898	10.6818
1163631PIP	2011	13	20	3.1	3.5	0.8206	0.1935	0.8164	0.2938	1.1101	1.0142	2.1243
1163631PIP	2011	13	22	10.4	9.4	17.2208	2.9228	4.5222	3.6597	8.1818	20.1435	28.3254
1163631PIP	2011	13	23	6.9	6.6	6.1372	1.1645	2.5313	1.5564	4.0877	7.3017	11.3894
1163631PIP	2011	13	25	3.2	3.5	0.8888	0.2078	0.8539	0.3139	1.1677	1.0967	2.2644
1163631PIP	2011	13	26	7.7	7.3	8.0868	1.4894	2.9561	1.9562	4.9123	9.5762	14.4884
1163631PIP	2011	13	29	12.2	10.7	25.7269	4.1811	5.6676	5.104	10.7715	29.908	40.6795
1163631PIP	2011	13	31	3.5	3.8	1.1135	0.2541	0.9692	0.3783	1.3475	1.3676	2.7151
1163631PIP	2011	13	32	6.9	6.6	6.1372	1.1645	2.5313	1.5564	4.0877	7.3017	11.3894
1163631PIP	2011	13	34	9.0	8.3	11.9716	2.1133	3.6859	2.7076	6.3935	14.0849	20.4784
1163631PIP	2011	13	36	11.5	10.2	22.1746	3.6621	5.2132	4.5127	9.7258	25.8367	35.5625
1163631PIP	2011	13	37	8.9	8.2	11.6399	2.061	3.6281	2.6453	6.2734	13.7009	19.9743
1163631PIP	2011	13	39	7.0	6.7	6.3634	1.2027	2.5833	1.6038	4.1871	7.5661	11.7532
1163631PIP	2011	13	40	3.9	4.1	1.4617	0.3239	1.1295	0.474	1.6035	1.7856	3.3891
1163631PIP	2011	13	42	5.9	5.8	4.1398	0.8197	2.0285	1.1231	3.1516	4.9595	8.1111
1163631PIP	2011	13	43	2.9	3.3	0.6939	0.1666	0.7429	0.2556	0.9985	0.8606	1.8591
1163631PIP	2011	13	45	5.0	5.0	2.7303	0.5655	1.6051	0.7955	2.4006	3.2958	5.6964
1163631PIP	2011	13	46	5.3	5.3	3.1612	0.6444	1.743	0.8982	2.6412	3.8056	6.4468
1163631PIP	2011	13	49	12.8	11.1	29.0281	4.6564	6.0657	5.641	11.7068	33.6846	45.3914
1163631PIP	2011	13	51	6.7	6.5	5.6997	1.0902	2.4281	1.4639	3.892	6.7898	10.6818
1163631PIP	2011	13	52	3.6	3.9	1.1952	0.2707	1.0086	0.4012	1.4098	1.4659	2.8757
1163631PIP	2011	13	54	3.8	4.0	1.3693	0.3056	1.0888	0.449	1.5378	1.6749	3.2127
1163631PIP	2011	13	56	3.1	3.5	0.8206	0.1935	0.8164	0.2938	1.1101	1.0142	2.1243
1163631PIP	2011	13	57	11.4	10.1	21.6929	3.5911	5.1492	4.4313	9.5805	25.2839	34.8644
1163631PIP	2011	13	59	4.7	4.8	2.3369	0.4922	1.4706	0.6992	2.1699	2.8291	4.999
1163631PIP	2011	13	60	2.8	3.2	0.6353	0.154	0.7069	0.2376	0.9445	0.7893	1.7339
1163631PIP	2011	13	62	3.2	3.5	0.8888	0.2078	0.8539	0.3139	1.1677	1.0967	2.2644
1163631PIP	2011	13	63	5.0	5.0	2.7303	0.5655	1.6051	0.7955	2.4006	3.2958	5.6964
1163631PIP	2011	13	66	8.8	8.1	11.3138	2.0094	3.5706	2.5838	6.1543	13.3232	19.4776
1163631PIP	2011	13	69	8.5	7.9	10.3688	1.859	3.3997	2.4036	5.8032	12.2278	18.0311
1163631PIP	2011	13	72	11.4	10.1	21.6929	3.5911	5.1492	4.4313	9.5805	25.2839	34.8644
1163631PIP	2011	13	74	13.7	11.7	34.4373	5.423	6.6776	6.4992	13.1768	39.8604	53.0371
1163631PIP	2011	13	77	4.2	4.4	1.7612	0.3825	1.2543	0.5531	1.8075	2.1436	3.9511
1163631PIP	2011	13	79	9.2	8.4	12.6519	2.2201	3.8023	2.8345	6.6368	14.872	21.5088
1163631PIP	2011	13	80	10.8	9.7	18.9352	3.181	4.7701	3.9591	8.7292	22.1161	30.8453
1163631PIP	2011	13	82	5.0	5.0	2.7303	0.5655	1.6051	0.7955	2.4006	3.2958	5.6964
1163631PIP	2011	13	83	10.6	9.5	18.0657	3.0504	4.6457	3.8078	8.4535	21.1161	29.5696
1163631PIP	2011	13	85	12.1	10.6	25.1999	4.1046	5.602	5.0172	10.6192	29.3045	39.9237
1163631PIP	2011	13	86	11.5	10.2	22.1746	3.6621	5.2132	4.5127	9.7258	25.8367	35.5625
1163631PIP	2011	13	89	7.9	7.4	8.6254	1.5775	3.0653	2.0635	5.1288	10.203	15.3318
1163631PIP	2011	13	92	2.6	3.1	0.5273	0.1304	0.6366	0.2036	0.8402	0.6577	1.4979
1163631PIP	2011	13	94	8.7	8.1	10.9933	1.9586	3.5133	2.523	6.0363	12.9519	18.9881
1163631PIP	2011	13	97	11.5	10.2	22.1746	3.6621	5.2132	4.5127	9.7258	25.8367	35.5625
1163631PIP	2011	13	99	3.9	4.1	1.4617	0.3239	1.1295	0.474	1.6035	1.7856	3.3891
1163631PIP	2011	13	100	9.9	9.0	15.214	2.617	4.2178	3.3025	7.5203	17.8309	25.3513
1163631PIP	2011	13	105	11.8	10.4	23.6581	3.8799	5.4065	4.7615	10.168	27.538	37.706
1163631PIP	2011	13	106	7.2	6.9	6.8305	1.2812	2.6883	1.7007	4.3891	8.1117	12.5007
1163631PIP	2011	13	108	6.7	6.5	5.6997	1.0902	2.4281	1.4639	3.892	6.7898	10.6818
1163631PIP	2011	13	109	6.1	6.0	4.5018	0.8833	2.1264	1.2039	3.3303	5.3851	8.7154
1163631PIP	2011	13	112	6.6	6.4	5.4881	1.054	2.377	1.4187	3.7958	6.5422	10.3379
1163631PIP	2011	13	114	2.6	3.1	0.5273	0.1304	0.6366	0.2036	0.8402	0.6577	1.4979
1163631PIP	2011	13	115	10.6	9.5	18.0657	3.0504	4.6457	3.8078	8.4535	21.1161	29.5696
1163631PIP	2011	13	117	8.8	8.1	11.3138	2.0094	3.5706	2.5838	6.1543	13.3232	19.4776
1163631PIP	2011	13	119	2.9	3.3	0.6939	0.1666	0.7429	0.2556	0.9985	0.8606	1.8591
1163631PIP	2011	13	120	3.3	3.6	0.9603	0.2227	0.8918	0.3346	1.2265	1.183	2.4095
1163631PIP	2011	13	122	5.0	5.0	2.7303	0.5655	1.6051	0.7955	2.4006	3.2958	5.6964
1163631PIP	2011	13	123	4.1	4.3	1.6576	0.3623	1.2123	0.526	1.7384	2.02	3.7583
1163631PIP	2011	13	125	4.8	4.9	2.464	0.516	1.5151	0.7306	2.2457	2.98	5.2257
1163631PIP	2011	13	126	13.1	11.3	30.7695	4.9048	6.2678	5.9201	12.1878	35.6743	47.8621
1163631PIP	2011	13	128	15.2	12.6	44.7199	6.8462	7.7346	8.0703	15.8049	51.566	67.3709
1163631PIP	2011	13	129	12.1	10.6	25.1999	4.1046	5.602	5.0172	10.6192	29.3045	39.9237
1163631PIP	2011	13	132	10.9	9.7	19.3792	3.2474	4.8327	4.0359	8.8686	22.6265	31.4951
1163631PIP	2011	13	134	3.1	3.5	0.8206	0.1935	0.8164	0.2938	1.1101	1.0142	2.1243
1163631PIP	2011	13	135	6.1	6.0	4.5018	0.8833	2.1264	1.2039	3.3303	5.3851	8.7154
1163631PIP	2011	13	137	9.0	8.3	11.9716	2.1133	3.6859	2.7076	6.3935	14.0849	20.4784
1163631PIP	2011	13	139	8.4	7.8	10.0648	1.8103	3.3432	2.345	5.6883	11.8751	17.5634
1163631PIP	2011	13	140	5.3	5.3	3.1612	0.6444	1.743	0.8982	2.6412	3.8056	6.4468
1163631PIP	2011	13	143	6.2	6.0	4.6897	0.9161	2.1759	1.2454	3.4213	5.6058	9.0271
1163631PIP	2011	13	145	14.7	12.3	41.1123	6.3514	7.3772	7.5269	14.9042	47.4636	62.3678
1163631PIP	2011	13	146	8.1	7.6	9.1851	1.6685	3.1756	2.1739	5.3495	10.8537	16.2032
1163631PIP	2011	13	148	9.5	8.7	13.7151	2.3858	3.9788	3.0306	7.0094	16.1009	23.1103
1163631PIP	2011	13	149	11.5	10.2	22.1746	3.6621	5.2132	4.5127	9.7258	25.8367	35.5625
1163631PIP	2011	13	152	6.0	5.9	4.3185	0.8512	2.0773	1.1631	3.2404	5.1697	8.4101
1163631PIP	2011	13	155	3.0	3.4	0.7557	0.1798	0.7794	0.2744	1.0537	0.9355	1.9892
1163631PIP	2011	13	157	12.5	10.9	27.3475	4.4152	5.8657	5.369	11.2347	31.7627	42.9974
1163631PIP	2011	13	160	6.4	6.2	5.0795	0.9837	2.2758	1.3306	3.6064	6.0632	9.6696
1163631PIP	2011	13	162	3.0	3.4	0.7557	0.1798	0.7794	0.2744	1.0537	0.9355	1.9892
1163631PIP	2011	13	163	9.6	8.8	14.0811	2.4425	4.0382	3.0974	7.1356	16.5235	23.6591
1163631PIP	2011	13	165	13.7	11.7	34.4373	5.423	6.6776	6.4992	13.1768	39.8604	53.0371
1163631PIP	2011	13	166	13.2	11.3	31.3636	4.9892	6.3356	6.0146	12.3502	36.3527	48.7029
1163631PIP	2011	13	168	2.5	3.0	0.4778	0.1195	0.6022	0.1876	0.7899	0.5972	1.3871
1163631PIP	2011	13	169	4.8	4.9	2.464	0.516	1.5151	0.7306	2.2457	2.98	5.2257
1163631PIP	2011	13	171	12.3	10.7	26.2605	4.2583	5.7334	5.1916	10.9249	30.5188	41.4438
1163631PIP	2011	13	172	8.1	7.6	9.1851	1.6685	3.1756	2.1739	5.3495	10.8537	16.2032
1163641PIP	2011	13	2	3.0	3.0	0.7557	0.1798	0.7794	0.2744	1.0537	0.9355	1.9892
1163641PIP	2011	13	4	4.4	3.9	1.9797	0.4245	1.3397	0.6094	1.9491	2.4043	4.3534
1163641PIP	2011	13	7	5.5	4.6	3.4698	0.7002	1.8368	0.9703	2.807	4.1701	6.9771
1163641PIP	2011	13	9	5.2	4.4	3.0134	0.6175	1.6967	0.8632	2.5599	3.6308	6.1907
1163641PIP	2011	13	10	4.3	3.8	1.8685	0.4032	1.2968	0.5809	1.8777	2.2717	4.1494
1163641PIP	2011	13	12	4.0	3.6	1.5578	0.3428	1.1707	0.4997	1.6704	1.9006	3.571
1163641PIP	2011	13	13	5.3	4.5	3.1612	0.6444	1.743	0.8982	2.6412	3.8056	6.4468
1163641PIP	2011	13	15	4.5	4.0	2.0948	0.4465	1.3829	0.6387	2.0216	2.5413	4.5629
1163641PIP	2011	13	16	6.4	5.2	5.0795	0.9837	2.2758	1.3306	3.6064	6.0632	9.6696
1163641PIP	2011	13	18	3.0	3.0	0.7557	0.1798	0.7794	0.2744	1.0537	0.9355	1.9892
1163641PIP	2011	13	22	5.9	4.9	4.1398	0.8197	2.0285	1.1231	3.1516	4.9595	8.1111
1163641PIP	2011	13	24	7.8	6.2	8.3535	1.5331	3.0106	2.0095	5.02	9.8866	14.9066
1163641PIP	2011	13	25	6.4	5.2	5.0795	0.9837	2.2758	1.3306	3.6064	6.0632	9.6696
1163641PIP	2011	13	27	5.2	4.4	3.0134	0.6175	1.6967	0.8632	2.5599	3.6308	6.1907
1163641PIP	2011	13	29	6.1	5.0	4.5018	0.8833	2.1264	1.2039	3.3303	5.3851	8.7154
1163641PIP	2011	13	30	4.4	3.9	1.9797	0.4245	1.3397	0.6094	1.9491	2.4043	4.3534
1163641PIP	2011	13	32	7.7	6.1	8.0868	1.4894	2.9561	1.9562	4.9123	9.5762	14.4884
1163641PIP	2011	13	33	4.5	4.0	2.0948	0.4465	1.3829	0.6387	2.0216	2.5413	4.5629
1163641PIP	2011	13	35	3.4	3.2	1.0352	0.2381	0.9303	0.3561	1.2864	1.2733	2.5597
1163641PIP	2011	13	36	4.6	4.0	2.2139	0.469	1.4266	0.6686	2.0952	2.6829	4.7781
1163641PIP	2011	13	38	4.4	3.9	1.9797	0.4245	1.3397	0.6094	1.9491	2.4043	4.3534
1163641PIP	2011	13	39	5.3	4.5	3.1612	0.6444	1.743	0.8982	2.6412	3.8056	6.4468
1163641PIP	2011	13	42	7.8	6.2	8.3535	1.5331	3.0106	2.0095	5.02	9.8866	14.9066
1163641PIP	2011	13	44	5.6	4.7	3.6307	0.7291	1.8842	1.0074	2.8915	4.3598	7.2513
1163641PIP	2011	13	45	2.7	2.8	0.5798	0.142	0.6715	0.2203	0.8918	0.7218	1.6135
1163641PIP	2011	13	47	4.8	4.2	2.464	0.516	1.5151	0.7306	2.2457	2.98	5.2257
1163641PIP	2011	13	49	8.6	6.7	10.6783	1.9084	3.4564	2.4629	5.9193	12.5867	18.506
1163641PIP	2011	13	50	5.8	4.8	3.9656	0.7888	1.98	1.0838	3.0638	4.7544	7.8183
1163641PIP	2011	13	52	3.5	3.3	1.1135	0.2541	0.9692	0.3783	1.3475	1.3676	2.7151
1163641PIP	2011	13	53	4.1	3.7	1.6576	0.3623	1.2123	0.526	1.7384	2.02	3.7583
1163641PIP	2011	13	55	2.6	2.7	0.5273	0.1304	0.6366	0.2036	0.8402	0.6577	1.4979
1163641PIP	2011	13	56	4.6	4.0	2.2139	0.469	1.4266	0.6686	2.0952	2.6829	4.7781
1163641PIP	2011	13	58	5.0	4.3	2.7303	0.5655	1.6051	0.7955	2.4006	3.2958	5.6964
1163641PIP	2011	13	59	3.0	3.0	0.7557	0.1798	0.7794	0.2744	1.0537	0.9355	1.9892
1163641PIP	2011	13	62	3.7	3.4	1.2805	0.2878	1.0485	0.4247	1.4732	1.5683	3.0415
1163641PIP	2011	13	65	4.0	3.6	1.5578	0.3428	1.1707	0.4997	1.6704	1.9006	3.571
1163641PIP	2011	13	67	3.1	3.0	0.8206	0.1935	0.8164	0.2938	1.1101	1.0142	2.1243
1163641PIP	2011	13	70	3.5	3.3	1.1135	0.2541	0.9692	0.3783	1.3475	1.3676	2.7151
1163641PIP	2011	13	72	8.2	6.4	9.473	1.7151	3.2312	2.2302	5.4614	11.188	16.6494
1163641PIP	2011	13	73	5.8	4.8	3.9656	0.7888	1.98	1.0838	3.0638	4.7544	7.8183
1163641PIP	2011	13	75	4.4	3.9	1.9797	0.4245	1.3397	0.6094	1.9491	2.4043	4.3534
1163641PIP	2011	13	76	5.8	4.8	3.9656	0.7888	1.98	1.0838	3.0638	4.7544	7.8183
1163641PIP	2011	13	78	5.1	4.4	2.8698	0.5912	1.6507	0.829	2.4797	3.4609	5.9406
1163641PIP	2011	13	79	4.0	3.6	1.5578	0.3428	1.1707	0.4997	1.6704	1.9006	3.571
1163641PIP	2011	13	81	4.5	4.0	2.0948	0.4465	1.3829	0.6387	2.0216	2.5413	4.5629
1163641PIP	2011	13	82	2.7	2.8	0.5798	0.142	0.6715	0.2203	0.8918	0.7218	1.6135
1163641PIP	2011	13	85	3.4	3.2	1.0352	0.2381	0.9303	0.3561	1.2864	1.2733	2.5597
1163641PIP	2011	13	87	5.3	4.5	3.1612	0.6444	1.743	0.8982	2.6412	3.8056	6.4468
1163641PIP	2011	13	90	6.2	5.1	4.6897	0.9161	2.1759	1.2454	3.4213	5.6058	9.0271
1163641PIP	2011	13	92	4.2	3.8	1.7612	0.3825	1.2543	0.5531	1.8075	2.1436	3.9511
1163641PIP	2011	13	93	4.7	4.1	2.3369	0.4922	1.4706	0.6992	2.1699	2.8291	4.999
1163641PIP	2011	13	95	3.7	3.4	1.2805	0.2878	1.0485	0.4247	1.4732	1.5683	3.0415
1163641PIP	2011	13	96	3.8	3.5	1.3693	0.3056	1.0888	0.449	1.5378	1.6749	3.2127
1163641PIP	2011	13	98	3.3	3.2	0.9603	0.2227	0.8918	0.3346	1.2265	1.183	2.4095
1163641PIP	2011	13	99	3.6	3.4	1.1952	0.2707	1.0086	0.4012	1.4098	1.4659	2.8757
1163641PIP	2011	25	101	3.2	3.5	1.077	0.2027	0.4519	0.2732	0.7251	1.2798	2.0049
1163641PIP	2011	13	105	3.6	3.4	1.1952	0.2707	1.0086	0.4012	1.4098	1.4659	2.8757
1163641PIP	2011	13	107	2.8	2.8	0.6353	0.154	0.7069	0.2376	0.9445	0.7893	1.7339
1163651PIP	2011	13	1	9.0	8.1	11.9716	2.1133	3.6859	2.7076	6.3935	14.0849	20.4784
1163651PIP	2011	13	3	7.7	7.1	8.0868	1.4894	2.9561	1.9562	4.9123	9.5762	14.4884
1163651PIP	2011	13	5	2.7	3.1	0.5798	0.142	0.6715	0.2203	0.8918	0.7218	1.6135
1163651PIP	2011	13	6	3.3	3.5	0.9603	0.2227	0.8918	0.3346	1.2265	1.183	2.4095
1163651PIP	2011	13	8	8.7	7.8	10.9933	1.9586	3.5133	2.523	6.0363	12.9519	18.9881
1163651PIP	2011	13	9	2.7	3.1	0.5798	0.142	0.6715	0.2203	0.8918	0.7218	1.6135
1163651PIP	2011	13	11	11.3	9.7	21.2175	3.5208	5.0854	4.3507	9.4361	24.7383	34.1744
1163651PIP	2011	13	12	10.5	9.2	17.6402	2.9862	4.5838	3.7334	8.3172	20.6264	28.9435
1163651PIP	2011	13	14	5.9	5.6	4.1398	0.8197	2.0285	1.1231	3.1516	4.9595	8.1111
1163651PIP	2011	13	15	6.7	6.3	5.6997	1.0902	2.4281	1.4639	3.892	6.7898	10.6818
1163651PIP	2011	13	18	3.5	3.7	1.1135	0.2541	0.9692	0.3783	1.3475	1.3676	2.7151
1163651PIP	2011	13	21	11.9	10.1	24.1655	3.954	5.4715	4.8459	10.3174	28.1195	38.4369
1163651PIP	2011	13	23	9.6	8.5	14.0811	2.4425	4.0382	3.0974	7.1356	16.5235	23.6591
1163651PIP	2011	13	26	8.0	7.3	8.9026	1.6227	3.1203	2.1183	5.2386	10.5253	15.764
1163651PIP	2011	13	28	3.7	3.9	1.2805	0.2878	1.0485	0.4247	1.4732	1.5683	3.0415
1163651PIP	2011	13	29	10.0	8.8	15.6034	2.6766	4.2782	3.3724	7.6506	18.28	25.9306
1163651PIP	2011	13	31	8.3	7.5	9.7662	1.7623	3.2871	2.2872	5.5743	11.5285	17.1028
1163651PIP	2011	13	32	8.8	7.9	11.3138	2.0094	3.5706	2.5838	6.1543	13.3232	19.4776
1163651PIP	2011	13	34	8.0	7.3	8.9026	1.6227	3.1203	2.1183	5.2386	10.5253	15.764
1163651PIP	2011	13	35	4.6	4.6	2.2139	0.469	1.4266	0.6686	2.0952	2.6829	4.7781
1163651PIP	2011	13	38	8.8	7.9	11.3138	2.0094	3.5706	2.5838	6.1543	13.3232	19.4776
1163651PIP	2011	13	41	10.1	8.9	15.9987	2.7371	4.3388	3.4431	7.7819	18.7358	26.5177
1163651PIP	2011	13	43	5.5	5.3	3.4698	0.7002	1.8368	0.9703	2.807	4.1701	6.9771
1163651PIP	2011	13	46	5.2	5.1	3.0134	0.6175	1.6967	0.8632	2.5599	3.6308	6.1907
1163651PIP	2011	13	48	10.0	8.8	15.6034	2.6766	4.2782	3.3724	7.6506	18.28	25.9306
1163651PIP	2011	13	49	4.3	4.3	1.8685	0.4032	1.2968	0.5809	1.8777	2.2717	4.1494
1163651PIP	2011	13	51	6.5	6.1	5.2814	1.0185	2.3263	1.3743	3.7006	6.3	10.0005
1163651PIP	2011	13	52	4.9	4.8	2.5951	0.5404	1.5599	0.7627	2.3226	3.1355	5.4581
1163651PIP	2011	13	54	11.3	9.7	21.2175	3.5208	5.0854	4.3507	9.4361	24.7383	34.1744
1163651PIP	2011	13	55	2.7	3.1	0.5798	0.142	0.6715	0.2203	0.8918	0.7218	1.6135
1163651PIP	2011	13	57	12.6	10.6	27.901	4.4948	5.9321	5.4589	11.3911	32.3958	43.7869
1163651PIP	2011	13	58	7.3	6.8	7.0716	1.3214	2.7413	1.7503	4.4916	8.393	12.8846
1163651PIP	2011	13	61	10.2	8.9	16.4001	2.7982	4.3997	3.5145	7.9142	19.1983	27.1125
1163651PIP	2011	13	63	4.2	4.3	1.7612	0.3825	1.2543	0.5531	1.8075	2.1436	3.9511
1163651PIP	2011	13	64	6.0	5.7	4.3185	0.8512	2.0773	1.1631	3.2404	5.1697	8.4101
1163651PIP	2011	13	66	11.1	9.6	20.2858	3.3826	4.9586	4.1917	9.1503	23.6684	32.8187
1163651PIP	2011	13	68	6.6	6.2	5.4881	1.054	2.377	1.4187	3.7958	6.5422	10.3379
1163651PIP	2011	13	69	3.2	3.5	0.8888	0.2078	0.8539	0.3139	1.1677	1.0967	2.2644
1163651PIP	2011	13	71	7.0	6.5	6.3634	1.2027	2.5833	1.6038	4.1871	7.5661	11.7532
1163651PIP	2011	13	72	9.1	8.1	12.3089	2.1663	3.7439	2.7707	6.5147	14.4752	20.9899
1163651PIP	2011	13	74	4.9	4.8	2.5951	0.5404	1.5599	0.7627	2.3226	3.1355	5.4581
1163651PIP	2011	13	75	11.5	9.9	22.1746	3.6621	5.2132	4.5127	9.7258	25.8367	35.5625
1163651PIP	2011	13	77	9.7	8.6	14.4528	2.4999	4.0978	3.165	7.2628	16.9527	24.2155
1163651PIP	2011	13	78	13.2	11.0	31.3636	4.9892	6.3356	6.0146	12.3502	36.3527	48.7029
1163651PIP	2011	13	81	9.3	8.3	13.0006	2.2746	3.8608	2.8991	6.76	15.2752	22.0351
1163651PIP	2011	13	83	6.6	6.2	5.4881	1.054	2.377	1.4187	3.7958	6.5422	10.3379
1163651PIP	2011	13	84	7.3	6.8	7.0716	1.3214	2.7413	1.7503	4.4916	8.393	12.8846
1163651PIP	2011	13	86	11.6	9.9	22.6627	3.7339	5.2774	4.5948	9.8722	26.3966	36.2688
1163651PIP	2011	13	88	12.9	10.8	29.6018	4.7384	6.1329	5.7333	11.8662	34.3402	46.2064
1163651PIP	2011	13	89	3.2	3.5	0.8888	0.2078	0.8539	0.3139	1.1677	1.0967	2.2644
1163651PIP	2011	13	91	4.9	4.8	2.5951	0.5404	1.5599	0.7627	2.3226	3.1355	5.4581
1163651PIP	2011	13	92	2.5	2.9	0.4778	0.1195	0.6022	0.1876	0.7899	0.5972	1.3871
1163651PIP	2011	13	94	8.7	7.8	10.9933	1.9586	3.5133	2.523	6.0363	12.9519	18.9881
1163651PIP	2011	13	95	9.3	8.3	13.0006	2.2746	3.8608	2.8991	6.76	15.2752	22.0351
1163651PIP	2011	13	97	5.6	5.4	3.6307	0.7291	1.8842	1.0074	2.8915	4.3598	7.2513
1163651PIP	2011	13	98	7.2	6.7	6.8305	1.2812	2.6883	1.7007	4.3891	8.1117	12.5007
1163651PIP	2011	13	101	3.7	3.9	1.2805	0.2878	1.0485	0.4247	1.4732	1.5683	3.0415
1163651PIP	2011	13	104	10.2	8.9	16.4001	2.7982	4.3997	3.5145	7.9142	19.1983	27.1125
1163651PIP	2011	13	106	4.4	4.4	1.9797	0.4245	1.3397	0.6094	1.9491	2.4043	4.3534
1163651PIP	2011	13	109	9.0	8.1	11.9716	2.1133	3.6859	2.7076	6.3935	14.0849	20.4784
1163651PIP	2011	13	111	4.7	4.7	2.3369	0.4922	1.4706	0.6992	2.1699	2.8291	4.999
1163651PIP	2011	13	112	8.7	7.8	10.9933	1.9586	3.5133	2.523	6.0363	12.9519	18.9881
1163651PIP	2011	13	114	4.1	4.2	1.6576	0.3623	1.2123	0.526	1.7384	2.02	3.7583
1163651PIP	2011	13	115	15.1	12.2	43.9837	6.7456	7.6627	7.96	15.6228	50.7293	66.352
1163651PIP	2011	13	117	3.6	3.8	1.1952	0.2707	1.0086	0.4012	1.4098	1.4659	2.8757
1163651PIP	2011	13	118	10.8	9.4	18.9352	3.181	4.7701	3.9591	8.7292	22.1161	30.8453
1163651PIP	2011	13	120	7.3	6.8	7.0716	1.3214	2.7413	1.7503	4.4916	8.393	12.8846
1163651PIP	2011	13	121	9.5	8.4	13.7151	2.3858	3.9788	3.0306	7.0094	16.1009	23.1103
1163651PIP	2011	13	124	8.9	8.0	11.6399	2.061	3.6281	2.6453	6.2734	13.7009	19.9743
1163651PIP	2011	13	126	5.7	5.5	3.7959	0.7587	1.9319	1.0452	2.9772	4.5546	7.5317
1163651PIP	2011	13	129	4.8	4.8	2.464	0.516	1.5151	0.7306	2.2457	2.98	5.2257
1163651PIP	2011	13	131	2.8	3.1	0.6353	0.154	0.7069	0.2376	0.9445	0.7893	1.7339
1163651PIP	2011	13	132	10.7	9.3	18.4974	3.1153	4.7078	3.8831	8.5909	21.6126	30.2035
1163651PIP	2011	13	134	7.4	6.8	7.3177	1.3624	2.7945	1.8007	4.5952	8.6801	13.2753
1163651PIP	2011	13	135	3.4	3.6	1.0352	0.2381	0.9303	0.3561	1.2864	1.2733	2.5597
1163651PIP	2011	13	137	9.6	8.5	14.0811	2.4425	4.0382	3.0974	7.1356	16.5235	23.6591
1163651PIP	2011	13	138	2.9	3.2	0.6939	0.1666	0.7429	0.2556	0.9985	0.8606	1.8591
1163651PIP	2011	13	140	6.6	6.2	5.4881	1.054	2.377	1.4187	3.7958	6.5422	10.3379
1163651PIP	2011	13	141	3.3	3.5	0.9603	0.2227	0.8918	0.3346	1.2265	1.183	2.4095
1163651PIP	2011	13	144	4.1	4.2	1.6576	0.3623	1.2123	0.526	1.7384	2.02	3.7583
1163651PIP	2011	13	146	9.3	8.3	13.0006	2.2746	3.8608	2.8991	6.76	15.2752	22.0351
1163651PIP	2011	13	147	4.5	4.5	2.0948	0.4465	1.3829	0.6387	2.0216	2.5413	4.5629
1163651PIP	2011	13	149	5.2	5.1	3.0134	0.6175	1.6967	0.8632	2.5599	3.6308	6.1907
1163651PIP	2011	13	151	5.7	5.5	3.7959	0.7587	1.9319	1.0452	2.9772	4.5546	7.5317
1163651PIP	2011	13	152	3.9	4.0	1.4617	0.3239	1.1295	0.474	1.6035	1.7856	3.3891
1163651PIP	2011	13	154	8.8	7.9	11.3138	2.0094	3.5706	2.5838	6.1543	13.3232	19.4776
1163651PIP	2011	13	155	6.4	6.0	5.0795	0.9837	2.2758	1.3306	3.6064	6.0632	9.6696
1163651PIP	2011	13	157	9.5	8.4	13.7151	2.3858	3.9788	3.0306	7.0094	16.1009	23.1103
1163651PIP	2011	13	158	3.4	3.6	1.0352	0.2381	0.9303	0.3561	1.2864	1.2733	2.5597
1163651PIP	2011	13	160	3.8	3.9	1.3693	0.3056	1.0888	0.449	1.5378	1.6749	3.2127
1163651PIP	2011	13	161	2.7	3.1	0.5798	0.142	0.6715	0.2203	0.8918	0.7218	1.6135
1163651PIP	2011	13	164	10.1	8.9	15.9987	2.7371	4.3388	3.4431	7.7819	18.7358	26.5177
1163651PIP	2011	13	166	4.2	4.3	1.7612	0.3825	1.2543	0.5531	1.8075	2.1436	3.9511
1163651PIP	2011	13	167	3.2	3.5	0.8888	0.2078	0.8539	0.3139	1.1677	1.0967	2.2644
1163651PIP	2011	13	169	8.1	7.4	9.1851	1.6685	3.1756	2.1739	5.3495	10.8537	16.2032
1163651PIP	2011	13	171	10.2	8.9	16.4001	2.7982	4.3997	3.5145	7.9142	19.1983	27.1125
1163651PIP	2011	13	172	11.2	9.7	20.7485	3.4513	5.0219	4.2708	9.2927	24.1998	33.4925
1163651PIP	2011	13	174	5.5	5.3	3.4698	0.7002	1.8368	0.9703	2.807	4.1701	6.9771
1163651PIP	2011	13	175	13.5	11.2	33.1871	5.2471	6.5402	6.303	12.8432	38.4341	51.2773
1163651PIP	2011	13	177	2.9	3.2	0.6939	0.1666	0.7429	0.2556	0.9985	0.8606	1.8591
1163651PIP	2011	13	178	8.2	7.4	9.473	1.7151	3.2312	2.2302	5.4614	11.188	16.6494
1163651PIP	2011	13	180	2.8	3.1	0.6353	0.154	0.7069	0.2376	0.9445	0.7893	1.7339
1163651PIP	2011	13	181	7.6	7.0	7.8253	1.4463	2.902	1.9036	4.8055	9.2716	14.0772
1163651PIP	2011	13	184	6.5	6.1	5.2814	1.0185	2.3263	1.3743	3.7006	6.3	10.0005
1163651PIP	2011	13	187	10.5	9.2	17.6402	2.9862	4.5838	3.7334	8.3172	20.6264	28.9435
1163651PIP	2011	13	189	5.5	5.3	3.4698	0.7002	1.8368	0.9703	2.807	4.1701	6.9771
1163651PIP	2011	13	192	4.9	4.8	2.5951	0.5404	1.5599	0.7627	2.3226	3.1355	5.4581
1163651PIP	2011	13	194	9.0	8.1	11.9716	2.1133	3.6859	2.7076	6.3935	14.0849	20.4784
1163651PIP	2011	13	195	8.5	7.7	10.3688	1.859	3.3997	2.4036	5.8032	12.2278	18.0311
1163651PIP	2011	13	197	4.5	4.5	2.0948	0.4465	1.3829	0.6387	2.0216	2.5413	4.5629
1163651PIP	2011	13	198	6.8	6.4	5.916	1.127	2.4796	1.5098	3.9893	7.043	11.0323
1163651PIP	2011	13	200	4.3	4.3	1.8685	0.4032	1.2968	0.5809	1.8777	2.2717	4.1494
1163651PIP	2011	13	201	10.5	9.2	17.6402	2.9862	4.5838	3.7334	8.3172	20.6264	28.9435
1163651PIP	2011	13	203	3.1	3.4	0.8206	0.1935	0.8164	0.2938	1.1101	1.0142	2.1243
1163651PIP	2011	13	204	9.1	8.1	12.3089	2.1663	3.7439	2.7707	6.5147	14.4752	20.9899
1163651PIP	2011	13	207	4.5	4.5	2.0948	0.4465	1.3829	0.6387	2.0216	2.5413	4.5629
1163651PIP	2011	13	209	6.8	6.4	5.916	1.127	2.4796	1.5098	3.9893	7.043	11.0323
1163651PIP	2011	13	212	7.7	7.1	8.0868	1.4894	2.9561	1.9562	4.9123	9.5762	14.4884
1163651PIP	2011	13	214	11.0	9.5	19.8294	3.3146	4.8955	4.1134	9.0089	23.144	32.1529
1163651PIP	2011	13	215	4.5	4.5	2.0948	0.4465	1.3829	0.6387	2.0216	2.5413	4.5629
1163651PIP	2011	13	217	3.8	3.9	1.3693	0.3056	1.0888	0.449	1.5378	1.6749	3.2127
1163651PIP	2011	13	218	7.6	7.0	7.8253	1.4463	2.902	1.9036	4.8055	9.2716	14.0772
1163651PIP	2011	13	220	5.7	5.5	3.7959	0.7587	1.9319	1.0452	2.9772	4.5546	7.5317
1163651PIP	2011	13	221	7.4	6.8	7.3177	1.3624	2.7945	1.8007	4.5952	8.6801	13.2753
1163651PIP	2011	13	223	4.5	4.5	2.0948	0.4465	1.3829	0.6387	2.0216	2.5413	4.5629
1163651PIP	2011	13	224	11.4	9.8	21.6929	3.5911	5.1492	4.4313	9.5805	25.2839	34.8644
1163651PIP	2011	13	227	8.1	7.4	9.1851	1.6685	3.1756	2.1739	5.3495	10.8537	16.2032
1163651PIP	2011	13	229	5.9	5.6	4.1398	0.8197	2.0285	1.1231	3.1516	4.9595	8.1111
1163651PIP	2011	13	230	3.8	3.9	1.3693	0.3056	1.0888	0.449	1.5378	1.6749	3.2127
1163651PIP	2011	13	232	4.4	4.4	1.9797	0.4245	1.3397	0.6094	1.9491	2.4043	4.3534
1163651PIP	2011	13	234	8.2	7.4	9.473	1.7151	3.2312	2.2302	5.4614	11.188	16.6494
1163651PIP	2011	13	235	4.5	4.5	2.0948	0.4465	1.3829	0.6387	2.0216	2.5413	4.5629
1163651PIP	2011	13	237	4.3	4.3	1.8685	0.4032	1.2968	0.5809	1.8777	2.2717	4.1494
1163651PIP	2011	13	238	11.2	9.7	20.7485	3.4513	5.0219	4.2708	9.2927	24.1998	33.4925
1163651PIP	2011	13	240	4.9	4.8	2.5951	0.5404	1.5599	0.7627	2.3226	3.1355	5.4581
1163651PIP	2011	13	241	3.7	3.9	1.2805	0.2878	1.0485	0.4247	1.4732	1.5683	3.0415
1163651PIP	2011	13	243	11.9	10.1	24.1655	3.954	5.4715	4.8459	10.3174	28.1195	38.4369
1163651PIP	2011	13	244	3.1	3.4	0.8206	0.1935	0.8164	0.2938	1.1101	1.0142	2.1243
1163651PIP	2011	13	247	10.0	8.8	15.6034	2.6766	4.2782	3.3724	7.6506	18.28	25.9306
1163651PIP	2011	13	249	2.9	3.2	0.6939	0.1666	0.7429	0.2556	0.9985	0.8606	1.8591
1163651PIP	2011	13	250	2.7	3.1	0.5798	0.142	0.6715	0.2203	0.8918	0.7218	1.6135
1163651PIP	2011	13	255	3.6	3.8	1.1952	0.2707	1.0086	0.4012	1.4098	1.4659	2.8757
1163651PIP	2011	13	257	4.5	4.5	2.0948	0.4465	1.3829	0.6387	2.0216	2.5413	4.5629
1163651PIP	2011	13	258	11.1	9.6	20.2858	3.3826	4.9586	4.1917	9.1503	23.6684	32.8187
1163651PIP	2011	13	260	3.7	3.9	1.2805	0.2878	1.0485	0.4247	1.4732	1.5683	3.0415
1163651PIP	2011	13	261	9.2	8.2	12.6519	2.2201	3.8023	2.8345	6.6368	14.872	21.5088
1163651PIP	2011	13	263	7.1	6.6	6.5944	1.2416	2.6357	1.6519	4.2876	7.836	12.1236
1163651PIP	2011	13	264	12.1	10.3	25.1999	4.1046	5.602	5.0172	10.6192	29.3045	39.9237
1163651PIP	2011	13	267	7.9	7.2	8.6254	1.5775	3.0653	2.0635	5.1288	10.203	15.3318
1163651PIP	2011	13	270	5.8	5.6	3.9656	0.7888	1.98	1.0838	3.0638	4.7544	7.8183
1163651PIP	2011	13	272	9.6	8.5	14.0811	2.4425	4.0382	3.0974	7.1356	16.5235	23.6591
1163651PIP	2011	13	275	3.2	3.5	0.8888	0.2078	0.8539	0.3139	1.1677	1.0967	2.2644
1163651PIP	2011	13	277	7.5	6.9	7.5689	1.404	2.8481	1.8518	4.6999	8.9729	13.6728
1163651PIP	2011	13	278	9.0	8.1	11.9716	2.1133	3.6859	2.7076	6.3935	14.0849	20.4784
1163651PIP	2011	13	280	6.2	5.9	4.6897	0.9161	2.1759	1.2454	3.4213	5.6058	9.0271
1163651PIP	2011	13	281	11.9	10.1	24.1655	3.954	5.4715	4.8459	10.3174	28.1195	38.4369
1163651PIP	2011	13	283	2.9	3.2	0.6939	0.1666	0.7429	0.2556	0.9985	0.8606	1.8591
1163651PIP	2011	13	284	7.7	7.1	8.0868	1.4894	2.9561	1.9562	4.9123	9.5762	14.4884
1163651PIP	2011	13	286	9.5	8.4	13.7151	2.3858	3.9788	3.0306	7.0094	16.1009	23.1103
1163651PIP	2011	13	287	3.9	4.0	1.4617	0.3239	1.1295	0.474	1.6035	1.7856	3.3891
1163651PIP	2011	13	290	7.5	6.9	7.5689	1.404	2.8481	1.8518	4.6999	8.9729	13.6728
1163651PIP	2011	13	292	7.9	7.2	8.6254	1.5775	3.0653	2.0635	5.1288	10.203	15.3318
1163651PIP	2011	13	293	4.5	4.5	2.0948	0.4465	1.3829	0.6387	2.0216	2.5413	4.5629
1163651PIP	2011	13	295	6.4	6.0	5.0795	0.9837	2.2758	1.3306	3.6064	6.0632	9.6696
1163651PIP	2011	13	297	4.2	4.3	1.7612	0.3825	1.2543	0.5531	1.8075	2.1436	3.9511
1163651PIP	2011	13	298	8.5	7.7	10.3688	1.859	3.3997	2.4036	5.8032	12.2278	18.0311
1163651PIP	2011	13	300	8.9	8.0	11.6399	2.061	3.6281	2.6453	6.2734	13.7009	19.9743
1163651PIP	2011	13	301	4.6	4.6	2.2139	0.469	1.4266	0.6686	2.0952	2.6829	4.7781
1163651PIP	2011	13	303	8.4	7.6	10.0648	1.8103	3.3432	2.345	5.6883	11.8751	17.5634
1163651PIP	2011	13	304	7.0	6.5	6.3634	1.2027	2.5833	1.6038	4.1871	7.5661	11.7532
1163651PIP	2011	13	306	3.7	3.9	1.2805	0.2878	1.0485	0.4247	1.4732	1.5683	3.0415
1163651PIP	2011	13	307	5.5	5.3	3.4698	0.7002	1.8368	0.9703	2.807	4.1701	6.9771
1163651PIP	2011	13	310	3.3	3.5	0.9603	0.2227	0.8918	0.3346	1.2265	1.183	2.4095
1163651PIP	2011	13	312	6.5	6.1	5.2814	1.0185	2.3263	1.3743	3.7006	6.3	10.0005
1163651PIP	2011	13	315	2.6	3.0	0.5273	0.1304	0.6366	0.2036	0.8402	0.6577	1.4979
1170526PIP	2011	13	2	12.3	11.4	26.2605	4.2583	5.7334	5.1916	10.9249	30.5188	41.4438
1170526PIP	2011	13	3	13.6	12.3	33.8087	5.3346	6.6088	6.4007	13.0095	39.1434	52.1528
1170526PIP	2011	13	5	13.6	12.3	33.8087	5.3346	6.6088	6.4007	13.0095	39.1434	52.1528
1170526PIP	2011	13	6	3.9	4.3	1.4617	0.3239	1.1295	0.474	1.6035	1.7856	3.3891
1170526PIP	2011	13	8	15.5	13.6	46.9727	7.153	7.9514	8.4058	16.3572	54.1257	70.4828
1170526PIP	2011	13	9	5.4	5.7	3.3134	0.672	1.7897	0.9339	2.7236	3.9854	6.7089
1170526PIP	2011	13	11	10.2	9.8	16.4001	2.7982	4.3997	3.5145	7.9142	19.1983	27.1125
1170526PIP	2011	13	12	10.5	10.0	17.6402	2.9862	4.5838	3.7334	8.3172	20.6264	28.9435
1170526PIP	2011	13	15	13.9	12.5	35.7156	5.6022	6.8159	6.6984	13.5143	41.3178	54.8321
1170526PIP	2011	13	18	3.8	4.2	1.3693	0.3056	1.0888	0.449	1.5378	1.6749	3.2127
1170526PIP	2011	13	20	14.0	12.6	36.3652	5.693	6.8854	6.7992	13.6846	42.0583	55.7429
1170526PIP	2011	13	23	13.8	12.4	35.073	5.5122	6.7467	6.5984	13.3451	40.5852	53.9302
1170526PIP	2011	13	25	12.0	11.1	24.6794	4.0289	5.5366	4.9312	10.4678	28.7084	39.1761
1170526PIP	2011	13	26	15.3	13.4	45.4634	6.9476	7.8067	8.1813	15.988	52.411	68.399
1170526PIP	2011	13	29	17.5	14.8	63.7362	9.3908	9.4403	10.8246	20.2649	73.127	93.3919
1170526PIP	2011	13	31	13.9	12.5	35.7156	5.6022	6.8159	6.6984	13.5143	41.3178	54.8321
1170526PIP	2011	13	32	17.5	14.8	63.7362	9.3908	9.4403	10.8246	20.2649	73.127	93.3919
1170526PIP	2011	13	34	6.8	6.9	5.916	1.127	2.4796	1.5098	3.9893	7.043	11.0323
1170526PIP	2011	13	35	13.4	12.2	32.5723	5.1603	6.4717	6.2061	12.6778	37.7326	50.4105
1170526PIP	2011	13	38	6.3	6.5	4.8823	0.9496	2.2257	1.2876	3.5133	5.8318	9.3452
1170526PIP	2011	13	43	10.4	9.9	17.2208	2.9228	4.5222	3.6597	8.1818	20.1435	28.3254
1170526PIP	2011	13	45	6.7	6.8	5.6997	1.0902	2.4281	1.4639	3.892	6.7898	10.6818
1170526PIP	2011	13	46	16.2	14.0	52.4911	7.8979	8.464	9.2162	17.6802	60.389	78.0692
1170526PIP	2011	13	48	9.3	9.0	13.0006	2.2746	3.8608	2.8991	6.76	15.2752	22.0351
1170526PIP	2011	13	49	8.5	8.4	10.3688	1.859	3.3997	2.4036	5.8032	12.2278	18.0311
1170526PIP	2011	13	52	10.6	10.1	18.0657	3.0504	4.6457	3.8078	8.4535	21.1161	29.5696
1170526PIP	2011	13	54	6.2	6.4	4.6897	0.9161	2.1759	1.2454	3.4213	5.6058	9.0271
1170526PIP	2011	13	55	5.5	5.8	3.4698	0.7002	1.8368	0.9703	2.807	4.1701	6.9771
1170526PIP	2011	13	58	17.4	14.8	62.8243	9.2708	9.3641	10.6961	20.0602	72.0951	92.1553
1170526PIP	2011	13	60	15.7	13.7	48.5118	7.3616	8.0969	8.6334	16.7303	55.8734	72.6037
1170526PIP	2011	13	63	12.8	11.7	29.0281	4.6564	6.0657	5.641	11.7068	33.6846	45.3914
1170526PIP	2011	13	65	6.0	6.2	4.3185	0.8512	2.0773	1.1631	3.2404	5.1697	8.4101
1170526PIP	2011	13	66	11.8	11.0	23.6581	3.8799	5.4065	4.7615	10.168	27.538	37.706
1170526PIP	2011	13	68	3.5	4.0	1.1135	0.2541	0.9692	0.3783	1.3475	1.3676	2.7151
1170526PIP	2011	13	69	7.3	7.3	7.0716	1.3214	2.7413	1.7503	4.4916	8.393	12.8846
1170526PIP	2011	13	71	6.4	6.6	5.0795	0.9837	2.2758	1.3306	3.6064	6.0632	9.6696
1170526PIP	2011	13	72	6.0	6.2	4.3185	0.8512	2.0773	1.1631	3.2404	5.1697	8.4101
1170526PIP	2011	13	74	10.4	9.9	17.2208	2.9228	4.5222	3.6597	8.1818	20.1435	28.3254
1170526PIP	2011	13	75	12.2	11.3	25.7269	4.1811	5.6676	5.104	10.7715	29.908	40.6795
1170526PIP	2011	13	78	12.8	11.7	29.0281	4.6564	6.0657	5.641	11.7068	33.6846	45.3914
1170526PIP	2011	13	80	13.6	12.3	33.8087	5.3346	6.6088	6.4007	13.0095	39.1434	52.1528
1170526PIP	2011	13	81	3.6	4.1	1.1952	0.2707	1.0086	0.4012	1.4098	1.4659	2.8757
1170526PIP	2011	13	83	15.5	13.6	46.9727	7.153	7.9514	8.4058	16.3572	54.1257	70.4828
1170526PIP	2011	13	85	5.4	5.7	3.3134	0.672	1.7897	0.9339	2.7236	3.9854	6.7089
1170526PIP	2011	13	86	15.0	13.3	43.2549	6.6458	7.5911	7.8506	15.4416	49.9007	65.3423
1170526PIP	2011	13	88	3.5	4.0	1.1135	0.2541	0.9692	0.3783	1.3475	1.3676	2.7151
1170526PIP	2011	13	89	8.1	8.0	9.1851	1.6685	3.1756	2.1739	5.3495	10.8537	16.2032
1170526PIP	2011	13	91	4.1	4.5	1.6576	0.3623	1.2123	0.526	1.7384	2.02	3.7583
1170526PIP	2011	13	92	5.0	5.3	2.7303	0.5655	1.6051	0.7955	2.4006	3.2958	5.6964
1170526PIP	2011	13	94	11.3	10.6	21.2175	3.5208	5.0854	4.3507	9.4361	24.7383	34.1744
1170526PIP	2011	13	95	14.7	13.1	41.1123	6.3514	7.3772	7.5269	14.9042	47.4636	62.3678
1170526PIP	2011	13	98	6.9	7.0	6.1372	1.1645	2.5313	1.5564	4.0877	7.3017	11.3894
1170526PIP	2011	13	101	9.9	9.5	15.214	2.617	4.2178	3.3025	7.5203	17.8309	25.3513
1170526PIP	2011	13	103	3.0	3.5	0.7557	0.1798	0.7794	0.2744	1.0537	0.9355	1.9892
1170526PIP	2011	13	106	4.5	4.9	2.0948	0.4465	1.3829	0.6387	2.0216	2.5413	4.5629
1170526PIP	2011	13	108	19.0	15.7	78.3791	11.293	10.6047	12.8481	23.4528	89.672	113.1248
1170526PIP	2011	13	109	10.2	9.8	16.4001	2.7982	4.3997	3.5145	7.9142	19.1983	27.1125
1170526PIP	2011	13	111	3.0	3.5	0.7557	0.1798	0.7794	0.2744	1.0537	0.9355	1.9892
1170526PIP	2011	13	112	8.0	7.9	8.9026	1.6227	3.1203	2.1183	5.2386	10.5253	15.764
1170526PIP	2011	13	114	9.1	8.9	12.3089	2.1663	3.7439	2.7707	6.5147	14.4752	20.9899
1170526PIP	2011	13	115	7.4	7.4	7.3177	1.3624	2.7945	1.8007	4.5952	8.6801	13.2753
1170526PIP	2011	13	117	16.7	14.3	56.6609	8.4552	8.8358	9.8189	18.6547	65.1161	83.7708
1170526PIP	2011	13	118	4.1	4.5	1.6576	0.3623	1.2123	0.526	1.7384	2.02	3.7583
1170526PIP	2011	13	121	16.3	14.1	53.3097	8.0077	8.538	9.3352	17.8731	61.3174	79.1906
1170526PIP	2011	13	123	3.3	3.8	0.9603	0.2227	0.8918	0.3346	1.2265	1.183	2.4095
1170526PIP	2011	13	126	7.6	7.6	7.8253	1.4463	2.902	1.9036	4.8055	9.2716	14.0772
1170526PIP	2011	13	128	6.9	7.0	6.1372	1.1645	2.5313	1.5564	4.0877	7.3017	11.3894
1170526PIP	2011	13	129	12.7	11.7	28.4612	4.5752	5.9988	5.5496	11.5484	33.0365	44.5849
1170526PIP	2011	13	131	6.9	7.0	6.1372	1.1645	2.5313	1.5564	4.0877	7.3017	11.3894
1170526PIP	2011	13	132	5.2	5.5	3.0134	0.6175	1.6967	0.8632	2.5599	3.6308	6.1907
1170526PIP	2011	13	134	3.0	3.5	0.7557	0.1798	0.7794	0.2744	1.0537	0.9355	1.9892
1170526PIP	2011	13	137	8.5	8.4	10.3688	1.859	3.3997	2.4036	5.8032	12.2278	18.0311
1170526PIP	2011	13	138	6.1	6.3	4.5018	0.8833	2.1264	1.2039	3.3303	5.3851	8.7154
1170526PIP	2011	13	141	4.5	4.9	2.0948	0.4465	1.3829	0.6387	2.0216	2.5413	4.5629
1170526PIP	2011	13	143	7.7	7.7	8.0868	1.4894	2.9561	1.9562	4.9123	9.5762	14.4884
1170526PIP	2011	13	144	8.8	8.6	11.3138	2.0094	3.5706	2.5838	6.1543	13.3232	19.4776
1170526PIP	2011	13	146	6.5	6.6	5.2814	1.0185	2.3263	1.3743	3.7006	6.3	10.0005
1170526PIP	2011	13	148	6.2	6.4	4.6897	0.9161	2.1759	1.2454	3.4213	5.6058	9.0271
1170526PIP	2011	13	149	11.3	10.6	21.2175	3.5208	5.0854	4.3507	9.4361	24.7383	34.1744
1170526PIP	2011	13	151	6.1	6.3	4.5018	0.8833	2.1264	1.2039	3.3303	5.3851	8.7154
1170526PIP	2011	13	152	17.1	14.6	60.1359	8.9162	9.1366	10.3154	19.452	69.0521	88.504
1170526PIP	2011	13	154	12.2	11.3	25.7269	4.1811	5.6676	5.104	10.7715	29.908	40.6795
1170526PIP	2011	13	161	5.5	5.8	3.4698	0.7002	1.8368	0.9703	2.807	4.1701	6.9771
1170526PIP	2011	13	163	15.0	13.3	43.2549	6.6458	7.5911	7.8506	15.4416	49.9007	65.3423
1170526PIP	2011	13	164	13.8	12.4	35.073	5.5122	6.7467	6.5984	13.3451	40.5852	53.9302
1177321PIP	2011	3	2	4.6	5.7	3.152	0.4334	0.5443	0.3152	0.8595	3.5855	4.445
1177321PIP	2011	3	5	6.0	6.5	5.9705	0.7513	0.8617	0.5988	1.4605	6.7218	8.1823
1177321PIP	2011	3	7	6.9	6.9	8.3547	1.0034	1.0973	0.8392	1.9365	9.3582	11.2947
1177321PIP	2011	3	8	5.1	6.0	4.0395	0.5367	0.6506	0.4044	1.055	4.5761	5.6311
1177321PIP	2011	3	10	4.5	5.6	2.9898	0.4142	0.524	0.2989	0.8229	3.404	4.2269
1177321PIP	2011	3	11	4.4	5.6	2.8326	0.3953	0.5041	0.2831	0.7871	3.2279	4.015
1177321PIP	2011	3	13	3.7	5.1	1.8675	0.2762	0.3736	0.1863	0.5598	2.1437	2.7035
1177321PIP	2011	3	16	4.2	5.4	2.5329	0.359	0.4651	0.253	0.7181	2.8919	3.61
1177321PIP	2011	3	27	2.5	4.1	0.7277	0.1227	0.1897	0.0723	0.2619	0.8503	1.1123
1177321PIP	2011	3	28	4.2	5.4	2.5329	0.359	0.4651	0.253	0.7181	2.8919	3.61
1177321PIP	2011	3	30	5.7	6.4	5.2778	0.6756	0.7886	0.529	1.3176	5.9534	7.271
1177321PIP	2011	13	33	4.2	4.4	1.7612	0.3825	1.2543	0.5531	1.8075	2.1436	3.9511
1177321PIP	2011	3	34	3.1	4.6	1.2205	0.1915	0.2751	0.1215	0.3966	1.412	1.8086
1177321PIP	2011	38	36	9.8	8.2	17.9348	3.2699	2.2801	4.5828	6.8629	21.2047	28.0676
1177321PIP	2011	38	37	9.7	8.2	17.4803	3.1902	2.2421	4.4644	6.7065	20.6705	27.377
1177321PIP	2011	3	40	3.9	5.2	2.1195	0.308	0.4092	0.2115	0.6207	2.4275	3.0482
1177321PIP	2011	3	42	6.4	6.7	6.9726	0.8587	0.9635	0.6998	1.6632	7.8313	9.4945
1177321PIP	2011	3	43	2.7	4.3	0.8756	0.1438	0.2167	0.087	0.3037	1.0194	1.3231
1177321PIP	2011	3	45	3.2	4.7	1.3173	0.2045	0.2906	0.1312	0.4218	1.5218	1.9436
1177321PIP	2011	3	47	3.7	5.1	1.8675	0.2762	0.3736	0.1863	0.5598	2.1437	2.7035
1177321PIP	2011	3	48	4.4	5.6	2.8326	0.3953	0.5041	0.2831	0.7871	3.2279	4.015
1177321PIP	2011	3	50	8.4	7.5	13.4065	1.5078	1.5418	1.3497	2.8915	14.9143	17.8058
1177321PIP	2011	3	51	7.5	7.2	10.2092	1.1925	1.2674	1.0264	2.2939	11.4017	13.6956
1177321PIP	2011	3	53	5.7	6.4	5.2778	0.6756	0.7886	0.529	1.3176	5.9534	7.271
1177321PIP	2011	13	54	3.4	3.7	1.0352	0.2381	0.9303	0.3561	1.2864	1.2733	2.5597
1177321PIP	2011	3	56	5.0	6.0	3.8517	0.5151	0.6287	0.3855	1.0142	4.3668	5.381
1177321PIP	2011	3	57	2.9	4.5	1.0397	0.1668	0.2452	0.1034	0.3486	1.2065	1.555
1177321PIP	2011	3	60	4.7	5.8	3.3193	0.4532	0.5649	0.332	0.8969	3.7725	4.6694
1177321PIP	2011	3	62	5.0	6.0	3.8517	0.5151	0.6287	0.3855	1.0142	4.3668	5.381
1177321PIP	2011	3	63	2.9	4.5	1.0397	0.1668	0.2452	0.1034	0.3486	1.2065	1.555
1177321PIP	2011	3	65	2.8	4.4	0.9556	0.1551	0.2307	0.095	0.3257	1.1107	1.4364
1177321PIP	2011	3	67	3.1	4.6	1.2205	0.1915	0.2751	0.1215	0.3966	1.412	1.8086
1177321PIP	2011	3	68	3.4	4.9	1.524	0.2318	0.3228	0.1518	0.4746	1.7558	2.2304
1177321PIP	2011	3	70	2.6	4.2	0.7996	0.133	0.203	0.0794	0.2824	0.9327	1.2151
1177321PIP	2011	3	71	2.5	4.1	0.7277	0.1227	0.1897	0.0723	0.2619	0.8503	1.1123
1177321PIP	2011	3	73	2.9	4.5	1.0397	0.1668	0.2452	0.1034	0.3486	1.2065	1.555
1177321PIP	2011	3	74	4.0	5.3	2.2525	0.3245	0.4275	0.2249	0.6523	2.5771	3.2294
1177321PIP	2011	3	76	3.0	4.5	1.128	0.1789	0.26	0.1122	0.3722	1.3069	1.6791
1177321PIP	2011	3	77	3.3	4.8	1.4185	0.2179	0.3065	0.1413	0.4478	1.6364	2.0842
1177321PIP	2011	3	80	4.0	5.3	2.2525	0.3245	0.4275	0.2249	0.6523	2.5771	3.2294
1177321PIP	2011	3	83	2.7	4.3	0.8756	0.1438	0.2167	0.087	0.3037	1.0194	1.3231
1177321PIP	2011	3	85	4.1	5.4	2.3903	0.3416	0.4461	0.2387	0.6848	2.7318	3.4166
1177321PIP	2011	3	88	3.2	4.7	1.3173	0.2045	0.2906	0.1312	0.4218	1.5218	1.9436
1177321PIP	2011	3	31	5.6	6.3	5.058	0.6513	0.7648	0.5068	1.2717	5.7093	6.9809
1177321PIP	2011	3	22	10.2	8.1	21.3812	2.2538	2.1568	2.1573	4.3141	23.635	27.9491
1177321PIP	2011	3	20	9.6	7.9	18.4814	1.988	1.9422	1.8634	3.8056	20.4694	24.275
1177321PIP	2011	3	17	4.8	5.8	3.4916	0.4734	0.5859	0.3493	0.9352	3.965	4.9002
1170526PIP	2011	13	158	8.0	7.9	8.9026	1.6227	3.1203	2.1183	5.2386	10.5253	15.764
1170526PIP	2011	13	157	8.8	8.6	11.3138	2.0094	3.5706	2.5838	6.1543	13.3232	19.4776
1177321PIP	2011	3	90	3.8	5.2	1.9912	0.2918	0.3912	0.1987	0.5898	2.283	2.8729
1177321PIP	2011	3	91	2.8	4.4	0.9556	0.1551	0.2307	0.095	0.3257	1.1107	1.4364
1177321PIP	2011	3	93	2.7	4.3	0.8756	0.1438	0.2167	0.087	0.3037	1.0194	1.3231
1177321PIP	2011	3	94	3.6	5.0	1.7485	0.2609	0.3563	0.1743	0.5306	2.0094	2.54
1177321PIP	2011	3	96	4.0	5.3	2.2525	0.3245	0.4275	0.2249	0.6523	2.5771	3.2294
1177321PIP	2011	3	97	3.4	4.9	1.524	0.2318	0.3228	0.1518	0.4746	1.7558	2.2304
1177321PIP	2011	3	100	2.7	4.3	0.8756	0.1438	0.2167	0.087	0.3037	1.0194	1.3231
1177321PIP	2011	3	103	4.9	5.9	3.6691	0.494	0.6072	0.3671	0.9743	4.1631	5.1373
1177321PIP	2011	3	105	4.6	5.7	3.152	0.4334	0.5443	0.3152	0.8595	3.5855	4.445
1177321PIP	2011	3	108	8.1	7.4	12.2841	1.3985	1.4478	1.2362	2.684	13.6826	16.3666
1177321PIP	2011	3	110	3.5	4.9	1.634	0.2462	0.3393	0.1629	0.5022	1.8801	2.3824
1177321PIP	2011	3	111	3.0	4.5	1.128	0.1789	0.26	0.1122	0.3722	1.3069	1.6791
1177321PIP	2011	3	113	3.1	4.6	1.2205	0.1915	0.2751	0.1215	0.3966	1.412	1.8086
1177321PIP	2011	3	114	2.7	4.3	0.8756	0.1438	0.2167	0.087	0.3037	1.0194	1.3231
1177321PIP	2011	3	116	4.8	5.8	3.4916	0.4734	0.5859	0.3493	0.9352	3.965	4.9002
1177321PIP	2011	3	117	4.2	5.4	2.5329	0.359	0.4651	0.253	0.7181	2.8919	3.61
1177321PIP	2011	3	119	4.5	5.6	2.9898	0.4142	0.524	0.2989	0.8229	3.404	4.2269
1177321PIP	2011	3	120	4.2	5.4	2.5329	0.359	0.4651	0.253	0.7181	2.8919	3.61
1177321PIP	2011	3	123	3.9	5.2	2.1195	0.308	0.4092	0.2115	0.6207	2.4275	3.0482
1177321PIP	2011	3	125	6.7	6.8	7.7844	0.9441	1.0429	0.7816	1.8245	8.7285	10.553
1177321PIP	2011	3	126	3.2	4.7	1.3173	0.2045	0.2906	0.1312	0.4218	1.5218	1.9436
1177321PIP	2011	3	128	7.9	7.3	11.5675	1.3279	1.3866	1.1637	2.5503	12.8955	15.4458
1177321PIP	2011	38	130	5.2	6.2	3.6722	0.7121	0.809	0.9087	1.7177	4.3843	6.102
1177321PIP	2011	38	131	3.1	4.6	1.0063	0.2052	0.3472	0.2426	0.5898	1.2115	1.8014
1177321PIP	2011	38	133	7.8	7.5	10.13	1.8884	1.5698	2.5588	4.1286	12.0184	16.147
1177321PIP	2011	38	134	5.2	6.2	3.6722	0.7121	0.809	0.9087	1.7177	4.3843	6.102
1177321PIP	2011	38	136	2.7	4.3	0.7122	0.1472	0.277	0.1705	0.4475	0.8594	1.3069
1177371PIP	2011	13	1	13.1	11.0	30.7695	4.9048	6.2678	5.9201	12.1878	35.6743	47.8621
1177371PIP	2011	13	3	10.3	9.1	16.8074	2.8601	4.4608	3.5867	8.0475	19.6675	27.715
1177371PIP	2011	13	4	8.6	7.8	10.6783	1.9084	3.4564	2.4629	5.9193	12.5867	18.506
1177371PIP	2011	13	7	10.8	9.4	18.9352	3.181	4.7701	3.9591	8.7292	22.1161	30.8453
1177371PIP	2011	13	9	10.5	9.2	17.6402	2.9862	4.5838	3.7334	8.3172	20.6264	28.9435
1177371PIP	2011	13	10	6.5	6.2	5.2814	1.0185	2.3263	1.3743	3.7006	6.3	10.0005
1177371PIP	2011	13	12	12.3	10.5	26.2605	4.2583	5.7334	5.1916	10.9249	30.5188	41.4438
1177371PIP	2011	13	14	10.1	8.9	15.9987	2.7371	4.3388	3.4431	7.7819	18.7358	26.5177
1177371PIP	2011	13	15	9.4	8.4	13.355	2.3298	3.9197	2.9645	6.8842	15.6848	22.5689
1177371PIP	2011	13	17	21.7	15.7	109.4747	15.2138	12.7971	16.947	29.7441	124.6885	154.4326
1177371PIP	2011	13	20	14.0	11.6	36.3652	5.693	6.8854	6.7992	13.6846	42.0583	55.7429
1177371PIP	2011	13	21	7.7	7.1	8.0868	1.4894	2.9561	1.9562	4.9123	9.5762	14.4884
1177371PIP	2011	13	23	6.7	6.3	5.6997	1.0902	2.4281	1.4639	3.892	6.7898	10.6818
1177371PIP	2011	13	24	7.7	7.1	8.0868	1.4894	2.9561	1.9562	4.9123	9.5762	14.4884
1177371PIP	2011	13	27	6.9	6.5	6.1372	1.1645	2.5313	1.5564	4.0877	7.3017	11.3894
1177371PIP	2011	13	30	11.9	10.2	24.1655	3.954	5.4715	4.8459	10.3174	28.1195	38.4369
1177371PIP	2011	13	32	14.2	11.7	37.6858	5.877	7.0249	7.0032	14.0281	43.5629	57.591
1177371PIP	2011	13	35	8.6	7.8	10.6783	1.9084	3.4564	2.4629	5.9193	12.5867	18.506
1177371PIP	2011	13	37	3.0	3.3	0.7557	0.1798	0.7794	0.2744	1.0537	0.9355	1.9892
1177371PIP	2011	13	38	17.1	13.4	60.1359	8.9162	9.1366	10.3154	19.452	69.0521	88.504
1177371PIP	2011	13	41	12.7	10.8	28.4612	4.5752	5.9988	5.5496	11.5484	33.0365	44.5849
1177371PIP	2011	13	43	13.8	11.5	35.073	5.5122	6.7467	6.5984	13.3451	40.5852	53.9302
1177371PIP	2011	13	44	15.7	12.6	48.5118	7.3616	8.0969	8.6334	16.7303	55.8734	72.6037
1177371PIP	2011	13	47	17.4	13.6	62.8243	9.2708	9.3641	10.6961	20.0602	72.0951	92.1553
1177371PIP	2011	13	50	12.6	10.7	27.901	4.4948	5.9321	5.4589	11.3911	32.3958	43.7869
1177371PIP	2011	13	52	17.1	13.4	60.1359	8.9162	9.1366	10.3154	19.452	69.0521	88.504
1177371PIP	2011	13	55	4.2	4.3	1.7612	0.3825	1.2543	0.5531	1.8075	2.1436	3.9511
1177371PIP	2011	13	57	15.7	12.6	48.5118	7.3616	8.0969	8.6334	16.7303	55.8734	72.6037
1177371PIP	2011	13	58	15.0	12.2	43.2549	6.6458	7.5911	7.8506	15.4416	49.9007	65.3423
1177371PIP	2011	13	60	14.4	11.8	39.0349	6.0643	7.1652	7.2104	14.3756	45.0992	59.4747
1177371PIP	2011	13	61	13.0	10.9	30.1823	4.8212	6.2002	5.8263	12.0265	35.0035	47.03
1177371PIP	2011	13	63	11.5	9.9	22.1746	3.6621	5.2132	4.5127	9.7258	25.8367	35.5625
1177371PIP	2011	13	64	10.4	9.2	17.2208	2.9228	4.5222	3.6597	8.1818	20.1435	28.3254
1177371PIP	2011	13	66	15.1	12.3	43.9837	6.7456	7.6627	7.96	15.6228	50.7293	66.352
1177381PIP	2011	13	5	7.7	7.2	8.0868	1.4894	2.9561	1.9562	4.9123	9.5762	14.4884
1177381PIP	2011	13	8	9.8	8.8	14.8305	2.5581	4.1577	3.2334	7.3911	17.3885	24.7796
1177381PIP	2011	13	10	4.6	4.6	2.2139	0.469	1.4266	0.6686	2.0952	2.6829	4.7781
1177381PIP	2011	13	11	2.7	3.1	0.5798	0.142	0.6715	0.2203	0.8918	0.7218	1.6135
1177381PIP	2011	25	13	19.4	16.9	88.6696	9.0985	6.5953	16.1951	22.7905	97.7681	120.5586
1177381PIP	2011	20	16	8.5	8.5	9.1398	1.7512	2.9919	1.6083	4.6002	10.891	15.4912
1177381PIP	2011	20	17	8.4	8.4	8.8835	1.7032	2.9333	1.5607	4.4941	10.5867	15.0808
1177381PIP	2011	20	19	4.2	4.6	1.6796	0.3345	0.9221	0.2682	1.1904	2.0141	3.2044
1177381PIP	2011	13	20	7.7	7.2	8.0868	1.4894	2.9561	1.9562	4.9123	9.5762	14.4884
1177381PIP	2011	13	23	3.6	3.8	1.1952	0.2707	1.0086	0.4012	1.4098	1.4659	2.8757
1177381PIP	2011	20	25	6.5	6.8	4.797	0.9327	1.9118	0.8136	2.7253	5.7297	8.4551
1177381PIP	2011	13	26	4.5	4.6	2.0948	0.4465	1.3829	0.6387	2.0216	2.5413	4.5629
1177381PIP	2011	13	28	12.1	10.4	25.1999	4.1046	5.602	5.0172	10.6192	29.3045	39.9237
1177381PIP	2011	13	31	3.0	3.3	0.7557	0.1798	0.7794	0.2744	1.0537	0.9355	1.9892
1177381PIP	2011	13	33	6.7	6.4	5.6997	1.0902	2.4281	1.4639	3.892	6.7898	10.6818
1177381PIP	2011	13	34	6.5	6.2	5.2814	1.0185	2.3263	1.3743	3.7006	6.3	10.0005
1177381PIP	2011	13	36	4.5	4.6	2.0948	0.4465	1.3829	0.6387	2.0216	2.5413	4.5629
1177381PIP	2011	13	37	5.9	5.7	4.1398	0.8197	2.0285	1.1231	3.1516	4.9595	8.1111
1177381PIP	2011	13	39	8.2	7.5	9.473	1.7151	3.2312	2.2302	5.4614	11.188	16.6494
1177381PIP	2011	13	40	11.0	9.6	19.8294	3.3146	4.8955	4.1134	9.0089	23.144	32.1529
1177381PIP	2011	13	43	7.8	7.2	8.3535	1.5331	3.0106	2.0095	5.02	9.8866	14.9066
1177381PIP	2011	20	46	4.2	4.6	1.6796	0.3345	0.9221	0.2682	1.1904	2.0141	3.2044
1177381PIP	2011	13	48	5.2	5.1	3.0134	0.6175	1.6967	0.8632	2.5599	3.6308	6.1907
1177381PIP	2011	13	53	4.5	4.6	2.0948	0.4465	1.3829	0.6387	2.0216	2.5413	4.5629
1177381PIP	2011	20	54	5.6	6.0	3.353	0.6573	1.4907	0.5571	2.0478	4.0103	6.0581
1177381PIP	2011	13	56	6.5	6.2	5.2814	1.0185	2.3263	1.3743	3.7006	6.3	10.0005
1177381PIP	2011	13	57	4.6	4.6	2.2139	0.469	1.4266	0.6686	2.0952	2.6829	4.7781
1177381PIP	2011	13	59	7.4	6.9	7.3177	1.3624	2.7945	1.8007	4.5952	8.6801	13.2753
1177381PIP	2011	13	60	6.2	6.0	4.6897	0.9161	2.1759	1.2454	3.4213	5.6058	9.0271
1177381PIP	2011	13	62	3.4	3.7	1.0352	0.2381	0.9303	0.3561	1.2864	1.2733	2.5597
1177381PIP	2011	13	63	7.6	7.1	7.8253	1.4463	2.902	1.9036	4.8055	9.2716	14.0772
1177381PIP	2011	13	66	6.4	6.1	5.0795	0.9837	2.2758	1.3306	3.6064	6.0632	9.6696
1177381PIP	2011	13	68	4.6	4.6	2.2139	0.469	1.4266	0.6686	2.0952	2.6829	4.7781
1177381PIP	2011	13	71	4.7	4.7	2.3369	0.4922	1.4706	0.6992	2.1699	2.8291	4.999
1177381PIP	2011	13	73	3.2	3.5	0.8888	0.2078	0.8539	0.3139	1.1677	1.0967	2.2644
1177381PIP	2011	20	74	4.4	4.8	1.8783	0.3731	0.9966	0.3019	1.2985	2.2513	3.5498
1177381PIP	2011	13	76	3.0	3.3	0.7557	0.1798	0.7794	0.2744	1.0537	0.9355	1.9892
1177381PIP	2011	13	77	4.8	4.8	2.464	0.516	1.5151	0.7306	2.2457	2.98	5.2257
1177381PIP	2011	13	79	7.2	6.8	6.8305	1.2812	2.6883	1.7007	4.3891	8.1117	12.5007
1177381PIP	2011	13	80	7.3	6.8	7.0716	1.3214	2.7413	1.7503	4.4916	8.393	12.8846
1177381PIP	2011	13	82	3.4	3.7	1.0352	0.2381	0.9303	0.3561	1.2864	1.2733	2.5597
1177381PIP	2011	13	83	2.7	3.1	0.5798	0.142	0.6715	0.2203	0.8918	0.7218	1.6135
1177381PIP	2011	13	86	4.8	4.8	2.464	0.516	1.5151	0.7306	2.2457	2.98	5.2257
1177381PIP	2011	13	88	5.6	5.5	3.6307	0.7291	1.8842	1.0074	2.8915	4.3598	7.2513
1177381PIP	2011	13	89	4.6	4.6	2.2139	0.469	1.4266	0.6686	2.0952	2.6829	4.7781
1177381PIP	2011	13	91	6.9	6.5	6.1372	1.1645	2.5313	1.5564	4.0877	7.3017	11.3894
1177381PIP	2011	20	93	8.5	8.5	9.1398	1.7512	2.9919	1.6083	4.6002	10.891	15.4912
1177381PIP	2011	20	94	8.3	8.3	8.6315	1.656	2.8753	1.5139	4.3892	10.2875	14.6767
1177381PIP	2011	13	96	5.7	5.5	3.7959	0.7587	1.9319	1.0452	2.9772	4.5546	7.5317
1177381PIP	2011	13	97	5.2	5.1	3.0134	0.6175	1.6967	0.8632	2.5599	3.6308	6.1907
1177381PIP	2011	13	99	6.4	6.1	5.0795	0.9837	2.2758	1.3306	3.6064	6.0632	9.6696
1177381PIP	2011	13	100	2.7	3.1	0.5798	0.142	0.6715	0.2203	0.8918	0.7218	1.6135
1177381PIP	2011	13	102	2.5	2.9	0.4778	0.1195	0.6022	0.1876	0.7899	0.5972	1.3871
1177381PIP	2011	13	103	3.8	4.0	1.3693	0.3056	1.0888	0.449	1.5378	1.6749	3.2127
1177381PIP	2011	13	106	3.3	3.6	0.9603	0.2227	0.8918	0.3346	1.2265	1.183	2.4095
1177381PIP	2011	13	108	3.4	3.7	1.0352	0.2381	0.9303	0.3561	1.2864	1.2733	2.5597
1177381PIP	2011	20	109	9.7	9.4	12.5532	2.388	3.7299	2.2495	5.9794	14.9412	20.9206
1177381PIP	2011	13	114	4.9	4.9	2.5951	0.5404	1.5599	0.7627	2.3226	3.1355	5.4581
1177381PIP	2011	13	116	7.0	6.6	6.3634	1.2027	2.5833	1.6038	4.1871	7.5661	11.7532
1177381PIP	2011	13	117	3.6	3.8	1.1952	0.2707	1.0086	0.4012	1.4098	1.4659	2.8757
1177381PIP	2011	13	119	4.1	4.2	1.6576	0.3623	1.2123	0.526	1.7384	2.02	3.7583
1177381PIP	2011	13	120	4.4	4.5	1.9797	0.4245	1.3397	0.6094	1.9491	2.4043	4.3534
1177381PIP	2011	13	122	4.0	4.1	1.5578	0.3428	1.1707	0.4997	1.6704	1.9006	3.571
1177381PIP	2011	13	123	8.0	7.4	8.9026	1.6227	3.1203	2.1183	5.2386	10.5253	15.764
1177381PIP	2011	13	126	4.7	4.7	2.3369	0.4922	1.4706	0.6992	2.1699	2.8291	4.999
1177381PIP	2011	13	129	5.3	5.2	3.1612	0.6444	1.743	0.8982	2.6412	3.8056	6.4468
1177381PIP	2011	13	131	3.3	3.6	0.9603	0.2227	0.8918	0.3346	1.2265	1.183	2.4095
1177381PIP	2011	13	134	4.1	4.2	1.6576	0.3623	1.2123	0.526	1.7384	2.02	3.7583
1177381PIP	2011	13	136	4.2	4.3	1.7612	0.3825	1.2543	0.5531	1.8075	2.1436	3.9511
1177381PIP	2011	13	137	6.4	6.1	5.0795	0.9837	2.2758	1.3306	3.6064	6.0632	9.6696
1177381PIP	2011	13	139	3.5	3.7	1.1135	0.2541	0.9692	0.3783	1.3475	1.3676	2.7151
1177381PIP	2011	13	140	3.2	3.5	0.8888	0.2078	0.8539	0.3139	1.1677	1.0967	2.2644
1177381PIP	2011	13	142	3.8	4.0	1.3693	0.3056	1.0888	0.449	1.5378	1.6749	3.2127
1177381PIP	2011	13	143	7.8	7.2	8.3535	1.5331	3.0106	2.0095	5.02	9.8866	14.9066
1177381PIP	2011	13	145	3.1	3.4	0.8206	0.1935	0.8164	0.2938	1.1101	1.0142	2.1243
1177381PIP	2011	13	146	4.5	4.6	2.0948	0.4465	1.3829	0.6387	2.0216	2.5413	4.5629
1177381PIP	2011	13	149	4.6	4.6	2.2139	0.469	1.4266	0.6686	2.0952	2.6829	4.7781
1177381PIP	2011	13	151	3.0	3.3	0.7557	0.1798	0.7794	0.2744	1.0537	0.9355	1.9892
1177381PIP	2011	20	152	4.7	5.1	2.2009	0.4356	1.1126	0.357	1.4696	2.6364	4.106
1177381PIP	2011	13	154	5.5	5.4	3.4698	0.7002	1.8368	0.9703	2.807	4.1701	6.9771
1177381PIP	2011	20	156	3.2	3.7	0.8738	0.1766	0.5856	0.1344	0.7201	1.0504	1.7705
1177381PIP	2011	13	157	4.6	4.6	2.2139	0.469	1.4266	0.6686	2.0952	2.6829	4.7781
1177381PIP	2011	13	159	7.0	6.6	6.3634	1.2027	2.5833	1.6038	4.1871	7.5661	11.7532
1177381PIP	2011	13	160	8.2	7.5	9.473	1.7151	3.2312	2.2302	5.4614	11.188	16.6494
1177381PIP	2011	13	162	2.9	3.3	0.6939	0.1666	0.7429	0.2556	0.9985	0.8606	1.8591
1177381PIP	2011	13	163	3.0	3.3	0.7557	0.1798	0.7794	0.2744	1.0537	0.9355	1.9892
1177381PIP	2011	13	165	7.8	7.2	8.3535	1.5331	3.0106	2.0095	5.02	9.8866	14.9066
1177381PIP	2011	13	166	2.7	3.1	0.5798	0.142	0.6715	0.2203	0.8918	0.7218	1.6135
1177381PIP	2011	13	169	2.7	3.1	0.5798	0.142	0.6715	0.2203	0.8918	0.7218	1.6135
1177381PIP	2011	13	171	2.8	3.2	0.6353	0.154	0.7069	0.2376	0.9445	0.7893	1.7339
1177381PIP	2011	13	172	3.5	3.7	1.1135	0.2541	0.9692	0.3783	1.3475	1.3676	2.7151
1177381PIP	2011	13	174	5.8	5.6	3.9656	0.7888	1.98	1.0838	3.0638	4.7544	7.8183
1177381PIP	2011	13	176	4.0	4.1	1.5578	0.3428	1.1707	0.4997	1.6704	1.9006	3.571
1177381PIP	2011	13	177	4.7	4.7	2.3369	0.4922	1.4706	0.6992	2.1699	2.8291	4.999
1177381PIP	2011	13	179	6.7	6.4	5.6997	1.0902	2.4281	1.4639	3.892	6.7898	10.6818
1177381PIP	2011	20	180	9.8	9.5	12.8664	2.4462	3.7943	2.3089	6.1032	15.3126	21.4158
1177381PIP	2011	13	182	4.2	4.3	1.7612	0.3825	1.2543	0.5531	1.8075	2.1436	3.9511
1177381PIP	2011	13	183	2.8	3.2	0.6353	0.154	0.7069	0.2376	0.9445	0.7893	1.7339
1177381PIP	2011	13	185	2.9	3.3	0.6939	0.1666	0.7429	0.2556	0.9985	0.8606	1.8591
1177381PIP	2011	13	186	4.0	4.1	1.5578	0.3428	1.1707	0.4997	1.6704	1.9006	3.571
1177381PIP	2011	13	189	2.7	3.1	0.5798	0.142	0.6715	0.2203	0.8918	0.7218	1.6135
1177381PIP	2011	13	192	4.0	4.1	1.5578	0.3428	1.1707	0.4997	1.6704	1.9006	3.571
1177381PIP	2011	13	194	2.7	3.1	0.5798	0.142	0.6715	0.2203	0.8918	0.7218	1.6135
1177381PIP	2011	13	197	4.5	4.6	2.0948	0.4465	1.3829	0.6387	2.0216	2.5413	4.5629
1177381PIP	2011	13	199	5.5	5.4	3.4698	0.7002	1.8368	0.9703	2.807	4.1701	6.9771
1177381PIP	2011	13	200	3.8	4.0	1.3693	0.3056	1.0888	0.449	1.5378	1.6749	3.2127
1177381PIP	2011	13	202	5.1	5.1	2.8698	0.5912	1.6507	0.829	2.4797	3.4609	5.9406
1177381PIP	2011	13	203	4.2	4.3	1.7612	0.3825	1.2543	0.5531	1.8075	2.1436	3.9511
1177381PIP	2011	13	205	2.7	3.1	0.5798	0.142	0.6715	0.2203	0.8918	0.7218	1.6135
1177381PIP	2011	20	206	3.5	4.0	1.0838	0.218	0.6801	0.1688	0.8489	1.3017	2.1507
1177381PIP	2011	13	208	2.9	3.3	0.6939	0.1666	0.7429	0.2556	0.9985	0.8606	1.8591
1177381PIP	2011	13	209	5.7	5.5	3.7959	0.7587	1.9319	1.0452	2.9772	4.5546	7.5317
1177381PIP	2011	13	212	12.0	10.4	24.6794	4.0289	5.5366	4.9312	10.4678	28.7084	39.1761
1177381PIP	2011	13	214	11.2	9.8	20.7485	3.4513	5.0219	4.2708	9.2927	24.1998	33.4925
1177381PIP	2011	13	217	21.5	15.8	106.9551	14.9011	12.6306	16.6231	29.2538	121.8561	151.1099
1177381PIP	2011	13	219	3.2	3.5	0.8888	0.2078	0.8539	0.3139	1.1677	1.0967	2.2644
1177381PIP	2011	13	220	4.8	4.8	2.464	0.516	1.5151	0.7306	2.2457	2.98	5.2257
1177381PIP	2011	13	222	2.7	3.1	0.5798	0.142	0.6715	0.2203	0.8918	0.7218	1.6135
1177381PIP	2011	13	223	3.6	3.8	1.1952	0.2707	1.0086	0.4012	1.4098	1.4659	2.8757
1177381PIP	2011	13	225	4.3	4.4	1.8685	0.4032	1.2968	0.5809	1.8777	2.2717	4.1494
1177381PIP	2011	13	226	3.8	4.0	1.3693	0.3056	1.0888	0.449	1.5378	1.6749	3.2127
1177381PIP	2011	13	228	2.8	3.2	0.6353	0.154	0.7069	0.2376	0.9445	0.7893	1.7339
1177381PIP	2011	13	229	6.1	5.9	4.5018	0.8833	2.1264	1.2039	3.3303	5.3851	8.7154
1177381PIP	2011	13	232	20.4	15.3	93.7228	13.2453	11.7265	14.8999	26.6264	106.9681	133.5945
1177381PIP	2011	13	234	3.6	3.8	1.1952	0.2707	1.0086	0.4012	1.4098	1.4659	2.8757
1177381PIP	2011	13	237	7.5	7.0	7.5689	1.404	2.8481	1.8518	4.6999	8.9729	13.6728
1177381PIP	2011	20	239	4.1	4.5	1.5851	0.3161	0.8858	0.2523	1.1381	1.9012	3.0393
1177381PIP	2011	13	240	9.0	8.2	11.9716	2.1133	3.6859	2.7076	6.3935	14.0849	20.4784
1177381PIP	2011	13	242	2.7	3.1	0.5798	0.142	0.6715	0.2203	0.8918	0.7218	1.6135
1177381PIP	2011	13	243	4.9	4.9	2.5951	0.5404	1.5599	0.7627	2.3226	3.1355	5.4581
1177381PIP	2011	13	245	3.2	3.5	0.8888	0.2078	0.8539	0.3139	1.1677	1.0967	2.2644
1177381PIP	2011	13	246	4.3	4.4	1.8685	0.4032	1.2968	0.5809	1.8777	2.2717	4.1494
1177381PIP	2011	13	248	6.5	6.2	5.2814	1.0185	2.3263	1.3743	3.7006	6.3	10.0005
1177381PIP	2011	20	249	7.9	8.0	7.6655	1.4746	2.6477	1.3354	3.9831	9.1401	13.1232
1177381PIP	2011	20	252	3.1	3.6	0.8096	0.1639	0.5554	0.124	0.6794	0.9735	1.6529
1177381PIP	2011	13	254	3.1	3.4	0.8206	0.1935	0.8164	0.2938	1.1101	1.0142	2.1243
1177381PIP	2011	13	255	5.0	5.0	2.7303	0.5655	1.6051	0.7955	2.4006	3.2958	5.6964
1177381PIP	2011	13	257	3.1	3.4	0.8206	0.1935	0.8164	0.2938	1.1101	1.0142	2.1243
1177381PIP	2011	13	259	4.1	4.2	1.6576	0.3623	1.2123	0.526	1.7384	2.02	3.7583
1177381PIP	2011	20	260	3.1	3.6	0.8096	0.1639	0.5554	0.124	0.6794	0.9735	1.6529
1177381PIP	2011	13	262	9.1	8.2	12.3089	2.1663	3.7439	2.7707	6.5147	14.4752	20.9899
1177381PIP	2011	13	263	10.8	9.5	18.9352	3.181	4.7701	3.9591	8.7292	22.1161	30.8453
1177381PIP	2011	13	265	3.8	4.0	1.3693	0.3056	1.0888	0.449	1.5378	1.6749	3.2127
1177381PIP	2011	13	266	7.5	7.0	7.5689	1.404	2.8481	1.8518	4.6999	8.9729	13.6728
1177381PIP	2011	13	268	3.4	3.7	1.0352	0.2381	0.9303	0.3561	1.2864	1.2733	2.5597
1177381PIP	2011	13	269	5.4	5.3	3.3134	0.672	1.7897	0.9339	2.7236	3.9854	6.7089
1177381PIP	2011	13	272	5.5	5.4	3.4698	0.7002	1.8368	0.9703	2.807	4.1701	6.9771
1177381PIP	2011	13	275	3.1	3.4	0.8206	0.1935	0.8164	0.2938	1.1101	1.0142	2.1243
1177381PIP	2011	13	280	3.1	3.4	0.8206	0.1935	0.8164	0.2938	1.1101	1.0142	2.1243
1177381PIP	2011	13	282	7.0	6.6	6.3634	1.2027	2.5833	1.6038	4.1871	7.5661	11.7532
1177381PIP	2011	20	283	6.7	7.0	5.1594	1.0015	2.011	0.8787	2.8897	6.1609	9.0506
1177381PIP	2011	13	285	3.8	4.0	1.3693	0.3056	1.0888	0.449	1.5378	1.6749	3.2127
1177381PIP	2011	13	286	10.5	9.3	17.6402	2.9862	4.5838	3.7334	8.3172	20.6264	28.9435
1177381PIP	2011	13	288	3.5	3.7	1.1135	0.2541	0.9692	0.3783	1.3475	1.3676	2.7151
1177381PIP	2011	13	289	5.6	5.5	3.6307	0.7291	1.8842	1.0074	2.8915	4.3598	7.2513
1177381PIP	2011	13	291	5.5	5.4	3.4698	0.7002	1.8368	0.9703	2.807	4.1701	6.9771
1177381PIP	2011	13	292	10.4	9.2	17.2208	2.9228	4.5222	3.6597	8.1818	20.1435	28.3254
1177381PIP	2011	13	295	6.3	6.0	4.8823	0.9496	2.2257	1.2876	3.5133	5.8318	9.3452
1177381PIP	2011	20	297	10.8	10.2	16.2502	3.0732	4.4625	2.9554	7.4179	19.3234	26.7413
1177381PIP	2011	20	300	6.0	6.3	3.9577	0.7729	1.6726	0.6638	2.3365	4.7305	7.067
1177381PIP	2011	13	302	7.4	6.9	7.3177	1.3624	2.7945	1.8007	4.5952	8.6801	13.2753
1177381PIP	2011	13	303	9.9	8.8	15.214	2.617	4.2178	3.3025	7.5203	17.8309	25.3513
1177381PIP	2011	13	305	4.9	4.9	2.5951	0.5404	1.5599	0.7627	2.3226	3.1355	5.4581
1177381PIP	2011	13	306	3.9	4.1	1.4617	0.3239	1.1295	0.474	1.6035	1.7856	3.3891
1177381PIP	2011	13	308	4.8	4.8	2.464	0.516	1.5151	0.7306	2.2457	2.98	5.2257
1177381PIP	2011	13	309	15.4	12.6	46.2143	7.0499	7.8789	8.2931	16.1721	53.2642	69.4363
1177381PIP	2011	13	311	8.9	8.1	11.6399	2.061	3.6281	2.6453	6.2734	13.7009	19.9743
1177381PIP	2011	13	312	3.7	3.9	1.2805	0.2878	1.0485	0.4247	1.4732	1.5683	3.0415
1177381PIP	2011	13	315	3.1	3.4	0.8206	0.1935	0.8164	0.2938	1.1101	1.0142	2.1243
1177381PIP	2011	13	317	10.6	9.4	18.0657	3.0504	4.6457	3.8078	8.4535	21.1161	29.5696
1177381PIP	2011	13	318	14.4	11.9	39.0349	6.0643	7.1652	7.2104	14.3756	45.0992	59.4747
1177381PIP	2011	13	320	3.2	3.5	0.8888	0.2078	0.8539	0.3139	1.1677	1.0967	2.2644
1177381PIP	2011	13	322	4.6	4.6	2.2139	0.469	1.4266	0.6686	2.0952	2.6829	4.7781
1177381PIP	2011	13	323	3.7	3.9	1.2805	0.2878	1.0485	0.4247	1.4732	1.5683	3.0415
1177381PIP	2011	13	325	11.0	9.6	19.8294	3.3146	4.8955	4.1134	9.0089	23.144	32.1529
1177381PIP	2011	13	326	14.3	11.9	38.3568	5.9703	7.0949	7.1064	14.2013	44.327	58.5284
1177381PIP	2011	13	328	13.8	11.6	35.073	5.5122	6.7467	6.5984	13.3451	40.5852	53.9302
1177391PIP	2011	12	1	3.6	3.6	0.9749	0.2214	1.0483	0.4075	1.4558	1.1963	2.6522
1177391PIP	2011	73	3	8.8	10.0	10.5753	2.9413	0.9384	2.2989	3.2373	13.5166	16.7539
1177391PIP	2011	20	7	3.1	3.3	0.8096	0.1639	0.5554	0.124	0.6794	0.9735	1.6529
1177391PIP	2011	20	9	3.7	3.8	1.2386	0.2483	0.7463	0.1944	0.9407	1.4869	2.4276
1177391PIP	2011	73	12	7.1	9.0	6.2463	1.8687	0.6626	1.3685	2.0311	8.115	10.1461
1177391PIP	2011	20	15	6.2	5.8	4.2821	0.8347	1.7668	0.7215	2.4883	5.1169	7.6051
1177391PIP	2011	73	17	10.2	10.8	15.1903	4.0182	1.1922	3.2845	4.4767	19.2085	23.6851
1177391PIP	2011	73	18	3.9	6.4	1.4368	0.5269	0.2508	0.3217	0.5725	1.9637	2.5362
1177391PIP	2011	20	20	9.2	8.0	11.0541	2.1089	3.4145	1.9665	5.381	13.163	18.544
1177391PIP	2011	20	21	9.6	8.3	12.2444	2.3306	3.6659	2.1911	5.857	14.575	20.432
1177391PIP	2011	20	23	3.0	3.2	0.7483	0.1518	0.5258	0.1141	0.6399	0.9	1.54
1177391PIP	2011	20	24	3.8	3.8	1.3206	0.2644	0.7802	0.208	0.9883	1.585	2.5732
1177391PIP	2011	73	27	2.7	5.1	0.583	0.2423	0.1382	0.1323	0.2705	0.8252	1.0957
1177391PIP	2011	73	30	3.5	6.0	1.1018	0.4192	0.2104	0.2477	0.4581	1.521	1.9792
1177391PIP	2011	20	32	3.7	3.8	1.2386	0.2483	0.7463	0.1944	0.9407	1.4869	2.4276
1177391PIP	2011	20	35	10.0	8.5	13.5065	2.5651	3.9245	2.4305	6.355	16.0715	22.4265
1177391PIP	2011	20	37	7.0	6.4	5.7321	1.11	2.1636	0.9821	3.1457	6.8421	9.9877
1177391PIP	2011	20	38	3.2	3.3	0.8738	0.1766	0.5856	0.1344	0.7201	1.0504	1.7705
1177391PIP	2011	20	41	5.2	5.0	2.8061	0.5523	1.3172	0.4615	1.7787	3.3583	5.137
1177391PIP	2011	20	43	6.8	6.3	5.3464	1.037	2.0614	0.9124	2.9737	6.3833	9.3571
1177391PIP	2011	73	44	8.6	9.9	9.9954	2.8019	0.9041	2.1747	3.0787	12.7973	15.876
1177391PIP	2011	20	46	4.1	4.1	1.5851	0.3161	0.8858	0.2523	1.1381	1.9012	3.0393
1177391PIP	2011	20	47	3.4	3.5	1.0108	0.2036	0.648	0.1568	0.8048	1.2145	2.0193
1177391PIP	2011	20	50	6.5	6.1	4.797	0.9327	1.9118	0.8136	2.7253	5.7297	8.4551
1177391PIP	2011	20	52	4.6	4.5	2.09	0.4141	1.0734	0.338	1.4114	2.5041	3.9155
1177391PIP	2011	20	53	7.1	6.5	5.9308	1.1476	2.2154	1.0181	3.2335	7.0784	10.312
1177391PIP	2011	20	55	3.8	3.8	1.3206	0.2644	0.7802	0.208	0.9883	1.585	2.5732
1177391PIP	2011	20	57	30.9	14.8	203.1943	36.2841	25.8086	42.7058	68.5144	239.4784	307.9928
1177391PIP	2011	20	58	8.0	7.2	7.9007	1.5188	2.7039	1.3788	4.0826	9.4196	13.5022
1177391PIP	2011	20	60	6.4	6.0	4.6216	0.8994	1.8629	0.7821	2.6451	5.5209	8.166
1177391PIP	2011	20	61	3.2	3.3	0.8738	0.1766	0.5856	0.1344	0.7201	1.0504	1.7705
1177391PIP	2011	20	63	4.7	4.6	2.2009	0.4356	1.1126	0.357	1.4696	2.6364	4.106
1177391PIP	2011	20	64	13.2	10.4	26.3197	4.9233	6.2385	4.9207	11.1592	31.2429	42.4021
1177391PIP	2011	73	66	9.8	10.6	13.7705	3.6925	1.1173	2.9818	4.0991	17.4629	21.5621
1177391PIP	2011	73	67	4.3	6.7	1.8256	0.6476	0.2938	0.4073	0.7012	2.4732	3.1744
1177391PIP	2011	20	70	6.8	6.3	5.3464	1.037	2.0614	0.9124	2.9737	6.3833	9.3571
1177391PIP	2011	20	72	2.7	2.9	0.5809	0.1185	0.441	0.0873	0.5283	0.6994	1.2277
1177391PIP	2011	20	73	3.6	3.7	1.1597	0.2329	0.7129	0.1813	0.8942	1.3925	2.2868
1177391PIP	2011	20	75	3.7	3.8	1.2386	0.2483	0.7463	0.1944	0.9407	1.4869	2.4276
1177391PIP	2011	13	77	3.9	4.3	1.4617	0.3239	1.1295	0.474	1.6035	1.7856	3.3891
1177391PIP	2011	73	78	3.6	6.1	1.1807	0.4449	0.2203	0.2651	0.4854	1.6256	2.111
1177391PIP	2011	38	80	6.0	8.5	5.2536	1.0047	1.0222	1.3095	2.3317	6.2583	8.59
1177391PIP	2011	38	81	4.9	7.5	3.1647	0.6173	0.7341	0.7808	1.5149	3.782	5.2969
1177391PIP	2011	13	83	12.1	11.3	25.1999	4.1046	5.602	5.0172	10.6192	29.3045	39.9237
1177391PIP	2011	38	84	14.7	12.6	49.4747	8.6713	4.4246	12.9041	17.3287	58.1459	75.4747
1177391PIP	2011	38	86	7.1	9.3	8.006	1.5061	1.3461	2.0126	3.3588	9.5121	12.8709
1177391PIP	2011	73	87	10.6	11.0	16.6933	4.3584	1.2689	3.6044	4.8733	21.0518	25.9251
1177391PIP	2011	73	90	7.3	9.1	6.6867	1.9817	0.6931	1.4635	2.1566	8.6685	10.8251
1177391PIP	2011	20	93	3.1	3.3	0.8096	0.1639	0.5554	0.124	0.6794	0.9735	1.6529
1177391PIP	2011	38	95	11.6	11.6	27.3506	4.9054	3.0039	7.0487	10.0526	32.256	42.3086
1177391PIP	2011	38	98	7.7	9.7	9.8081	1.8307	1.5371	2.4758	4.0129	11.6388	15.6517
1177391PIP	2011	20	100	5.2	5.0	2.8061	0.5523	1.3172	0.4615	1.7787	3.3583	5.137
1177391PIP	2011	20	101	8.0	7.2	7.9007	1.5188	2.7039	1.3788	4.0826	9.4196	13.5022
1177391PIP	2011	20	103	3.1	3.3	0.8096	0.1639	0.5554	0.124	0.6794	0.9735	1.6529
1177391PIP	2011	20	104	5.7	5.4	3.4987	0.6852	1.5354	0.5827	2.1181	4.1839	6.302
1177391PIP	2011	20	106	9.6	8.3	12.2444	2.3306	3.6659	2.1911	5.857	14.575	20.432
1177391PIP	2011	20	107	4.1	4.1	1.5851	0.3161	0.8858	0.2523	1.1381	1.9012	3.0393
1177391PIP	2011	38	109	3.5	6.0	1.3635	0.2748	0.4234	0.3307	0.7542	1.6382	2.3924
1177391PIP	2011	38	110	11.8	11.7	28.5461	5.1113	3.0891	7.3631	10.4522	33.6574	44.1096
1177391PIP	2011	38	113	8.6	10.2	12.9339	2.3883	1.8416	3.2832	5.1248	15.3222	20.447
1177391PIP	2011	20	115	4.7	4.6	2.2009	0.4356	1.1126	0.357	1.4696	2.6364	4.106
1177391PIP	2011	38	118	13.2	12.2	37.7923	6.6935	3.7106	9.8035	13.5141	44.4857	57.9999
1177391PIP	2011	20	120	3.6	3.7	1.1597	0.2329	0.7129	0.1813	0.8942	1.3925	2.2868
1177391PIP	2011	20	121	4.9	4.8	2.4327	0.4803	1.1928	0.3968	1.5896	2.913	4.5026
1177391PIP	2011	20	123	4.2	4.2	1.6796	0.3345	0.9221	0.2682	1.1904	2.0141	3.2044
1177391PIP	2011	74	124	6.1	8.9	5.3143	1.2767	0.4978	0.7642	1.262	6.591	7.853
1177391PIP	2011	20	126	4.4	4.3	1.8783	0.3731	0.9966	0.3019	1.2985	2.2513	3.5498
1177391PIP	2011	38	127	6.9	9.1	7.4535	1.4061	1.2847	1.871	3.1557	8.8596	12.0153
1177391PIP	2011	38	129	4.7	7.3	2.8513	0.5584	0.6857	0.702	1.3877	3.4097	4.7974
1177391PIP	2011	20	130	6.2	5.8	4.2821	0.8347	1.7668	0.7215	2.4883	5.1169	7.6051
1177391PIP	2011	38	133	6.0	8.5	5.2536	1.0047	1.0222	1.3095	2.3317	6.2583	8.59
1177391PIP	2011	20	135	8.0	7.2	7.9007	1.5188	2.7039	1.3788	4.0826	9.4196	13.5022
1177391PIP	2011	20	136	3.2	3.3	0.8738	0.1766	0.5856	0.1344	0.7201	1.0504	1.7705
1177391PIP	2011	13	138	3.2	3.7	0.8888	0.2078	0.8539	0.3139	1.1677	1.0967	2.2644
1177391PIP	2011	38	140	3.1	5.6	1.0063	0.2052	0.3472	0.2426	0.5898	1.2115	1.8014
1177391PIP	2011	20	141	3.2	3.3	0.8738	0.1766	0.5856	0.1344	0.7201	1.0504	1.7705
1177391PIP	2011	20	143	4.4	4.3	1.8783	0.3731	0.9966	0.3019	1.2985	2.2513	3.5498
1177391PIP	2011	73	144	8.5	9.9	9.7127	2.7335	0.8871	2.1141	3.0012	12.4462	15.4474
1177391PIP	2011	20	146	2.7	2.9	0.5809	0.1185	0.441	0.0873	0.5283	0.6994	1.2277
1177391PIP	2011	20	147	5.1	4.9	2.6781	0.5277	1.2752	0.4393	1.7145	3.2058	4.9203
1177391PIP	2011	13	149	4.4	4.8	1.9797	0.4245	1.3397	0.6094	1.9491	2.4043	4.3534
1177391PIP	2011	12	150	3.3	3.4	0.779	0.1812	0.9227	0.34	1.2627	0.9603	2.2229
1177391PIP	2011	20	153	4.1	4.1	1.5851	0.3161	0.8858	0.2523	1.1381	1.9012	3.0393
1177391PIP	2011	20	155	4.1	4.1	1.5851	0.3161	0.8858	0.2523	1.1381	1.9012	3.0393
1177301PIP	2011	38	1	6.0	7.8	5.2536	1.0047	1.0222	1.3095	2.3317	6.2583	8.59
1177301PIP	2011	13	3	3.0	3.3	0.7557	0.1798	0.7794	0.2744	1.0537	0.9355	1.9892
1177301PIP	2011	13	5	5.2	5.1	3.0134	0.6175	1.6967	0.8632	2.5599	3.6308	6.1907
1177301PIP	2011	13	6	2.6	3.0	0.5273	0.1304	0.6366	0.2036	0.8402	0.6577	1.4979
1177301PIP	2011	13	9	5.6	5.4	3.6307	0.7291	1.8842	1.0074	2.8915	4.3598	7.2513
1177301PIP	2011	13	11	3.2	3.5	0.8888	0.2078	0.8539	0.3139	1.1677	1.0967	2.2644
1177301PIP	2011	13	12	4.4	4.4	1.9797	0.4245	1.3397	0.6094	1.9491	2.4043	4.3534
1177301PIP	2011	74	14	7.5	9.9	8.862	2.0941	0.6972	1.2867	1.9838	10.9561	12.9399
1177301PIP	2011	13	15	7.9	7.3	8.6254	1.5775	3.0653	2.0635	5.1288	10.203	15.3318
1177301PIP	2011	13	18	6.1	5.8	4.5018	0.8833	2.1264	1.2039	3.3303	5.3851	8.7154
1177301PIP	2011	74	21	4.3	7.2	2.2366	0.5526	0.2815	0.3165	0.5979	2.7892	3.3871
1177301PIP	2011	74	23	5.2	8.1	3.5798	0.8711	0.3837	0.511	0.8947	4.4509	5.3457
1177301PIP	2011	13	26	6.4	6.1	5.0795	0.9837	2.2758	1.3306	3.6064	6.0632	9.6696
1177301PIP	2011	13	28	5.4	5.3	3.3134	0.672	1.7897	0.9339	2.7236	3.9854	6.7089
1177301PIP	2011	13	29	3.4	3.6	1.0352	0.2381	0.9303	0.3561	1.2864	1.2733	2.5597
1177301PIP	2011	13	31	4.0	4.1	1.5578	0.3428	1.1707	0.4997	1.6704	1.9006	3.571
1177301PIP	2011	13	32	3.7	3.9	1.2805	0.2878	1.0485	0.4247	1.4732	1.5683	3.0415
1177301PIP	2011	13	34	3.9	4.0	1.4617	0.3239	1.1295	0.474	1.6035	1.7856	3.3891
1177301PIP	2011	13	35	3.5	3.7	1.1135	0.2541	0.9692	0.3783	1.3475	1.3676	2.7151
1177301PIP	2011	13	37	12.1	10.3	25.1999	4.1046	5.602	5.0172	10.6192	29.3045	39.9237
1177301PIP	2011	38	38	10.1	9.9	19.3406	3.5158	2.3953	4.9496	7.3449	22.8564	30.2013
1177301PIP	2011	38	41	5.4	7.4	4.0359	0.7798	0.8605	1.0006	1.8611	4.8157	6.6768
1177301PIP	2011	38	43	5.0	7.1	3.3289	0.648	0.7587	0.8221	1.5809	3.9769	5.5577
1177301PIP	2011	13	46	5.3	5.2	3.1612	0.6444	1.743	0.8982	2.6412	3.8056	6.4468
1177301PIP	2011	13	48	7.0	6.5	6.3634	1.2027	2.5833	1.6038	4.1871	7.5661	11.7532
1177301PIP	2011	13	49	5.9	5.7	4.1398	0.8197	2.0285	1.1231	3.1516	4.9595	8.1111
1177301PIP	2011	13	51	4.4	4.4	1.9797	0.4245	1.3397	0.6094	1.9491	2.4043	4.3534
1177301PIP	2011	74	52	4.0	6.9	1.8701	0.4647	0.2502	0.2637	0.5139	2.3348	2.8486
1177301PIP	2011	13	54	8.5	7.7	10.3688	1.859	3.3997	2.4036	5.8032	12.2278	18.0311
1177301PIP	2011	13	55	7.5	6.9	7.5689	1.404	2.8481	1.8518	4.6999	8.9729	13.6728
1177301PIP	2011	20	57	5.9	6.3	3.801	0.743	1.6264	0.6361	2.2625	4.544	6.8064
1177301PIP	2011	74	58	7.9	10.2	10.0782	2.3716	0.7588	1.4668	2.2256	12.4498	14.6754
1177301PIP	2011	74	61	6.1	8.9	5.3143	1.2767	0.4978	0.7642	1.262	6.591	7.853
1177301PIP	2011	13	63	11.6	10.0	22.6627	3.7339	5.2774	4.5948	9.8722	26.3966	36.2688
1177301PIP	2011	13	64	4.9	4.9	2.5951	0.5404	1.5599	0.7627	2.3226	3.1355	5.4581
1177301PIP	2011	74	66	4.3	7.2	2.2366	0.5526	0.2815	0.3165	0.5979	2.7892	3.3871
1177301PIP	2011	74	68	3.6	6.4	1.4408	0.3611	0.2107	0.2022	0.4129	1.8019	2.2147
1177301PIP	2011	13	69	7.0	6.5	6.3634	1.2027	2.5833	1.6038	4.1871	7.5661	11.7532
1177301PIP	2011	74	71	4.5	7.4	2.503	0.6162	0.3031	0.3549	0.658	3.1191	3.7772
1177301PIP	2011	74	72	4.3	7.2	2.2366	0.5526	0.2815	0.3165	0.5979	2.7892	3.3871
1177301PIP	2011	74	74	5.4	8.3	3.9303	0.9535	0.4081	0.562	0.9701	4.8838	5.8539
1177301PIP	2011	13	75	7.1	6.6	6.5944	1.2416	2.6357	1.6519	4.2876	7.836	12.1236
1177301PIP	2011	13	77	4.6	4.6	2.2139	0.469	1.4266	0.6686	2.0952	2.6829	4.7781
1177301PIP	2011	13	78	3.6	3.8	1.1952	0.2707	1.0086	0.4012	1.4098	1.4659	2.8757
1177301PIP	2011	13	81	5.9	5.7	4.1398	0.8197	2.0285	1.1231	3.1516	4.9595	8.1111
1177301PIP	2011	13	83	9.0	8.1	11.9716	2.1133	3.6859	2.7076	6.3935	14.0849	20.4784
1177301PIP	2011	13	84	4.0	4.1	1.5578	0.3428	1.1707	0.4997	1.6704	1.9006	3.571
1177301PIP	2011	13	86	4.9	4.9	2.5951	0.5404	1.5599	0.7627	2.3226	3.1355	5.4581
1177301PIP	2011	13	89	4.1	4.2	1.6576	0.3623	1.2123	0.526	1.7384	2.02	3.7583
1177301PIP	2011	13	91	4.0	4.1	1.5578	0.3428	1.1707	0.4997	1.6704	1.9006	3.571
1177301PIP	2011	13	92	4.7	4.7	2.3369	0.4922	1.4706	0.6992	2.1699	2.8291	4.999
1177301PIP	2011	74	94	3.9	6.7	1.7565	0.4374	0.2401	0.2474	0.4875	2.1938	2.6813
1177301PIP	2011	13	95	5.6	5.4	3.6307	0.7291	1.8842	1.0074	2.8915	4.3598	7.2513
1177301PIP	2011	13	97	3.8	4.0	1.3693	0.3056	1.0888	0.449	1.5378	1.6749	3.2127
1177301PIP	2011	13	98	7.8	7.2	8.3535	1.5331	3.0106	2.0095	5.02	9.8866	14.9066
1177301PIP	2011	13	101	4.0	4.1	1.5578	0.3428	1.1707	0.4997	1.6704	1.9006	3.571
1177301PIP	2011	13	104	6.2	5.9	4.6897	0.9161	2.1759	1.2454	3.4213	5.6058	9.0271
1177301PIP	2011	13	106	5.6	5.4	3.6307	0.7291	1.8842	1.0074	2.8915	4.3598	7.2513
1177301PIP	2011	74	109	5.3	8.2	3.7527	0.9118	0.3958	0.5361	0.932	4.6644	5.5964
1177301PIP	2011	13	111	7.1	6.6	6.5944	1.2416	2.6357	1.6519	4.2876	7.836	12.1236
1177301PIP	2011	13	112	5.8	5.6	3.9656	0.7888	1.98	1.0838	3.0638	4.7544	7.8183
1177301PIP	2011	13	114	3.7	3.9	1.2805	0.2878	1.0485	0.4247	1.4732	1.5683	3.0415
1177301PIP	2011	13	115	7.3	6.8	7.0716	1.3214	2.7413	1.7503	4.4916	8.393	12.8846
1177301PIP	2011	13	117	7.5	6.9	7.5689	1.404	2.8481	1.8518	4.6999	8.9729	13.6728
1177301PIP	2011	74	118	5.7	8.5	4.4931	1.0853	0.4457	0.6441	1.0898	5.5784	6.6682
1177301PIP	2011	38	120	5.0	7.1	3.3289	0.648	0.7587	0.8221	1.5809	3.9769	5.5577
1177301PIP	2011	13	121	6.9	6.5	6.1372	1.1645	2.5313	1.5564	4.0877	7.3017	11.3894
1177301PIP	2011	13	124	5.5	5.3	3.4698	0.7002	1.8368	0.9703	2.807	4.1701	6.9771
1177301PIP	2011	74	126	6.5	9.2	6.2189	1.4865	0.5521	0.897	1.449	7.7054	9.1545
1177301PIP	2011	13	127	6.2	5.9	4.6897	0.9161	2.1759	1.2454	3.4213	5.6058	9.0271
1177301PIP	2011	38	129	4.0	6.2	1.9045	0.3789	0.5268	0.4651	0.9918	2.2833	3.2751
1177301PIP	2011	38	131	4.9	7.0	3.1647	0.6173	0.7341	0.7808	1.5149	3.782	5.2969
1177301PIP	2011	20	132	8.2	8.4	8.3837	1.6095	2.8177	1.468	4.2857	9.9932	14.2789
1177301PIP	2011	13	134	7.5	6.9	7.5689	1.404	2.8481	1.8518	4.6999	8.9729	13.6728
1177301PIP	2011	38	135	10.5	10.1	21.3149	3.8601	2.5523	5.4656	8.0179	25.175	33.1929
1177301PIP	2011	74	137	5.8	8.6	4.6907	1.1315	0.4585	0.673	1.1315	5.8222	6.9537
1177301PIP	2011	13	138	7.8	7.2	8.3535	1.5331	3.0106	2.0095	5.02	9.8866	14.9066
1177301PIP	2011	13	140	7.1	6.6	6.5944	1.2416	2.6357	1.6519	4.2876	7.836	12.1236
1177301PIP	2011	13	141	4.9	4.9	2.5951	0.5404	1.5599	0.7627	2.3226	3.1355	5.4581
1177301PIP	2011	13	144	7.9	7.3	8.6254	1.5775	3.0653	2.0635	5.1288	10.203	15.3318
1177301PIP	2011	13	146	8.0	7.3	8.9026	1.6227	3.1203	2.1183	5.2386	10.5253	15.764
1177301PIP	2011	13	147	4.6	4.6	2.2139	0.469	1.4266	0.6686	2.0952	2.6829	4.7781
1177301PIP	2011	74	149	8.5	10.6	12.08	2.826	0.855	1.7641	2.6191	14.906	17.5251
1177301PIP	2011	20	151	9.3	9.2	11.345	2.1631	3.4767	2.0213	5.4979	13.5082	19.0061
1177301PIP	2011	13	152	6.4	6.1	5.0795	0.9837	2.2758	1.3306	3.6064	6.0632	9.6696
1177301PIP	2011	13	154	4.3	4.4	1.8685	0.4032	1.2968	0.5809	1.8777	2.2717	4.1494
1177301PIP	2011	13	155	6.2	5.9	4.6897	0.9161	2.1759	1.2454	3.4213	5.6058	9.0271
1177301PIP	2011	38	157	4.8	6.9	3.0056	0.5874	0.7097	0.7408	1.4505	3.593	5.0435
1177301PIP	2011	13	158	4.3	4.4	1.8685	0.4032	1.2968	0.5809	1.8777	2.2717	4.1494
1177301PIP	2011	13	160	7.2	6.7	6.8305	1.2812	2.6883	1.7007	4.3891	8.1117	12.5007
1177301PIP	2011	13	161	5.3	5.2	3.1612	0.6444	1.743	0.8982	2.6412	3.8056	6.4468
1177301PIP	2011	13	164	6.5	6.1	5.2814	1.0185	2.3263	1.3743	3.7006	6.3	10.0005
1177301PIP	2011	13	167	3.4	3.6	1.0352	0.2381	0.9303	0.3561	1.2864	1.2733	2.5597
1177301PIP	2011	13	169	8.5	7.7	10.3688	1.859	3.3997	2.4036	5.8032	12.2278	18.0311
1177301PIP	2011	13	172	9.8	8.7	14.8305	2.5581	4.1577	3.2334	7.3911	17.3885	24.7796
1177301PIP	2011	13	174	4.5	4.5	2.0948	0.4465	1.3829	0.6387	2.0216	2.5413	4.5629
1177301PIP	2011	25	175	14.1	12.4	40.6063	4.6391	4.1029	7.8608	11.9638	45.2455	57.2092
1177301PIP	2011	13	177	7.2	6.7	6.8305	1.2812	2.6883	1.7007	4.3891	8.1117	12.5007
1177301PIP	2011	74	178	6.6	9.3	6.4584	1.5418	0.566	0.9322	1.4982	8.0002	9.4984
1177301PIP	2011	20	180	4.5	5.0	1.9825	0.3933	1.0347	0.3196	1.3543	2.3758	3.7301
1177301PIP	2011	74	181	5.3	8.2	3.7527	0.9118	0.3958	0.5361	0.932	4.6644	5.5964
1177301PIP	2011	13	184	3.6	3.8	1.1952	0.2707	1.0086	0.4012	1.4098	1.4659	2.8757
1177301PIP	2011	38	187	5.0	7.1	3.3289	0.648	0.7587	0.8221	1.5809	3.9769	5.5577
1177301PIP	2011	74	189	7.6	10.0	9.1573	2.1616	0.7124	1.3304	2.0428	11.3189	13.3617
1177301PIP	2011	38	192	6.4	8.1	6.1745	1.1734	1.136	1.5441	2.6801	7.3479	10.028
1177301PIP	2011	74	194	6.8	9.4	6.9537	1.6561	0.5942	1.005	1.5993	8.6098	10.209
1177301PIP	2011	13	195	3.3	3.6	0.9603	0.2227	0.8918	0.3346	1.2265	1.183	2.4095
1177301PIP	2011	13	197	4.3	4.4	1.8685	0.4032	1.2968	0.5809	1.8777	2.2717	4.1494
1177301PIP	2011	13	198	3.8	4.0	1.3693	0.3056	1.0888	0.449	1.5378	1.6749	3.2127
1177301PIP	2011	13	200	3.7	3.9	1.2805	0.2878	1.0485	0.4247	1.4732	1.5683	3.0415
1177301PIP	2011	13	201	3.5	3.7	1.1135	0.2541	0.9692	0.3783	1.3475	1.3676	2.7151
1177301PIP	2011	13	203	6.0	5.7	4.3185	0.8512	2.0773	1.1631	3.2404	5.1697	8.4101
1177301PIP	2011	13	204	3.9	4.0	1.4617	0.3239	1.1295	0.474	1.6035	1.7856	3.3891
1177301PIP	2011	74	207	6.4	9.1	5.9848	1.4323	0.5383	0.8626	1.4009	7.4171	8.818
1177301PIP	2011	13	209	7.5	6.9	7.5689	1.404	2.8481	1.8518	4.6999	8.9729	13.6728
1177301PIP	2011	74	210	8.9	10.8	13.5362	3.155	0.9216	1.981	2.9026	16.6912	19.5937
1177301PIP	2011	13	212	7.0	6.5	6.3634	1.2027	2.5833	1.6038	4.1871	7.5661	11.7532
1177301PIP	2011	74	214	7.7	10.1	9.4584	2.2303	0.7277	1.375	2.1027	11.6888	13.7915
1177301PIP	2011	13	215	6.3	6.0	4.8823	0.9496	2.2257	1.2876	3.5133	5.8318	9.3452
1177301PIP	2011	13	217	3.4	3.6	1.0352	0.2381	0.9303	0.3561	1.2864	1.2733	2.5597
1177301PIP	2011	13	218	3.3	3.6	0.9603	0.2227	0.8918	0.3346	1.2265	1.183	2.4095
1177301PIP	2011	13	220	5.5	5.3	3.4698	0.7002	1.8368	0.9703	2.807	4.1701	6.9771
1177301PIP	2011	13	221	2.7	3.1	0.5798	0.142	0.6715	0.2203	0.8918	0.7218	1.6135
1177301PIP	2011	13	223	4.2	4.3	1.7612	0.3825	1.2543	0.5531	1.8075	2.1436	3.9511
1177301PIP	2011	13	224	3.9	4.0	1.4617	0.3239	1.1295	0.474	1.6035	1.7856	3.3891
1177301PIP	2011	13	227	8.0	7.3	8.9026	1.6227	3.1203	2.1183	5.2386	10.5253	15.764
1177301PIP	2011	13	230	4.0	4.1	1.5578	0.3428	1.1707	0.4997	1.6704	1.9006	3.571
1177301PIP	2011	13	231	4.3	4.4	1.8685	0.4032	1.2968	0.5809	1.8777	2.2717	4.1494
1177301PIP	2011	74	233	4.3	7.2	2.2366	0.5526	0.2815	0.3165	0.5979	2.7892	3.3871
1177301PIP	2011	38	235	5.4	7.4	4.0359	0.7798	0.8605	1.0006	1.8611	4.8157	6.6768
1177301PIP	2011	13	236	6.7	6.3	5.6997	1.0902	2.4281	1.4639	3.892	6.7898	10.6818
1177301PIP	2011	13	238	3.1	3.4	0.8206	0.1935	0.8164	0.2938	1.1101	1.0142	2.1243
1177301PIP	2011	13	239	3.8	4.0	1.3693	0.3056	1.0888	0.449	1.5378	1.6749	3.2127
1177301PIP	2011	13	241	7.0	6.5	6.3634	1.2027	2.5833	1.6038	4.1871	7.5661	11.7532
1177301PIP	2011	13	242	4.2	4.3	1.7612	0.3825	1.2543	0.5531	1.8075	2.1436	3.9511
1177301PIP	2011	13	244	5.3	5.2	3.1612	0.6444	1.743	0.8982	2.6412	3.8056	6.4468
1177301PIP	2011	13	245	6.9	6.5	6.1372	1.1645	2.5313	1.5564	4.0877	7.3017	11.3894
1177301PIP	2011	13	248	6.2	5.9	4.6897	0.9161	2.1759	1.2454	3.4213	5.6058	9.0271
1177301PIP	2011	13	251	8.8	7.9	11.3138	2.0094	3.5706	2.5838	6.1543	13.3232	19.4776
1177301PIP	2011	13	253	4.7	4.7	2.3369	0.4922	1.4706	0.6992	2.1699	2.8291	4.999
1177301PIP	2011	13	256	4.4	4.4	1.9797	0.4245	1.3397	0.6094	1.9491	2.4043	4.3534
1177301PIP	2011	13	258	4.7	4.7	2.3369	0.4922	1.4706	0.6992	2.1699	2.8291	4.999
1177301PIP	2011	13	259	5.1	5.0	2.8698	0.5912	1.6507	0.829	2.4797	3.4609	5.9406
1177301PIP	2011	13	261	7.7	7.1	8.0868	1.4894	2.9561	1.9562	4.9123	9.5762	14.4884
1177301PIP	2011	13	262	4.5	4.5	2.0948	0.4465	1.3829	0.6387	2.0216	2.5413	4.5629
1177301PIP	2011	74	264	6.2	9.0	5.5325	1.3274	0.5112	0.7962	1.3074	6.86	8.1673
1177301PIP	2011	13	265	7.2	6.7	6.8305	1.2812	2.6883	1.7007	4.3891	8.1117	12.5007
1177301PIP	2011	13	267	4.3	4.4	1.8685	0.4032	1.2968	0.5809	1.8777	2.2717	4.1494
1177301PIP	2011	13	268	3.1	3.4	0.8206	0.1935	0.8164	0.2938	1.1101	1.0142	2.1243
1177301PIP	2011	13	271	4.4	4.4	1.9797	0.4245	1.3397	0.6094	1.9491	2.4043	4.3534
1177301PIP	2011	13	273	4.4	4.4	1.9797	0.4245	1.3397	0.6094	1.9491	2.4043	4.3534
1177301PIP	2011	13	276	6.3	6.0	4.8823	0.9496	2.2257	1.2876	3.5133	5.8318	9.3452
1177301PIP	2011	13	278	6.0	5.7	4.3185	0.8512	2.0773	1.1631	3.2404	5.1697	8.4101
1177301PIP	2011	13	279	7.5	6.9	7.5689	1.404	2.8481	1.8518	4.6999	8.9729	13.6728
1177301PIP	2011	13	281	3.8	4.0	1.3693	0.3056	1.0888	0.449	1.5378	1.6749	3.2127
1177301PIP	2011	74	282	7.6	10.0	9.1573	2.1616	0.7124	1.3304	2.0428	11.3189	13.3617
1177301PIP	2011	13	284	5.7	5.5	3.7959	0.7587	1.9319	1.0452	2.9772	4.5546	7.5317
1177301PIP	2011	13	285	6.7	6.3	5.6997	1.0902	2.4281	1.4639	3.892	6.7898	10.6818
1177301PIP	2011	13	287	6.2	5.9	4.6897	0.9161	2.1759	1.2454	3.4213	5.6058	9.0271
1177301PIP	2011	13	288	6.1	5.8	4.5018	0.8833	2.1264	1.2039	3.3303	5.3851	8.7154
1177301PIP	2011	13	291	6.9	6.5	6.1372	1.1645	2.5313	1.5564	4.0877	7.3017	11.3894
1177301PIP	2011	13	293	5.8	5.6	3.9656	0.7888	1.98	1.0838	3.0638	4.7544	7.8183
1177301PIP	2011	13	294	8.7	7.9	10.9933	1.9586	3.5133	2.523	6.0363	12.9519	18.9881
1177301PIP	2011	13	296	3.9	4.0	1.4617	0.3239	1.1295	0.474	1.6035	1.7856	3.3891
1177301PIP	2011	13	298	4.5	4.5	2.0948	0.4465	1.3829	0.6387	2.0216	2.5413	4.5629
1177301PIP	2011	13	299	8.6	7.8	10.6783	1.9084	3.4564	2.4629	5.9193	12.5867	18.506
1177301PIP	2011	13	301	9.2	8.3	12.6519	2.2201	3.8023	2.8345	6.6368	14.872	21.5088
1177301PIP	2011	13	302	3.4	3.6	1.0352	0.2381	0.9303	0.3561	1.2864	1.2733	2.5597
1177301PIP	2011	13	304	5.4	5.3	3.3134	0.672	1.7897	0.9339	2.7236	3.9854	6.7089
1177301PIP	2011	13	305	5.3	5.2	3.1612	0.6444	1.743	0.8982	2.6412	3.8056	6.4468
1177301PIP	2011	13	307	5.3	5.2	3.1612	0.6444	1.743	0.8982	2.6412	3.8056	6.4468
1177301PIP	2011	13	308	3.7	3.9	1.2805	0.2878	1.0485	0.4247	1.4732	1.5683	3.0415
1177301PIP	2011	13	311	9.0	8.1	11.9716	2.1133	3.6859	2.7076	6.3935	14.0849	20.4784
1177301PIP	2011	74	313	5.3	8.2	3.7527	0.9118	0.3958	0.5361	0.932	4.6644	5.5964
1177301PIP	2011	13	314	7.3	6.8	7.0716	1.3214	2.7413	1.7503	4.4916	8.393	12.8846
1177301PIP	2011	13	316	4.8	4.8	2.464	0.516	1.5151	0.7306	2.2457	2.98	5.2257
1177301PIP	2011	13	318	4.5	4.5	2.0948	0.4465	1.3829	0.6387	2.0216	2.5413	4.5629
1177301PIP	2011	13	319	5.9	5.7	4.1398	0.8197	2.0285	1.1231	3.1516	4.9595	8.1111
1177301PIP	2011	74	321	4.4	7.3	2.3676	0.5839	0.2922	0.3353	0.6276	2.9514	3.579
1177301PIP	2011	13	322	3.9	4.0	1.4617	0.3239	1.1295	0.474	1.6035	1.7856	3.3891
1177301PIP	2011	13	324	4.5	4.5	2.0948	0.4465	1.3829	0.6387	2.0216	2.5413	4.5629
1177301PIP	2011	38	325	3.2	5.4	1.0895	0.2215	0.3657	0.2631	0.6288	1.311	1.9398
1177301PIP	2011	13	327	5.5	5.3	3.4698	0.7002	1.8368	0.9703	2.807	4.1701	6.9771
1177301PIP	2011	13	328	7.0	6.5	6.3634	1.2027	2.5833	1.6038	4.1871	7.5661	11.7532
1177301PIP	2011	13	331	9.3	8.3	13.0006	2.2746	3.8608	2.8991	6.76	15.2752	22.0351
1177301PIP	2011	13	334	2.9	3.2	0.6939	0.1666	0.7429	0.2556	0.9985	0.8606	1.8591
1177301PIP	2011	13	336	3.0	3.3	0.7557	0.1798	0.7794	0.2744	1.0537	0.9355	1.9892
1177301PIP	2011	13	339	3.8	4.0	1.3693	0.3056	1.0888	0.449	1.5378	1.6749	3.2127
1177301PIP	2011	13	341	4.5	4.5	2.0948	0.4465	1.3829	0.6387	2.0216	2.5413	4.5629
1177301PIP	2011	13	342	3.1	3.4	0.8206	0.1935	0.8164	0.2938	1.1101	1.0142	2.1243
1177301PIP	2011	13	344	5.7	5.5	3.7959	0.7587	1.9319	1.0452	2.9772	4.5546	7.5317
1177301PIP	2011	13	345	3.9	4.0	1.4617	0.3239	1.1295	0.474	1.6035	1.7856	3.3891
1177301PIP	2011	13	347	6.7	6.3	5.6997	1.0902	2.4281	1.4639	3.892	6.7898	10.6818
1177301PIP	2011	13	348	6.3	6.0	4.8823	0.9496	2.2257	1.2876	3.5133	5.8318	9.3452
1177301PIP	2011	13	350	3.2	3.5	0.8888	0.2078	0.8539	0.3139	1.1677	1.0967	2.2644
1177301PIP	2011	74	351	9.0	10.9	13.9157	3.2406	0.9385	2.0376	2.9761	17.1563	20.1324
1177301PIP	2011	13	354	6.0	5.7	4.3185	0.8512	2.0773	1.1631	3.2404	5.1697	8.4101
1177301PIP	2011	74	356	5.9	8.7	4.8934	1.1788	0.4715	0.7026	1.1741	6.0722	7.2463
1177301PIP	2011	13	359	3.5	3.7	1.1135	0.2541	0.9692	0.3783	1.3475	1.3676	2.7151
1177301PIP	2011	13	361	3.6	3.8	1.1952	0.2707	1.0086	0.4012	1.4098	1.4659	2.8757
1177301PIP	2011	13	362	4.1	4.2	1.6576	0.3623	1.2123	0.526	1.7384	2.02	3.7583
1177301PIP	2011	13	364	3.6	3.8	1.1952	0.2707	1.0086	0.4012	1.4098	1.4659	2.8757
1177301PIP	2011	20	365	3.8	4.3	1.3206	0.2644	0.7802	0.208	0.9883	1.585	2.5732
1177301PIP	2011	13	367	4.5	4.5	2.0948	0.4465	1.3829	0.6387	2.0216	2.5413	4.5629
1177301PIP	2011	13	368	5.2	5.1	3.0134	0.6175	1.6967	0.8632	2.5599	3.6308	6.1907
1177301PIP	2011	13	370	4.9	4.9	2.5951	0.5404	1.5599	0.7627	2.3226	3.1355	5.4581
1177301PIP	2011	13	371	3.2	3.5	0.8888	0.2078	0.8539	0.3139	1.1677	1.0967	2.2644
1177301PIP	2011	13	374	3.8	4.0	1.3693	0.3056	1.0888	0.449	1.5378	1.6749	3.2127
1177301PIP	2011	13	376	4.4	4.4	1.9797	0.4245	1.3397	0.6094	1.9491	2.4043	4.3534
1177301PIP	2011	13	377	4.8	4.8	2.464	0.516	1.5151	0.7306	2.2457	2.98	5.2257
1177301PIP	2011	13	379	4.2	4.3	1.7612	0.3825	1.2543	0.5531	1.8075	2.1436	3.9511
1177301PIP	2011	13	381	4.4	4.4	1.9797	0.4245	1.3397	0.6094	1.9491	2.4043	4.3534
1177301PIP	2011	13	382	3.1	3.4	0.8206	0.1935	0.8164	0.2938	1.1101	1.0142	2.1243
1177301PIP	2011	13	384	3.4	3.6	1.0352	0.2381	0.9303	0.3561	1.2864	1.2733	2.5597
1177301PIP	2011	13	385	6.4	6.1	5.0795	0.9837	2.2758	1.3306	3.6064	6.0632	9.6696
1177301PIP	2011	20	387	3.9	4.4	1.4056	0.281	0.8148	0.2222	1.037	1.6867	2.7237
1177301PIP	2011	13	388	5.6	5.4	3.6307	0.7291	1.8842	1.0074	2.8915	4.3598	7.2513
1177301PIP	2011	13	390	6.9	6.5	6.1372	1.1645	2.5313	1.5564	4.0877	7.3017	11.3894
1177301PIP	2011	13	391	3.8	4.0	1.3693	0.3056	1.0888	0.449	1.5378	1.6749	3.2127
1177301PIP	2011	13	394	8.0	7.3	8.9026	1.6227	3.1203	2.1183	5.2386	10.5253	15.764
1177301PIP	2011	13	396	6.6	6.2	5.4881	1.054	2.377	1.4187	3.7958	6.5422	10.3379
1177301PIP	2011	13	397	3.7	3.9	1.2805	0.2878	1.0485	0.4247	1.4732	1.5683	3.0415
1177301PIP	2011	13	399	6.7	6.3	5.6997	1.0902	2.4281	1.4639	3.892	6.7898	10.6818
1177301PIP	2011	13	402	3.4	3.6	1.0352	0.2381	0.9303	0.3561	1.2864	1.2733	2.5597
1177301PIP	2011	20	404	6.6	7.0	4.9763	0.9668	1.9611	0.8457	2.8069	5.943	8.7499
1177301PIP	2011	13	405	3.6	3.8	1.1952	0.2707	1.0086	0.4012	1.4098	1.4659	2.8757
1177301PIP	2011	13	407	5.5	5.3	3.4698	0.7002	1.8368	0.9703	2.807	4.1701	6.9771
1177301PIP	2011	13	408	5.4	5.3	3.3134	0.672	1.7897	0.9339	2.7236	3.9854	6.7089
1177301PIP	2011	13	410	4.1	4.2	1.6576	0.3623	1.2123	0.526	1.7384	2.02	3.7583
1177301PIP	2011	13	411	4.3	4.4	1.8685	0.4032	1.2968	0.5809	1.8777	2.2717	4.1494
1177301PIP	2011	13	414	5.3	5.2	3.1612	0.6444	1.743	0.8982	2.6412	3.8056	6.4468
1177301PIP	2011	13	417	6.0	5.7	4.3185	0.8512	2.0773	1.1631	3.2404	5.1697	8.4101
1177301PIP	2011	13	419	5.3	5.2	3.1612	0.6444	1.743	0.8982	2.6412	3.8056	6.4468
1204771PIP	2011	25	1	5.8	7.2	4.6171	0.7113	1.0945	1.0509	2.1455	5.3284	7.4739
1204771PIP	2011	13	3	6.4	6.1	5.0795	0.9837	2.2758	1.3306	3.6064	6.0632	9.6696
1204771PIP	2011	13	4	10.3	9.2	16.8074	2.8601	4.4608	3.5867	8.0475	19.6675	27.715
1204771PIP	2011	13	6	5.0	5.0	2.7303	0.5655	1.6051	0.7955	2.4006	3.2958	5.6964
1204771PIP	2011	13	7	16.9	13.5	58.3828	8.684	8.9858	10.0656	19.0514	67.0668	86.1182
1204771PIP	2011	13	9	12.5	10.7	27.3475	4.4152	5.8657	5.369	11.2347	31.7627	42.9974
1204771PIP	2011	13	10	2.8	3.2	0.6353	0.154	0.7069	0.2376	0.9445	0.7893	1.7339
1204771PIP	2011	25	12	3.5	5.1	1.3412	0.2449	0.5163	0.3347	0.8511	1.5861	2.4372
1204771PIP	2011	13	13	6.9	6.5	6.1372	1.1645	2.5313	1.5564	4.0877	7.3017	11.3894
1204771PIP	2011	13	16	6.7	6.4	5.6997	1.0902	2.4281	1.4639	3.892	6.7898	10.6818
1204771PIP	2011	25	19	4.0	5.6	1.8596	0.3247	0.6298	0.4529	1.0827	2.1843	3.267
1204771PIP	2011	13	21	3.5	3.8	1.1135	0.2541	0.9692	0.3783	1.3475	1.3676	2.7151
1204771PIP	2011	13	23	18.7	14.4	75.3041	10.897	10.3687	12.429	22.7976	86.201	108.9987
1204771PIP	2011	25	24	3.5	5.1	1.3412	0.2449	0.5163	0.3347	0.8511	1.5861	2.4372
1204771PIP	2011	13	27	5.0	5.0	2.7303	0.5655	1.6051	0.7955	2.4006	3.2958	5.6964
1204771PIP	2011	13	29	3.3	3.6	0.9603	0.2227	0.8918	0.3346	1.2265	1.183	2.4095
1204771PIP	2011	25	30	3.5	5.1	1.3412	0.2449	0.5163	0.3347	0.8511	1.5861	2.4372
1204771PIP	2011	13	32	5.2	5.2	3.0134	0.6175	1.6967	0.8632	2.5599	3.6308	6.1907
1204771PIP	2011	13	33	3.0	3.3	0.7557	0.1798	0.7794	0.2744	1.0537	0.9355	1.9892
1204771PIP	2011	25	36	2.8	4.3	0.7768	0.1529	0.3705	0.2019	0.5724	0.9297	1.5021
1204771PIP	2011	25	38	5.4	6.9	3.8763	0.6117	0.9842	0.8939	1.878	4.488	6.366
1204771PIP	2011	25	39	3.6	5.2	1.4369	0.2599	0.5384	0.3568	0.8952	1.6968	2.592
1204771PIP	2011	13	41	3.8	4.0	1.3693	0.3056	1.0888	0.449	1.5378	1.6749	3.2127
1204771PIP	2011	13	43	12.7	10.9	28.4612	4.5752	5.9988	5.5496	11.5484	33.0365	44.5849
1204771PIP	2011	25	44	2.6	4.1	0.6479	0.1308	0.3318	0.1707	0.5025	0.7787	1.2812
1204771PIP	2011	13	46	8.3	7.7	9.7662	1.7623	3.2871	2.2872	5.5743	11.5285	17.1028
1204771PIP	2011	13	47	3.3	3.6	0.9603	0.2227	0.8918	0.3346	1.2265	1.183	2.4095
1204771PIP	2011	13	49	3.2	3.5	0.8888	0.2078	0.8539	0.3139	1.1677	1.0967	2.2644
1204771PIP	2011	13	50	5.5	5.4	3.4698	0.7002	1.8368	0.9703	2.807	4.1701	6.9771
1204771PIP	2011	13	52	3.2	3.5	0.8888	0.2078	0.8539	0.3139	1.1677	1.0967	2.2644
1204771PIP	2011	25	53	5.4	6.9	3.8763	0.6117	0.9842	0.8939	1.878	4.488	6.366
1204771PIP	2011	13	56	8.0	7.4	8.9026	1.6227	3.1203	2.1183	5.2386	10.5253	15.764
1204771PIP	2011	13	59	9.8	8.8	14.8305	2.5581	4.1577	3.2334	7.3911	17.3885	24.7796
1204771PIP	2011	13	61	2.9	3.3	0.6939	0.1666	0.7429	0.2556	0.9985	0.8606	1.8591
1204771PIP	2011	13	64	7.5	7.0	7.5689	1.404	2.8481	1.8518	4.6999	8.9729	13.6728
1204771PIP	2011	13	66	11.5	10.0	22.1746	3.6621	5.2132	4.5127	9.7258	25.8367	35.5625
1204771PIP	2011	13	67	2.5	2.9	0.4778	0.1195	0.6022	0.1876	0.7899	0.5972	1.3871
1204771PIP	2011	13	69	2.6	3.0	0.5273	0.1304	0.6366	0.2036	0.8402	0.6577	1.4979
1204771PIP	2011	13	70	5.0	5.0	2.7303	0.5655	1.6051	0.7955	2.4006	3.2958	5.6964
1204771PIP	2011	13	73	12.8	10.9	29.0281	4.6564	6.0657	5.641	11.7068	33.6846	45.3914
1204771PIP	2011	13	75	5.6	5.5	3.6307	0.7291	1.8842	1.0074	2.8915	4.3598	7.2513
1204771PIP	2011	13	76	7.1	6.7	6.5944	1.2416	2.6357	1.6519	4.2876	7.836	12.1236
1204771PIP	2011	13	79	6.9	6.5	6.1372	1.1645	2.5313	1.5564	4.0877	7.3017	11.3894
1204771PIP	2011	25	81	2.9	4.4	0.8464	0.1647	0.3903	0.2186	0.609	1.0111	1.6201
1204771PIP	2011	13	84	5.0	5.0	2.7303	0.5655	1.6051	0.7955	2.4006	3.2958	5.6964
1204771PIP	2011	25	86	3.9	5.5	1.7479	0.3078	0.6065	0.4277	1.0342	2.0556	3.0899
1204771PIP	2011	13	87	4.0	4.2	1.5578	0.3428	1.1707	0.4997	1.6704	1.9006	3.571
1204771PIP	2011	13	89	9.7	8.7	14.4528	2.4999	4.0978	3.165	7.2628	16.9527	24.2155
1204771PIP	2011	13	90	3.5	3.8	1.1135	0.2541	0.9692	0.3783	1.3475	1.3676	2.7151
1204771PIP	2011	13	92	3.8	4.0	1.3693	0.3056	1.0888	0.449	1.5378	1.6749	3.2127
1204771PIP	2011	25	93	6.8	8.1	6.8147	0.9952	1.3867	1.5068	2.8935	7.8098	10.7034
1204771PIP	2011	13	95	14.9	12.3	42.5334	6.5468	7.5196	7.7419	15.2615	49.0802	64.3417
1204771PIP	2011	13	96	6.5	6.2	5.2814	1.0185	2.3263	1.3743	3.7006	6.3	10.0005
1204771PIP	2011	13	99	3.7	3.9	1.2805	0.2878	1.0485	0.4247	1.4732	1.5683	3.0415
1197916PIP	2011	13	1	4.7	5.1	2.3369	0.4922	1.4706	0.6992	2.1699	2.8291	4.999
1197916PIP	2011	13	2	6.3	6.5	4.8823	0.9496	2.2257	1.2876	3.5133	5.8318	9.3452
1197916PIP	2011	13	4	3.4	3.9	1.0352	0.2381	0.9303	0.3561	1.2864	1.2733	2.5597
1197916PIP	2011	13	6	8.5	8.4	10.3688	1.859	3.3997	2.4036	5.8032	12.2278	18.0311
1197916PIP	2011	25	7	4.9	7.0	3.0559	0.4983	0.8517	0.7173	1.569	3.5542	5.1232
1197916PIP	2011	13	9	3.0	3.5	0.7557	0.1798	0.7794	0.2744	1.0537	0.9355	1.9892
1197916PIP	2011	13	10	6.6	6.8	5.4881	1.054	2.377	1.4187	3.7958	6.5422	10.3379
1197916PIP	2011	13	12	3.8	4.2	1.3693	0.3056	1.0888	0.449	1.5378	1.6749	3.2127
1197916PIP	2011	13	13	5.2	5.5	3.0134	0.6175	1.6967	0.8632	2.5599	3.6308	6.1907
1197916PIP	2011	13	15	5.9	6.1	4.1398	0.8197	2.0285	1.1231	3.1516	4.9595	8.1111
1197916PIP	2011	13	16	2.7	3.3	0.5798	0.142	0.6715	0.2203	0.8918	0.7218	1.6135
1197916PIP	2011	13	19	3.3	3.8	0.9603	0.2227	0.8918	0.3346	1.2265	1.183	2.4095
1197916PIP	2011	13	21	11.7	11.0	23.1572	3.8065	5.3419	4.6778	10.0196	26.9637	36.9833
1197916PIP	2011	13	22	2.6	3.2	0.5273	0.1304	0.6366	0.2036	0.8402	0.6577	1.4979
1197916PIP	2011	13	26	4.7	5.1	2.3369	0.4922	1.4706	0.6992	2.1699	2.8291	4.999
1197916PIP	2011	13	27	15.2	13.5	44.7199	6.8462	7.7346	8.0703	15.8049	51.566	67.3709
1197916PIP	2011	13	29	17.0	14.6	59.2554	8.7996	9.0611	10.1901	19.2512	68.0551	87.3063
1197916PIP	2011	13	30	12.2	11.3	25.7269	4.1811	5.6676	5.104	10.7715	29.908	40.6795
1197916PIP	2011	13	32	17.5	14.9	63.7362	9.3908	9.4403	10.8246	20.2649	73.127	93.3919
1197916PIP	2011	13	33	3.8	4.2	1.3693	0.3056	1.0888	0.449	1.5378	1.6749	3.2127
1197916PIP	2011	13	35	10.0	9.6	15.6034	2.6766	4.2782	3.3724	7.6506	18.28	25.9306
1197916PIP	2011	13	36	13.4	12.2	32.5723	5.1603	6.4717	6.2061	12.6778	37.7326	50.4105
1197916PIP	2011	13	39	7.0	7.1	6.3634	1.2027	2.5833	1.6038	4.1871	7.5661	11.7532
1197916PIP	2011	13	42	4.3	4.7	1.8685	0.4032	1.2968	0.5809	1.8777	2.2717	4.1494
1197916PIP	2011	13	44	13.1	12.0	30.7695	4.9048	6.2678	5.9201	12.1878	35.6743	47.8621
1197916PIP	2011	13	47	6.3	6.5	4.8823	0.9496	2.2257	1.2876	3.5133	5.8318	9.3452
1197916PIP	2011	13	49	6.1	6.3	4.5018	0.8833	2.1264	1.2039	3.3303	5.3851	8.7154
1197916PIP	2011	13	50	11.3	10.7	21.2175	3.5208	5.0854	4.3507	9.4361	24.7383	34.1744
1197916PIP	2011	13	52	13.0	11.9	30.1823	4.8212	6.2002	5.8263	12.0265	35.0035	47.03
1197916PIP	2011	13	53	8.4	8.3	10.0648	1.8103	3.3432	2.345	5.6883	11.8751	17.5634
1197916PIP	2011	13	55	3.8	4.2	1.3693	0.3056	1.0888	0.449	1.5378	1.6749	3.2127
1197916PIP	2011	13	56	4.1	4.5	1.6576	0.3623	1.2123	0.526	1.7384	2.02	3.7583
1197916PIP	2011	13	58	5.7	6.0	3.7959	0.7587	1.9319	1.0452	2.9772	4.5546	7.5317
1197916PIP	2011	13	59	8.6	8.5	10.6783	1.9084	3.4564	2.4629	5.9193	12.5867	18.506
1197916PIP	2011	13	62	4.0	4.4	1.5578	0.3428	1.1707	0.4997	1.6704	1.9006	3.571
1197916PIP	2011	13	64	28.5	20.1	217.2785	28.039	18.8167	29.9086	48.7253	245.3175	294.0429
1197916PIP	2011	13	67	4.9	5.2	2.5951	0.5404	1.5599	0.7627	2.3226	3.1355	5.4581
1197916PIP	2011	13	69	12.2	11.3	25.7269	4.1811	5.6676	5.104	10.7715	29.908	40.6795
1197916PIP	2011	13	70	9.4	9.1	13.355	2.3298	3.9197	2.9645	6.8842	15.6848	22.5689
1197916PIP	2011	13	72	8.0	8.0	8.9026	1.6227	3.1203	2.1183	5.2386	10.5253	15.764
1197916PIP	2011	13	73	9.9	9.6	15.214	2.617	4.2178	3.3025	7.5203	17.8309	25.3513
1197916PIP	2011	13	75	9.1	8.9	12.3089	2.1663	3.7439	2.7707	6.5147	14.4752	20.9899
1197916PIP	2011	13	76	9.1	8.9	12.3089	2.1663	3.7439	2.7707	6.5147	14.4752	20.9899
1197916PIP	2011	13	78	13.5	12.3	33.1871	5.2471	6.5402	6.303	12.8432	38.4341	51.2773
1197916PIP	2011	25	79	32.3	18.6	308.7829	26.6885	14.079	51.3927	65.4717	335.4714	400.9431
1197916PIP	2011	13	82	3.1	3.6	0.8206	0.1935	0.8164	0.2938	1.1101	1.0142	2.1243
1197916PIP	2011	13	84	7.3	7.4	7.0716	1.3214	2.7413	1.7503	4.4916	8.393	12.8846
1197916PIP	2011	13	87	4.4	4.8	1.9797	0.4245	1.3397	0.6094	1.9491	2.4043	4.3534
1197916PIP	2011	13	89	11.1	10.5	20.2858	3.3826	4.9586	4.1917	9.1503	23.6684	32.8187
1197916PIP	2011	13	90	7.1	7.2	6.5944	1.2416	2.6357	1.6519	4.2876	7.836	12.1236
1197916PIP	2011	13	92	6.1	6.3	4.5018	0.8833	2.1264	1.2039	3.3303	5.3851	8.7154
1197916PIP	2011	13	93	15.5	13.7	46.9727	7.153	7.9514	8.4058	16.3572	54.1257	70.4828
1197916PIP	2011	13	95	3.6	4.1	1.1952	0.2707	1.0086	0.4012	1.4098	1.4659	2.8757
1197916PIP	2011	13	96	13.9	12.6	35.7156	5.6022	6.8159	6.6984	13.5143	41.3178	54.8321
1197916PIP	2011	13	98	10.0	9.6	15.6034	2.6766	4.2782	3.3724	7.6506	18.28	25.9306
1197916PIP	2011	13	99	5.3	5.6	3.1612	0.6444	1.743	0.8982	2.6412	3.8056	6.4468
1197916PIP	2011	13	102	5.7	6.0	3.7959	0.7587	1.9319	1.0452	2.9772	4.5546	7.5317
1197916PIP	2011	13	104	4.7	5.1	2.3369	0.4922	1.4706	0.6992	2.1699	2.8291	4.999
1197916PIP	2011	13	107	7.2	7.3	6.8305	1.2812	2.6883	1.7007	4.3891	8.1117	12.5007
1197916PIP	2011	13	110	7.5	7.5	7.5689	1.404	2.8481	1.8518	4.6999	8.9729	13.6728
1197916PIP	2011	13	112	14.4	12.9	39.0349	6.0643	7.1652	7.2104	14.3756	45.0992	59.4747
1197916PIP	2011	13	113	9.4	9.1	13.355	2.3298	3.9197	2.9645	6.8842	15.6848	22.5689
1197916PIP	2011	13	115	7.7	7.7	8.0868	1.4894	2.9561	1.9562	4.9123	9.5762	14.4884
1197916PIP	2011	13	116	7.8	7.8	8.3535	1.5331	3.0106	2.0095	5.02	9.8866	14.9066
1197916PIP	2011	13	118	4.5	4.9	2.0948	0.4465	1.3829	0.6387	2.0216	2.5413	4.5629
1197916PIP	2011	13	119	14.9	13.3	42.5334	6.5468	7.5196	7.7419	15.2615	49.0802	64.3417
1197916PIP	2011	13	122	5.9	6.1	4.1398	0.8197	2.0285	1.1231	3.1516	4.9595	8.1111
1197916PIP	2011	13	127	9.5	9.2	13.7151	2.3858	3.9788	3.0306	7.0094	16.1009	23.1103
1197916PIP	2011	13	130	2.5	3.1	0.4778	0.1195	0.6022	0.1876	0.7899	0.5972	1.3871
1197916PIP	2011	13	132	7.2	7.3	6.8305	1.2812	2.6883	1.7007	4.3891	8.1117	12.5007
1197916PIP	2011	13	133	3.0	3.5	0.7557	0.1798	0.7794	0.2744	1.0537	0.9355	1.9892
1197916PIP	2011	13	135	6.7	6.8	5.6997	1.0902	2.4281	1.4639	3.892	6.7898	10.6818
1197916PIP	2011	13	136	4.1	4.5	1.6576	0.3623	1.2123	0.526	1.7384	2.02	3.7583
1197916PIP	2011	13	138	11.0	10.4	19.8294	3.3146	4.8955	4.1134	9.0089	23.144	32.1529
1197916PIP	2011	13	139	6.1	6.3	4.5018	0.8833	2.1264	1.2039	3.3303	5.3851	8.7154
1197916PIP	2011	25	141	8.3	10.1	11.1	1.5158	1.8654	2.3667	4.2321	12.6158	16.8479
1197916PIP	2011	25	142	14.6	14.1	44.2215	4.9932	4.3212	8.5064	12.8277	49.2147	62.0424
1197916PIP	2011	13	145	4.8	5.1	2.464	0.516	1.5151	0.7306	2.2457	2.98	5.2257
1197916PIP	2011	13	147	5.1	5.4	2.8698	0.5912	1.6507	0.829	2.4797	3.4609	5.9406
1197916PIP	2011	13	148	4.7	5.1	2.3369	0.4922	1.4706	0.6992	2.1699	2.8291	4.999
1197916PIP	2011	13	150	8.8	8.6	11.3138	2.0094	3.5706	2.5838	6.1543	13.3232	19.4776
1197916PIP	2011	13	152	2.7	3.3	0.5798	0.142	0.6715	0.2203	0.8918	0.7218	1.6135
1197916PIP	2011	13	153	13.4	12.2	32.5723	5.1603	6.4717	6.2061	12.6778	37.7326	50.4105
1197916PIP	2011	13	155	2.6	3.2	0.5273	0.1304	0.6366	0.2036	0.8402	0.6577	1.4979
1197916PIP	2011	13	156	5.2	5.5	3.0134	0.6175	1.6967	0.8632	2.5599	3.6308	6.1907
1197916PIP	2011	13	158	3.2	3.7	0.8888	0.2078	0.8539	0.3139	1.1677	1.0967	2.2644
1197916PIP	2011	13	159	3.4	3.9	1.0352	0.2381	0.9303	0.3561	1.2864	1.2733	2.5597
1197916PIP	2011	13	161	6.7	6.8	5.6997	1.0902	2.4281	1.4639	3.892	6.7898	10.6818
1197916PIP	2011	13	162	3.8	4.2	1.3693	0.3056	1.0888	0.449	1.5378	1.6749	3.2127
1197916PIP	2011	13	165	4.4	4.8	1.9797	0.4245	1.3397	0.6094	1.9491	2.4043	4.3534
1197916PIP	2011	13	167	7.0	7.1	6.3634	1.2027	2.5833	1.6038	4.1871	7.5661	11.7532
1197916PIP	2011	13	168	2.5	3.1	0.4778	0.1195	0.6022	0.1876	0.7899	0.5972	1.3871
1197916PIP	2011	13	170	4.9	5.2	2.5951	0.5404	1.5599	0.7627	2.3226	3.1355	5.4581
1197916PIP	2011	13	172	8.1	8.1	9.1851	1.6685	3.1756	2.1739	5.3495	10.8537	16.2032
1197916PIP	2011	13	173	3.1	3.6	0.8206	0.1935	0.8164	0.2938	1.1101	1.0142	2.1243
1204791PIP	2011	3	352	2.6	4.3	0.7996	0.133	0.203	0.0794	0.2824	0.9327	1.2151
1204791PIP	2011	25	353	13.2	8.8	34.5529	4.0362	3.7195	6.7699	10.4894	38.5891	49.0785
1204791PIP	2011	3	355	3.4	4.9	1.524	0.2318	0.3228	0.1518	0.4746	1.7558	2.2304
1204791PIP	2011	13	358	3.6	3.7	1.1952	0.2707	1.0086	0.4012	1.4098	1.4659	2.8757
1204791PIP	2011	25	359	3.4	3.8	1.2493	0.2304	0.4945	0.3134	0.808	1.4797	2.2877
1204791PIP	2011	25	362	3.6	4.0	1.4369	0.2599	0.5384	0.3568	0.8952	1.6968	2.592
1211666PIP	2011	38	1	13.1	13.9	37.0798	6.5721	3.6647	9.615	13.2798	43.652	56.9317
1211666PIP	2011	13	3	7.6	7.6	7.8253	1.4463	2.902	1.9036	4.8055	9.2716	14.0772
1211666PIP	2011	13	6	21.8	17.0	110.7478	15.3715	12.8806	17.1102	29.9908	126.1192	156.11
1211666PIP	2011	13	8	14.8	13.0	41.8192	6.4487	7.4483	7.634	15.0823	48.2679	63.3502
1211666PIP	2011	13	9	13.6	12.2	33.8087	5.3346	6.6088	6.4007	13.0095	39.1434	52.1528
1211666PIP	2011	38	11	12.8	13.7	34.9912	6.2159	3.5285	9.0628	12.5913	41.2071	53.7984
1211666PIP	2011	13	12	17.7	14.8	65.5838	9.6332	9.5933	11.084	20.6772	75.217	95.8943
1211666PIP	2011	13	14	22.7	17.4	122.6074	16.8315	13.6391	18.6152	32.2542	139.4388	171.6931
1211666PIP	2011	38	15	8.3	11.0	11.8342	2.1928	1.7377	2.9986	4.7363	14.027	18.7633
1211666PIP	2011	13	17	18.0	15.0	68.4151	10.0033	9.824	11.4791	21.3031	78.4184	99.7215
1211666PIP	2011	13	18	8.5	8.3	10.3688	1.859	3.3997	2.4036	5.8032	12.2278	18.0311
1211666PIP	2011	13	21	16.8	14.3	57.518	8.5691	8.9107	9.9418	18.8525	66.0871	84.9397
1211666PIP	2011	13	23	19.8	16.0	86.9445	12.3874	11.2417	14.0012	25.2429	99.332	124.5749
1211666PIP	2011	13	26	2.8	3.3	0.6353	0.154	0.7069	0.2376	0.9445	0.7893	1.7339
1211666PIP	2011	38	28	18.1	15.5	83.2762	14.303	6.2176	21.9502	28.1678	97.5793	125.7471
1211666PIP	2011	13	31	17.4	14.6	62.8243	9.2708	9.3641	10.6961	20.0602	72.0951	92.1553
1211666PIP	2011	13	32	19.5	15.8	83.6697	11.9704	11.0015	13.5628	24.5643	95.6402	120.2045
1211666PIP	2011	13	35	16.3	14.0	53.3097	8.0077	8.538	9.3352	17.8731	61.3174	79.1906
1211666PIP	2011	20	37	4.0	4.3	1.4938	0.2982	0.85	0.237	1.087	1.792	2.879
1211666PIP	2011	38	38	13.5	14.0	39.9786	7.0652	3.8495	10.3825	14.232	47.0439	61.2758
1211666PIP	2011	38	41	7.7	10.6	9.8081	1.8307	1.5371	2.4758	4.0129	11.6388	15.6517
1211666PIP	2011	38	43	13.6	14.1	40.7239	7.1918	3.8962	10.58	14.4762	47.9156	62.3918
1211666PIP	2011	38	44	13.1	13.9	37.0798	6.5721	3.6647	9.615	13.2798	43.652	56.9317
1211666PIP	2011	13	46	5.1	5.4	2.8698	0.5912	1.6507	0.829	2.4797	3.4609	5.9406
1211666PIP	2011	13	48	7.5	7.5	7.5689	1.404	2.8481	1.8518	4.6999	8.9729	13.6728
1211666PIP	2011	13	49	18.9	15.5	77.3458	11.1601	10.5258	12.7076	23.2334	88.5059	111.7394
1211666PIP	2011	13	51	7.7	7.6	8.0868	1.4894	2.9561	1.9562	4.9123	9.5762	14.4884
1211666PIP	2011	13	52	12.3	11.3	26.2605	4.2583	5.7334	5.1916	10.9249	30.5188	41.4438
1211666PIP	2011	13	54	10.8	10.2	18.9352	3.181	4.7701	3.9591	8.7292	22.1161	30.8453
1211666PIP	2011	13	55	5.9	6.1	4.1398	0.8197	2.0285	1.1231	3.1516	4.9595	8.1111
1211666PIP	2011	13	57	6.7	6.8	5.6997	1.0902	2.4281	1.4639	3.892	6.7898	10.6818
1211666PIP	2011	38	58	12.1	13.4	30.3972	5.4295	3.2185	7.8506	11.0691	35.8267	46.8957
1211666PIP	2011	13	63	9.0	8.7	11.9716	2.1133	3.6859	2.7076	6.3935	14.0849	20.4784
1211666PIP	2011	38	64	12.9	13.8	35.6793	6.3334	3.5737	9.2447	12.8184	42.0127	54.8311
1211666PIP	2011	38	68	7.3	10.2	8.5824	1.6102	1.4087	2.1606	3.5693	10.1926	13.7618
1211666PIP	2011	38	69	10.5	12.5	21.3149	3.8601	2.5523	5.4656	8.0179	25.175	33.1929
1211666PIP	2011	38	71	5.7	8.7	4.6207	0.8881	0.94	1.1488	2.0888	5.5087	7.5975
1211666PIP	2011	38	72	13.4	14.0	39.2416	6.94	3.803	10.1873	13.9902	46.1816	60.1719
1211666PIP	2011	13	74	9.8	9.4	14.8305	2.5581	4.1577	3.2334	7.3911	17.3885	24.7796
1211666PIP	2011	38	75	8.7	11.3	13.3136	2.4556	1.8767	3.3815	5.2583	15.7692	21.0275
1211666PIP	2011	13	77	23.6	17.8	135.2011	18.3652	14.4101	20.1863	34.5964	153.5663	188.1627
1211666PIP	2011	38	81	13.8	14.2	42.2392	7.4488	3.9903	10.9818	14.9721	49.688	64.6601
1211666PIP	2011	13	84	3.1	3.6	0.8206	0.1935	0.8164	0.2938	1.1101	1.0142	2.1243
1211666PIP	2011	38	89	8.5	11.2	12.5608	2.322	1.8067	3.1866	4.9933	14.8829	19.8761
1211666PIP	2011	38	91	7.5	10.4	9.183	1.7184	1.4723	2.3149	3.7873	10.9013	14.6886
1211666PIP	2011	38	92	11.5	13.1	26.7644	4.8043	2.9617	6.8946	9.8563	31.5687	41.4249
1225426PIP	2011	13	101	13.2	13.1	31.3636	4.9892	6.3356	6.0146	12.3502	36.3527	48.7029
1225426PIP	2011	13	102	3.5	4.2	1.1135	0.2541	0.9692	0.3783	1.3475	1.3676	2.7151
1225426PIP	2011	13	104	12.5	12.5	27.3475	4.4152	5.8657	5.369	11.2347	31.7627	42.9974
1225426PIP	2011	13	105	16.7	15.7	56.6609	8.4552	8.8358	9.8189	18.6547	65.1161	83.7708
1225426PIP	2011	13	107	8.5	9.1	10.3688	1.859	3.3997	2.4036	5.8032	12.2278	18.0311
1225426PIP	2011	13	108	16.3	15.4	53.3097	8.0077	8.538	9.3352	17.8731	61.3174	79.1906
1225426PIP	2011	13	111	8.9	9.4	11.6399	2.061	3.6281	2.6453	6.2734	13.7009	19.9743
1225426PIP	2011	13	113	8.4	9.0	10.0648	1.8103	3.3432	2.345	5.6883	11.8751	17.5634
1225426PIP	2011	13	116	14.9	14.4	42.5334	6.5468	7.5196	7.7419	15.2615	49.0802	64.3417
1225426PIP	2011	13	118	5.2	5.9	3.0134	0.6175	1.6967	0.8632	2.5599	3.6308	6.1907
1225426PIP	2011	13	119	14.2	13.9	37.6858	5.877	7.0249	7.0032	14.0281	43.5629	57.591
1225426PIP	2011	13	121	15.1	14.5	43.9837	6.7456	7.6627	7.96	15.6228	50.7293	66.352
1225426PIP	2011	13	122	11.3	11.6	21.2175	3.5208	5.0854	4.3507	9.4361	24.7383	34.1744
1225426PIP	2011	13	124	11.0	11.3	19.8294	3.3146	4.8955	4.1134	9.0089	23.144	32.1529
1225426PIP	2011	13	125	12.5	12.5	27.3475	4.4152	5.8657	5.369	11.2347	31.7627	42.9974
1225426PIP	2011	13	127	6.5	7.2	5.2814	1.0185	2.3263	1.3743	3.7006	6.3	10.0005
1225426PIP	2011	13	128	5.5	6.2	3.4698	0.7002	1.8368	0.9703	2.807	4.1701	6.9771
1225426PIP	2011	13	131	10.2	10.6	16.4001	2.7982	4.3997	3.5145	7.9142	19.1983	27.1125
1225426PIP	2011	13	133	7.5	8.1	7.5689	1.404	2.8481	1.8518	4.6999	8.9729	13.6728
1225426PIP	2011	13	136	11.6	11.8	22.6627	3.7339	5.2774	4.5948	9.8722	26.3966	36.2688
1225426PIP	2011	13	138	8.1	8.7	9.1851	1.6685	3.1756	2.1739	5.3495	10.8537	16.2032
1225426PIP	2011	13	141	8.2	8.8	9.473	1.7151	3.2312	2.2302	5.4614	11.188	16.6494
1225426PIP	2011	13	142	11.0	11.3	19.8294	3.3146	4.8955	4.1134	9.0089	23.144	32.1529
1225426PIP	2011	13	144	2.8	3.6	0.6353	0.154	0.7069	0.2376	0.9445	0.7893	1.7339
1225426PIP	2011	13	145	3.4	4.1	1.0352	0.2381	0.9303	0.3561	1.2864	1.2733	2.5597
1225426PIP	2011	13	147	3.7	4.4	1.2805	0.2878	1.0485	0.4247	1.4732	1.5683	3.0415
1225426PIP	2011	13	148	16.2	15.3	52.4911	7.8979	8.464	9.2162	17.6802	60.389	78.0692
1225426PIP	2011	13	151	17.3	16.1	61.9203	9.1518	9.2881	10.5684	19.8565	71.072	90.9285
1225426PIP	2011	13	153	4.7	5.4	2.3369	0.4922	1.4706	0.6992	2.1699	2.8291	4.999
1225426PIP	2011	13	154	18.6	16.9	74.2955	10.7667	10.2903	12.2909	22.5812	85.0622	107.6434
1225426PIP	2011	13	156	13.3	13.2	31.9645	5.0743	6.4035	6.11	12.5135	37.0388	49.5524
1225426PIP	2011	13	159	11.2	11.5	20.7485	3.4513	5.0219	4.2708	9.2927	24.1998	33.4925
1225426PIP	2011	13	161	19.4	17.4	82.5949	11.8332	10.9218	13.4182	24.34	94.4281	118.7682
1225426PIP	2011	13	162	13.6	13.4	33.8087	5.3346	6.6088	6.4007	13.0095	39.1434	52.1528
1225426PIP	2011	13	164	10.7	11.0	18.4974	3.1153	4.7078	3.8831	8.5909	21.6126	30.2035
1225426PIP	2011	13	165	14.1	13.8	37.022	5.7846	6.955	6.9008	13.8559	42.8066	56.6625
1225426PIP	2011	13	167	10.7	11.0	18.4974	3.1153	4.7078	3.8831	8.5909	21.6126	30.2035
1225426PIP	2011	13	168	7.8	8.4	8.3535	1.5331	3.0106	2.0095	5.02	9.8866	14.9066
1225426PIP	2011	13	171	14.2	13.9	37.6858	5.877	7.0249	7.0032	14.0281	43.5629	57.591
1225426PIP	2011	13	174	12.6	12.6	27.901	4.4948	5.9321	5.4589	11.3911	32.3958	43.7869
1225426PIP	2011	13	176	14.0	13.7	36.3652	5.693	6.8854	6.7992	13.6846	42.0583	55.7429
1225426PIP	2011	13	181	12.6	12.6	27.901	4.4948	5.9321	5.4589	11.3911	32.3958	43.7869
1225426PIP	2011	13	182	13.2	13.1	31.3636	4.9892	6.3356	6.0146	12.3502	36.3527	48.7029
1225426PIP	2011	13	184	10.7	11.0	18.4974	3.1153	4.7078	3.8831	8.5909	21.6126	30.2035
1225426PIP	2011	13	185	3.0	3.8	0.7557	0.1798	0.7794	0.2744	1.0537	0.9355	1.9892
1225426PIP	2011	13	187	9.1	9.6	12.3089	2.1663	3.7439	2.7707	6.5147	14.4752	20.9899
1225426PIP	2011	13	188	14.4	14.0	39.0349	6.0643	7.1652	7.2104	14.3756	45.0992	59.4747
1225426PIP	2011	13	190	3.2	3.9	0.8888	0.2078	0.8539	0.3139	1.1677	1.0967	2.2644
1225426PIP	2011	13	191	8.0	8.6	8.9026	1.6227	3.1203	2.1183	5.2386	10.5253	15.764
1225426PIP	2011	13	194	7.5	8.1	7.5689	1.404	2.8481	1.8518	4.6999	8.9729	13.6728
1225426PIP	2011	13	196	12.0	12.1	24.6794	4.0289	5.5366	4.9312	10.4678	28.7084	39.1761
1225426PIP	2011	13	197	3.0	3.8	0.7557	0.1798	0.7794	0.2744	1.0537	0.9355	1.9892
1225426PIP	2011	13	199	2.9	3.7	0.6939	0.1666	0.7429	0.2556	0.9985	0.8606	1.8591
1225426PIP	2011	13	201	2.8	3.6	0.6353	0.154	0.7069	0.2376	0.9445	0.7893	1.7339
1225426PIP	2011	13	202	16.4	15.4	54.136	8.1183	8.6121	9.4549	18.0671	62.2543	80.3214
1225426PIP	2011	13	204	10.5	10.9	17.6402	2.9862	4.5838	3.7334	8.3172	20.6264	28.9435
1225426PIP	2011	13	205	13.7	13.5	34.4373	5.423	6.6776	6.4992	13.1768	39.8604	53.0371
1225426PIP	2011	13	207	13.7	13.5	34.4373	5.423	6.6776	6.4992	13.1768	39.8604	53.0371
1225426PIP	2011	13	208	13.9	13.6	35.7156	5.6022	6.8159	6.6984	13.5143	41.3178	54.8321
1225426PIP	2011	13	210	13.1	13.0	30.7695	4.9048	6.2678	5.9201	12.1878	35.6743	47.8621
1225426PIP	2011	13	211	14.9	14.4	42.5334	6.5468	7.5196	7.7419	15.2615	49.0802	64.3417
1225426PIP	2011	13	214	11.5	11.7	22.1746	3.6621	5.2132	4.5127	9.7258	25.8367	35.5625
1225426PIP	2011	13	216	12.7	12.7	28.4612	4.5752	5.9988	5.5496	11.5484	33.0365	44.5849
1225426PIP	2011	13	217	19.7	17.6	85.8445	12.2476	11.1615	13.8542	25.0157	98.0921	123.1078
1225426PIP	2011	13	219	11.8	12.0	23.6581	3.8799	5.4065	4.7615	10.168	27.538	37.706
1225426PIP	2011	13	221	14.4	14.0	39.0349	6.0643	7.1652	7.2104	14.3756	45.0992	59.4747
1225426PIP	2011	13	222	8.4	9.0	10.0648	1.8103	3.3432	2.345	5.6883	11.8751	17.5634
1225426PIP	2011	13	224	17.7	16.3	65.5838	9.6332	9.5933	11.084	20.6772	75.217	95.8943
1211676PIP	2011	13	3	10.0	9.8	15.6034	2.6766	4.2782	3.3724	7.6506	18.28	25.9306
1211676PIP	2011	13	5	21.9	17.5	112.0297	15.5301	12.9642	17.2741	30.2384	127.5598	157.7982
1211676PIP	2011	13	6	16.6	14.6	55.8116	8.342	8.761	9.6968	18.4578	64.1536	82.6114
1211676PIP	2011	13	9	8.3	8.4	9.7662	1.7623	3.2871	2.2872	5.5743	11.5285	17.1028
1211676PIP	2011	13	12	13.6	12.6	33.8087	5.3346	6.6088	6.4007	13.0095	39.1434	52.1528
1211676PIP	2011	13	14	22.8	18.0	123.9702	16.9982	13.7241	18.7865	32.5106	140.9684	173.479
1211676PIP	2011	13	17	8.5	8.5	10.3688	1.859	3.3997	2.4036	5.8032	12.2278	18.0311
1211676PIP	2011	20	20	7.8	7.2	7.4344	1.4312	2.592	1.2929	3.8848	8.8656	12.7504
1211676PIP	2011	20	22	6.8	6.4	5.3464	1.037	2.0614	0.9124	2.9737	6.3833	9.3571
1211676PIP	2011	13	23	9.2	9.1	12.6519	2.2201	3.8023	2.8345	6.6368	14.872	21.5088
1211676PIP	2011	13	25	15.1	13.6	43.9837	6.7456	7.6627	7.96	15.6228	50.7293	66.352
1211676PIP	2011	13	29	3.0	3.6	0.7557	0.1798	0.7794	0.2744	1.0537	0.9355	1.9892
1211676PIP	2011	13	37	14.0	12.8	36.3652	5.693	6.8854	6.7992	13.6846	42.0583	55.7429
1211676PIP	2011	13	40	17.8	15.3	66.5196	9.7557	9.67	11.2149	20.8849	76.2753	97.1602
1191051PIP	2011	25	2	7.1	6.7	7.5742	1.0901	1.4787	1.6616	3.1403	8.6643	11.8046
1191051PIP	2011	25	3	8.9	7.7	13.1678	1.7564	2.0694	2.7721	4.8416	14.9241	19.7657
1191051PIP	2011	25	5	7.9	7.2	9.8361	1.3657	1.7332	2.1162	3.8494	11.2018	15.0512
1191051PIP	2011	25	6	6.3	6.2	5.6528	0.847	1.2378	1.2674	2.5052	6.4998	9.005
1191051PIP	2011	25	8	6.5	6.3	6.1022	0.9047	1.2967	1.3604	2.6571	7.0069	9.664
1191051PIP	2011	3	9	6.5	7.2	7.2374	0.8867	0.9896	0.7265	1.7161	8.1241	9.8402
1191051PIP	2011	3	12	5.9	6.8	5.734	0.7256	0.8371	0.5749	1.412	6.4597	7.8717
1191051PIP	2011	3	14	3.5	5.2	1.634	0.2462	0.3393	0.1629	0.5022	1.8801	2.3824
1191051PIP	2011	3	15	3.3	5.0	1.4185	0.2179	0.3065	0.1413	0.4478	1.6364	2.0842
1191051PIP	2011	3	17	3.9	5.5	2.1195	0.308	0.4092	0.2115	0.6207	2.4275	3.0482
1191051PIP	2011	3	19	7.0	7.4	8.6488	1.0338	1.1249	0.8689	1.9938	9.6826	11.6764
1191051PIP	2011	3	20	2.7	4.5	0.8756	0.1438	0.2167	0.087	0.3037	1.0194	1.3231
1191051PIP	2011	25	22	3.9	4.5	1.7479	0.3078	0.6065	0.4277	1.0342	2.0556	3.0899
1191051PIP	2011	25	23	8.2	7.3	10.7755	1.4775	1.832	2.3026	4.1347	12.253	16.3877
1191051PIP	2011	25	25	6.7	6.4	6.572	0.9645	1.3565	1.4571	2.8136	7.5365	10.3501
1191051PIP	2011	25	26	5.9	5.9	4.8144	0.7375	1.1227	1.0924	2.2151	5.5518	7.767
1191051PIP	2011	25	28	2.6	3.5	0.6479	0.1308	0.3318	0.1707	0.5025	0.7787	1.2812
1191051PIP	2011	25	29	6.7	6.4	6.572	0.9645	1.3565	1.4571	2.8136	7.5365	10.3501
1191051PIP	2011	25	32	4.9	5.2	3.0559	0.4983	0.8517	0.7173	1.569	3.5542	5.1232
1191051PIP	2011	25	34	8.6	7.6	12.1078	1.6337	1.9665	2.565	4.5315	13.7415	18.273
1191051PIP	2011	25	35	5.6	5.7	4.2371	0.6605	1.0389	0.9706	2.0095	4.8977	6.9072
1191051PIP	2011	25	37	3.0	3.8	0.9197	0.1769	0.4105	0.2361	0.6466	1.0966	1.7432
1191051PIP	2011	25	39	4.3	4.8	2.2197	0.3782	0.7013	0.5336	1.2349	2.5979	3.8328
1191051PIP	2011	25	40	5.6	5.7	4.2371	0.6605	1.0389	0.9706	2.0095	4.8977	6.9072
1170516PIP	2011	13	2	7.9	7.8	8.6254	1.5775	3.0653	2.0635	5.1288	10.203	15.3318
1170516PIP	2011	13	3	2.7	3.3	0.5798	0.142	0.6715	0.2203	0.8918	0.7218	1.6135
1170516PIP	2011	13	5	3.2	3.7	0.8888	0.2078	0.8539	0.3139	1.1677	1.0967	2.2644
1170516PIP	2011	13	6	6.2	6.3	4.6897	0.9161	2.1759	1.2454	3.4213	5.6058	9.0271
1170516PIP	2011	13	8	18.1	15.1	69.375	10.1284	9.9013	11.6124	21.5137	79.5033	101.017
1170516PIP	2011	13	12	7.6	7.6	7.8253	1.4463	2.902	1.9036	4.8055	9.2716	14.0772
1170516PIP	2011	13	15	10.0	9.5	15.6034	2.6766	4.2782	3.3724	7.6506	18.28	25.9306
1170516PIP	2011	13	17	8.3	8.2	9.7662	1.7623	3.2871	2.2872	5.5743	11.5285	17.1028
1170516PIP	2011	13	20	3.6	4.0	1.1952	0.2707	1.0086	0.4012	1.4098	1.4659	2.8757
1170516PIP	2011	13	22	9.3	9.0	13.0006	2.2746	3.8608	2.8991	6.76	15.2752	22.0351
1170516PIP	2011	25	23	5.8	7.3	4.6171	0.7113	1.0945	1.0509	2.1455	5.3284	7.4739
1170516PIP	2011	13	25	2.8	3.3	0.6353	0.154	0.7069	0.2376	0.9445	0.7893	1.7339
1170516PIP	2011	13	26	5.4	5.6	3.3134	0.672	1.7897	0.9339	2.7236	3.9854	6.7089
1170516PIP	2011	13	28	8.2	8.1	9.473	1.7151	3.2312	2.2302	5.4614	11.188	16.6494
1170516PIP	2011	25	29	2.7	4.3	0.7106	0.1416	0.351	0.1859	0.5369	0.8522	1.3892
1170516PIP	2011	13	31	15.2	13.3	44.7199	6.8462	7.7346	8.0703	15.8049	51.566	67.3709
1170516PIP	2011	13	32	6.7	6.8	5.6997	1.0902	2.4281	1.4639	3.892	6.7898	10.6818
1170516PIP	2011	13	35	4.0	4.4	1.5578	0.3428	1.1707	0.4997	1.6704	1.9006	3.571
1170516PIP	2011	13	40	11.0	10.3	19.8294	3.3146	4.8955	4.1134	9.0089	23.144	32.1529
1170516PIP	2011	13	42	4.0	4.4	1.5578	0.3428	1.1707	0.4997	1.6704	1.9006	3.571
1170516PIP	2011	13	43	10.7	10.1	18.4974	3.1153	4.7078	3.8831	8.5909	21.6126	30.2035
1170516PIP	2011	13	45	8.8	8.6	11.3138	2.0094	3.5706	2.5838	6.1543	13.3232	19.4776
1170516PIP	2011	13	46	10.3	9.8	16.8074	2.8601	4.4608	3.5867	8.0475	19.6675	27.715
1170516PIP	2011	13	48	6.3	6.4	4.8823	0.9496	2.2257	1.2876	3.5133	5.8318	9.3452
1170516PIP	2011	13	49	15.9	13.8	50.0809	7.5736	8.2431	8.8641	17.1073	57.6545	74.7618
1170516PIP	2011	13	51	6.0	6.2	4.3185	0.8512	2.0773	1.1631	3.2404	5.1697	8.4101
1170516PIP	2011	13	52	11.5	10.7	22.1746	3.6621	5.2132	4.5127	9.7258	25.8367	35.5625
1170516PIP	2011	13	55	14.5	12.9	39.7201	6.1592	7.2357	7.3151	14.5508	45.8793	60.4301
1170516PIP	2011	13	57	15.5	13.5	46.9727	7.153	7.9514	8.4058	16.3572	54.1257	70.4828
1170516PIP	2011	13	58	3.7	4.1	1.2805	0.2878	1.0485	0.4247	1.4732	1.5683	3.0415
1170516PIP	2011	13	60	2.7	3.3	0.5798	0.142	0.6715	0.2203	0.8918	0.7218	1.6135
1170516PIP	2011	13	62	3.3	3.8	0.9603	0.2227	0.8918	0.3346	1.2265	1.183	2.4095
1170516PIP	2011	13	63	9.3	9.0	13.0006	2.2746	3.8608	2.8991	6.76	15.2752	22.0351
1170516PIP	2011	13	65	14.5	12.9	39.7201	6.1592	7.2357	7.3151	14.5508	45.8793	60.4301
1170516PIP	2011	13	66	4.8	5.1	2.464	0.516	1.5151	0.7306	2.2457	2.98	5.2257
1170516PIP	2011	13	68	5.5	5.7	3.4698	0.7002	1.8368	0.9703	2.807	4.1701	6.9771
1170516PIP	2011	13	69	10.4	9.9	17.2208	2.9228	4.5222	3.6597	8.1818	20.1435	28.3254
1170516PIP	2011	13	71	8.3	8.2	9.7662	1.7623	3.2871	2.2872	5.5743	11.5285	17.1028
1170516PIP	2011	13	72	8.5	8.3	10.3688	1.859	3.3997	2.4036	5.8032	12.2278	18.0311
1170516PIP	2011	13	75	2.8	3.3	0.6353	0.154	0.7069	0.2376	0.9445	0.7893	1.7339
1170516PIP	2011	13	77	13.5	12.2	33.1871	5.2471	6.5402	6.303	12.8432	38.4341	51.2773
1170516PIP	2011	13	78	11.2	10.5	20.7485	3.4513	5.0219	4.2708	9.2927	24.1998	33.4925
1170516PIP	2011	13	80	3.7	4.1	1.2805	0.2878	1.0485	0.4247	1.4732	1.5683	3.0415
1170516PIP	2011	13	82	3.8	4.2	1.3693	0.3056	1.0888	0.449	1.5378	1.6749	3.2127
1170516PIP	2011	13	85	2.7	3.3	0.5798	0.142	0.6715	0.2203	0.8918	0.7218	1.6135
1170516PIP	2011	13	86	6.9	7.0	6.1372	1.1645	2.5313	1.5564	4.0877	7.3017	11.3894
1170516PIP	2011	13	88	11.2	10.5	20.7485	3.4513	5.0219	4.2708	9.2927	24.1998	33.4925
1170516PIP	2011	13	89	9.8	9.4	14.8305	2.5581	4.1577	3.2334	7.3911	17.3885	24.7796
1170516PIP	2011	13	91	4.2	4.6	1.7612	0.3825	1.2543	0.5531	1.8075	2.1436	3.9511
1170516PIP	2011	13	92	7.2	7.2	6.8305	1.2812	2.6883	1.7007	4.3891	8.1117	12.5007
1170516PIP	2011	13	95	7.4	7.4	7.3177	1.3624	2.7945	1.8007	4.5952	8.6801	13.2753
1170516PIP	2011	13	98	11.5	10.7	22.1746	3.6621	5.2132	4.5127	9.7258	25.8367	35.5625
1170516PIP	2011	13	100	12.0	11.1	24.6794	4.0289	5.5366	4.9312	10.4678	28.7084	39.1761
1170516PIP	2011	13	103	15.7	13.7	48.5118	7.3616	8.0969	8.6334	16.7303	55.8734	72.6037
1177401PIP	2011	13	102	4.8	4.7	2.464	0.516	1.5151	0.7306	2.2457	2.98	5.2257
1177401PIP	2011	13	103	4.4	4.4	1.9797	0.4245	1.3397	0.6094	1.9491	2.4043	4.3534
1177401PIP	2011	13	105	3.5	3.7	1.1135	0.2541	0.9692	0.3783	1.3475	1.3676	2.7151
1177401PIP	2011	25	106	9.4	9.0	15.0526	1.9712	2.2447	3.1375	5.3822	17.0237	22.406
1177401PIP	2011	13	108	4.5	4.5	2.0948	0.4465	1.3829	0.6387	2.0216	2.5413	4.5629
1177401PIP	2011	25	109	4.9	5.9	3.0559	0.4983	0.8517	0.7173	1.569	3.5542	5.1232
1177401PIP	2011	13	111	12.6	10.4	27.901	4.4948	5.9321	5.4589	11.3911	32.3958	43.7869
1177401PIP	2011	13	112	2.8	3.1	0.6353	0.154	0.7069	0.2376	0.9445	0.7893	1.7339
1177401PIP	2011	25	115	13.6	11.1	37.172	4.2987	3.8884	7.2435	11.1319	41.4707	52.6026
1177401PIP	2011	13	117	7.7	7.0	8.0868	1.4894	2.9561	1.9562	4.9123	9.5762	14.4884
1177401PIP	2011	13	120	2.9	3.2	0.6939	0.1666	0.7429	0.2556	0.9985	0.8606	1.8591
1177401PIP	2011	13	123	10.8	9.2	18.9352	3.181	4.7701	3.9591	8.7292	22.1161	30.8453
1177401PIP	2011	13	125	5.4	5.2	3.3134	0.672	1.7897	0.9339	2.7236	3.9854	6.7089
1177401PIP	2011	13	126	6.9	6.3	6.1372	1.1645	2.5313	1.5564	4.0877	7.3017	11.3894
1177401PIP	2011	13	128	4.0	4.1	1.5578	0.3428	1.1707	0.4997	1.6704	1.9006	3.571
1177401PIP	2011	13	129	8.5	7.6	10.3688	1.859	3.3997	2.4036	5.8032	12.2278	18.0311
1177401PIP	2011	13	131	5.6	5.3	3.6307	0.7291	1.8842	1.0074	2.8915	4.3598	7.2513
1177401PIP	2011	13	132	7.8	7.0	8.3535	1.5331	3.0106	2.0095	5.02	9.8866	14.9066
1177401PIP	2011	13	135	4.2	4.2	1.7612	0.3825	1.2543	0.5531	1.8075	2.1436	3.9511
1177401PIP	2011	13	137	11.1	9.4	20.2858	3.3826	4.9586	4.1917	9.1503	23.6684	32.8187
1177401PIP	2011	13	138	10.6	9.1	18.0657	3.0504	4.6457	3.8078	8.4535	21.1161	29.5696
1177401PIP	2011	13	140	5.1	4.9	2.8698	0.5912	1.6507	0.829	2.4797	3.4609	5.9406
1177401PIP	2011	25	142	2.8	4.0	0.7768	0.1529	0.3705	0.2019	0.5724	0.9297	1.5021
1177401PIP	2011	13	143	7.5	6.8	7.5689	1.404	2.8481	1.8518	4.6999	8.9729	13.6728
1177401PIP	2011	13	145	6.6	6.1	5.4881	1.054	2.377	1.4187	3.7958	6.5422	10.3379
1177401PIP	2011	13	146	11.8	9.9	23.6581	3.8799	5.4065	4.7615	10.168	27.538	37.706
1177401PIP	2011	25	148	6.2	6.9	5.4357	0.8189	1.2087	1.2223	2.431	6.2546	8.6856
1177401PIP	2011	13	149	4.1	4.1	1.6576	0.3623	1.2123	0.526	1.7384	2.02	3.7583
1177401PIP	2011	13	151	9.9	8.6	15.214	2.617	4.2178	3.3025	7.5203	17.8309	25.3513
1177401PIP	2011	13	152	3.3	3.5	0.9603	0.2227	0.8918	0.3346	1.2265	1.183	2.4095
1177401PIP	2011	13	155	7.8	7.0	8.3535	1.5331	3.0106	2.0095	5.02	9.8866	14.9066
1177401PIP	2011	25	157	7.6	7.9	8.9469	1.2585	1.6362	1.9385	3.5748	10.2054	13.7802
1177401PIP	2011	13	158	5.7	5.4	3.7959	0.7587	1.9319	1.0452	2.9772	4.5546	7.5317
1177401PIP	2011	13	160	13.0	10.7	30.1823	4.8212	6.2002	5.8263	12.0265	35.0035	47.03
1177401PIP	2011	25	163	9.1	8.8	13.9038	1.8407	2.139	2.9153	5.0542	15.7445	20.7988
1177401PIP	2011	13	165	3.0	3.3	0.7557	0.1798	0.7794	0.2744	1.0537	0.9355	1.9892
1177401PIP	2011	13	166	10.3	8.9	16.8074	2.8601	4.4608	3.5867	8.0475	19.6675	27.715
1177401PIP	2011	13	168	3.3	3.5	0.9603	0.2227	0.8918	0.3346	1.2265	1.183	2.4095
1177401PIP	2011	13	169	7.8	7.0	8.3535	1.5331	3.0106	2.0095	5.02	9.8866	14.9066
1177401PIP	2011	25	171	21.2	13.5	110.176	10.9727	7.5259	19.8003	27.3262	121.1487	148.4749
1177401PIP	2011	13	172	6.0	5.6	4.3185	0.8512	2.0773	1.1631	3.2404	5.1697	8.4101
1177401PIP	2011	13	175	10.5	9.0	17.6402	2.9862	4.5838	3.7334	8.3172	20.6264	28.9435
1177401PIP	2011	13	178	8.3	7.4	9.7662	1.7623	3.2871	2.2872	5.5743	11.5285	17.1028
1177401PIP	2011	13	180	13.8	11.2	35.073	5.5122	6.7467	6.5984	13.3451	40.5852	53.9302
1177401PIP	2011	25	183	7.0	7.5	7.3157	1.058	1.4478	1.6091	3.0569	8.3737	11.4306
1177401PIP	2011	13	185	7.0	6.4	6.3634	1.2027	2.5833	1.6038	4.1871	7.5661	11.7532
1177401PIP	2011	13	186	12.9	10.6	29.6018	4.7384	6.1329	5.7333	11.8662	34.3402	46.2064
1177401PIP	2011	13	188	11.0	9.4	19.8294	3.3146	4.8955	4.1134	9.0089	23.144	32.1529
1177401PIP	2011	13	189	2.5	2.9	0.4778	0.1195	0.6022	0.1876	0.7899	0.5972	1.3871
1177401PIP	2011	25	191	7.4	7.7	8.3816	1.1896	1.5726	1.8249	3.3975	9.5712	12.9687
1177401PIP	2011	13	192	11.3	9.6	21.2175	3.5208	5.0854	4.3507	9.4361	24.7383	34.1744
1177401PIP	2011	25	194	3.5	4.6	1.3412	0.2449	0.5163	0.3347	0.8511	1.5861	2.4372
1177401PIP	2011	13	195	9.5	8.3	13.7151	2.3858	3.9788	3.0306	7.0094	16.1009	23.1103
1177401PIP	2011	13	198	12.5	10.4	27.3475	4.4152	5.8657	5.369	11.2347	31.7627	42.9974
1177401PIP	2011	25	200	3.3	4.5	1.1613	0.2163	0.4731	0.293	0.766	1.3776	2.1436
1177401PIP	2011	13	201	7.8	7.0	8.3535	1.5331	3.0106	2.0095	5.02	9.8866	14.9066
1177401PIP	2011	13	203	8.7	7.7	10.9933	1.9586	3.5133	2.523	6.0363	12.9519	18.9881
1177401PIP	2011	13	205	9.0	7.9	11.9716	2.1133	3.6859	2.7076	6.3935	14.0849	20.4784
1177401PIP	2011	13	206	9.1	8.0	12.3089	2.1663	3.7439	2.7707	6.5147	14.4752	20.9899
1177401PIP	2011	25	208	3.5	4.6	1.3412	0.2449	0.5163	0.3347	0.8511	1.5861	2.4372
1177401PIP	2011	13	209	9.3	8.2	13.0006	2.2746	3.8608	2.8991	6.76	15.2752	22.0351
1177401PIP	2011	13	211	6.3	5.9	4.8823	0.9496	2.2257	1.2876	3.5133	5.8318	9.3452
1177401PIP	2011	13	212	5.3	5.1	3.1612	0.6444	1.743	0.8982	2.6412	3.8056	6.4468
1177401PIP	2011	25	214	7.3	7.7	8.107	1.1559	1.5411	1.7695	3.3106	9.263	12.5736
1177401PIP	2011	13	215	6.0	5.6	4.3185	0.8512	2.0773	1.1631	3.2404	5.1697	8.4101
1177401PIP	2011	13	218	7.1	6.5	6.5944	1.2416	2.6357	1.6519	4.2876	7.836	12.1236
1177401PIP	2011	13	220	6.5	6.0	5.2814	1.0185	2.3263	1.3743	3.7006	6.3	10.0005
1177401PIP	2011	13	221	9.9	8.6	15.214	2.617	4.2178	3.3025	7.5203	17.8309	25.3513
1177401PIP	2011	13	223	12.7	10.5	28.4612	4.5752	5.9988	5.5496	11.5484	33.0365	44.5849
1177401PIP	2011	13	225	8.0	7.2	8.9026	1.6227	3.1203	2.1183	5.2386	10.5253	15.764
1177401PIP	2011	13	226	8.5	7.6	10.3688	1.859	3.3997	2.4036	5.8032	12.2278	18.0311
1177401PIP	2011	13	228	6.8	6.3	5.916	1.127	2.4796	1.5098	3.9893	7.043	11.0323
1177401PIP	2011	25	229	6.0	6.7	5.0166	0.7641	1.1512	1.1348	2.286	5.7806	8.0666
1177401PIP	2011	13	231	10.2	8.8	16.4001	2.7982	4.3997	3.5145	7.9142	19.1983	27.1125
1177401PIP	2011	13	232	6.3	5.9	4.8823	0.9496	2.2257	1.2876	3.5133	5.8318	9.3452
1177401PIP	2011	25	234	3.0	4.2	0.9197	0.1769	0.4105	0.2361	0.6466	1.0966	1.7432
1177401PIP	2011	13	235	3.6	3.7	1.1952	0.2707	1.0086	0.4012	1.4098	1.4659	2.8757
1177401PIP	2011	13	238	12.1	10.1	25.1999	4.1046	5.602	5.0172	10.6192	29.3045	39.9237
1177401PIP	2011	13	241	8.4	7.5	10.0648	1.8103	3.3432	2.345	5.6883	11.8751	17.5634
1177401PIP	2011	13	243	6.7	6.2	5.6997	1.0902	2.4281	1.4639	3.892	6.7898	10.6818
1177401PIP	2011	13	246	4.6	4.5	2.2139	0.469	1.4266	0.6686	2.0952	2.6829	4.7781
1177401PIP	2011	25	248	7.0	7.5	7.3157	1.058	1.4478	1.6091	3.0569	8.3737	11.4306
1177401PIP	2011	25	249	7.8	8.0	9.5341	1.3294	1.7007	2.056	3.7567	10.8636	14.6203
1177401PIP	2011	25	251	10.1	9.4	17.9455	2.2939	2.4978	3.6919	6.1897	20.2394	26.4291
1177401PIP	2011	13	252	11.5	9.7	22.1746	3.6621	5.2132	4.5127	9.7258	25.8367	35.5625
1177401PIP	2011	13	254	4.0	4.1	1.5578	0.3428	1.1707	0.4997	1.6704	1.9006	3.571
1177401PIP	2011	25	255	10.5	9.6	19.7352	2.4899	2.6464	4.0314	6.6778	22.225	28.9028
1177401PIP	2011	13	257	4.5	4.5	2.0948	0.4465	1.3829	0.6387	2.0216	2.5413	4.5629
1177401PIP	2011	25	258	2.8	4.0	0.7768	0.1529	0.3705	0.2019	0.5724	0.9297	1.5021
1177401PIP	2011	25	261	3.2	4.4	1.077	0.2027	0.4519	0.2732	0.7251	1.2798	2.0049
1177401PIP	2011	13	263	4.6	4.5	2.2139	0.469	1.4266	0.6686	2.0952	2.6829	4.7781
1177401PIP	2011	13	266	4.9	4.8	2.5951	0.5404	1.5599	0.7627	2.3226	3.1355	5.4581
1177401PIP	2011	13	268	4.2	4.2	1.7612	0.3825	1.2543	0.5531	1.8075	2.1436	3.9511
1177401PIP	2011	25	269	6.5	7.1	6.1022	0.9047	1.2967	1.3604	2.6571	7.0069	9.664
1177401PIP	2011	25	271	5.0	5.9	3.2108	0.52	0.8777	0.7509	1.6286	3.7308	5.3593
1177401PIP	2011	25	272	2.6	3.8	0.6479	0.1308	0.3318	0.1707	0.5025	0.7787	1.2812
1177401PIP	2011	13	274	4.3	4.3	1.8685	0.4032	1.2968	0.5809	1.8777	2.2717	4.1494
1177401PIP	2011	25	275	4.5	5.5	2.4809	0.4163	0.7504	0.5914	1.3418	2.8973	4.2391
1177401PIP	2011	13	277	12.0	10.0	24.6794	4.0289	5.5366	4.9312	10.4678	28.7084	39.1761
1177401PIP	2011	13	278	4.9	4.8	2.5951	0.5404	1.5599	0.7627	2.3226	3.1355	5.4581
1177401PIP	2011	25	281	10.4	9.6	19.2783	2.4401	2.609	3.9449	6.5539	21.7184	28.2723
1177401PIP	2011	13	283	2.7	3.0	0.5798	0.142	0.6715	0.2203	0.8918	0.7218	1.6135
1177401PIP	2011	13	284	3.0	3.3	0.7557	0.1798	0.7794	0.2744	1.0537	0.9355	1.9892
1177401PIP	2011	25	286	5.4	6.3	3.8763	0.6117	0.9842	0.8939	1.878	4.488	6.366
1177401PIP	2011	13	288	5.0	4.9	2.7303	0.5655	1.6051	0.7955	2.4006	3.2958	5.6964
1177401PIP	2011	25	289	12.0	10.4	27.3638	3.3006	3.2279	5.4553	8.6831	30.6644	39.3475
1177401PIP	2011	13	291	4.3	4.3	1.8685	0.4032	1.2968	0.5809	1.8777	2.2717	4.1494
1177401PIP	2011	25	297	4.7	5.7	2.7596	0.4563	0.8005	0.6527	1.4532	3.2159	4.6691
1177401PIP	2011	13	298	8.7	7.7	10.9933	1.9586	3.5133	2.523	6.0363	12.9519	18.9881
1177401PIP	2011	13	301	3.5	3.7	1.1135	0.2541	0.9692	0.3783	1.3475	1.3676	2.7151
1184186PIP	2011	73	2	5.9	6.0	3.9664	1.2637	0.4907	0.8749	1.3656	5.2301	6.5957
1184186PIP	2011	73	3	6.6	6.4	5.2219	1.6015	0.5886	1.1471	1.7357	6.8234	8.5591
1184186PIP	2011	73	5	3.8	4.8	1.3481	0.4988	0.2405	0.3022	0.5426	1.8469	2.3895
1184226PIP	2011	74	1	5.6	8.8	4.3005	1.0403	0.433	0.616	1.049	5.3408	6.3898
1184226PIP	2011	74	2	6.1	9.3	5.3143	1.2767	0.4978	0.7642	1.262	6.591	7.853
1184226PIP	2011	13	4	6.0	5.9	4.3185	0.8512	2.0773	1.1631	3.2404	5.1697	8.4101
1184226PIP	2011	74	5	11.0	12.2	22.8666	5.2401	1.3017	3.3795	4.6813	28.1067	32.788
1184226PIP	2011	38	7	4.3	7.1	2.2823	0.4508	0.5929	0.5594	1.1523	2.7331	3.8854
1184226PIP	2011	38	8	3.8	6.6	1.675	0.3349	0.4844	0.408	0.8924	2.0099	2.9023
1184226PIP	2011	74	10	8.9	11.2	13.5362	3.155	0.9216	1.981	2.9026	16.6912	19.5937
1184226PIP	2011	74	11	7.7	10.5	9.4584	2.2303	0.7277	1.375	2.1027	11.6888	13.7915
1184226PIP	2011	74	14	6.9	9.9	7.2095	1.715	0.6086	1.0427	1.6513	8.9245	10.5758
1184226PIP	2011	74	17	4.0	7.2	1.8701	0.4647	0.2502	0.2637	0.5139	2.3348	2.8486
1184226PIP	2011	74	19	4.3	7.5	2.2366	0.5526	0.2815	0.3165	0.5979	2.7892	3.3871
1184226PIP	2011	74	22	10.5	12.0	20.3798	4.6877	1.2067	3.0055	4.2122	25.0674	29.2796
1184226PIP	2011	38	24	2.6	5.2	0.648	0.1344	0.2604	0.1548	0.4153	0.7824	1.1977
1184226PIP	2011	74	25	4.3	7.5	2.2366	0.5526	0.2815	0.3165	0.5979	2.7892	3.3871
1184226PIP	2011	74	27	5.4	8.7	3.9303	0.9535	0.4081	0.562	0.9701	4.8838	5.8539
1184226PIP	2011	74	30	7.5	10.4	8.862	2.0941	0.6972	1.2867	1.9838	10.9561	12.9399
1184226PIP	2011	74	31	3.1	6.1	0.9951	0.2524	0.1651	0.1387	0.3038	1.2475	1.5513
1184226PIP	2011	74	33	3.5	6.6	1.3438	0.3375	0.2012	0.1883	0.3896	1.6813	2.0708
1184226PIP	2011	74	34	5.8	9.0	4.6907	1.1315	0.4585	0.673	1.1315	5.8222	6.9537
1184226PIP	2011	74	37	6.0	9.2	5.1013	1.2272	0.4845	0.733	1.2176	6.3285	7.546
1184226PIP	2011	74	39	4.1	7.3	1.9879	0.493	0.2604	0.2806	0.5411	2.4809	3.022
1184226PIP	2011	74	42	5.4	8.7	3.9303	0.9535	0.4081	0.562	0.9701	4.8838	5.8539
1184226PIP	2011	74	44	4.3	7.5	2.2366	0.5526	0.2815	0.3165	0.5979	2.7892	3.3871
1184226PIP	2011	74	45	3.3	6.3	1.1617	0.2932	0.1828	0.1624	0.3452	1.4548	1.8
1184226PIP	2011	74	47	3.5	6.6	1.3438	0.3375	0.2012	0.1883	0.3896	1.6813	2.0708
1184226PIP	2011	74	48	3.6	6.7	1.4408	0.3611	0.2107	0.2022	0.4129	1.8019	2.2147
1177401PIP	2011	13	295	9.1	8.0	12.3089	2.1663	3.7439	2.7707	6.5147	14.4752	20.9899
1177401PIP	2011	13	294	4.0	4.1	1.5578	0.3428	1.1707	0.4997	1.6704	1.9006	3.571
1177401PIP	2011	13	292	2.7	3.0	0.5798	0.142	0.6715	0.2203	0.8918	0.7218	1.6135
1184226PIP	2011	74	50	4.6	7.9	2.6429	0.6495	0.3142	0.3751	0.6893	3.2924	3.9817
1184226PIP	2011	74	51	6.6	9.7	6.4584	1.5418	0.566	0.9322	1.4982	8.0002	9.4984
1184226PIP	2011	38	53	2.6	5.2	0.648	0.1344	0.2604	0.1548	0.4153	0.7824	1.1977
1184226PIP	2011	74	54	4.1	7.3	1.9879	0.493	0.2604	0.2806	0.5411	2.4809	3.022
1184226PIP	2011	74	57	7.2	10.1	8.0104	1.899	0.6523	1.1608	1.8131	9.9094	11.7225
1184226PIP	2011	74	59	3.7	6.8	1.5419	0.3856	0.2203	0.2166	0.437	1.9275	2.3644
1184226PIP	2011	74	60	4.5	7.7	2.503	0.6162	0.3031	0.3549	0.658	3.1191	3.7772
1184226PIP	2011	38	62	2.7	5.3	0.7122	0.1472	0.277	0.1705	0.4475	0.8594	1.3069
1184226PIP	2011	74	64	5.8	9.0	4.6907	1.1315	0.4585	0.673	1.1315	5.8222	6.9537
1184226PIP	2011	74	65	2.7	5.5	0.7069	0.1813	0.1318	0.0979	0.2297	0.8882	1.1179
1184226PIP	2011	38	67	2.6	5.2	0.648	0.1344	0.2604	0.1548	0.4153	0.7824	1.1977
1184226PIP	2011	38	68	3.6	6.4	1.463	0.294	0.4434	0.3554	0.7988	1.7571	2.5559
1184226PIP	2011	74	70	4.1	7.3	1.9879	0.493	0.2604	0.2806	0.5411	2.4809	3.022
1184226PIP	2011	38	71	4.7	7.5	2.8513	0.5584	0.6857	0.702	1.3877	3.4097	4.7974
1184226PIP	2011	74	73	3.2	6.2	1.0765	0.2723	0.1739	0.1502	0.3241	1.3488	1.6729
1184226PIP	2011	74	74	4.3	7.5	2.2366	0.5526	0.2815	0.3165	0.5979	2.7892	3.3871
1184226PIP	2011	74	77	4.0	7.2	1.8701	0.4647	0.2502	0.2637	0.5139	2.3348	2.8486
1184226PIP	2011	38	79	2.7	5.3	0.7122	0.1472	0.277	0.1705	0.4475	0.8594	1.3069
1184226PIP	2011	74	80	3.1	6.1	0.9951	0.2524	0.1651	0.1387	0.3038	1.2475	1.5513
1184226PIP	2011	3	82	6.1	8.8	6.2125	0.7775	0.8867	0.6231	1.5099	6.99	8.4999
1184226PIP	2011	74	85	7.6	10.4	9.1573	2.1616	0.7124	1.3304	2.0428	11.3189	13.3617
1184226PIP	2011	74	87	3.3	6.3	1.1617	0.2932	0.1828	0.1624	0.3452	1.4548	1.8
1184226PIP	2011	74	88	3.1	6.1	0.9951	0.2524	0.1651	0.1387	0.3038	1.2475	1.5513
1184226PIP	2011	74	90	5.0	8.3	3.2487	0.793	0.3599	0.4629	0.8228	4.0417	4.8645
1184226PIP	2011	74	91	4.4	7.6	2.3676	0.5839	0.2922	0.3353	0.6276	2.9514	3.579
1184226PIP	2011	74	93	5.1	8.4	3.4119	0.8315	0.3718	0.4866	0.8583	4.2434	5.1017
1184226PIP	2011	74	94	3.2	6.2	1.0765	0.2723	0.1739	0.1502	0.3241	1.3488	1.6729
1184226PIP	2011	74	97	4.2	7.4	2.1101	0.5223	0.2709	0.2982	0.5691	2.6324	3.2015
1184226PIP	2011	3	100	4.7	7.7	3.3193	0.4532	0.5649	0.332	0.8969	3.7725	4.6694
1184226PIP	2011	74	102	7.2	10.1	8.0104	1.899	0.6523	1.1608	1.8131	9.9094	11.7225
1184226PIP	2011	74	105	4.4	7.6	2.3676	0.5839	0.2922	0.3353	0.6276	2.9514	3.579
1184226PIP	2011	74	107	2.7	5.5	0.7069	0.1813	0.1318	0.0979	0.2297	0.8882	1.1179
1184226PIP	2011	74	108	6.1	9.3	5.3143	1.2767	0.4978	0.7642	1.262	6.591	7.853
1184226PIP	2011	74	110	5.1	8.4	3.4119	0.8315	0.3718	0.4866	0.8583	4.2434	5.1017
1184226PIP	2011	74	111	4.7	8.0	2.7874	0.6838	0.3254	0.396	0.7214	3.4712	4.1926
1184226PIP	2011	74	113	4.0	7.2	1.8701	0.4647	0.2502	0.2637	0.5139	2.3348	2.8486
1184226PIP	2011	38	114	2.5	5.1	0.5874	0.1223	0.2443	0.1401	0.3843	0.7097	1.0941
1184226PIP	2011	74	116	3.9	7.1	1.7565	0.4374	0.2401	0.2474	0.4875	2.1938	2.6813
1184226PIP	2011	38	117	5.6	8.3	4.4205	0.851	0.9132	1.098	2.0112	5.2715	7.2827
1184226PIP	2011	74	120	6.0	9.2	5.1013	1.2272	0.4845	0.733	1.2176	6.3285	7.546
1184226PIP	2011	74	122	3.3	6.3	1.1617	0.2932	0.1828	0.1624	0.3452	1.4548	1.8
1184226PIP	2011	74	123	5.5	8.7	4.1129	0.9963	0.4205	0.5886	1.0091	5.1093	6.1184
1184226PIP	2011	74	125	6.6	9.7	6.4584	1.5418	0.566	0.9322	1.4982	8.0002	9.4984
1184226PIP	2011	74	127	5.5	8.7	4.1129	0.9963	0.4205	0.5886	1.0091	5.1093	6.1184
1184226PIP	2011	74	128	6.2	9.4	5.5325	1.3274	0.5112	0.7962	1.3074	6.86	8.1673
1184226PIP	2011	38	130	5.4	8.1	4.0359	0.7798	0.8605	1.0006	1.8611	4.8157	6.6768
1184226PIP	2011	74	131	4.6	7.9	2.6429	0.6495	0.3142	0.3751	0.6893	3.2924	3.9817
1184226PIP	2011	74	133	4.5	7.7	2.503	0.6162	0.3031	0.3549	0.658	3.1191	3.7772
1184226PIP	2011	74	134	5.4	8.7	3.9303	0.9535	0.4081	0.562	0.9701	4.8838	5.8539
1184226PIP	2011	74	136	6.2	9.4	5.5325	1.3274	0.5112	0.7962	1.3074	6.86	8.1673
1184226PIP	2011	74	137	2.8	5.7	0.7735	0.1978	0.1399	0.1073	0.2471	0.9713	1.2185
1184226PIP	2011	38	140	3.9	6.7	1.7875	0.3565	0.5054	0.436	0.9414	2.144	3.0854
1184226PIP	2011	74	142	3.3	6.3	1.1617	0.2932	0.1828	0.1624	0.3452	1.4548	1.8
1184226PIP	2011	74	143	8.5	11.0	12.08	2.826	0.855	1.7641	2.6191	14.906	17.5251
1184226PIP	2011	74	145	8.2	10.8	11.0521	2.593	0.8063	1.6113	2.4177	13.6451	16.0628
1184226PIP	2011	74	147	4.8	8.1	2.9365	0.7191	0.3368	0.4176	0.7544	3.6556	4.41
1184226PIP	2011	74	148	5.8	9.0	4.6907	1.1315	0.4585	0.673	1.1315	5.8222	6.9537
1184226PIP	2011	74	150	6.5	9.6	6.2189	1.4865	0.5521	0.897	1.449	7.7054	9.1545
1184226PIP	2011	74	151	4.1	7.3	1.9879	0.493	0.2604	0.2806	0.5411	2.4809	3.022
1184226PIP	2011	74	153	4.5	7.7	2.503	0.6162	0.3031	0.3549	0.658	3.1191	3.7772
1184226PIP	2011	74	154	5.3	8.6	3.7527	0.9118	0.3958	0.5361	0.932	4.6644	5.5964
1184226PIP	2011	38	156	4.1	6.9	2.0259	0.402	0.5485	0.4953	1.0438	2.4279	3.4717
1184226PIP	2011	38	157	4.9	7.7	3.1647	0.6173	0.7341	0.7808	1.5149	3.782	5.2969
1184226PIP	2011	74	160	4.5	7.7	2.503	0.6162	0.3031	0.3549	0.658	3.1191	3.7772
1184226PIP	2011	38	163	3.6	6.4	1.463	0.294	0.4434	0.3554	0.7988	1.7571	2.5559
1184226PIP	2011	74	165	5.3	8.6	3.7527	0.9118	0.3958	0.5361	0.932	4.6644	5.5964
1184226PIP	2011	38	168	5.5	8.2	4.2256	0.8149	0.8867	1.0486	1.9353	5.0405	6.9758
1184226PIP	2011	74	170	4.0	7.2	1.8701	0.4647	0.2502	0.2637	0.5139	2.3348	2.8486
1184226PIP	2011	74	171	3.6	6.7	1.4408	0.3611	0.2107	0.2022	0.4129	1.8019	2.2147
1184226PIP	2011	38	173	2.7	5.3	0.7122	0.1472	0.277	0.1705	0.4475	0.8594	1.3069
1184226PIP	2011	38	174	3.1	5.8	1.0063	0.2052	0.3472	0.2426	0.5898	1.2115	1.8014
1184226PIP	2011	74	176	3.5	6.6	1.3438	0.3375	0.2012	0.1883	0.3896	1.6813	2.0708
1184226PIP	2011	38	177	6.3	8.8	5.9359	1.1298	1.1071	1.4832	2.5904	7.0656	9.656
1184226PIP	2011	74	179	5.6	8.8	4.3005	1.0403	0.433	0.616	1.049	5.3408	6.3898
1184226PIP	2011	74	180	3.5	6.6	1.3438	0.3375	0.2012	0.1883	0.3896	1.6813	2.0708
1184226PIP	2011	74	183	4.9	8.2	3.0902	0.7555	0.3483	0.4399	0.7882	3.8458	4.634
1184226PIP	2011	74	185	8.1	10.8	10.7215	2.5179	0.7904	1.5622	2.3526	13.2394	15.592
1184226PIP	2011	74	188	3.4	6.5	1.2507	0.3149	0.1919	0.175	0.367	1.5656	1.9326
1184226PIP	2011	74	190	7.4	10.3	8.5724	2.0278	0.6821	1.2439	1.9259	10.6003	12.5262
1184226PIP	2011	74	191	8.0	10.7	10.3969	2.4441	0.7745	1.5141	2.2886	12.841	15.1296
1184226PIP	2011	74	193	4.5	7.7	2.503	0.6162	0.3031	0.3549	0.658	3.1191	3.7772
1184226PIP	2011	74	194	5.9	9.1	4.8934	1.1788	0.4715	0.7026	1.1741	6.0722	7.2463
1184226PIP	2011	74	196	6.0	9.2	5.1013	1.2272	0.4845	0.733	1.2176	6.3285	7.546
1184226PIP	2011	74	197	3.6	6.7	1.4408	0.3611	0.2107	0.2022	0.4129	1.8019	2.2147
1184226PIP	2011	74	199	4.7	8.0	2.7874	0.6838	0.3254	0.396	0.7214	3.4712	4.1926
1184226PIP	2011	74	200	4.2	7.4	2.1101	0.5223	0.2709	0.2982	0.5691	2.6324	3.2015
1184226PIP	2011	74	203	6.3	9.5	5.756	1.3793	0.5247	0.829	1.3537	7.1353	8.489
1184226PIP	2011	74	205	4.3	7.5	2.2366	0.5526	0.2815	0.3165	0.5979	2.7892	3.3871
1184226PIP	2011	74	206	6.7	9.8	6.7033	1.5984	0.5801	0.9682	1.5482	8.3017	9.8499
1184226PIP	2011	74	208	6.2	9.4	5.5325	1.3274	0.5112	0.7962	1.3074	6.86	8.1673
1184226PIP	2011	38	210	4.2	7.0	2.1518	0.426	0.5705	0.5268	1.0973	2.5778	3.6751
1184226PIP	2011	74	211	3.6	6.7	1.4408	0.3611	0.2107	0.2022	0.4129	1.8019	2.2147
1184226PIP	2011	74	213	5.6	8.8	4.3005	1.0403	0.433	0.616	1.049	5.3408	6.3898
1184226PIP	2011	38	214	3.4	6.2	1.268	0.2563	0.4038	0.3071	0.711	1.5243	2.2353
1184226PIP	2011	74	216	3.6	6.7	1.4408	0.3611	0.2107	0.2022	0.4129	1.8019	2.2147
1184226PIP	2011	74	217	7.0	10.0	7.4709	1.7751	0.623	1.0812	1.7042	9.246	10.9503
1184226PIP	2011	74	219	7.0	10.0	7.4709	1.7751	0.623	1.0812	1.7042	9.246	10.9503
1184226PIP	2011	74	220	4.2	7.4	2.1101	0.5223	0.2709	0.2982	0.5691	2.6324	3.2015
1184226PIP	2011	38	223	3.0	5.7	0.927	0.1897	0.3291	0.2231	0.5522	1.1167	1.6689
1184226PIP	2011	38	226	3.7	6.5	1.5669	0.3141	0.4637	0.3811	0.8448	1.881	2.7258
1184226PIP	2011	74	227	5.3	8.6	3.7527	0.9118	0.3958	0.5361	0.932	4.6644	5.5964
1184226PIP	2011	13	229	4.0	4.2	1.5578	0.3428	1.1707	0.4997	1.6704	1.9006	3.571
1184226PIP	2011	74	231	6.0	9.2	5.1013	1.2272	0.4845	0.733	1.2176	6.3285	7.546
1184226PIP	2011	74	232	4.4	7.6	2.3676	0.5839	0.2922	0.3353	0.6276	2.9514	3.579
1184226PIP	2011	74	234	3.0	5.9	0.9176	0.2333	0.1565	0.1277	0.2842	1.1509	1.4351
1184226PIP	2011	38	235	4.5	7.3	2.5573	0.5029	0.6386	0.6282	1.2669	3.0602	4.3271
1184226PIP	2011	38	237	3.5	6.3	1.3635	0.2748	0.4234	0.3307	0.7542	1.6382	2.3924
1184226PIP	2011	38	238	3.0	5.7	0.927	0.1897	0.3291	0.2231	0.5522	1.1167	1.6689
1184226PIP	2011	74	240	3.6	6.7	1.4408	0.3611	0.2107	0.2022	0.4129	1.8019	2.2147
1184226PIP	2011	38	241	3.8	6.6	1.675	0.3349	0.4844	0.408	0.8924	2.0099	2.9023
1184226PIP	2011	38	244	4.2	7.0	2.1518	0.426	0.5705	0.5268	1.0973	2.5778	3.6751
1184266PIP	2011	13	2	13.6	9.8	33.8087	5.3346	6.6088	6.4007	13.0095	39.1434	52.1528
1184276PIP	2011	12	5	35.7	21.5	360.659	43.5523	30.3498	48.4069	78.7567	404.2113	482.968
1184276PIP	2011	20	7	14.4	14.5	32.4404	6.0394	7.2138	6.1381	13.3519	38.4798	51.8318
1184276PIP	2011	20	8	12.4	13.1	22.6482	4.251	5.6201	4.198	9.8182	26.8992	36.7173
1184276PIP	2011	22	10	6.9	5.8	4.6902	0.7157	1.4043	1.4114	2.8157	5.4059	8.2216
1184276PIP	2011	20	11	14.8	14.7	34.6482	6.4408	7.5515	6.5806	14.1321	41.089	55.221
1184276PIP	2011	22	13	5.6	5.0	2.9556	0.4575	0.9791	0.942	1.9211	3.4131	5.3342
1184276PIP	2011	22	14	6.7	5.6	4.3948	0.672	1.3347	1.3332	2.668	5.0668	7.7347
1184276PIP	2011	22	16	5.0	4.7	2.3002	0.3589	0.805	0.7564	1.5614	2.6591	4.2204
1184276PIP	2011	20	17	17.4	16.3	51.1189	9.419	9.8941	9.9274	19.8215	60.5378	80.3594
1184276PIP	2011	13	20	14.7	14.7	41.1123	6.3514	7.3772	7.5269	14.9042	47.4636	62.3678
1184276PIP	2011	22	22	13.4	8.9	20.3632	2.9684	4.4209	5.104	9.5249	23.3316	32.8565
1184276PIP	2011	22	25	7.1	5.9	4.9963	0.7609	1.4754	1.4917	2.9671	5.7572	8.7242
1184276PIP	2011	22	27	7.7	6.2	5.9784	0.9054	1.6974	1.7455	3.4428	6.8838	10.3266
1184276PIP	2011	22	28	10.0	7.4	10.658	1.5853	2.6662	2.8956	5.5619	12.2433	17.8052
1184276PIP	2011	13	30	4.9	5.8	2.5951	0.5404	1.5599	0.7627	2.3226	3.1355	5.4581
1184276PIP	2011	20	31	22.6	18.4	95.8217	17.4055	15.3096	19.2906	34.6002	113.2272	147.8274
1184276PIP	2011	20	33	21.2	17.9	82.1725	14.9784	13.7593	16.3979	30.1572	97.1509	127.308
1184276PIP	2011	22	34	3.5	3.7	1.045	0.1671	0.4347	0.3791	0.8137	1.2121	2.0258
1184276PIP	2011	22	36	4.6	4.4	1.9128	0.3001	0.697	0.6436	1.3406	2.2129	3.5535
1184276PIP	2011	22	37	5.2	4.8	2.5087	0.3903	0.8614	0.8161	1.6775	2.899	4.5765
1184276PIP	2011	20	42	3.6	4.4	1.1597	0.2329	0.7129	0.1813	0.8942	1.3925	2.2868
1184276PIP	2011	74	43	9.8	14.8	17.1807	3.9737	1.0783	2.5256	3.6039	21.1544	24.7583
1184276PIP	2011	22	45	4.4	4.3	1.7336	0.2729	0.6454	0.5905	1.2359	2.0065	3.2425
1184276PIP	2011	22	47	5.2	4.8	2.5087	0.3903	0.8614	0.8161	1.6775	2.899	4.5765
1184276PIP	2011	22	48	5.4	4.9	2.7271	0.4232	0.9195	0.878	1.7974	3.1504	4.9478
1184276PIP	2011	20	50	8.5	9.7	9.1398	1.7512	2.9919	1.6083	4.6002	10.891	15.4912
1184276PIP	2011	22	51	7.4	6.0	5.4753	0.8315	1.5847	1.6162	3.2009	6.3067	9.5076
1184276PIP	2011	13	53	8.4	9.2	10.0648	1.8103	3.3432	2.345	5.6883	11.8751	17.5634
1184276PIP	2011	20	54	2.9	3.6	0.6897	0.1402	0.4969	0.1047	0.6016	0.8299	1.4314
1184276PIP	2011	22	56	3.4	3.7	0.9801	0.157	0.4134	0.3584	0.7718	1.1371	1.9089
1184276PIP	2011	22	57	9.9	7.3	10.4237	1.5515	2.6203	2.8398	5.4602	11.9752	17.4354
1184276PIP	2011	13	60	4.3	5.2	1.8685	0.4032	1.2968	0.5809	1.8777	2.2717	4.1494
1184276PIP	2011	20	62	4.6	5.5	2.09	0.4141	1.0734	0.338	1.4114	2.5041	3.9155
1184276PIP	2011	13	63	7.3	8.2	7.0716	1.3214	2.7413	1.7503	4.4916	8.393	12.8846
1184276PIP	2011	12	65	39.5	22.2	468.0836	54.9723	35.2046	59.7559	94.9605	523.0559	618.0164
1184276PIP	2011	22	68	8.1	6.4	6.6871	1.0092	1.8526	1.9253	3.7779	7.6963	11.4742
1184276PIP	2011	22	70	2.9	3.3	0.6894	0.1117	0.3141	0.2634	0.5774	0.801	1.3785
1184276PIP	2011	22	71	17.6	10.6	37.22	5.3246	7.081	8.6542	15.7353	42.5446	58.2799
1184276PIP	2011	20	73	9.2	10.3	11.0541	2.1089	3.4145	1.9665	5.381	13.163	18.544
1184276PIP	2011	22	74	9.4	7.1	9.2947	1.3884	2.3959	2.5686	4.9645	10.6831	15.6476
1184276PIP	2011	22	76	4.6	4.4	1.9128	0.3001	0.697	0.6436	1.3406	2.2129	3.5535
1184276PIP	2011	22	77	5.0	4.7	2.3002	0.3589	0.805	0.7564	1.5614	2.6591	4.2204
1184276PIP	2011	20	80	20.2	17.6	73.1645	13.3716	12.693	14.5035	27.1965	86.5362	113.7327
1184276PIP	2011	20	83	9.3	10.4	11.345	2.1631	3.4767	2.0213	5.4979	13.5082	19.0061
1184276PIP	2011	22	85	6.9	5.8	4.6902	0.7157	1.4043	1.4114	2.8157	5.4059	8.2216
1184276PIP	2011	20	88	3.2	4.0	0.8738	0.1766	0.5856	0.1344	0.7201	1.0504	1.7705
1184276PIP	2011	20	91	13.2	13.7	26.3197	4.9233	6.2385	4.9207	11.1592	31.2429	42.4021
1184276PIP	2011	22	93	5.2	4.8	2.5087	0.3903	0.8614	0.8161	1.6775	2.899	4.5765
1184276PIP	2011	22	94	6.8	5.7	4.5412	0.6936	1.3693	1.372	2.7414	5.2348	7.9762
1184276PIP	2011	38	96	8.4	12.7	12.1943	2.2569	1.7721	3.0917	4.8638	14.4511	19.3149
1184276PIP	2011	38	97	6.8	11.2	7.1861	1.3576	1.2544	1.8026	3.057	8.5437	11.6006
1184276PIP	2011	20	99	5.2	6.2	2.8061	0.5523	1.3172	0.4615	1.7787	3.3583	5.137
1184276PIP	2011	22	100	6.6	5.6	4.251	0.6507	1.3005	1.295	2.5955	4.9017	7.4971
1184276PIP	2011	20	105	9.0	10.1	10.4854	2.0028	3.2914	1.8597	5.1512	12.4882	17.6394
1184276PIP	2011	20	106	8.5	9.7	9.1398	1.7512	2.9919	1.6083	4.6002	10.891	15.4912
1184276PIP	2011	22	108	8.9	6.8	8.2361	1.2349	2.18	2.3106	4.4906	9.471	13.9617
1184276PIP	2011	22	110	2.7	3.2	0.5886	0.0958	0.2776	0.2293	0.5069	0.6844	1.1913
1184276PIP	2011	22	111	2.7	3.2	0.5886	0.0958	0.2776	0.2293	0.5069	0.6844	1.1913
1184276PIP	2011	22	113	9.3	7.0	9.0773	1.3569	2.352	2.516	4.868	10.4343	15.3023
1184276PIP	2011	20	114	7.0	8.1	5.7321	1.11	2.1636	0.9821	3.1457	6.8421	9.9877
1184276PIP	2011	20	116	23.1	18.6	100.9952	18.3233	15.8792	20.3934	36.2727	119.3185	155.5912
1184276PIP	2011	22	117	24.9	12.9	80.1882	11.2005	12.896	16.9459	29.8418	91.3887	121.2306
1184276PIP	2011	22	119	4.1	4.1	1.4829	0.2345	0.5713	0.515	1.0863	1.7175	2.8038
1184276PIP	2011	22	120	6.1	5.3	3.5711	0.5496	1.135	1.1117	2.2467	4.1207	6.3674
1184276PIP	2011	12	123	23.1	17.6	117.4368	15.9869	16.0254	19.554	35.5794	133.4238	169.0032
1184276PIP	2011	20	125	7.6	8.8	6.9845	1.3465	2.482	1.2103	3.6923	8.331	12.0233
1184276PIP	2011	22	126	10.0	7.4	10.658	1.5853	2.6662	2.8956	5.5619	12.2433	17.8052
1184276PIP	2011	20	128	3.5	4.3	1.0838	0.218	0.6801	0.1688	0.8489	1.3017	2.1507
1184276PIP	2011	22	130	5.5	5.0	2.8401	0.4402	0.9491	0.9097	1.8588	3.2803	5.1391
1184276PIP	2011	22	131	8.5	6.6	7.4395	1.119	2.0135	2.1137	4.1272	8.5585	12.6858
1184276PIP	2011	74	133	20.7	19.8	109.3407	23.8192	3.6492	16.6409	20.2901	133.1599	153.45
1184276PIP	2011	12	136	32.2	20.6	276.435	34.3434	26.0865	39.0476	65.1341	310.7784	375.9125
1184276PIP	2011	20	137	6.2	7.3	4.2821	0.8347	1.7668	0.7215	2.4883	5.1169	7.6051
1184276PIP	2011	22	139	8.4	6.6	7.2473	1.091	1.9727	2.0658	4.0386	8.3383	12.3769
1184276PIP	2011	22	140	17.6	10.6	37.22	5.3246	7.081	8.6542	15.7353	42.5446	58.2799
1184276PIP	2011	74	143	13.5	17.2	37.9605	8.5575	1.8178	5.6639	7.4816	46.5179	53.9996
1184286PIP	2011	74	2	3.2	6.3	1.0765	0.2723	0.1739	0.1502	0.3241	1.3488	1.6729
1184286PIP	2011	74	4	6.8	10.1	6.9537	1.6561	0.5942	1.005	1.5993	8.6098	10.209
1184286PIP	2011	74	7	7.7	10.9	9.4584	2.2303	0.7277	1.375	2.1027	11.6888	13.7915
1184286PIP	2011	74	9	5.2	8.6	3.5798	0.8711	0.3837	0.511	0.8947	4.4509	5.3457
1184286PIP	2011	74	10	3.7	6.9	1.5419	0.3856	0.2203	0.2166	0.437	1.9275	2.3644
1184286PIP	2011	20	12	19.2	12.5	64.7611	11.8687	11.6614	12.7483	24.4097	76.6298	101.0395
1184286PIP	2011	20	13	11.1	9.2	17.3561	3.2774	4.6714	3.1684	7.8398	20.6335	28.4734
1184286PIP	2011	74	16	7.4	10.6	8.5724	2.0278	0.6821	1.2439	1.9259	10.6003	12.5262
1184286PIP	2011	74	19	10.0	12.3	18.0616	4.1707	1.1144	2.6576	3.772	22.2323	26.0043
1184286PIP	2011	74	22	4.5	7.9	2.503	0.6162	0.3031	0.3549	0.658	3.1191	3.7772
1184286PIP	2011	74	24	5.9	9.3	4.8934	1.1788	0.4715	0.7026	1.1741	6.0722	7.2463
1184286PIP	2011	20	27	12.5	10.0	23.0896	4.3319	5.696	4.2846	9.9806	27.4215	37.4021
1184286PIP	2011	20	29	3.4	3.5	1.0108	0.2036	0.648	0.1568	0.8048	1.2145	2.0193
1184286PIP	2011	74	30	8.4	11.4	11.7313	2.747	0.8387	1.7123	2.5509	14.4784	17.0293
1184286PIP	2011	74	32	3.3	6.4	1.1617	0.2932	0.1828	0.1624	0.3452	1.4548	1.8
1184286PIP	2011	74	33	3.0	6.0	0.9176	0.2333	0.1565	0.1277	0.2842	1.1509	1.4351
1184286PIP	2011	74	35	8.1	11.2	10.7215	2.5179	0.7904	1.5622	2.3526	13.2394	15.592
1184286PIP	2011	74	36	6.7	10.1	6.7033	1.5984	0.5801	0.9682	1.5482	8.3017	9.8499
1184286PIP	2011	74	42	3.1	6.1	0.9951	0.2524	0.1651	0.1387	0.3038	1.2475	1.5513
1184286PIP	2011	74	44	4.7	8.1	2.7874	0.6838	0.3254	0.396	0.7214	3.4712	4.1926
1184286PIP	2011	13	47	21.0	13.6	100.8099	14.135	12.2172	15.8277	28.0449	114.945	142.9899
1184286PIP	2011	38	49	6.1	9.4	5.4755	1.0454	1.0502	1.366	2.4162	6.5209	8.9371
1184286PIP	2011	74	50	3.0	6.0	0.9176	0.2333	0.1565	0.1277	0.2842	1.1509	1.4351
1184286PIP	2011	73	52	3.9	7.2	1.4368	0.5269	0.2508	0.3217	0.5725	1.9637	2.5362
1184286PIP	2011	73	53	3.1	6.3	0.8181	0.3244	0.1728	0.1847	0.3576	1.1425	1.5001
1184286PIP	2011	73	55	3.4	6.7	1.0262	0.3943	0.2008	0.2309	0.4317	1.4205	1.8522
1184286PIP	2011	73	56	2.5	5.5	0.4827	0.2059	0.1219	0.1099	0.2318	0.6886	0.9204
1184286PIP	2011	73	59	3.5	6.8	1.1018	0.4192	0.2104	0.2477	0.4581	1.521	1.9792
1184286PIP	2011	74	62	4.4	7.8	2.3676	0.5839	0.2922	0.3353	0.6276	2.9514	3.579
1184286PIP	2011	73	64	3.0	6.2	0.7549	0.3027	0.1639	0.1707	0.3346	1.0576	1.3921
1184286PIP	2011	74	67	4.0	7.3	1.8701	0.4647	0.2502	0.2637	0.5139	2.3348	2.8486
1184286PIP	2011	74	69	3.7	6.9	1.5419	0.3856	0.2203	0.2166	0.437	1.9275	2.3644
1184286PIP	2011	74	70	5.4	8.8	3.9303	0.9535	0.4081	0.562	0.9701	4.8838	5.8539
1184286PIP	2011	74	72	7.1	10.4	7.7378	1.8365	0.6376	1.1206	1.7582	9.5743	11.3325
1184286PIP	2011	74	73	5.0	8.4	3.2487	0.793	0.3599	0.4629	0.8228	4.0417	4.8645
1191061PIP	2011	13	2	6.9	6.0	6.1372	1.1645	2.5313	1.5564	4.0877	7.3017	11.3894
1191061PIP	2011	25	3	3.8	4.4	1.6402	0.2913	0.5835	0.4033	0.9868	1.9316	2.9183
1191061PIP	2011	13	6	5.8	5.2	3.9656	0.7888	1.98	1.0838	3.0638	4.7544	7.8183
1191061PIP	2011	25	9	3.6	4.3	1.4369	0.2599	0.5384	0.3568	0.8952	1.6968	2.592
1191061PIP	2011	13	11	4.2	4.0	1.7612	0.3825	1.2543	0.5531	1.8075	2.1436	3.9511
1191061PIP	2011	25	14	3.2	4.0	1.077	0.2027	0.4519	0.2732	0.7251	1.2798	2.0049
1191061PIP	2011	13	16	3.7	3.6	1.2805	0.2878	1.0485	0.4247	1.4732	1.5683	3.0415
1191061PIP	2011	13	17	2.5	2.8	0.4778	0.1195	0.6022	0.1876	0.7899	0.5972	1.3871
1191061PIP	2011	25	19	6.6	6.4	6.3345	0.9344	1.3265	1.4083	2.7348	7.2689	10.0037
1191061PIP	2011	13	20	8.3	7.0	9.7662	1.7623	3.2871	2.2872	5.5743	11.5285	17.1028
1191061PIP	2011	13	22	5.1	4.7	2.8698	0.5912	1.6507	0.829	2.4797	3.4609	5.9406
1191061PIP	2011	13	23	9.8	8.0	14.8305	2.5581	4.1577	3.2334	7.3911	17.3885	24.7796
1191061PIP	2011	25	25	3.2	4.0	1.077	0.2027	0.4519	0.2732	0.7251	1.2798	2.0049
1191061PIP	2011	13	26	11.7	9.2	23.1572	3.8065	5.3419	4.6778	10.0196	26.9637	36.9833
1191061PIP	2011	13	30	6.0	5.3	4.3185	0.8512	2.0773	1.1631	3.2404	5.1697	8.4101
1191061PIP	2011	13	32	5.8	5.2	3.9656	0.7888	1.98	1.0838	3.0638	4.7544	7.8183
1191061PIP	2011	13	35	4.6	4.3	2.2139	0.469	1.4266	0.6686	2.0952	2.6829	4.7781
1191061PIP	2011	13	37	8.3	7.0	9.7662	1.7623	3.2871	2.2872	5.5743	11.5285	17.1028
1191061PIP	2011	13	38	5.9	5.2	4.1398	0.8197	2.0285	1.1231	3.1516	4.9595	8.1111
1191061PIP	2011	13	40	2.9	3.0	0.6939	0.1666	0.7429	0.2556	0.9985	0.8606	1.8591
1191061PIP	2011	13	41	3.4	3.4	1.0352	0.2381	0.9303	0.3561	1.2864	1.2733	2.5597
1191061PIP	2011	13	43	5.7	5.1	3.7959	0.7587	1.9319	1.0452	2.9772	4.5546	7.5317
1191061PIP	2011	13	44	9.4	7.7	13.355	2.3298	3.9197	2.9645	6.8842	15.6848	22.5689
1191061PIP	2011	13	46	4.2	4.0	1.7612	0.3825	1.2543	0.5531	1.8075	2.1436	3.9511
1191061PIP	2011	25	47	3.1	3.9	0.9965	0.1896	0.4311	0.2543	0.6853	1.1861	1.8714
1191061PIP	2011	13	50	7.1	6.1	6.5944	1.2416	2.6357	1.6519	4.2876	7.836	12.1236
1191061PIP	2011	13	52	2.7	2.9	0.5798	0.142	0.6715	0.2203	0.8918	0.7218	1.6135
1191061PIP	2011	13	53	5.8	5.2	3.9656	0.7888	1.98	1.0838	3.0638	4.7544	7.8183
1191061PIP	2011	13	55	6.3	5.5	4.8823	0.9496	2.2257	1.2876	3.5133	5.8318	9.3452
1191061PIP	2011	13	57	4.5	4.2	2.0948	0.4465	1.3829	0.6387	2.0216	2.5413	4.5629
1191061PIP	2011	13	58	2.9	3.0	0.6939	0.1666	0.7429	0.2556	0.9985	0.8606	1.8591
1191061PIP	2011	13	60	2.7	2.9	0.5798	0.142	0.6715	0.2203	0.8918	0.7218	1.6135
1191061PIP	2011	25	61	3.2	4.0	1.077	0.2027	0.4519	0.2732	0.7251	1.2798	2.0049
1191061PIP	2011	13	63	4.1	3.9	1.6576	0.3623	1.2123	0.526	1.7384	2.02	3.7583
1191061PIP	2011	25	64	4.6	5.0	2.6181	0.4361	0.7753	0.6216	1.397	3.0541	4.4511
1191061PIP	2011	13	66	8.8	7.3	11.3138	2.0094	3.5706	2.5838	6.1543	13.3232	19.4776
1191061PIP	2011	25	67	3.0	3.8	0.9197	0.1769	0.4105	0.2361	0.6466	1.0966	1.7432
1191061PIP	2011	25	70	3.8	4.4	1.6402	0.2913	0.5835	0.4033	0.9868	1.9316	2.9183
1191061PIP	2011	13	72	6.7	5.8	5.6997	1.0902	2.4281	1.4639	3.892	6.7898	10.6818
1191061PIP	2011	13	73	7.3	6.3	7.0716	1.3214	2.7413	1.7503	4.4916	8.393	12.8846
1191061PIP	2011	13	75	4.5	4.2	2.0948	0.4465	1.3829	0.6387	2.0216	2.5413	4.5629
1191061PIP	2011	25	77	3.3	4.0	1.1613	0.2163	0.4731	0.293	0.766	1.3776	2.1436
1191061PIP	2011	22	78	3.1	2.9	0.7989	0.1288	0.3524	0.2997	0.6521	0.9278	1.5799
1191061PIP	2011	13	80	4.4	4.1	1.9797	0.4245	1.3397	0.6094	1.9491	2.4043	4.3534
1191061PIP	2011	13	81	10.8	8.6	18.9352	3.181	4.7701	3.9591	8.7292	22.1161	30.8453
1191061PIP	2011	13	83	2.9	3.0	0.6939	0.1666	0.7429	0.2556	0.9985	0.8606	1.8591
1191061PIP	2011	25	84	4.0	4.6	1.8596	0.3247	0.6298	0.4529	1.0827	2.1843	3.267
1191061PIP	2011	13	86	7.9	6.7	8.6254	1.5775	3.0653	2.0635	5.1288	10.203	15.3318
1191071PIP	2011	13	1	13.2	13.0	31.3636	4.9892	6.3356	6.0146	12.3502	36.3527	48.7029
1191071PIP	2011	13	4	14.6	14.0	40.4126	6.2549	7.3064	7.4206	14.727	46.6674	61.3944
1191071PIP	2011	13	7	10.3	10.6	16.8074	2.8601	4.4608	3.5867	8.0475	19.6675	27.715
1191071PIP	2011	13	12	11.8	11.8	23.6581	3.8799	5.4065	4.7615	10.168	27.538	37.706
1191071PIP	2011	13	14	7.0	7.6	6.3634	1.2027	2.5833	1.6038	4.1871	7.5661	11.7532
1191071PIP	2011	13	15	9.0	9.4	11.9716	2.1133	3.6859	2.7076	6.3935	14.0849	20.4784
1191071PIP	2011	13	20	10.7	10.9	18.4974	3.1153	4.7078	3.8831	8.5909	21.6126	30.2035
1191071PIP	2011	13	21	13.1	12.9	30.7695	4.9048	6.2678	5.9201	12.1878	35.6743	47.8621
1191071PIP	2011	13	23	10.0	10.3	15.6034	2.6766	4.2782	3.3724	7.6506	18.28	25.9306
1191071PIP	2011	13	27	8.7	9.2	10.9933	1.9586	3.5133	2.523	6.0363	12.9519	18.9881
1191071PIP	2011	13	29	6.3	6.9	4.8823	0.9496	2.2257	1.2876	3.5133	5.8318	9.3452
1191071PIP	2011	13	32	13.6	13.3	33.8087	5.3346	6.6088	6.4007	13.0095	39.1434	52.1528
1191071PIP	2011	13	35	15.9	14.9	50.0809	7.5736	8.2431	8.8641	17.1073	57.6545	74.7618
1191071PIP	2011	13	38	7.5	8.1	7.5689	1.404	2.8481	1.8518	4.6999	8.9729	13.6728
1191071PIP	2011	13	40	9.4	9.8	13.355	2.3298	3.9197	2.9645	6.8842	15.6848	22.5689
1191071PIP	2011	13	41	20.3	17.7	92.5718	13.1001	11.6453	14.7481	26.3933	105.6719	132.0652
1191071PIP	2011	13	44	9.6	10.0	14.0811	2.4425	4.0382	3.0974	7.1356	16.5235	23.6591
1191071PIP	2011	13	47	17.1	15.7	60.1359	8.9162	9.1366	10.3154	19.452	69.0521	88.504
1191071PIP	2011	13	54	11.6	11.7	22.6627	3.7339	5.2774	4.5948	9.8722	26.3966	36.2688
1191071PIP	2011	13	55	12.7	12.6	28.4612	4.5752	5.9988	5.5496	11.5484	33.0365	44.5849
1191071PIP	2011	38	57	4.5	6.6	2.5573	0.5029	0.6386	0.6282	1.2669	3.0602	4.3271
1191071PIP	2011	38	58	3.3	5.3	1.1768	0.2385	0.3846	0.2846	0.6692	1.4153	2.0845
1191071PIP	2011	13	63	14.3	13.8	38.3568	5.9703	7.0949	7.1064	14.2013	44.327	58.5284
1191071PIP	2011	13	67	10.5	10.8	17.6402	2.9862	4.5838	3.7334	8.3172	20.6264	28.9435
1191111PIP	2011	20	1	3.7	3.5	1.2386	0.2483	0.7463	0.1944	0.9407	1.4869	2.4276
1191111PIP	2011	13	3	6.2	5.3	4.6897	0.9161	2.1759	1.2454	3.4213	5.6058	9.0271
1191111PIP	2011	13	8	11.2	8.5	20.7485	3.4513	5.0219	4.2708	9.2927	24.1998	33.4925
1191111PIP	2011	13	9	3.3	3.2	0.9603	0.2227	0.8918	0.3346	1.2265	1.183	2.4095
1191111PIP	2011	13	11	5.7	4.9	3.7959	0.7587	1.9319	1.0452	2.9772	4.5546	7.5317
1191111PIP	2011	13	12	4.5	4.1	2.0948	0.4465	1.3829	0.6387	2.0216	2.5413	4.5629
1191111PIP	2011	13	14	6.3	5.3	4.8823	0.9496	2.2257	1.2876	3.5133	5.8318	9.3452
1191111PIP	2011	13	18	6.8	5.7	5.916	1.127	2.4796	1.5098	3.9893	7.043	11.0323
1191111PIP	2011	13	21	5.7	4.9	3.7959	0.7587	1.9319	1.0452	2.9772	4.5546	7.5317
1191111PIP	2011	13	23	6.5	5.5	5.2814	1.0185	2.3263	1.3743	3.7006	6.3	10.0005
1191111PIP	2011	13	26	4.5	4.1	2.0948	0.4465	1.3829	0.6387	2.0216	2.5413	4.5629
1191111PIP	2011	13	28	5.0	4.4	2.7303	0.5655	1.6051	0.7955	2.4006	3.2958	5.6964
1191111PIP	2011	13	29	4.1	3.8	1.6576	0.3623	1.2123	0.526	1.7384	2.02	3.7583
1191111PIP	2011	13	31	9.8	7.7	14.8305	2.5581	4.1577	3.2334	7.3911	17.3885	24.7796
1191111PIP	2011	13	32	3.0	3.0	0.7557	0.1798	0.7794	0.2744	1.0537	0.9355	1.9892
1191111PIP	2011	13	34	2.7	2.8	0.5798	0.142	0.6715	0.2203	0.8918	0.7218	1.6135
1191111PIP	2011	13	35	5.8	5.0	3.9656	0.7888	1.98	1.0838	3.0638	4.7544	7.8183
1191111PIP	2011	25	37	6.9	6.7	7.0626	1.0263	1.4172	1.5575	2.9746	8.0889	11.0635
1191111PIP	2011	25	38	5.2	5.5	3.5343	0.5649	0.9304	0.8206	1.7511	4.0991	5.8502
1191111PIP	2011	13	41	6.5	5.5	5.2814	1.0185	2.3263	1.3743	3.7006	6.3	10.0005
1191111PIP	2011	25	43	2.6	3.5	0.6479	0.1308	0.3318	0.1707	0.5025	0.7787	1.2812
1191111PIP	2011	13	44	4.2	3.9	1.7612	0.3825	1.2543	0.5531	1.8075	2.1436	3.9511
1191111PIP	2011	13	46	8.3	6.7	9.7662	1.7623	3.2871	2.2872	5.5743	11.5285	17.1028
1191111PIP	2011	13	48	5.6	4.8	3.6307	0.7291	1.8842	1.0074	2.8915	4.3598	7.2513
1191111PIP	2011	25	49	5.4	5.7	3.8763	0.6117	0.9842	0.8939	1.878	4.488	6.366
1191111PIP	2011	13	52	3.5	3.4	1.1135	0.2541	0.9692	0.3783	1.3475	1.3676	2.7151
1191111PIP	2011	13	54	4.6	4.1	2.2139	0.469	1.4266	0.6686	2.0952	2.6829	4.7781
1191111PIP	2011	25	55	3.5	4.3	1.3412	0.2449	0.5163	0.3347	0.8511	1.5861	2.4372
1191111PIP	2011	25	57	6.3	6.3	5.6528	0.847	1.2378	1.2674	2.5052	6.4998	9.005
1191111PIP	2011	13	58	2.5	2.7	0.4778	0.1195	0.6022	0.1876	0.7899	0.5972	1.3871
1191111PIP	2011	13	61	5.0	4.4	2.7303	0.5655	1.6051	0.7955	2.4006	3.2958	5.6964
1191111PIP	2011	13	63	3.5	3.4	1.1135	0.2541	0.9692	0.3783	1.3475	1.3676	2.7151
1191111PIP	2011	13	64	8.1	6.6	9.1851	1.6685	3.1756	2.1739	5.3495	10.8537	16.2032
1191111PIP	2011	13	66	6.2	5.3	4.6897	0.9161	2.1759	1.2454	3.4213	5.6058	9.0271
1191111PIP	2011	13	68	2.8	2.9	0.6353	0.154	0.7069	0.2376	0.9445	0.7893	1.7339
1191111PIP	2011	13	69	4.4	4.0	1.9797	0.4245	1.3397	0.6094	1.9491	2.4043	4.3534
1191111PIP	2011	13	71	5.8	5.0	3.9656	0.7888	1.98	1.0838	3.0638	4.7544	7.8183
1191111PIP	2011	13	72	8.1	6.6	9.1851	1.6685	3.1756	2.1739	5.3495	10.8537	16.2032
1191111PIP	2011	13	74	7.0	5.8	6.3634	1.2027	2.5833	1.6038	4.1871	7.5661	11.7532
1191111PIP	2011	13	75	2.9	3.0	0.6939	0.1666	0.7429	0.2556	0.9985	0.8606	1.8591
1191111PIP	2011	13	78	4.5	4.1	2.0948	0.4465	1.3829	0.6387	2.0216	2.5413	4.5629
1191111PIP	2011	13	81	8.2	6.6	9.473	1.7151	3.2312	2.2302	5.4614	11.188	16.6494
1191111PIP	2011	13	84	7.8	6.4	8.3535	1.5331	3.0106	2.0095	5.02	9.8866	14.9066
1191111PIP	2011	13	86	3.6	3.4	1.1952	0.2707	1.0086	0.4012	1.4098	1.4659	2.8757
1191111PIP	2011	13	89	3.8	3.6	1.3693	0.3056	1.0888	0.449	1.5378	1.6749	3.2127
1191111PIP	2011	13	91	4.6	4.1	2.2139	0.469	1.4266	0.6686	2.0952	2.6829	4.7781
1191111PIP	2011	25	92	3.6	4.3	1.4369	0.2599	0.5384	0.3568	0.8952	1.6968	2.592
1191111PIP	2011	20	94	5.1	4.6	2.6781	0.5277	1.2752	0.4393	1.7145	3.2058	4.9203
1191111PIP	2011	13	95	7.6	6.2	7.8253	1.4463	2.902	1.9036	4.8055	9.2716	14.0772
1191111PIP	2011	13	97	3.5	3.4	1.1135	0.2541	0.9692	0.3783	1.3475	1.3676	2.7151
1191111PIP	2011	13	98	4.7	4.2	2.3369	0.4922	1.4706	0.6992	2.1699	2.8291	4.999
1191111PIP	2011	13	100	5.5	4.8	3.4698	0.7002	1.8368	0.9703	2.807	4.1701	6.9771
1191111PIP	2011	13	101	2.9	3.0	0.6939	0.1666	0.7429	0.2556	0.9985	0.8606	1.8591
1191111PIP	2011	25	104	5.3	5.6	3.7029	0.5881	0.9572	0.8568	1.814	4.291	6.105
1191111PIP	2011	13	106	12.6	9.4	27.901	4.4948	5.9321	5.4589	11.3911	32.3958	43.7869
1191111PIP	2011	25	109	9.8	8.3	16.6689	2.1524	2.3883	3.4481	5.8364	18.8213	24.6577
1191111PIP	2011	20	111	7.1	6.0	5.9308	1.1476	2.2154	1.0181	3.2335	7.0784	10.312
1191111PIP	2011	25	112	5.6	5.8	4.2371	0.6605	1.0389	0.9706	2.0095	4.8977	6.9072
1191111PIP	2011	13	114	4.5	4.1	2.0948	0.4465	1.3829	0.6387	2.0216	2.5413	4.5629
1191111PIP	2011	13	115	2.6	2.8	0.5273	0.1304	0.6366	0.2036	0.8402	0.6577	1.4979
1191111PIP	2011	13	117	3.3	3.2	0.9603	0.2227	0.8918	0.3346	1.2265	1.183	2.4095
1191111PIP	2011	13	118	3.7	3.5	1.2805	0.2878	1.0485	0.4247	1.4732	1.5683	3.0415
1191111PIP	2011	13	120	8.8	7.0	11.3138	2.0094	3.5706	2.5838	6.1543	13.3232	19.4776
1191111PIP	2011	25	124	3.0	3.9	0.9197	0.1769	0.4105	0.2361	0.6466	1.0966	1.7432
1191111PIP	2011	20	126	4.5	4.1	1.9825	0.3933	1.0347	0.3196	1.3543	2.3758	3.7301
1191111PIP	2011	13	127	7.3	6.0	7.0716	1.3214	2.7413	1.7503	4.4916	8.393	12.8846
1191111PIP	2011	20	129	10.1	7.8	13.8333	2.6257	3.9902	2.4927	6.4829	16.459	22.9419
1191111PIP	2011	13	131	4.6	4.1	2.2139	0.469	1.4266	0.6686	2.0952	2.6829	4.7781
1191131PIP	2011	13	101	3.2	3.3	0.8888	0.2078	0.8539	0.3139	1.1677	1.0967	2.2644
1191131PIP	2011	13	103	6.5	5.8	5.2814	1.0185	2.3263	1.3743	3.7006	6.3	10.0005
1191131PIP	2011	13	104	2.8	3.0	0.6353	0.154	0.7069	0.2376	0.9445	0.7893	1.7339
1191131PIP	2011	20	106	13.7	9.1	28.7793	5.3725	6.638	5.4082	12.0461	34.1518	46.1979
1191131PIP	2011	13	107	4.0	3.9	1.5578	0.3428	1.1707	0.4997	1.6704	1.9006	3.571
1191131PIP	2011	20	109	11.3	8.1	18.1171	3.4178	4.8128	3.3155	8.1283	21.5349	29.6632
1191131PIP	2011	20	110	8.2	6.4	8.3837	1.6095	2.8177	1.468	4.2857	9.9932	14.2789
1191131PIP	2011	13	113	3.5	3.6	1.1135	0.2541	0.9692	0.3783	1.3475	1.3676	2.7151
1191131PIP	2011	13	115	5.1	4.8	2.8698	0.5912	1.6507	0.829	2.4797	3.4609	5.9406
1191131PIP	2011	13	116	3.2	3.3	0.8888	0.2078	0.8539	0.3139	1.1677	1.0967	2.2644
1191131PIP	2011	13	118	3.7	3.7	1.2805	0.2878	1.0485	0.4247	1.4732	1.5683	3.0415
1191131PIP	2011	13	120	3.4	3.5	1.0352	0.2381	0.9303	0.3561	1.2864	1.2733	2.5597
1191131PIP	2011	20	121	10.5	7.7	15.1866	2.8765	4.2575	2.7513	7.0088	18.063	25.0718
1191131PIP	2011	13	123	3.0	3.2	0.7557	0.1798	0.7794	0.2744	1.0537	0.9355	1.9892
1191131PIP	2011	13	124	5.4	5.0	3.3134	0.672	1.7897	0.9339	2.7236	3.9854	6.7089
1191131PIP	2011	13	126	2.8	3.0	0.6353	0.154	0.7069	0.2376	0.9445	0.7893	1.7339
1191131PIP	2011	13	127	3.0	3.2	0.7557	0.1798	0.7794	0.2744	1.0537	0.9355	1.9892
1191131PIP	2011	13	129	3.2	3.3	0.8888	0.2078	0.8539	0.3139	1.1677	1.0967	2.2644
1191131PIP	2011	13	133	5.6	5.2	3.6307	0.7291	1.8842	1.0074	2.8915	4.3598	7.2513
1191131PIP	2011	13	136	6.6	5.9	5.4881	1.054	2.377	1.4187	3.7958	6.5422	10.3379
1191131PIP	2011	13	138	2.9	3.1	0.6939	0.1666	0.7429	0.2556	0.9985	0.8606	1.8591
1191131PIP	2011	13	141	3.6	3.6	1.1952	0.2707	1.0086	0.4012	1.4098	1.4659	2.8757
1191131PIP	2011	13	143	4.2	4.1	1.7612	0.3825	1.2543	0.5531	1.8075	2.1436	3.9511
1191131PIP	2011	13	144	4.0	3.9	1.5578	0.3428	1.1707	0.4997	1.6704	1.9006	3.571
1191131PIP	2011	13	146	5.0	4.7	2.7303	0.5655	1.6051	0.7955	2.4006	3.2958	5.6964
1191131PIP	2011	13	147	3.0	3.2	0.7557	0.1798	0.7794	0.2744	1.0537	0.9355	1.9892
1191131PIP	2011	13	149	3.3	3.4	0.9603	0.2227	0.8918	0.3346	1.2265	1.183	2.4095
1191131PIP	2011	13	150	7.3	6.4	7.0716	1.3214	2.7413	1.7503	4.4916	8.393	12.8846
1191131PIP	2011	13	152	4.0	3.9	1.5578	0.3428	1.1707	0.4997	1.6704	1.9006	3.571
1191131PIP	2011	13	153	5.0	4.7	2.7303	0.5655	1.6051	0.7955	2.4006	3.2958	5.6964
1191131PIP	2011	13	156	3.2	3.3	0.8888	0.2078	0.8539	0.3139	1.1677	1.0967	2.2644
1191131PIP	2011	13	158	3.8	3.8	1.3693	0.3056	1.0888	0.449	1.5378	1.6749	3.2127
1191131PIP	2011	13	161	4.5	4.3	2.0948	0.4465	1.3829	0.6387	2.0216	2.5413	4.5629
1191131PIP	2011	13	164	3.2	3.3	0.8888	0.2078	0.8539	0.3139	1.1677	1.0967	2.2644
1191131PIP	2011	13	166	6.5	5.8	5.2814	1.0185	2.3263	1.3743	3.7006	6.3	10.0005
1191131PIP	2011	13	167	7.4	6.5	7.3177	1.3624	2.7945	1.8007	4.5952	8.6801	13.2753
1191131PIP	2011	13	169	6.2	5.6	4.6897	0.9161	2.1759	1.2454	3.4213	5.6058	9.0271
1191131PIP	2011	13	170	3.8	3.8	1.3693	0.3056	1.0888	0.449	1.5378	1.6749	3.2127
1191131PIP	2011	13	172	4.0	3.9	1.5578	0.3428	1.1707	0.4997	1.6704	1.9006	3.571
1191131PIP	2011	13	173	3.0	3.2	0.7557	0.1798	0.7794	0.2744	1.0537	0.9355	1.9892
1191131PIP	2011	13	176	3.0	3.2	0.7557	0.1798	0.7794	0.2744	1.0537	0.9355	1.9892
1191131PIP	2011	13	178	3.3	3.4	0.9603	0.2227	0.8918	0.3346	1.2265	1.183	2.4095
1191131PIP	2011	13	179	8.0	6.9	8.9026	1.6227	3.1203	2.1183	5.2386	10.5253	15.764
1191131PIP	2011	13	181	8.5	7.3	10.3688	1.859	3.3997	2.4036	5.8032	12.2278	18.0311
1191131PIP	2011	13	183	7.5	6.6	7.5689	1.404	2.8481	1.8518	4.6999	8.9729	13.6728
1191131PIP	2011	13	184	3.0	3.2	0.7557	0.1798	0.7794	0.2744	1.0537	0.9355	1.9892
1191131PIP	2011	13	186	11.0	9.0	19.8294	3.3146	4.8955	4.1134	9.0089	23.144	32.1529
1191131PIP	2011	13	187	5.4	5.0	3.3134	0.672	1.7897	0.9339	2.7236	3.9854	6.7089
1191131PIP	2011	13	189	3.1	3.3	0.8206	0.1935	0.8164	0.2938	1.1101	1.0142	2.1243
1191131PIP	2011	13	190	13.3	10.5	31.9645	5.0743	6.4035	6.11	12.5135	37.0388	49.5524
1191131PIP	2011	13	192	3.0	3.2	0.7557	0.1798	0.7794	0.2744	1.0537	0.9355	1.9892
1191131PIP	2011	13	193	3.3	3.4	0.9603	0.2227	0.8918	0.3346	1.2265	1.183	2.4095
1191131PIP	2011	13	196	7.0	6.2	6.3634	1.2027	2.5833	1.6038	4.1871	7.5661	11.7532
1191131PIP	2011	13	198	4.1	4.0	1.6576	0.3623	1.2123	0.526	1.7384	2.02	3.7583
1191131PIP	2011	13	199	4.4	4.2	1.9797	0.4245	1.3397	0.6094	1.9491	2.4043	4.3534
1191131PIP	2011	13	201	4.5	4.3	2.0948	0.4465	1.3829	0.6387	2.0216	2.5413	4.5629
1191131PIP	2011	13	204	5.8	5.3	3.9656	0.7888	1.98	1.0838	3.0638	4.7544	7.8183
1191131PIP	2011	13	206	4.9	4.6	2.5951	0.5404	1.5599	0.7627	2.3226	3.1355	5.4581
1191131PIP	2011	13	207	2.8	3.0	0.6353	0.154	0.7069	0.2376	0.9445	0.7893	1.7339
1191131PIP	2011	13	209	3.2	3.3	0.8888	0.2078	0.8539	0.3139	1.1677	1.0967	2.2644
1191131PIP	2011	13	210	7.7	6.7	8.0868	1.4894	2.9561	1.9562	4.9123	9.5762	14.4884
1191131PIP	2011	13	212	3.0	3.2	0.7557	0.1798	0.7794	0.2744	1.0537	0.9355	1.9892
1191131PIP	2011	13	213	5.9	5.4	4.1398	0.8197	2.0285	1.1231	3.1516	4.9595	8.1111
1191131PIP	2011	13	216	5.0	4.7	2.7303	0.5655	1.6051	0.7955	2.4006	3.2958	5.6964
1191131PIP	2011	13	219	3.5	3.6	1.1135	0.2541	0.9692	0.3783	1.3475	1.3676	2.7151
1191131PIP	2011	13	221	12.2	9.8	25.7269	4.1811	5.6676	5.104	10.7715	29.908	40.6795
1191131PIP	2011	13	224	6.8	6.1	5.916	1.127	2.4796	1.5098	3.9893	7.043	11.0323
1191131PIP	2011	13	226	3.7	3.7	1.2805	0.2878	1.0485	0.4247	1.4732	1.5683	3.0415
1191131PIP	2011	13	227	5.3	4.9	3.1612	0.6444	1.743	0.8982	2.6412	3.8056	6.4468
1191131PIP	2011	13	229	3.2	3.3	0.8888	0.2078	0.8539	0.3139	1.1677	1.0967	2.2644
1191131PIP	2011	13	232	7.3	6.4	7.0716	1.3214	2.7413	1.7503	4.4916	8.393	12.8846
1191131PIP	2011	13	233	2.8	3.0	0.6353	0.154	0.7069	0.2376	0.9445	0.7893	1.7339
1191131PIP	2011	13	235	7.7	6.7	8.0868	1.4894	2.9561	1.9562	4.9123	9.5762	14.4884
1191131PIP	2011	13	236	20.9	14.5	99.6071	13.9845	12.135	15.671	27.806	113.5916	141.3976
1191131PIP	2011	13	239	13.2	10.4	31.3636	4.9892	6.3356	6.0146	12.3502	36.3527	48.7029
1191131PIP	2011	25	241	4.4	6.1	2.3482	0.397	0.7257	0.5621	1.2878	2.7452	4.033
1191131PIP	2011	13	242	3.4	3.5	1.0352	0.2381	0.9303	0.3561	1.2864	1.2733	2.5597
1191131PIP	2011	13	244	3.7	3.7	1.2805	0.2878	1.0485	0.4247	1.4732	1.5683	3.0415
1191131PIP	2011	13	246	6.9	6.1	6.1372	1.1645	2.5313	1.5564	4.0877	7.3017	11.3894
1191161PIP	2011	13	1	9.4	8.0	13.355	2.3298	3.9197	2.9645	6.8842	15.6848	22.5689
1191161PIP	2011	13	3	4.8	4.6	2.464	0.516	1.5151	0.7306	2.2457	2.98	5.2257
1191161PIP	2011	13	4	9.0	7.7	11.9716	2.1133	3.6859	2.7076	6.3935	14.0849	20.4784
1191161PIP	2011	13	6	3.1	3.3	0.8206	0.1935	0.8164	0.2938	1.1101	1.0142	2.1243
1191161PIP	2011	13	7	2.9	3.1	0.6939	0.1666	0.7429	0.2556	0.9985	0.8606	1.8591
1191161PIP	2011	13	10	8.1	7.0	9.1851	1.6685	3.1756	2.1739	5.3495	10.8537	16.2032
1191161PIP	2011	13	13	7.7	6.7	8.0868	1.4894	2.9561	1.9562	4.9123	9.5762	14.4884
1191161PIP	2011	13	15	5.8	5.3	3.9656	0.7888	1.98	1.0838	3.0638	4.7544	7.8183
1191161PIP	2011	13	18	6.4	5.8	5.0795	0.9837	2.2758	1.3306	3.6064	6.0632	9.6696
1191161PIP	2011	13	20	2.6	2.9	0.5273	0.1304	0.6366	0.2036	0.8402	0.6577	1.4979
1191161PIP	2011	13	21	4.0	3.9	1.5578	0.3428	1.1707	0.4997	1.6704	1.9006	3.571
1191161PIP	2011	13	23	6.9	6.1	6.1372	1.1645	2.5313	1.5564	4.0877	7.3017	11.3894
1191181PIP	2011	13	1	4.8	4.6	2.464	0.516	1.5151	0.7306	2.2457	2.98	5.2257
1191181PIP	2011	20	2	7.1	7.9	5.9308	1.1476	2.2154	1.0181	3.2335	7.0784	10.312
1191181PIP	2011	13	4	11.5	9.6	22.1746	3.6621	5.2132	4.5127	9.7258	25.8367	35.5625
1191181PIP	2011	13	5	7.9	7.0	8.6254	1.5775	3.0653	2.0635	5.1288	10.203	15.3318
1191181PIP	2011	74	8	12.5	13.8	31.3767	7.117	1.6034	4.6649	6.2683	38.4938	44.762
1191181PIP	2011	13	11	9.6	8.3	14.0811	2.4425	4.0382	3.0974	7.1356	16.5235	23.6591
1191181PIP	2011	13	13	16.1	12.4	51.6801	7.789	8.3902	9.0981	17.4882	59.4691	76.9573
1191181PIP	2011	74	16	12.8	13.9	33.2736	7.533	1.6666	4.9523	6.6189	40.8066	47.4255
1191181PIP	2011	13	18	18.5	13.6	73.2951	10.6373	10.2122	12.1536	22.3657	83.9324	106.2982
1191181PIP	2011	13	19	12.6	10.3	27.901	4.4948	5.9321	5.4589	11.3911	32.3958	43.7869
1191181PIP	2011	74	21	11.1	13.1	23.3846	5.3549	1.3211	3.4575	4.7786	28.7395	33.5182
1191181PIP	2011	20	22	10.8	11.2	16.2502	3.0732	4.4625	2.9554	7.4179	19.3234	26.7413
1191181PIP	2011	74	24	3.7	6.7	1.5419	0.3856	0.2203	0.2166	0.437	1.9275	2.3644
1191181PIP	2011	13	25	13.2	10.6	31.3636	4.9892	6.3356	6.0146	12.3502	36.3527	48.7029
1191181PIP	2011	20	27	13.2	12.9	26.3197	4.9233	6.2385	4.9207	11.1592	31.2429	42.4021
1191181PIP	2011	20	28	8.6	9.3	9.4003	1.8	3.0509	1.6569	4.7077	11.2003	15.908
1191181PIP	2011	13	33	16.3	12.5	53.3097	8.0077	8.538	9.3352	17.8731	61.3174	79.1906
1191181PIP	2011	13	36	12.5	10.2	27.3475	4.4152	5.8657	5.369	11.2347	31.7627	42.9974
1191181PIP	2011	13	38	12.0	9.9	24.6794	4.0289	5.5366	4.9312	10.4678	28.7084	39.1761
1191181PIP	2011	20	39	12.2	12.2	21.7803	4.0917	5.4696	4.0281	9.4978	25.872	35.3698
1191181PIP	2011	13	41	10.7	9.0	18.4974	3.1153	4.7078	3.8831	8.5909	21.6126	30.2035
1191181PIP	2011	20	42	6.1	6.9	4.118	0.8035	1.7194	0.6923	2.4118	4.9215	7.3332
1191181PIP	2011	74	44	11.4	13.2	24.9801	5.7081	1.3798	3.698	5.0778	30.6882	35.7661
1191181PIP	2011	20	45	7.4	8.2	6.551	1.2647	2.3739	1.131	3.5049	7.8157	11.3206
1191181PIP	2011	74	47	9.8	12.3	17.1807	3.9737	1.0783	2.5256	3.6039	21.1544	24.7583
1191181PIP	2011	13	48	15.4	12.0	46.2143	7.0499	7.8789	8.2931	16.1721	53.2642	69.4363
1191181PIP	2011	13	53	9.1	7.9	12.3089	2.1663	3.7439	2.7707	6.5147	14.4752	20.9899
1191181PIP	2011	20	54	7.5	8.3	6.7657	1.3052	2.4277	1.1703	3.5979	8.071	11.6689
1191181PIP	2011	13	56	4.4	4.3	1.9797	0.4245	1.3397	0.6094	1.9491	2.4043	4.3534
1191181PIP	2011	20	58	3.3	4.0	0.9409	0.1898	0.6165	0.1454	0.7619	1.1307	1.8926
1191181PIP	2011	74	59	5.8	9.1	4.6907	1.1315	0.4585	0.673	1.1315	5.8222	6.9537
1191181PIP	2011	20	61	7.4	8.2	6.551	1.2647	2.3739	1.131	3.5049	7.8157	11.3206
1191181PIP	2011	13	62	8.5	7.5	10.3688	1.859	3.3997	2.4036	5.8032	12.2278	18.0311
1191181PIP	2011	20	64	19.5	16.1	67.2194	12.3088	11.9672	13.2605	25.2277	79.5282	104.7558
1191181PIP	2011	74	65	11.4	13.2	24.9801	5.7081	1.3798	3.698	5.0778	30.6882	35.7661
1191181PIP	2011	20	67	16.9	15.0	47.6599	8.7956	9.424	9.2186	18.6427	56.4555	75.0982
1191181PIP	2011	20	68	10.2	10.7	14.1647	2.6872	4.0564	2.5559	6.6123	16.8519	23.4642
1191181PIP	2011	20	71	14.3	13.6	31.9017	5.9414	7.1304	6.0304	13.1608	37.8431	51.0039
1191181PIP	2011	20	73	11.7	11.8	19.6966	3.7087	5.1005	3.6219	8.7224	23.4054	32.1277
1191181PIP	2011	13	74	7.8	6.9	8.3535	1.5331	3.0106	2.0095	5.02	9.8866	14.9066
1191181PIP	2011	20	76	3.7	4.4	1.2386	0.2483	0.7463	0.1944	0.9407	1.4869	2.4276
1191181PIP	2011	20	81	2.9	3.6	0.6897	0.1402	0.4969	0.1047	0.6016	0.8299	1.4314
1191181PIP	2011	20	82	3.4	4.1	1.0108	0.2036	0.648	0.1568	0.8048	1.2145	2.0193
1191181PIP	2011	20	84	4.3	5.0	1.7773	0.3535	0.9591	0.2848	1.2438	2.1308	3.3746
1191181PIP	2011	20	85	2.7	3.4	0.5809	0.1185	0.441	0.0873	0.5283	0.6994	1.2277
1191181PIP	2011	20	87	3.8	4.5	1.3206	0.2644	0.7802	0.208	0.9883	1.585	2.5732
1191181PIP	2011	20	88	3.1	3.8	0.8096	0.1639	0.5554	0.124	0.6794	0.9735	1.6529
1191181PIP	2011	20	91	4.7	5.4	2.2009	0.4356	1.1126	0.357	1.4696	2.6364	4.106
1191181PIP	2011	20	94	2.8	3.5	0.634	0.1291	0.4686	0.0958	0.5644	0.763	1.3274
1191181PIP	2011	13	96	11.4	9.5	21.6929	3.5911	5.1492	4.4313	9.5805	25.2839	34.8644
1191181PIP	2011	20	99	6.9	7.7	5.5373	1.0731	2.1122	0.9468	3.0591	6.6104	9.6695
1191181PIP	2011	74	101	8.3	11.3	11.3887	2.6694	0.8224	1.6613	2.4838	14.0581	16.5418
1191181PIP	2011	13	102	12.7	10.3	28.4612	4.5752	5.9988	5.5496	11.5484	33.0365	44.5849
1191181PIP	2011	74	105	14.0	14.4	41.5358	9.3362	1.9288	6.2078	8.1366	50.872	59.0086
1191181PIP	2011	13	107	7.6	6.8	7.8253	1.4463	2.902	1.9036	4.8055	9.2716	14.0772
1191181PIP	2011	13	108	14.2	11.3	37.6858	5.877	7.0249	7.0032	14.0281	43.5629	57.591
1191181PIP	2011	12	110	18.2	13.5	63.5226	9.2341	11.2958	11.9024	23.1981	72.7567	95.9549
1191181PIP	2011	20	111	7.0	7.8	5.7321	1.11	2.1636	0.9821	3.1457	6.8421	9.9877
1191181PIP	2011	13	114	3.5	3.6	1.1135	0.2541	0.9692	0.3783	1.3475	1.3676	2.7151
1191181PIP	2011	13	116	4.5	4.4	2.0948	0.4465	1.3829	0.6387	2.0216	2.5413	4.5629
1191181PIP	2011	13	119	10.3	8.7	16.8074	2.8601	4.4608	3.5867	8.0475	19.6675	27.715
1191181PIP	2011	20	121	3.4	4.1	1.0108	0.2036	0.648	0.1568	0.8048	1.2145	2.0193
1191181PIP	2011	20	122	10.0	10.5	13.5065	2.5651	3.9245	2.4305	6.355	16.0715	22.4265
1191181PIP	2011	74	124	11.7	13.4	26.6388	6.0745	1.4395	3.9483	5.3878	32.7133	38.1011
1191181PIP	2011	13	125	8.2	7.2	9.473	1.7151	3.2312	2.2302	5.4614	11.188	16.6494
1191181PIP	2011	13	127	9.0	7.8	11.9716	2.1133	3.6859	2.7076	6.3935	14.0849	20.4784
1191181PIP	2011	20	128	21.2	16.7	82.1725	14.9784	13.7593	16.3979	30.1572	97.1509	127.308
1191181PIP	2011	20	130	3.9	4.6	1.4056	0.281	0.8148	0.2222	1.037	1.6867	2.7237
1191181PIP	2011	13	131	3.1	3.3	0.8206	0.1935	0.8164	0.2938	1.1101	1.0142	2.1243
1191181PIP	2011	20	134	20.1	16.3	72.2972	13.2167	12.5882	14.3218	26.9101	85.5139	112.424
1191181PIP	2011	13	136	2.9	3.2	0.6939	0.1666	0.7429	0.2556	0.9985	0.8606	1.8591
1191181PIP	2011	13	137	3.8	3.9	1.3693	0.3056	1.0888	0.449	1.5378	1.6749	3.2127
1191181PIP	2011	74	139	13.7	14.3	39.3676	8.8642	1.8619	5.8778	7.7397	48.2318	55.9715
1191181PIP	2011	13	141	14.1	11.2	37.022	5.7846	6.955	6.9008	13.8559	42.8066	56.6625
1191181PIP	2011	13	142	9.5	8.2	13.7151	2.3858	3.9788	3.0306	7.0094	16.1009	23.1103
1191181PIP	2011	13	144	9.6	8.3	14.0811	2.4425	4.0382	3.0974	7.1356	16.5235	23.6591
1191181PIP	2011	74	145	5.9	9.2	4.8934	1.1788	0.4715	0.7026	1.1741	6.0722	7.2463
1191181PIP	2011	13	147	5.3	5.0	3.1612	0.6444	1.743	0.8982	2.6412	3.8056	6.4468
1191181PIP	2011	74	148	4.2	7.3	2.1101	0.5223	0.2709	0.2982	0.5691	2.6324	3.2015
1191181PIP	2011	74	150	5.0	8.3	3.2487	0.793	0.3599	0.4629	0.8228	4.0417	4.8645
1191181PIP	2011	74	151	8.9	11.7	13.5362	3.155	0.9216	1.981	2.9026	16.6912	19.5937
1191181PIP	2011	13	154	10.0	8.5	15.6034	2.6766	4.2782	3.3724	7.6506	18.28	25.9306
1191181PIP	2011	74	156	6.4	9.7	5.9848	1.4323	0.5383	0.8626	1.4009	7.4171	8.818
1191181PIP	2011	74	157	6.5	9.8	6.2189	1.4865	0.5521	0.897	1.449	7.7054	9.1545
1191181PIP	2011	74	159	13.0	14.0	34.5752	7.8179	1.7093	5.1498	6.859	42.3932	49.2522
1191181PIP	2011	74	162	8.7	11.6	12.7957	2.9879	0.888	1.8707	2.7587	15.7836	18.5423
1197896PIP	2011	13	1	18.5	15.4	73.2951	10.6373	10.2122	12.1536	22.3657	83.9324	106.2982
1197896PIP	2011	13	2	17.9	15.1	67.4633	9.8791	9.7469	11.3466	21.0935	77.3424	98.4359
1197896PIP	2011	13	4	23.5	17.9	133.7651	18.1911	14.3238	20.0084	34.3322	151.9562	186.2884
1197896PIP	2011	13	5	15.3	13.5	45.4634	6.9476	7.8067	8.1813	15.988	52.411	68.399
1197896PIP	2011	13	8	10.2	9.8	16.4001	2.7982	4.3997	3.5145	7.9142	19.1983	27.1125
1197896PIP	2011	13	11	6.1	6.3	4.5018	0.8833	2.1264	1.2039	3.3303	5.3851	8.7154
1197896PIP	2011	13	13	19.6	16.0	84.7529	12.1086	11.0814	13.7081	24.7895	96.8615	121.651
1197896PIP	2011	13	16	14.3	12.8	38.3568	5.9703	7.0949	7.1064	14.2013	44.327	58.5284
1197896PIP	2011	13	18	15.5	13.6	46.9727	7.153	7.9514	8.4058	16.3572	54.1257	70.4828
1197896PIP	2011	13	19	19.7	16.1	85.8445	12.2476	11.1615	13.8542	25.0157	98.0921	123.1078
1197896PIP	2011	13	24	4.2	4.6	1.7612	0.3825	1.2543	0.5531	1.8075	2.1436	3.9511
1197896PIP	2011	13	25	20.1	16.3	90.2954	12.8124	11.4833	14.4469	25.9302	103.1078	129.038
1197896PIP	2011	13	27	13.7	12.4	34.4373	5.423	6.6776	6.4992	13.1768	39.8604	53.0371
1197896PIP	2011	13	28	12.7	11.7	28.4612	4.5752	5.9988	5.5496	11.5484	33.0365	44.5849
1197896PIP	2011	13	31	14.9	13.2	42.5334	6.5468	7.5196	7.7419	15.2615	49.0802	64.3417
1197896PIP	2011	13	34	13.2	12.0	31.3636	4.9892	6.3356	6.0146	12.3502	36.3527	48.7029
1197896PIP	2011	13	36	20.2	16.3	91.4293	12.9558	11.5642	14.5971	26.1613	104.3851	130.5464
1197896PIP	2011	13	38	9.6	9.3	14.0811	2.4425	4.0382	3.0974	7.1356	16.5235	23.6591
1197896PIP	2011	13	39	14.3	12.8	38.3568	5.9703	7.0949	7.1064	14.2013	44.327	58.5284
1197896PIP	2011	13	41	20.4	16.4	93.7228	13.2453	11.7265	14.8999	26.6264	106.9681	133.5945
1197896PIP	2011	13	42	4.0	4.4	1.5578	0.3428	1.1707	0.4997	1.6704	1.9006	3.571
1197896PIP	2011	13	44	20.1	16.3	90.2954	12.8124	11.4833	14.4469	25.9302	103.1078	129.038
1197896PIP	2011	13	47	24.3	18.2	145.5132	19.6096	15.0183	21.4541	36.4723	165.1228	201.5951
1197896PIP	2011	13	51	19.3	15.8	81.5285	11.6968	10.8423	13.2745	24.1168	93.2253	117.3421
1197896PIP	2011	13	53	18.4	15.3	72.3029	10.5088	10.1342	12.0171	22.1513	82.8117	104.9629
1197896PIP	2011	13	54	18.4	15.3	72.3029	10.5088	10.1342	12.0171	22.1513	82.8117	104.9629
1197896PIP	2011	13	56	13.4	12.2	32.5723	5.1603	6.4717	6.2061	12.6778	37.7326	50.4105
1197896PIP	2011	13	58	25.9	18.9	170.8218	22.6246	16.4357	24.5031	40.9387	193.4464	234.3851
1197896PIP	2011	13	59	16.8	14.4	57.518	8.5691	8.9107	9.9418	18.8525	66.0871	84.9397
1197896PIP	2011	13	61	14.8	13.1	41.8192	6.4487	7.4483	7.634	15.0823	48.2679	63.3502
1197896PIP	2011	13	62	16.1	14.0	51.6801	7.789	8.3902	9.0981	17.4882	59.4691	76.9573
1197896PIP	2011	13	65	7.1	7.2	6.5944	1.2416	2.6357	1.6519	4.2876	7.836	12.1236
1197896PIP	2011	13	68	22.0	17.2	113.3206	15.6896	13.048	17.4389	30.487	129.0101	159.4971
1197896PIP	2011	13	71	6.0	6.2	4.3185	0.8512	2.0773	1.1631	3.2404	5.1697	8.4101
1197896PIP	2011	13	74	21.0	16.7	100.8099	14.135	12.2172	15.8277	28.0449	114.945	142.9899
1197896PIP	2011	13	79	7.5	7.5	7.5689	1.404	2.8481	1.8518	4.6999	8.9729	13.6728
1197896PIP	2011	13	81	13.6	12.3	33.8087	5.3346	6.6088	6.4007	13.0095	39.1434	52.1528
1197896PIP	2011	13	82	17.1	14.6	60.1359	8.9162	9.1366	10.3154	19.452	69.0521	88.504
1197936PIP	2011	25	2	3.4	3.7	1.2493	0.2304	0.4945	0.3134	0.808	1.4797	2.2877
1197936PIP	2011	25	3	5.7	5.1	4.4247	0.6857	1.0666	1.0103	2.0769	5.1104	7.1873
1197936PIP	2011	13	5	7.6	6.6	7.8253	1.4463	2.902	1.9036	4.8055	9.2716	14.0772
1197936PIP	2011	13	6	2.6	2.9	0.5273	0.1304	0.6366	0.2036	0.8402	0.6577	1.4979
1197936PIP	2011	25	9	3.1	3.5	0.9965	0.1896	0.4311	0.2543	0.6853	1.1861	1.8714
1197936PIP	2011	25	12	3.4	3.7	1.2493	0.2304	0.4945	0.3134	0.808	1.4797	2.2877
1197936PIP	2011	25	14	3.7	3.9	1.5366	0.2754	0.5608	0.3796	0.9404	1.812	2.7524
1197936PIP	2011	13	17	5.9	5.3	4.1398	0.8197	2.0285	1.1231	3.1516	4.9595	8.1111
1197936PIP	2011	25	19	3.2	3.5	1.077	0.2027	0.4519	0.2732	0.7251	1.2798	2.0049
1197936PIP	2011	13	20	7.8	6.7	8.3535	1.5331	3.0106	2.0095	5.02	9.8866	14.9066
1197936PIP	2011	13	22	9.7	8.1	14.4528	2.4999	4.0978	3.165	7.2628	16.9527	24.2155
1197936PIP	2011	25	23	3.8	3.9	1.6402	0.2913	0.5835	0.4033	0.9868	1.9316	2.9183
1197936PIP	2011	13	25	10.0	8.3	15.6034	2.6766	4.2782	3.3724	7.6506	18.28	25.9306
1197936PIP	2011	25	26	3.9	4.0	1.7479	0.3078	0.6065	0.4277	1.0342	2.0556	3.0899
1197936PIP	2011	13	28	5.5	5.0	3.4698	0.7002	1.8368	0.9703	2.807	4.1701	6.9771
1197936PIP	2011	13	29	3.4	3.5	1.0352	0.2381	0.9303	0.3561	1.2864	1.2733	2.5597
1197936PIP	2011	25	32	3.7	3.9	1.5366	0.2754	0.5608	0.3796	0.9404	1.812	2.7524
1197936PIP	2011	25	34	4.6	4.4	2.6181	0.4361	0.7753	0.6216	1.397	3.0541	4.4511
1197936PIP	2011	13	35	9.7	8.1	14.4528	2.4999	4.0978	3.165	7.2628	16.9527	24.2155
1197936PIP	2011	25	37	2.8	3.3	0.7768	0.1529	0.3705	0.2019	0.5724	0.9297	1.5021
1197936PIP	2011	25	39	5.0	4.7	3.2108	0.52	0.8777	0.7509	1.6286	3.7308	5.3593
1197936PIP	2011	13	40	8.5	7.2	10.3688	1.859	3.3997	2.4036	5.8032	12.2278	18.0311
1197936PIP	2011	25	42	3.6	3.8	1.4369	0.2599	0.5384	0.3568	0.8952	1.6968	2.592
1197936PIP	2011	13	43	5.3	4.9	3.1612	0.6444	1.743	0.8982	2.6412	3.8056	6.4468
1197936PIP	2011	25	45	2.5	3.1	0.5886	0.1204	0.313	0.1562	0.4692	0.709	1.1782
1197936PIP	2011	25	46	2.6	3.1	0.6479	0.1308	0.3318	0.1707	0.5025	0.7787	1.2812
1197936PIP	2011	25	48	3.4	3.7	1.2493	0.2304	0.4945	0.3134	0.808	1.4797	2.2877
1197936PIP	2011	25	49	2.6	3.1	0.6479	0.1308	0.3318	0.1707	0.5025	0.7787	1.2812
1197936PIP	2011	13	52	5.0	4.7	2.7303	0.5655	1.6051	0.7955	2.4006	3.2958	5.6964
1197936PIP	2011	13	54	4.1	4.0	1.6576	0.3623	1.2123	0.526	1.7384	2.02	3.7583
1197936PIP	2011	13	55	3.1	3.2	0.8206	0.1935	0.8164	0.2938	1.1101	1.0142	2.1243
1197936PIP	2011	25	57	4.6	4.4	2.6181	0.4361	0.7753	0.6216	1.397	3.0541	4.4511
1197936PIP	2011	25	59	3.6	3.8	1.4369	0.2599	0.5384	0.3568	0.8952	1.6968	2.592
1197936PIP	2011	25	60	6.8	5.7	6.8147	0.9952	1.3867	1.5068	2.8935	7.8098	10.7034
1197936PIP	2011	13	62	6.9	6.1	6.1372	1.1645	2.5313	1.5564	4.0877	7.3017	11.3894
1197936PIP	2011	13	63	3.7	3.7	1.2805	0.2878	1.0485	0.4247	1.4732	1.5683	3.0415
1197936PIP	2011	13	65	7.9	6.8	8.6254	1.5775	3.0653	2.0635	5.1288	10.203	15.3318
1197936PIP	2011	25	66	4.3	4.3	2.2197	0.3782	0.7013	0.5336	1.2349	2.5979	3.8328
1197936PIP	2011	25	68	4.8	4.6	2.9055	0.4771	0.826	0.6845	1.5105	3.3825	4.8931
1197936PIP	2011	25	69	4.2	4.2	2.0955	0.3599	0.6772	0.5059	1.1831	2.4554	3.6384
1197936PIP	2011	25	72	6.0	5.3	5.0166	0.7641	1.1512	1.1348	2.286	5.7806	8.0666
1197936PIP	2011	25	75	4.3	4.3	2.2197	0.3782	0.7013	0.5336	1.2349	2.5979	3.8328
1197936PIP	2011	25	77	6.4	5.5	5.875	0.8756	1.2671	1.3135	2.5806	6.7506	9.3312
1197936PIP	2011	25	80	3.2	3.5	1.077	0.2027	0.4519	0.2732	0.7251	1.2798	2.0049
1197936PIP	2011	13	82	5.6	5.1	3.6307	0.7291	1.8842	1.0074	2.8915	4.3598	7.2513
1197936PIP	2011	25	83	4.0	4.1	1.8596	0.3247	0.6298	0.4529	1.0827	2.1843	3.267
1197936PIP	2011	25	85	4.4	4.3	2.3482	0.397	0.7257	0.5621	1.2878	2.7452	4.033
1197936PIP	2011	25	86	2.6	3.1	0.6479	0.1308	0.3318	0.1707	0.5025	0.7787	1.2812
1197936PIP	2011	25	88	2.9	3.3	0.8464	0.1647	0.3903	0.2186	0.609	1.0111	1.6201
1197936PIP	2011	25	89	3.1	3.5	0.9965	0.1896	0.4311	0.2543	0.6853	1.1861	1.8714
1197936PIP	2011	25	91	10.3	7.4	18.8278	2.3908	2.5717	3.8595	6.4313	21.2186	27.6499
1197936PIP	2011	13	92	9.9	8.2	15.214	2.617	4.2178	3.3025	7.5203	17.8309	25.3513
1197936PIP	2011	13	97	6.3	5.6	4.8823	0.9496	2.2257	1.2876	3.5133	5.8318	9.3452
1197936PIP	2011	25	100	3.5	3.7	1.3412	0.2449	0.5163	0.3347	0.8511	1.5861	2.4372
1197936PIP	2011	13	149	3.8	3.8	1.3693	0.3056	1.0888	0.449	1.5378	1.6749	3.2127
1197936PIP	2011	25	150	3.7	3.9	1.5366	0.2754	0.5608	0.3796	0.9404	1.812	2.7524
1197936PIP	2011	25	152	3.0	3.4	0.9197	0.1769	0.4105	0.2361	0.6466	1.0966	1.7432
1197936PIP	2011	13	155	2.9	3.1	0.6939	0.1666	0.7429	0.2556	0.9985	0.8606	1.8591
1197936PIP	2011	25	156	3.7	3.9	1.5366	0.2754	0.5608	0.3796	0.9404	1.812	2.7524
1197936PIP	2011	13	158	6.3	5.6	4.8823	0.9496	2.2257	1.2876	3.5133	5.8318	9.3452
1197936PIP	2011	13	159	3.8	3.8	1.3693	0.3056	1.0888	0.449	1.5378	1.6749	3.2127
1197936PIP	2011	13	162	3.9	3.8	1.4617	0.3239	1.1295	0.474	1.6035	1.7856	3.3891
1197936PIP	2011	25	164	3.1	3.5	0.9965	0.1896	0.4311	0.2543	0.6853	1.1861	1.8714
1197936PIP	2011	13	165	6.0	5.4	4.3185	0.8512	2.0773	1.1631	3.2404	5.1697	8.4101
1197946PIP	2011	13	2	2.8	3.2	0.6353	0.154	0.7069	0.2376	0.9445	0.7893	1.7339
1197946PIP	2011	13	4	2.9	3.3	0.6939	0.1666	0.7429	0.2556	0.9985	0.8606	1.8591
1197946PIP	2011	13	5	3.3	3.7	0.9603	0.2227	0.8918	0.3346	1.2265	1.183	2.4095
1197946PIP	2011	13	7	5.0	5.1	2.7303	0.5655	1.6051	0.7955	2.4006	3.2958	5.6964
1197946PIP	2011	13	8	2.8	3.2	0.6353	0.154	0.7069	0.2376	0.9445	0.7893	1.7339
1197946PIP	2011	13	10	5.1	5.2	2.8698	0.5912	1.6507	0.829	2.4797	3.4609	5.9406
1197946PIP	2011	13	11	5.4	5.5	3.3134	0.672	1.7897	0.9339	2.7236	3.9854	6.7089
1197946PIP	2011	13	13	4.6	4.8	2.2139	0.469	1.4266	0.6686	2.0952	2.6829	4.7781
1197946PIP	2011	13	14	3.4	3.8	1.0352	0.2381	0.9303	0.3561	1.2864	1.2733	2.5597
1197946PIP	2011	13	17	3.2	3.6	0.8888	0.2078	0.8539	0.3139	1.1677	1.0967	2.2644
1197946PIP	2011	13	19	3.0	3.4	0.7557	0.1798	0.7794	0.2744	1.0537	0.9355	1.9892
1197946PIP	2011	13	20	2.5	3.0	0.4778	0.1195	0.6022	0.1876	0.7899	0.5972	1.3871
1197946PIP	2011	13	22	6.1	6.1	4.5018	0.8833	2.1264	1.2039	3.3303	5.3851	8.7154
1197946PIP	2011	13	24	3.8	4.1	1.3693	0.3056	1.0888	0.449	1.5378	1.6749	3.2127
1197946PIP	2011	13	25	6.6	6.5	5.4881	1.054	2.377	1.4187	3.7958	6.5422	10.3379
1197946PIP	2011	13	27	3.2	3.6	0.8888	0.2078	0.8539	0.3139	1.1677	1.0967	2.2644
1197946PIP	2011	13	28	3.6	3.9	1.1952	0.2707	1.0086	0.4012	1.4098	1.4659	2.8757
1197946PIP	2011	13	30	2.5	3.0	0.4778	0.1195	0.6022	0.1876	0.7899	0.5972	1.3871
1197946PIP	2011	13	31	7.4	7.2	7.3177	1.3624	2.7945	1.8007	4.5952	8.6801	13.2753
1197946PIP	2011	13	33	5.4	5.5	3.3134	0.672	1.7897	0.9339	2.7236	3.9854	6.7089
1197946PIP	2011	13	34	4.9	5.0	2.5951	0.5404	1.5599	0.7627	2.3226	3.1355	5.4581
1197946PIP	2011	13	37	7.0	6.8	6.3634	1.2027	2.5833	1.6038	4.1871	7.5661	11.7532
1197946PIP	2011	13	40	2.9	3.3	0.6939	0.1666	0.7429	0.2556	0.9985	0.8606	1.8591
1197946PIP	2011	13	42	3.1	3.5	0.8206	0.1935	0.8164	0.2938	1.1101	1.0142	2.1243
1197946PIP	2011	13	45	3.0	3.4	0.7557	0.1798	0.7794	0.2744	1.0537	0.9355	1.9892
1197946PIP	2011	13	47	3.2	3.6	0.8888	0.2078	0.8539	0.3139	1.1677	1.0967	2.2644
1197946PIP	2011	13	48	3.9	4.2	1.4617	0.3239	1.1295	0.474	1.6035	1.7856	3.3891
1197946PIP	2011	13	50	3.9	4.2	1.4617	0.3239	1.1295	0.474	1.6035	1.7856	3.3891
1197946PIP	2011	13	51	3.4	3.8	1.0352	0.2381	0.9303	0.3561	1.2864	1.2733	2.5597
1197946PIP	2011	13	53	9.0	8.5	11.9716	2.1133	3.6859	2.7076	6.3935	14.0849	20.4784
1197946PIP	2011	13	54	4.7	4.9	2.3369	0.4922	1.4706	0.6992	2.1699	2.8291	4.999
1197946PIP	2011	13	56	3.4	3.8	1.0352	0.2381	0.9303	0.3561	1.2864	1.2733	2.5597
1197946PIP	2011	13	57	3.4	3.8	1.0352	0.2381	0.9303	0.3561	1.2864	1.2733	2.5597
1197946PIP	2011	13	60	2.9	3.3	0.6939	0.1666	0.7429	0.2556	0.9985	0.8606	1.8591
1197946PIP	2011	13	62	4.9	5.0	2.5951	0.5404	1.5599	0.7627	2.3226	3.1355	5.4581
1197946PIP	2011	13	65	5.0	5.1	2.7303	0.5655	1.6051	0.7955	2.4006	3.2958	5.6964
1197946PIP	2011	13	67	4.6	4.8	2.2139	0.469	1.4266	0.6686	2.0952	2.6829	4.7781
1197946PIP	2011	13	68	3.3	3.7	0.9603	0.2227	0.8918	0.3346	1.2265	1.183	2.4095
1197946PIP	2011	13	70	3.3	3.7	0.9603	0.2227	0.8918	0.3346	1.2265	1.183	2.4095
1197946PIP	2011	13	71	2.7	3.2	0.5798	0.142	0.6715	0.2203	0.8918	0.7218	1.6135
1197946PIP	2011	13	73	4.1	4.3	1.6576	0.3623	1.2123	0.526	1.7384	2.02	3.7583
1197946PIP	2011	13	74	3.8	4.1	1.3693	0.3056	1.0888	0.449	1.5378	1.6749	3.2127
1197946PIP	2011	13	76	5.8	5.8	3.9656	0.7888	1.98	1.0838	3.0638	4.7544	7.8183
1197946PIP	2011	13	77	2.8	3.2	0.6353	0.154	0.7069	0.2376	0.9445	0.7893	1.7339
1197946PIP	2011	13	80	3.3	3.7	0.9603	0.2227	0.8918	0.3346	1.2265	1.183	2.4095
1197946PIP	2011	13	82	2.9	3.3	0.6939	0.1666	0.7429	0.2556	0.9985	0.8606	1.8591
1197946PIP	2011	13	83	3.8	4.1	1.3693	0.3056	1.0888	0.449	1.5378	1.6749	3.2127
1197946PIP	2011	13	85	6.5	6.4	5.2814	1.0185	2.3263	1.3743	3.7006	6.3	10.0005
1197946PIP	2011	13	87	3.4	3.8	1.0352	0.2381	0.9303	0.3561	1.2864	1.2733	2.5597
1197946PIP	2011	13	88	5.7	5.7	3.7959	0.7587	1.9319	1.0452	2.9772	4.5546	7.5317
1197946PIP	2011	13	90	11.7	10.5	23.1572	3.8065	5.3419	4.6778	10.0196	26.9637	36.9833
1197946PIP	2011	13	91	2.8	3.2	0.6353	0.154	0.7069	0.2376	0.9445	0.7893	1.7339
1197946PIP	2011	13	93	2.8	3.2	0.6353	0.154	0.7069	0.2376	0.9445	0.7893	1.7339
1197946PIP	2011	13	94	3.2	3.6	0.8888	0.2078	0.8539	0.3139	1.1677	1.0967	2.2644
1197946PIP	2011	13	96	3.0	3.4	0.7557	0.1798	0.7794	0.2744	1.0537	0.9355	1.9892
1197946PIP	2011	13	97	6.5	6.4	5.2814	1.0185	2.3263	1.3743	3.7006	6.3	10.0005
1197946PIP	2011	13	100	5.1	5.2	2.8698	0.5912	1.6507	0.829	2.4797	3.4609	5.9406
1197956PIP	2011	74	152	3.4	6.6	1.2507	0.3149	0.1919	0.175	0.367	1.5656	1.9326
1197956PIP	2011	3	155	21.1	18.6	122.7336	10.1503	7.5794	12.4862	20.0656	132.8839	152.9495
1197956PIP	2011	13	160	24.4	19.8	147.0238	19.791	15.1058	21.6385	36.7442	166.8148	203.559
1197956PIP	2011	13	164	16.0	15.0	50.8767	7.6809	8.3166	8.9807	17.2973	58.5576	75.8549
1197956PIP	2011	13	170	13.0	12.8	30.1823	4.8212	6.2002	5.8263	12.0265	35.0035	47.03
1197956PIP	2011	3	173	19.5	18.2	101.5379	8.6214	6.6133	10.3206	16.9339	110.1593	127.0932
1197956PIP	2011	3	181	23.1	19.0	152.5863	12.2434	8.8641	15.5393	24.4034	164.8298	189.2332
1197956PIP	2011	38	183	5.8	7.8	4.8262	0.926	0.9671	1.2009	2.168	5.7522	7.9203
1197956PIP	2011	74	184	3.0	6.0	0.9176	0.2333	0.1565	0.1277	0.2842	1.1509	1.4351
1197956PIP	2011	13	187	4.0	4.7	1.5578	0.3428	1.1707	0.4997	1.6704	1.9006	3.571
1197956PIP	2011	13	193	8.3	8.8	9.7662	1.7623	3.2871	2.2872	5.5743	11.5285	17.1028
1197966PIP	2011	13	2	4.8	4.6	2.464	0.516	1.5151	0.7306	2.2457	2.98	5.2257
1197966PIP	2011	13	5	4.2	4.2	1.7612	0.3825	1.2543	0.5531	1.8075	2.1436	3.9511
1197966PIP	2011	13	7	3.3	3.5	0.9603	0.2227	0.8918	0.3346	1.2265	1.183	2.4095
1197966PIP	2011	13	8	3.9	3.9	1.4617	0.3239	1.1295	0.474	1.6035	1.7856	3.3891
1197966PIP	2011	13	10	5.6	5.3	3.6307	0.7291	1.8842	1.0074	2.8915	4.3598	7.2513
1197966PIP	2011	13	13	8.8	7.7	11.3138	2.0094	3.5706	2.5838	6.1543	13.3232	19.4776
1197966PIP	2011	13	14	10.5	8.9	17.6402	2.9862	4.5838	3.7334	8.3172	20.6264	28.9435
1197966PIP	2011	25	17	3.3	4.3	1.1613	0.2163	0.4731	0.293	0.766	1.3776	2.1436
1197966PIP	2011	13	19	5.6	5.3	3.6307	0.7291	1.8842	1.0074	2.8915	4.3598	7.2513
1197966PIP	2011	13	20	3.1	3.3	0.8206	0.1935	0.8164	0.2938	1.1101	1.0142	2.1243
1197966PIP	2011	13	24	11.6	9.7	22.6627	3.7339	5.2774	4.5948	9.8722	26.3966	36.2688
1197966PIP	2011	13	27	7.5	6.7	7.5689	1.404	2.8481	1.8518	4.6999	8.9729	13.6728
1197966PIP	2011	13	28	3.4	3.6	1.0352	0.2381	0.9303	0.3561	1.2864	1.2733	2.5597
1197966PIP	2011	13	30	3.7	3.8	1.2805	0.2878	1.0485	0.4247	1.4732	1.5683	3.0415
1197966PIP	2011	13	31	4.5	4.4	2.0948	0.4465	1.3829	0.6387	2.0216	2.5413	4.5629
1197966PIP	2011	13	33	2.5	2.9	0.4778	0.1195	0.6022	0.1876	0.7899	0.5972	1.3871
1197966PIP	2011	13	34	10.5	8.9	17.6402	2.9862	4.5838	3.7334	8.3172	20.6264	28.9435
1197966PIP	2011	13	37	9.9	8.5	15.214	2.617	4.2178	3.3025	7.5203	17.8309	25.3513
1197966PIP	2011	13	40	3.2	3.4	0.8888	0.2078	0.8539	0.3139	1.1677	1.0967	2.2644
1197966PIP	2011	13	42	3.0	3.2	0.7557	0.1798	0.7794	0.2744	1.0537	0.9355	1.9892
1197966PIP	2011	13	45	4.2	4.2	1.7612	0.3825	1.2543	0.5531	1.8075	2.1436	3.9511
1197966PIP	2011	13	47	7.3	6.6	7.0716	1.3214	2.7413	1.7503	4.4916	8.393	12.8846
1197966PIP	2011	25	48	6.4	6.8	5.875	0.8756	1.2671	1.3135	2.5806	6.7506	9.3312
1197966PIP	2011	13	50	6.3	5.8	4.8823	0.9496	2.2257	1.2876	3.5133	5.8318	9.3452
1197966PIP	2011	13	51	5.8	5.4	3.9656	0.7888	1.98	1.0838	3.0638	4.7544	7.8183
1197966PIP	2011	13	53	3.4	3.6	1.0352	0.2381	0.9303	0.3561	1.2864	1.2733	2.5597
1197966PIP	2011	13	54	4.5	4.4	2.0948	0.4465	1.3829	0.6387	2.0216	2.5413	4.5629
1197966PIP	2011	13	56	7.8	7.0	8.3535	1.5331	3.0106	2.0095	5.02	9.8866	14.9066
1197966PIP	2011	13	57	12.6	10.3	27.901	4.4948	5.9321	5.4589	11.3911	32.3958	43.7869
1197966PIP	2011	13	60	10.6	9.0	18.0657	3.0504	4.6457	3.8078	8.4535	21.1161	29.5696
1197966PIP	2011	13	62	8.0	7.1	8.9026	1.6227	3.1203	2.1183	5.2386	10.5253	15.764
1197966PIP	2011	13	65	6.8	6.2	5.916	1.127	2.4796	1.5098	3.9893	7.043	11.0323
1197966PIP	2011	13	67	5.9	5.5	4.1398	0.8197	2.0285	1.1231	3.1516	4.9595	8.1111
1197966PIP	2011	25	68	2.8	3.9	0.7768	0.1529	0.3705	0.2019	0.5724	0.9297	1.5021
1197966PIP	2011	13	70	5.0	4.8	2.7303	0.5655	1.6051	0.7955	2.4006	3.2958	5.6964
1197966PIP	2011	13	71	3.5	3.6	1.1135	0.2541	0.9692	0.3783	1.3475	1.3676	2.7151
1197966PIP	2011	13	73	2.9	3.2	0.6939	0.1666	0.7429	0.2556	0.9985	0.8606	1.8591
1197966PIP	2011	13	76	5.1	4.9	2.8698	0.5912	1.6507	0.829	2.4797	3.4609	5.9406
1197966PIP	2011	25	77	2.9	4.0	0.8464	0.1647	0.3903	0.2186	0.609	1.0111	1.6201
1197966PIP	2011	13	80	4.1	4.1	1.6576	0.3623	1.2123	0.526	1.7384	2.02	3.7583
1197966PIP	2011	13	82	3.1	3.3	0.8206	0.1935	0.8164	0.2938	1.1101	1.0142	2.1243
1197966PIP	2011	13	83	3.1	3.3	0.8206	0.1935	0.8164	0.2938	1.1101	1.0142	2.1243
1197966PIP	2011	13	85	8.4	7.4	10.0648	1.8103	3.3432	2.345	5.6883	11.8751	17.5634
1197966PIP	2011	13	88	3.1	3.3	0.8206	0.1935	0.8164	0.2938	1.1101	1.0142	2.1243
1197976PIP	2011	13	102	9.8	9.1	14.8305	2.5581	4.1577	3.2334	7.3911	17.3885	24.7796
1197976PIP	2011	13	104	12.2	10.9	25.7269	4.1811	5.6676	5.104	10.7715	29.908	40.6795
1197976PIP	2011	13	105	5.5	5.6	3.4698	0.7002	1.8368	0.9703	2.807	4.1701	6.9771
1197976PIP	2011	13	108	16.4	13.6	54.136	8.1183	8.6121	9.4549	18.0671	62.2543	80.3214
1197976PIP	2011	13	114	14.0	12.1	36.3652	5.693	6.8854	6.7992	13.6846	42.0583	55.7429
1197976PIP	2011	20	118	3.8	3.7	1.3206	0.2644	0.7802	0.208	0.9883	1.585	2.5732
1197976PIP	2011	13	121	16.9	13.9	58.3828	8.684	8.9858	10.0656	19.0514	67.0668	86.1182
1197976PIP	2011	13	124	7.9	7.6	8.6254	1.5775	3.0653	2.0635	5.1288	10.203	15.3318
1197976PIP	2011	13	125	6.9	6.8	6.1372	1.1645	2.5313	1.5564	4.0877	7.3017	11.3894
1197976PIP	2011	13	127	14.8	12.6	41.8192	6.4487	7.4483	7.634	15.0823	48.2679	63.3502
1197976PIP	2011	13	128	11.7	10.5	23.1572	3.8065	5.3419	4.6778	10.0196	26.9637	36.9833
1197976PIP	2011	13	131	11.0	10.0	19.8294	3.3146	4.8955	4.1134	9.0089	23.144	32.1529
1197976PIP	2011	13	134	8.3	7.9	9.7662	1.7623	3.2871	2.2872	5.5743	11.5285	17.1028
1197976PIP	2011	13	136	6.4	6.3	5.0795	0.9837	2.2758	1.3306	3.6064	6.0632	9.6696
1197976PIP	2011	13	139	6.2	6.2	4.6897	0.9161	2.1759	1.2454	3.4213	5.6058	9.0271
1197976PIP	2011	13	142	7.3	7.1	7.0716	1.3214	2.7413	1.7503	4.4916	8.393	12.8846
1197976PIP	2011	13	144	4.0	4.3	1.5578	0.3428	1.1707	0.4997	1.6704	1.9006	3.571
1197976PIP	2011	13	145	3.2	3.6	0.8888	0.2078	0.8539	0.3139	1.1677	1.0967	2.2644
1197976PIP	2011	13	147	5.3	5.4	3.1612	0.6444	1.743	0.8982	2.6412	3.8056	6.4468
1197976PIP	2011	13	148	3.4	3.8	1.0352	0.2381	0.9303	0.3561	1.2864	1.2733	2.5597
1197976PIP	2011	13	150	11.7	10.5	23.1572	3.8065	5.3419	4.6778	10.0196	26.9637	36.9833
1197976PIP	2011	13	151	3.3	3.7	0.9603	0.2227	0.8918	0.3346	1.2265	1.183	2.4095
1197976PIP	2011	13	156	12.4	11.0	26.8007	4.3364	5.7994	5.2799	11.0793	31.1371	42.2164
1197976PIP	2011	13	159	15.6	13.1	47.7385	7.2569	8.024	8.5192	16.5432	54.9954	71.5386
1197976PIP	2011	13	161	15.7	13.2	48.5118	7.3616	8.0969	8.6334	16.7303	55.8734	72.6037
1197976PIP	2011	13	162	12.1	10.8	25.1999	4.1046	5.602	5.0172	10.6192	29.3045	39.9237
1197976PIP	2011	13	164	16.1	13.4	51.6801	7.789	8.3902	9.0981	17.4882	59.4691	76.9573
1197976PIP	2011	13	165	2.8	3.3	0.6353	0.154	0.7069	0.2376	0.9445	0.7893	1.7339
1197976PIP	2011	13	167	12.3	11.0	26.2605	4.2583	5.7334	5.1916	10.9249	30.5188	41.4438
1197976PIP	2011	13	168	12.5	11.1	27.3475	4.4152	5.8657	5.369	11.2347	31.7627	42.9974
1197976PIP	2011	13	171	9.6	8.9	14.0811	2.4425	4.0382	3.0974	7.1356	16.5235	23.6591
1197976PIP	2011	13	174	15.9	13.3	50.0809	7.5736	8.2431	8.8641	17.1073	57.6545	74.7618
1197976PIP	2011	13	176	2.7	3.2	0.5798	0.142	0.6715	0.2203	0.8918	0.7218	1.6135
1197976PIP	2011	13	177	3.1	3.5	0.8206	0.1935	0.8164	0.2938	1.1101	1.0142	2.1243
1197976PIP	2011	13	179	14.8	12.6	41.8192	6.4487	7.4483	7.634	15.0823	48.2679	63.3502
1197976PIP	2011	13	181	8.5	8.1	10.3688	1.859	3.3997	2.4036	5.8032	12.2278	18.0311
1197976PIP	2011	13	182	16.2	13.5	52.4911	7.8979	8.464	9.2162	17.6802	60.389	78.0692
1197976PIP	2011	13	184	12.4	11.0	26.8007	4.3364	5.7994	5.2799	11.0793	31.1371	42.2164
1197976PIP	2011	13	187	5.9	5.9	4.1398	0.8197	2.0285	1.1231	3.1516	4.9595	8.1111
1198006PIP	2011	13	1	15.0	13.1	43.2549	6.6458	7.5911	7.8506	15.4416	49.9007	65.3423
1198006PIP	2011	13	2	5.5	5.7	3.4698	0.7002	1.8368	0.9703	2.807	4.1701	6.9771
1198006PIP	2011	13	5	13.6	12.1	33.8087	5.3346	6.6088	6.4007	13.0095	39.1434	52.1528
1198006PIP	2011	13	7	11.8	10.8	23.6581	3.8799	5.4065	4.7615	10.168	27.538	37.706
1198006PIP	2011	13	8	11.1	10.3	20.2858	3.3826	4.9586	4.1917	9.1503	23.6684	32.8187
1198006PIP	2011	13	10	19.3	15.6	81.5285	11.6968	10.8423	13.2745	24.1168	93.2253	117.3421
1198006PIP	2011	13	15	14.0	12.4	36.3652	5.693	6.8854	6.7992	13.6846	42.0583	55.7429
1198006PIP	2011	13	16	17.4	14.5	62.8243	9.2708	9.3641	10.6961	20.0602	72.0951	92.1553
1198006PIP	2011	13	18	12.1	11.1	25.1999	4.1046	5.602	5.0172	10.6192	29.3045	39.9237
1198006PIP	2011	13	19	13.2	11.8	31.3636	4.9892	6.3356	6.0146	12.3502	36.3527	48.7029
1198006PIP	2011	13	21	9.4	9.0	13.355	2.3298	3.9197	2.9645	6.8842	15.6848	22.5689
1198006PIP	2011	13	22	9.6	9.1	14.0811	2.4425	4.0382	3.0974	7.1356	16.5235	23.6591
1198006PIP	2011	13	25	8.3	8.1	9.7662	1.7623	3.2871	2.2872	5.5743	11.5285	17.1028
1198006PIP	2011	13	28	8.2	8.0	9.473	1.7151	3.2312	2.2302	5.4614	11.188	16.6494
1198006PIP	2011	13	30	9.5	9.1	13.7151	2.3858	3.9788	3.0306	7.0094	16.1009	23.1103
1198006PIP	2011	13	35	17.1	14.4	60.1359	8.9162	9.1366	10.3154	19.452	69.0521	88.504
1198006PIP	2011	13	36	17.8	14.8	66.5196	9.7557	9.67	11.2149	20.8849	76.2753	97.1602
1198006PIP	2011	13	38	14.3	12.6	38.3568	5.9703	7.0949	7.1064	14.2013	44.327	58.5284
1198006PIP	2011	13	39	15.4	13.3	46.2143	7.0499	7.8789	8.2931	16.1721	53.2642	69.4363
1198006PIP	2011	13	41	18.7	15.3	75.3041	10.897	10.3687	12.429	22.7976	86.201	108.9987
1198006PIP	2011	13	42	4.0	4.4	1.5578	0.3428	1.1707	0.4997	1.6704	1.9006	3.571
1198006PIP	2011	13	44	3.1	3.6	0.8206	0.1935	0.8164	0.2938	1.1101	1.0142	2.1243
1198006PIP	2011	13	45	6.2	6.3	4.6897	0.9161	2.1759	1.2454	3.4213	5.6058	9.0271
1198006PIP	2011	13	48	13.0	11.7	30.1823	4.8212	6.2002	5.8263	12.0265	35.0035	47.03
1198006PIP	2011	13	50	9.6	9.1	14.0811	2.4425	4.0382	3.0974	7.1356	16.5235	23.6591
1198006PIP	2011	13	51	9.8	9.3	14.8305	2.5581	4.1577	3.2334	7.3911	17.3885	24.7796
1198006PIP	2011	13	53	6.1	6.2	4.5018	0.8833	2.1264	1.2039	3.3303	5.3851	8.7154
1198006PIP	2011	13	55	19.3	15.6	81.5285	11.6968	10.8423	13.2745	24.1168	93.2253	117.3421
1198006PIP	2011	13	56	7.2	7.2	6.8305	1.2812	2.6883	1.7007	4.3891	8.1117	12.5007
1198006PIP	2011	13	58	7.0	7.0	6.3634	1.2027	2.5833	1.6038	4.1871	7.5661	11.7532
1198006PIP	2011	13	59	9.4	9.0	13.355	2.3298	3.9197	2.9645	6.8842	15.6848	22.5689
1198006PIP	2011	13	61	4.8	5.1	2.464	0.516	1.5151	0.7306	2.2457	2.98	5.2257
1198006PIP	2011	13	62	17.5	14.6	63.7362	9.3908	9.4403	10.8246	20.2649	73.127	93.3919
1198006PIP	2011	13	64	5.4	5.6	3.3134	0.672	1.7897	0.9339	2.7236	3.9854	6.7089
1198006PIP	2011	13	65	2.8	3.3	0.6353	0.154	0.7069	0.2376	0.9445	0.7893	1.7339
1198006PIP	2011	13	68	15.7	13.5	48.5118	7.3616	8.0969	8.6334	16.7303	55.8734	72.6037
1198006PIP	2011	13	70	18.7	15.3	75.3041	10.897	10.3687	12.429	22.7976	86.201	108.9987
1198006PIP	2011	13	71	14.5	12.7	39.7201	6.1592	7.2357	7.3151	14.5508	45.8793	60.4301
1198006PIP	2011	13	73	3.5	3.9	1.1135	0.2541	0.9692	0.3783	1.3475	1.3676	2.7151
1198006PIP	2011	13	75	6.9	6.9	6.1372	1.1645	2.5313	1.5564	4.0877	7.3017	11.3894
1198006PIP	2011	13	76	6.7	6.7	5.6997	1.0902	2.4281	1.4639	3.892	6.7898	10.6818
1198006PIP	2011	13	78	2.5	3.1	0.4778	0.1195	0.6022	0.1876	0.7899	0.5972	1.3871
1198006PIP	2011	13	81	12.1	11.1	25.1999	4.1046	5.602	5.0172	10.6192	29.3045	39.9237
1198006PIP	2011	13	82	12.2	11.1	25.7269	4.1811	5.6676	5.104	10.7715	29.908	40.6795
1198006PIP	2011	13	84	12.5	11.3	27.3475	4.4152	5.8657	5.369	11.2347	31.7627	42.9974
1198006PIP	2011	13	85	15.4	13.3	46.2143	7.0499	7.8789	8.2931	16.1721	53.2642	69.4363
1198006PIP	2011	13	88	11.4	10.5	21.6929	3.5911	5.1492	4.4313	9.5805	25.2839	34.8644
1198006PIP	2011	13	91	12.4	11.3	26.8007	4.3364	5.7994	5.2799	11.0793	31.1371	42.2164
1198006PIP	2011	13	93	4.5	4.8	2.0948	0.4465	1.3829	0.6387	2.0216	2.5413	4.5629
1198006PIP	2011	13	96	11.0	10.2	19.8294	3.3146	4.8955	4.1134	9.0089	23.144	32.1529
1198006PIP	2011	13	98	10.5	9.8	17.6402	2.9862	4.5838	3.7334	8.3172	20.6264	28.9435
1198006PIP	2011	13	99	3.7	4.1	1.2805	0.2878	1.0485	0.4247	1.4732	1.5683	3.0415
1198006PIP	2011	13	101	12.7	11.5	28.4612	4.5752	5.9988	5.5496	11.5484	33.0365	44.5849
1198006PIP	2011	13	102	12.2	11.1	25.7269	4.1811	5.6676	5.104	10.7715	29.908	40.6795
1198006PIP	2011	13	104	11.2	10.4	20.7485	3.4513	5.0219	4.2708	9.2927	24.1998	33.4925
1198006PIP	2011	13	105	11.0	10.2	19.8294	3.3146	4.8955	4.1134	9.0089	23.144	32.1529
1198006PIP	2011	13	107	5.4	5.6	3.3134	0.672	1.7897	0.9339	2.7236	3.9854	6.7089
1198006PIP	2011	13	108	2.7	3.2	0.5798	0.142	0.6715	0.2203	0.8918	0.7218	1.6135
1198006PIP	2011	13	111	7.2	7.2	6.8305	1.2812	2.6883	1.7007	4.3891	8.1117	12.5007
1198006PIP	2011	13	113	6.7	6.7	5.6997	1.0902	2.4281	1.4639	3.892	6.7898	10.6818
1198006PIP	2011	13	116	6.0	6.1	4.3185	0.8512	2.0773	1.1631	3.2404	5.1697	8.4101
1198006PIP	2011	13	118	11.4	10.5	21.6929	3.5911	5.1492	4.4313	9.5805	25.2839	34.8644
1198006PIP	2011	13	119	8.6	8.3	10.6783	1.9084	3.4564	2.4629	5.9193	12.5867	18.506
1198006PIP	2011	13	121	10.5	9.8	17.6402	2.9862	4.5838	3.7334	8.3172	20.6264	28.9435
1198006PIP	2011	13	122	17.9	14.8	67.4633	9.8791	9.7469	11.3466	21.0935	77.3424	98.4359
1198006PIP	2011	13	124	7.2	7.2	6.8305	1.2812	2.6883	1.7007	4.3891	8.1117	12.5007
1198006PIP	2011	13	127	8.2	8.0	9.473	1.7151	3.2312	2.2302	5.4614	11.188	16.6494
1204781PIP	2011	13	3	2.9	3.2	0.6939	0.1666	0.7429	0.2556	0.9985	0.8606	1.8591
1204781PIP	2011	13	5	5.6	5.3	3.6307	0.7291	1.8842	1.0074	2.8915	4.3598	7.2513
1204781PIP	2011	13	6	6.7	6.2	5.6997	1.0902	2.4281	1.4639	3.892	6.7898	10.6818
1204781PIP	2011	13	8	4.1	4.1	1.6576	0.3623	1.2123	0.526	1.7384	2.02	3.7583
1204781PIP	2011	13	10	10.6	9.1	18.0657	3.0504	4.6457	3.8078	8.4535	21.1161	29.5696
1204781PIP	2011	13	11	6.0	5.6	4.3185	0.8512	2.0773	1.1631	3.2404	5.1697	8.4101
1204781PIP	2011	13	13	7.4	6.7	7.3177	1.3624	2.7945	1.8007	4.5952	8.6801	13.2753
1204781PIP	2011	13	14	9.5	8.3	13.7151	2.3858	3.9788	3.0306	7.0094	16.1009	23.1103
1204781PIP	2011	13	16	3.9	4.0	1.4617	0.3239	1.1295	0.474	1.6035	1.7856	3.3891
1204781PIP	2011	13	17	7.3	6.6	7.0716	1.3214	2.7413	1.7503	4.4916	8.393	12.8846
1204781PIP	2011	13	19	9.0	7.9	11.9716	2.1133	3.6859	2.7076	6.3935	14.0849	20.4784
1204781PIP	2011	13	20	6.8	6.3	5.916	1.127	2.4796	1.5098	3.9893	7.043	11.0323
1204781PIP	2011	13	23	11.1	9.4	20.2858	3.3826	4.9586	4.1917	9.1503	23.6684	32.8187
1204781PIP	2011	13	25	6.9	6.3	6.1372	1.1645	2.5313	1.5564	4.0877	7.3017	11.3894
1204781PIP	2011	13	26	2.7	3.0	0.5798	0.142	0.6715	0.2203	0.8918	0.7218	1.6135
1204781PIP	2011	13	28	4.2	4.2	1.7612	0.3825	1.2543	0.5531	1.8075	2.1436	3.9511
1204781PIP	2011	13	30	9.5	8.3	13.7151	2.3858	3.9788	3.0306	7.0094	16.1009	23.1103
1204781PIP	2011	13	31	9.9	8.6	15.214	2.617	4.2178	3.3025	7.5203	17.8309	25.3513
1204781PIP	2011	13	33	5.5	5.2	3.4698	0.7002	1.8368	0.9703	2.807	4.1701	6.9771
1204781PIP	2011	13	34	6.5	6.0	5.2814	1.0185	2.3263	1.3743	3.7006	6.3	10.0005
1204781PIP	2011	13	36	6.7	6.2	5.6997	1.0902	2.4281	1.4639	3.892	6.7898	10.6818
1204781PIP	2011	13	37	2.6	3.0	0.5273	0.1304	0.6366	0.2036	0.8402	0.6577	1.4979
1204781PIP	2011	13	39	5.6	5.3	3.6307	0.7291	1.8842	1.0074	2.8915	4.3598	7.2513
1204781PIP	2011	13	40	8.9	7.8	11.6399	2.061	3.6281	2.6453	6.2734	13.7009	19.9743
1204781PIP	2011	13	43	10.4	8.9	17.2208	2.9228	4.5222	3.6597	8.1818	20.1435	28.3254
1204781PIP	2011	13	46	6.8	6.3	5.916	1.127	2.4796	1.5098	3.9893	7.043	11.0323
1204781PIP	2011	13	48	7.8	7.0	8.3535	1.5331	3.0106	2.0095	5.02	9.8866	14.9066
1204781PIP	2011	13	51	7.9	7.1	8.6254	1.5775	3.0653	2.0635	5.1288	10.203	15.3318
1204781PIP	2011	13	53	3.3	3.5	0.9603	0.2227	0.8918	0.3346	1.2265	1.183	2.4095
1204781PIP	2011	13	54	3.6	3.7	1.1952	0.2707	1.0086	0.4012	1.4098	1.4659	2.8757
1204781PIP	2011	13	56	11.1	9.4	20.2858	3.3826	4.9586	4.1917	9.1503	23.6684	32.8187
1204781PIP	2011	13	57	9.9	8.6	15.214	2.617	4.2178	3.3025	7.5203	17.8309	25.3513
1204781PIP	2011	13	59	3.4	3.6	1.0352	0.2381	0.9303	0.3561	1.2864	1.2733	2.5597
1204781PIP	2011	13	60	8.7	7.7	10.9933	1.9586	3.5133	2.523	6.0363	12.9519	18.9881
1204781PIP	2011	13	62	4.4	4.4	1.9797	0.4245	1.3397	0.6094	1.9491	2.4043	4.3534
1204781PIP	2011	13	63	7.3	6.6	7.0716	1.3214	2.7413	1.7503	4.4916	8.393	12.8846
1204781PIP	2011	13	66	2.5	2.9	0.4778	0.1195	0.6022	0.1876	0.7899	0.5972	1.3871
1204781PIP	2011	13	71	5.4	5.2	3.3134	0.672	1.7897	0.9339	2.7236	3.9854	6.7089
1204781PIP	2011	13	73	7.5	6.8	7.5689	1.404	2.8481	1.8518	4.6999	8.9729	13.6728
1204781PIP	2011	13	74	5.9	5.5	4.1398	0.8197	2.0285	1.1231	3.1516	4.9595	8.1111
1204781PIP	2011	13	76	7.0	6.4	6.3634	1.2027	2.5833	1.6038	4.1871	7.5661	11.7532
1204781PIP	2011	13	77	3.8	3.9	1.3693	0.3056	1.0888	0.449	1.5378	1.6749	3.2127
1204781PIP	2011	13	79	6.1	5.7	4.5018	0.8833	2.1264	1.2039	3.3303	5.3851	8.7154
1204781PIP	2011	13	80	5.3	5.1	3.1612	0.6444	1.743	0.8982	2.6412	3.8056	6.4468
1204781PIP	2011	13	82	8.4	7.5	10.0648	1.8103	3.3432	2.345	5.6883	11.8751	17.5634
1204781PIP	2011	13	83	11.8	9.9	23.6581	3.8799	5.4065	4.7615	10.168	27.538	37.706
1204781PIP	2011	13	86	4.5	4.4	2.0948	0.4465	1.3829	0.6387	2.0216	2.5413	4.5629
1204781PIP	2011	13	88	6.7	6.2	5.6997	1.0902	2.4281	1.4639	3.892	6.7898	10.6818
1204781PIP	2011	13	89	6.1	5.7	4.5018	0.8833	2.1264	1.2039	3.3303	5.3851	8.7154
1204781PIP	2011	13	91	5.5	5.2	3.4698	0.7002	1.8368	0.9703	2.807	4.1701	6.9771
1204781PIP	2011	13	93	8.7	7.7	10.9933	1.9586	3.5133	2.523	6.0363	12.9519	18.9881
1204781PIP	2011	13	94	3.7	3.8	1.2805	0.2878	1.0485	0.4247	1.4732	1.5683	3.0415
1204781PIP	2011	13	96	5.2	5.0	3.0134	0.6175	1.6967	0.8632	2.5599	3.6308	6.1907
1204781PIP	2011	13	97	10.5	9.0	17.6402	2.9862	4.5838	3.7334	8.3172	20.6264	28.9435
1204781PIP	2011	13	99	5.6	5.3	3.6307	0.7291	1.8842	1.0074	2.8915	4.3598	7.2513
1204781PIP	2011	13	100	5.0	4.8	2.7303	0.5655	1.6051	0.7955	2.4006	3.2958	5.6964
1204781PIP	2011	13	102	7.0	6.4	6.3634	1.2027	2.5833	1.6038	4.1871	7.5661	11.7532
1204781PIP	2011	13	103	8.0	7.2	8.9026	1.6227	3.1203	2.1183	5.2386	10.5253	15.764
1204781PIP	2011	13	106	5.3	5.1	3.1612	0.6444	1.743	0.8982	2.6412	3.8056	6.4468
1204781PIP	2011	13	108	5.0	4.8	2.7303	0.5655	1.6051	0.7955	2.4006	3.2958	5.6964
1204781PIP	2011	13	109	6.0	5.6	4.3185	0.8512	2.0773	1.1631	3.2404	5.1697	8.4101
1204781PIP	2011	13	111	3.0	3.3	0.7557	0.1798	0.7794	0.2744	1.0537	0.9355	1.9892
1204781PIP	2011	13	113	3.8	3.9	1.3693	0.3056	1.0888	0.449	1.5378	1.6749	3.2127
1204781PIP	2011	13	114	5.3	5.1	3.1612	0.6444	1.743	0.8982	2.6412	3.8056	6.4468
1204781PIP	2011	13	116	2.8	3.1	0.6353	0.154	0.7069	0.2376	0.9445	0.7893	1.7339
1204781PIP	2011	13	117	12.3	10.2	26.2605	4.2583	5.7334	5.1916	10.9249	30.5188	41.4438
1204781PIP	2011	13	119	9.3	8.1	13.0006	2.2746	3.8608	2.8991	6.76	15.2752	22.0351
1204781PIP	2011	13	120	2.5	2.9	0.4778	0.1195	0.6022	0.1876	0.7899	0.5972	1.3871
1204781PIP	2011	13	122	4.0	4.0	1.5578	0.3428	1.1707	0.4997	1.6704	1.9006	3.571
1204781PIP	2011	13	123	2.8	3.1	0.6353	0.154	0.7069	0.2376	0.9445	0.7893	1.7339
1204781PIP	2011	13	126	12.5	10.4	27.3475	4.4152	5.8657	5.369	11.2347	31.7627	42.9974
1204781PIP	2011	13	129	5.7	5.4	3.7959	0.7587	1.9319	1.0452	2.9772	4.5546	7.5317
1204781PIP	2011	13	131	12.9	10.6	29.6018	4.7384	6.1329	5.7333	11.8662	34.3402	46.2064
1204781PIP	2011	13	134	3.7	3.8	1.2805	0.2878	1.0485	0.4247	1.4732	1.5683	3.0415
1204781PIP	2011	13	136	3.3	3.5	0.9603	0.2227	0.8918	0.3346	1.2265	1.183	2.4095
1204781PIP	2011	13	137	3.0	3.3	0.7557	0.1798	0.7794	0.2744	1.0537	0.9355	1.9892
1204781PIP	2011	13	139	2.8	3.1	0.6353	0.154	0.7069	0.2376	0.9445	0.7893	1.7339
1204781PIP	2011	13	140	5.0	4.8	2.7303	0.5655	1.6051	0.7955	2.4006	3.2958	5.6964
1204781PIP	2011	13	142	9.5	8.3	13.7151	2.3858	3.9788	3.0306	7.0094	16.1009	23.1103
1204781PIP	2011	13	143	8.2	7.3	9.473	1.7151	3.2312	2.2302	5.4614	11.188	16.6494
1204811PIP	2011	13	1	21.8	15.5	110.7478	15.3715	12.8806	17.1102	29.9908	126.1192	156.11
1204811PIP	2011	13	2	15.5	12.3	46.9727	7.153	7.9514	8.4058	16.3572	54.1257	70.4828
1204811PIP	2011	13	5	13.2	10.9	31.3636	4.9892	6.3356	6.0146	12.3502	36.3527	48.7029
1204811PIP	2011	13	7	7.4	6.8	7.3177	1.3624	2.7945	1.8007	4.5952	8.6801	13.2753
1204811PIP	2011	13	8	2.7	3.1	0.5798	0.142	0.6715	0.2203	0.8918	0.7218	1.6135
1204811PIP	2011	13	10	9.2	8.2	12.6519	2.2201	3.8023	2.8345	6.6368	14.872	21.5088
1204811PIP	2011	13	12	11.0	9.4	19.8294	3.3146	4.8955	4.1134	9.0089	23.144	32.1529
1204811PIP	2011	13	13	4.3	4.3	1.8685	0.4032	1.2968	0.5809	1.8777	2.2717	4.1494
1204811PIP	2011	13	15	7.5	6.9	7.5689	1.404	2.8481	1.8518	4.6999	8.9729	13.6728
1204811PIP	2011	13	18	9.0	8.0	11.9716	2.1133	3.6859	2.7076	6.3935	14.0849	20.4784
1204811PIP	2011	13	19	14.7	11.8	41.1123	6.3514	7.3772	7.5269	14.9042	47.4636	62.3678
1204811PIP	2011	13	21	17.2	13.3	61.0242	9.0335	9.2122	10.4415	19.6537	70.0577	89.7114
1204811PIP	2011	13	22	5.9	5.6	4.1398	0.8197	2.0285	1.1231	3.1516	4.9595	8.1111
1204811PIP	2011	13	25	11.1	9.5	20.2858	3.3826	4.9586	4.1917	9.1503	23.6684	32.8187
1204811PIP	2011	13	27	5.0	4.9	2.7303	0.5655	1.6051	0.7955	2.4006	3.2958	5.6964
1204811PIP	2011	13	28	24.0	16.4	141.0378	19.0707	14.7567	20.9058	35.6625	160.1085	195.7711
1204811PIP	2011	13	30	14.0	11.4	36.3652	5.693	6.8854	6.7992	13.6846	42.0583	55.7429
1204811PIP	2011	13	32	18.3	13.9	71.3188	10.3811	10.0564	11.8814	21.9378	81.6999	103.6377
1204811PIP	2011	13	33	7.8	7.1	8.3535	1.5331	3.0106	2.0095	5.02	9.8866	14.9066
1204811PIP	2011	3	35	21.7	16.4	131.2922	10.757	7.9559	13.3612	21.3171	142.0492	163.3663
1204811PIP	2011	13	36	13.1	10.9	30.7695	4.9048	6.2678	5.9201	12.1878	35.6743	47.8621
1204811PIP	2011	13	38	15.2	12.1	44.7199	6.8462	7.7346	8.0703	15.8049	51.566	67.3709
1204811PIP	2011	13	39	14.5	11.7	39.7201	6.1592	7.2357	7.3151	14.5508	45.8793	60.4301
1204811PIP	2011	13	41	9.8	8.6	14.8305	2.5581	4.1577	3.2334	7.3911	17.3885	24.7796
1204811PIP	2011	13	42	16.6	12.9	55.8116	8.342	8.761	9.6968	18.4578	64.1536	82.6114
1204811PIP	2011	13	45	6.5	6.1	5.2814	1.0185	2.3263	1.3743	3.7006	6.3	10.0005
1204811PIP	2011	13	48	12.0	10.1	24.6794	4.0289	5.5366	4.9312	10.4678	28.7084	39.1761
1204811PIP	2011	13	50	14.9	12.0	42.5334	6.5468	7.5196	7.7419	15.2615	49.0802	64.3417
1204811PIP	2011	13	53	16.9	13.1	58.3828	8.684	8.9858	10.0656	19.0514	67.0668	86.1182
1204811PIP	2011	13	55	2.6	3.0	0.5273	0.1304	0.6366	0.2036	0.8402	0.6577	1.4979
1204811PIP	2011	13	56	3.3	3.5	0.9603	0.2227	0.8918	0.3346	1.2265	1.183	2.4095
1204811PIP	2011	13	58	8.4	7.6	10.0648	1.8103	3.3432	2.345	5.6883	11.8751	17.5634
1204811PIP	2011	13	59	10.6	9.2	18.0657	3.0504	4.6457	3.8078	8.4535	21.1161	29.5696
1204811PIP	2011	13	61	14.2	11.5	37.6858	5.877	7.0249	7.0032	14.0281	43.5629	57.591
1204811PIP	2011	13	62	14.6	11.8	40.4126	6.2549	7.3064	7.4206	14.727	46.6674	61.3944
1204811PIP	2011	13	65	9.6	8.5	14.0811	2.4425	4.0382	3.0974	7.1356	16.5235	23.6591
1204811PIP	2011	13	68	7.2	6.6	6.8305	1.2812	2.6883	1.7007	4.3891	8.1117	12.5007
1204811PIP	2011	13	70	18.0	13.7	68.4151	10.0033	9.824	11.4791	21.3031	78.4184	99.7215
1204811PIP	2011	13	73	3.5	3.7	1.1135	0.2541	0.9692	0.3783	1.3475	1.3676	2.7151
1204811PIP	2011	13	75	10.0	8.7	15.6034	2.6766	4.2782	3.3724	7.6506	18.28	25.9306
1204811PIP	2011	13	76	11.3	9.7	21.2175	3.5208	5.0854	4.3507	9.4361	24.7383	34.1744
1204811PIP	2011	13	78	4.7	4.7	2.3369	0.4922	1.4706	0.6992	2.1699	2.8291	4.999
1204811PIP	2011	13	79	6.3	5.9	4.8823	0.9496	2.2257	1.2876	3.5133	5.8318	9.3452
1204811PIP	2011	13	81	12.3	10.3	26.2605	4.2583	5.7334	5.1916	10.9249	30.5188	41.4438
1204811PIP	2011	13	82	3.0	3.3	0.7557	0.1798	0.7794	0.2744	1.0537	0.9355	1.9892
1204811PIP	2011	13	84	9.5	8.4	13.7151	2.3858	3.9788	3.0306	7.0094	16.1009	23.1103
1204811PIP	2011	13	85	4.0	4.1	1.5578	0.3428	1.1707	0.4997	1.6704	1.9006	3.571
1204811PIP	2011	13	88	14.7	11.8	41.1123	6.3514	7.3772	7.5269	14.9042	47.4636	62.3678
1204811PIP	2011	13	90	6.7	6.3	5.6997	1.0902	2.4281	1.4639	3.892	6.7898	10.6818
1204811PIP	2011	13	91	13.4	11.0	32.5723	5.1603	6.4717	6.2061	12.6778	37.7326	50.4105
1204811PIP	2011	13	93	10.0	8.7	15.6034	2.6766	4.2782	3.3724	7.6506	18.28	25.9306
1204811PIP	2011	13	95	6.7	6.3	5.6997	1.0902	2.4281	1.4639	3.892	6.7898	10.6818
1204811PIP	2011	13	96	13.0	10.8	30.1823	4.8212	6.2002	5.8263	12.0265	35.0035	47.03
1204811PIP	2011	13	98	4.5	4.5	2.0948	0.4465	1.3829	0.6387	2.0216	2.5413	4.5629
1204811PIP	2011	13	99	7.5	6.9	7.5689	1.404	2.8481	1.8518	4.6999	8.9729	13.6728
1204811PIP	2011	13	101	3.5	3.7	1.1135	0.2541	0.9692	0.3783	1.3475	1.3676	2.7151
1204811PIP	2011	13	102	9.2	8.2	12.6519	2.2201	3.8023	2.8345	6.6368	14.872	21.5088
1204821PIP	2011	13	2	6.4	5.7	5.0795	0.9837	2.2758	1.3306	3.6064	6.0632	9.6696
1204821PIP	2011	13	3	6.9	6.1	6.1372	1.1645	2.5313	1.5564	4.0877	7.3017	11.3894
1204821PIP	2011	13	6	8.3	7.1	9.7662	1.7623	3.2871	2.2872	5.5743	11.5285	17.1028
1204821PIP	2011	13	8	11.5	9.2	22.1746	3.6621	5.2132	4.5127	9.7258	25.8367	35.5625
1204821PIP	2011	13	9	2.8	3.0	0.6353	0.154	0.7069	0.2376	0.9445	0.7893	1.7339
1204821PIP	2011	13	11	11.2	9.1	20.7485	3.4513	5.0219	4.2708	9.2927	24.1998	33.4925
1204821PIP	2011	13	13	11.2	9.1	20.7485	3.4513	5.0219	4.2708	9.2927	24.1998	33.4925
1204821PIP	2011	13	14	4.7	4.4	2.3369	0.4922	1.4706	0.6992	2.1699	2.8291	4.999
1204821PIP	2011	13	16	12.5	9.9	27.3475	4.4152	5.8657	5.369	11.2347	31.7627	42.9974
1204821PIP	2011	13	17	7.4	6.4	7.3177	1.3624	2.7945	1.8007	4.5952	8.6801	13.2753
1204821PIP	2011	13	19	10.1	8.3	15.9987	2.7371	4.3388	3.4431	7.7819	18.7358	26.5177
1204821PIP	2011	13	20	11.0	8.9	19.8294	3.3146	4.8955	4.1134	9.0089	23.144	32.1529
1204821PIP	2011	13	22	3.3	3.4	0.9603	0.2227	0.8918	0.3346	1.2265	1.183	2.4095
1204821PIP	2011	13	23	7.2	6.3	6.8305	1.2812	2.6883	1.7007	4.3891	8.1117	12.5007
1204821PIP	2011	13	26	11.0	8.9	19.8294	3.3146	4.8955	4.1134	9.0089	23.144	32.1529
1204821PIP	2011	13	29	8.7	7.4	10.9933	1.9586	3.5133	2.523	6.0363	12.9519	18.9881
1204821PIP	2011	13	31	7.3	6.4	7.0716	1.3214	2.7413	1.7503	4.4916	8.393	12.8846
1204821PIP	2011	13	36	8.9	7.5	11.6399	2.061	3.6281	2.6453	6.2734	13.7009	19.9743
1204821PIP	2011	13	37	12.2	9.7	25.7269	4.1811	5.6676	5.104	10.7715	29.908	40.6795
1204821PIP	2011	13	39	14.1	10.8	37.022	5.7846	6.955	6.9008	13.8559	42.8066	56.6625
1204821PIP	2011	13	42	3.7	3.7	1.2805	0.2878	1.0485	0.4247	1.4732	1.5683	3.0415
1204821PIP	2011	13	43	4.0	3.9	1.5578	0.3428	1.1707	0.4997	1.6704	1.9006	3.571
1204821PIP	2011	13	45	5.6	5.1	3.6307	0.7291	1.8842	1.0074	2.8915	4.3598	7.2513
1204821PIP	2011	13	46	6.1	5.5	4.5018	0.8833	2.1264	1.2039	3.3303	5.3851	8.7154
1204821PIP	2011	13	49	4.3	4.1	1.8685	0.4032	1.2968	0.5809	1.8777	2.2717	4.1494
1204821PIP	2011	13	51	3.7	3.7	1.2805	0.2878	1.0485	0.4247	1.4732	1.5683	3.0415
1204821PIP	2011	13	54	2.6	2.9	0.5273	0.1304	0.6366	0.2036	0.8402	0.6577	1.4979
1204821PIP	2011	13	56	7.6	6.6	7.8253	1.4463	2.902	1.9036	4.8055	9.2716	14.0772
1204821PIP	2011	13	57	2.8	3.0	0.6353	0.154	0.7069	0.2376	0.9445	0.7893	1.7339
1204821PIP	2011	13	59	3.0	3.2	0.7557	0.1798	0.7794	0.2744	1.0537	0.9355	1.9892
1204821PIP	2011	13	60	7.5	6.5	7.5689	1.404	2.8481	1.8518	4.6999	8.9729	13.6728
1204821PIP	2011	13	62	6.4	5.7	5.0795	0.9837	2.2758	1.3306	3.6064	6.0632	9.6696
1204821PIP	2011	13	63	3.4	3.5	1.0352	0.2381	0.9303	0.3561	1.2864	1.2733	2.5597
1204821PIP	2011	13	65	12.3	9.8	26.2605	4.2583	5.7334	5.1916	10.9249	30.5188	41.4438
1204821PIP	2011	13	66	2.9	3.1	0.6939	0.1666	0.7429	0.2556	0.9985	0.8606	1.8591
1204821PIP	2011	13	69	10.6	8.7	18.0657	3.0504	4.6457	3.8078	8.4535	21.1161	29.5696
1204821PIP	2011	13	71	13.6	10.5	33.8087	5.3346	6.6088	6.4007	13.0095	39.1434	52.1528
1204821PIP	2011	13	72	3.3	3.4	0.9603	0.2227	0.8918	0.3346	1.2265	1.183	2.4095
1204821PIP	2011	13	74	3.3	3.4	0.9603	0.2227	0.8918	0.3346	1.2265	1.183	2.4095
1204821PIP	2011	13	76	13.2	10.3	31.3636	4.9892	6.3356	6.0146	12.3502	36.3527	48.7029
1204821PIP	2011	13	79	11.1	9.0	20.2858	3.3826	4.9586	4.1917	9.1503	23.6684	32.8187
1204821PIP	2011	13	80	3.9	3.8	1.4617	0.3239	1.1295	0.474	1.6035	1.7856	3.3891
1204821PIP	2011	13	82	4.2	4.1	1.7612	0.3825	1.2543	0.5531	1.8075	2.1436	3.9511
1204821PIP	2011	13	83	2.5	2.8	0.4778	0.1195	0.6022	0.1876	0.7899	0.5972	1.3871
1204821PIP	2011	13	86	4.0	3.9	1.5578	0.3428	1.1707	0.4997	1.6704	1.9006	3.571
1204821PIP	2011	13	89	3.6	3.6	1.1952	0.2707	1.0086	0.4012	1.4098	1.4659	2.8757
1204821PIP	2011	13	91	4.4	4.2	1.9797	0.4245	1.3397	0.6094	1.9491	2.4043	4.3534
1204821PIP	2011	13	92	5.7	5.2	3.7959	0.7587	1.9319	1.0452	2.9772	4.5546	7.5317
1204821PIP	2011	13	94	3.3	3.4	0.9603	0.2227	0.8918	0.3346	1.2265	1.183	2.4095
1204821PIP	2011	13	96	5.1	4.7	2.8698	0.5912	1.6507	0.829	2.4797	3.4609	5.9406
1204821PIP	2011	13	97	2.9	3.1	0.6939	0.1666	0.7429	0.2556	0.9985	0.8606	1.8591
1204821PIP	2011	25	99	3.0	4.1	0.9197	0.1769	0.4105	0.2361	0.6466	1.0966	1.7432
1204821PIP	2011	13	100	5.3	4.9	3.1612	0.6444	1.743	0.8982	2.6412	3.8056	6.4468
1204821PIP	2011	13	102	2.7	2.9	0.5798	0.142	0.6715	0.2203	0.8918	0.7218	1.6135
1204821PIP	2011	13	103	2.9	3.1	0.6939	0.1666	0.7429	0.2556	0.9985	0.8606	1.8591
1204821PIP	2011	13	105	3.6	3.6	1.1952	0.2707	1.0086	0.4012	1.4098	1.4659	2.8757
1204821PIP	2011	25	106	5.7	6.4	4.4247	0.6857	1.0666	1.0103	2.0769	5.1104	7.1873
1204821PIP	2011	13	109	5.7	5.2	3.7959	0.7587	1.9319	1.0452	2.9772	4.5546	7.5317
1204821PIP	2011	13	112	4.8	4.5	2.464	0.516	1.5151	0.7306	2.2457	2.98	5.2257
1204821PIP	2011	13	114	9.8	8.1	14.8305	2.5581	4.1577	3.2334	7.3911	17.3885	24.7796
1204821PIP	2011	13	117	13.5	10.5	33.1871	5.2471	6.5402	6.303	12.8432	38.4341	51.2773
1204821PIP	2011	13	119	3.3	3.4	0.9603	0.2227	0.8918	0.3346	1.2265	1.183	2.4095
1204821PIP	2011	13	120	5.4	5.0	3.3134	0.672	1.7897	0.9339	2.7236	3.9854	6.7089
1204821PIP	2011	13	122	5.1	4.7	2.8698	0.5912	1.6507	0.829	2.4797	3.4609	5.9406
1204821PIP	2011	13	123	4.5	4.3	2.0948	0.4465	1.3829	0.6387	2.0216	2.5413	4.5629
1204821PIP	2011	13	125	4.9	4.6	2.5951	0.5404	1.5599	0.7627	2.3226	3.1355	5.4581
1204821PIP	2011	13	126	5.4	5.0	3.3134	0.672	1.7897	0.9339	2.7236	3.9854	6.7089
1204821PIP	2011	13	128	4.0	3.9	1.5578	0.3428	1.1707	0.4997	1.6704	1.9006	3.571
1204821PIP	2011	13	129	3.9	3.8	1.4617	0.3239	1.1295	0.474	1.6035	1.7856	3.3891
1204821PIP	2011	13	132	4.5	4.3	2.0948	0.4465	1.3829	0.6387	2.0216	2.5413	4.5629
1204821PIP	2011	13	137	4.4	4.2	1.9797	0.4245	1.3397	0.6094	1.9491	2.4043	4.3534
1204821PIP	2011	13	139	5.2	4.8	3.0134	0.6175	1.6967	0.8632	2.5599	3.6308	6.1907
1204821PIP	2011	13	140	4.8	4.5	2.464	0.516	1.5151	0.7306	2.2457	2.98	5.2257
1204821PIP	2011	13	142	2.9	3.1	0.6939	0.1666	0.7429	0.2556	0.9985	0.8606	1.8591
1204821PIP	2011	13	143	8.6	7.3	10.6783	1.9084	3.4564	2.4629	5.9193	12.5867	18.506
1204821PIP	2011	13	145	6.9	6.1	6.1372	1.1645	2.5313	1.5564	4.0877	7.3017	11.3894
1204821PIP	2011	13	146	6.7	5.9	5.6997	1.0902	2.4281	1.4639	3.892	6.7898	10.6818
1204821PIP	2011	13	148	6.3	5.6	4.8823	0.9496	2.2257	1.2876	3.5133	5.8318	9.3452
1204821PIP	2011	13	149	3.2	3.3	0.8888	0.2078	0.8539	0.3139	1.1677	1.0967	2.2644
1204821PIP	2011	13	152	3.9	3.8	1.4617	0.3239	1.1295	0.474	1.6035	1.7856	3.3891
1204821PIP	2011	13	154	3.5	3.5	1.1135	0.2541	0.9692	0.3783	1.3475	1.3676	2.7151
1204821PIP	2011	13	155	3.8	3.8	1.3693	0.3056	1.0888	0.449	1.5378	1.6749	3.2127
1204821PIP	2011	13	157	2.9	3.1	0.6939	0.1666	0.7429	0.2556	0.9985	0.8606	1.8591
1204821PIP	2011	13	159	7.6	6.6	7.8253	1.4463	2.902	1.9036	4.8055	9.2716	14.0772
1204821PIP	2011	13	160	3.3	3.4	0.9603	0.2227	0.8918	0.3346	1.2265	1.183	2.4095
1204821PIP	2011	13	162	6.7	5.9	5.6997	1.0902	2.4281	1.4639	3.892	6.7898	10.6818
1204821PIP	2011	13	163	4.0	3.9	1.5578	0.3428	1.1707	0.4997	1.6704	1.9006	3.571
1204821PIP	2011	13	165	7.8	6.7	8.3535	1.5331	3.0106	2.0095	5.02	9.8866	14.9066
1204821PIP	2011	13	168	11.6	9.3	22.6627	3.7339	5.2774	4.5948	9.8722	26.3966	36.2688
1204821PIP	2011	13	169	8.3	7.1	9.7662	1.7623	3.2871	2.2872	5.5743	11.5285	17.1028
1204821PIP	2011	13	172	9.2	7.7	12.6519	2.2201	3.8023	2.8345	6.6368	14.872	21.5088
1204821PIP	2011	13	174	2.6	2.9	0.5273	0.1304	0.6366	0.2036	0.8402	0.6577	1.4979
1204821PIP	2011	13	175	5.1	4.7	2.8698	0.5912	1.6507	0.829	2.4797	3.4609	5.9406
1204821PIP	2011	13	177	12.7	10.0	28.4612	4.5752	5.9988	5.5496	11.5484	33.0365	44.5849
1204821PIP	2011	13	180	8.1	6.9	9.1851	1.6685	3.1756	2.1739	5.3495	10.8537	16.2032
1204821PIP	2011	13	182	3.4	3.5	1.0352	0.2381	0.9303	0.3561	1.2864	1.2733	2.5597
1204821PIP	2011	13	183	3.3	3.4	0.9603	0.2227	0.8918	0.3346	1.2265	1.183	2.4095
1204831PIP	2011	13	2	4.4	4.2	1.9797	0.4245	1.3397	0.6094	1.9491	2.4043	4.3534
1204831PIP	2011	13	3	2.6	2.8	0.5273	0.1304	0.6366	0.2036	0.8402	0.6577	1.4979
1204831PIP	2011	13	5	5.9	5.3	4.1398	0.8197	2.0285	1.1231	3.1516	4.9595	8.1111
1204831PIP	2011	13	6	7.0	6.1	6.3634	1.2027	2.5833	1.6038	4.1871	7.5661	11.7532
1204831PIP	2011	13	9	3.6	3.6	1.1952	0.2707	1.0086	0.4012	1.4098	1.4659	2.8757
1204831PIP	2011	13	12	4.2	4.0	1.7612	0.3825	1.2543	0.5531	1.8075	2.1436	3.9511
1204831PIP	2011	13	14	9.5	7.8	13.7151	2.3858	3.9788	3.0306	7.0094	16.1009	23.1103
1204831PIP	2011	13	17	4.2	4.0	1.7612	0.3825	1.2543	0.5531	1.8075	2.1436	3.9511
1204831PIP	2011	13	19	2.9	3.1	0.6939	0.1666	0.7429	0.2556	0.9985	0.8606	1.8591
1204831PIP	2011	13	20	5.4	4.9	3.3134	0.672	1.7897	0.9339	2.7236	3.9854	6.7089
1204831PIP	2011	13	22	5.9	5.3	4.1398	0.8197	2.0285	1.1231	3.1516	4.9595	8.1111
1204831PIP	2011	3	23	6.6	7.5	7.508	0.9152	1.0161	0.7538	1.7699	8.4232	10.193
1204831PIP	2011	13	25	2.7	2.9	0.5798	0.142	0.6715	0.2203	0.8918	0.7218	1.6135
1204831PIP	2011	13	26	4.3	4.1	1.8685	0.4032	1.2968	0.5809	1.8777	2.2717	4.1494
1204831PIP	2011	13	29	3.4	3.4	1.0352	0.2381	0.9303	0.3561	1.2864	1.2733	2.5597
1204831PIP	2011	13	32	4.4	4.2	1.9797	0.4245	1.3397	0.6094	1.9491	2.4043	4.3534
1204831PIP	2011	13	34	4.3	4.1	1.8685	0.4032	1.2968	0.5809	1.8777	2.2717	4.1494
1204831PIP	2011	13	35	4.9	4.5	2.5951	0.5404	1.5599	0.7627	2.3226	3.1355	5.4581
1204831PIP	2011	13	37	3.2	3.3	0.8888	0.2078	0.8539	0.3139	1.1677	1.0967	2.2644
1204831PIP	2011	13	39	9.8	8.0	14.8305	2.5581	4.1577	3.2334	7.3911	17.3885	24.7796
1204831PIP	2011	13	40	7.4	6.4	7.3177	1.3624	2.7945	1.8007	4.5952	8.6801	13.2753
1204831PIP	2011	13	42	4.8	4.5	2.464	0.516	1.5151	0.7306	2.2457	2.98	5.2257
1204831PIP	2011	13	43	5.1	4.7	2.8698	0.5912	1.6507	0.829	2.4797	3.4609	5.9406
1204831PIP	2011	13	45	9.0	7.5	11.9716	2.1133	3.6859	2.7076	6.3935	14.0849	20.4784
1204831PIP	2011	13	46	3.4	3.4	1.0352	0.2381	0.9303	0.3561	1.2864	1.2733	2.5597
1204831PIP	2011	13	48	3.4	3.4	1.0352	0.2381	0.9303	0.3561	1.2864	1.2733	2.5597
1204831PIP	2011	13	49	7.8	6.6	8.3535	1.5331	3.0106	2.0095	5.02	9.8866	14.9066
1204831PIP	2011	13	52	3.4	3.4	1.0352	0.2381	0.9303	0.3561	1.2864	1.2733	2.5597
1204831PIP	2011	3	54	9.5	8.7	18.0219	1.9454	1.9074	1.8168	3.7242	19.9673	23.6915
1204831PIP	2011	13	55	2.6	2.8	0.5273	0.1304	0.6366	0.2036	0.8402	0.6577	1.4979
1204831PIP	2011	13	57	4.1	3.9	1.6576	0.3623	1.2123	0.526	1.7384	2.02	3.7583
1204831PIP	2011	13	59	6.8	5.9	5.916	1.127	2.4796	1.5098	3.9893	7.043	11.0323
1204831PIP	2011	13	60	8.7	7.3	10.9933	1.9586	3.5133	2.523	6.0363	12.9519	18.9881
1204831PIP	2011	13	63	3.8	3.7	1.3693	0.3056	1.0888	0.449	1.5378	1.6749	3.2127
1204831PIP	2011	13	66	7.9	6.7	8.6254	1.5775	3.0653	2.0635	5.1288	10.203	15.3318
1204831PIP	2011	13	68	5.2	4.8	3.0134	0.6175	1.6967	0.8632	2.5599	3.6308	6.1907
1204831PIP	2011	13	69	5.8	5.2	3.9656	0.7888	1.98	1.0838	3.0638	4.7544	7.8183
1204831PIP	2011	13	72	3.3	3.3	0.9603	0.2227	0.8918	0.3346	1.2265	1.183	2.4095
1204831PIP	2011	13	75	5.0	4.6	2.7303	0.5655	1.6051	0.7955	2.4006	3.2958	5.6964
1204831PIP	2011	13	80	3.5	3.5	1.1135	0.2541	0.9692	0.3783	1.3475	1.3676	2.7151
1204831PIP	2011	13	83	9.0	7.5	11.9716	2.1133	3.6859	2.7076	6.3935	14.0849	20.4784
1204831PIP	2011	13	85	9.1	7.5	12.3089	2.1663	3.7439	2.7707	6.5147	14.4752	20.9899
1204831PIP	2011	13	86	7.4	6.4	7.3177	1.3624	2.7945	1.8007	4.5952	8.6801	13.2753
1204831PIP	2011	13	88	2.6	2.8	0.5273	0.1304	0.6366	0.2036	0.8402	0.6577	1.4979
1204831PIP	2011	13	89	3.4	3.4	1.0352	0.2381	0.9303	0.3561	1.2864	1.2733	2.5597
1204831PIP	2011	13	91	6.0	5.3	4.3185	0.8512	2.0773	1.1631	3.2404	5.1697	8.4101
1204831PIP	2011	13	92	4.7	4.4	2.3369	0.4922	1.4706	0.6992	2.1699	2.8291	4.999
1204831PIP	2011	13	95	3.7	3.6	1.2805	0.2878	1.0485	0.4247	1.4732	1.5683	3.0415
1204831PIP	2011	13	97	6.2	5.5	4.6897	0.9161	2.1759	1.2454	3.4213	5.6058	9.0271
1204831PIP	2011	13	100	7.2	6.2	6.8305	1.2812	2.6883	1.7007	4.3891	8.1117	12.5007
1204831PIP	2011	13	103	5.7	5.1	3.7959	0.7587	1.9319	1.0452	2.9772	4.5546	7.5317
1204831PIP	2011	13	105	5.1	4.7	2.8698	0.5912	1.6507	0.829	2.4797	3.4609	5.9406
1204831PIP	2011	13	106	4.6	4.3	2.2139	0.469	1.4266	0.6686	2.0952	2.6829	4.7781
1204831PIP	2011	13	108	4.2	4.0	1.7612	0.3825	1.2543	0.5531	1.8075	2.1436	3.9511
1204831PIP	2011	13	109	5.3	4.8	3.1612	0.6444	1.743	0.8982	2.6412	3.8056	6.4468
1204831PIP	2011	13	111	3.0	3.1	0.7557	0.1798	0.7794	0.2744	1.0537	0.9355	1.9892
1204831PIP	2011	13	112	3.6	3.6	1.1952	0.2707	1.0086	0.4012	1.4098	1.4659	2.8757
1204831PIP	2011	13	115	6.2	5.5	4.6897	0.9161	2.1759	1.2454	3.4213	5.6058	9.0271
1204831PIP	2011	13	117	3.3	3.3	0.9603	0.2227	0.8918	0.3346	1.2265	1.183	2.4095
1204831PIP	2011	13	118	8.2	6.9	9.473	1.7151	3.2312	2.2302	5.4614	11.188	16.6494
1204831PIP	2011	13	120	4.8	4.5	2.464	0.516	1.5151	0.7306	2.2457	2.98	5.2257
1204831PIP	2011	13	122	3.6	3.6	1.1952	0.2707	1.0086	0.4012	1.4098	1.4659	2.8757
1204831PIP	2011	13	123	3.7	3.6	1.2805	0.2878	1.0485	0.4247	1.4732	1.5683	3.0415
1204831PIP	2011	13	125	3.7	3.6	1.2805	0.2878	1.0485	0.4247	1.4732	1.5683	3.0415
1204831PIP	2011	13	126	6.1	5.4	4.5018	0.8833	2.1264	1.2039	3.3303	5.3851	8.7154
1204831PIP	2011	13	128	2.5	2.8	0.4778	0.1195	0.6022	0.1876	0.7899	0.5972	1.3871
1204831PIP	2011	13	131	5.8	5.2	3.9656	0.7888	1.98	1.0838	3.0638	4.7544	7.8183
1204831PIP	2011	13	132	3.0	3.1	0.7557	0.1798	0.7794	0.2744	1.0537	0.9355	1.9892
1204831PIP	2011	13	135	4.2	4.0	1.7612	0.3825	1.2543	0.5531	1.8075	2.1436	3.9511
1204831PIP	2011	13	137	7.6	6.5	7.8253	1.4463	2.902	1.9036	4.8055	9.2716	14.0772
1204831PIP	2011	13	138	4.4	4.2	1.9797	0.4245	1.3397	0.6094	1.9491	2.4043	4.3534
1204831PIP	2011	13	140	9.2	7.6	12.6519	2.2201	3.8023	2.8345	6.6368	14.872	21.5088
1204831PIP	2011	13	142	7.0	6.1	6.3634	1.2027	2.5833	1.6038	4.1871	7.5661	11.7532
1204831PIP	2011	13	143	5.3	4.8	3.1612	0.6444	1.743	0.8982	2.6412	3.8056	6.4468
1204831PIP	2011	13	145	3.5	3.5	1.1135	0.2541	0.9692	0.3783	1.3475	1.3676	2.7151
1204831PIP	2011	13	146	3.6	3.6	1.1952	0.2707	1.0086	0.4012	1.4098	1.4659	2.8757
1204831PIP	2011	13	148	3.6	3.6	1.1952	0.2707	1.0086	0.4012	1.4098	1.4659	2.8757
1204831PIP	2011	13	149	7.9	6.7	8.6254	1.5775	3.0653	2.0635	5.1288	10.203	15.3318
1204831PIP	2011	13	151	7.5	6.4	7.5689	1.404	2.8481	1.8518	4.6999	8.9729	13.6728
1204831PIP	2011	13	152	8.0	6.8	8.9026	1.6227	3.1203	2.1183	5.2386	10.5253	15.764
1204831PIP	2011	13	155	4.7	4.4	2.3369	0.4922	1.4706	0.6992	2.1699	2.8291	4.999
1204831PIP	2011	13	158	6.9	6.0	6.1372	1.1645	2.5313	1.5564	4.0877	7.3017	11.3894
1204831PIP	2011	13	160	7.2	6.2	6.8305	1.2812	2.6883	1.7007	4.3891	8.1117	12.5007
1204831PIP	2011	13	163	3.0	3.1	0.7557	0.1798	0.7794	0.2744	1.0537	0.9355	1.9892
1204831PIP	2011	13	165	9.6	7.9	14.0811	2.4425	4.0382	3.0974	7.1356	16.5235	23.6591
1204831PIP	2011	13	166	4.3	4.1	1.8685	0.4032	1.2968	0.5809	1.8777	2.2717	4.1494
1204831PIP	2011	13	168	7.8	6.6	8.3535	1.5331	3.0106	2.0095	5.02	9.8866	14.9066
1204831PIP	2011	13	169	6.8	5.9	5.916	1.127	2.4796	1.5098	3.9893	7.043	11.0323
1204831PIP	2011	13	171	3.5	3.5	1.1135	0.2541	0.9692	0.3783	1.3475	1.3676	2.7151
1204831PIP	2011	13	172	3.2	3.3	0.8888	0.2078	0.8539	0.3139	1.1677	1.0967	2.2644
1204831PIP	2011	13	174	8.3	7.0	9.7662	1.7623	3.2871	2.2872	5.5743	11.5285	17.1028
1204831PIP	2011	13	175	5.8	5.2	3.9656	0.7888	1.98	1.0838	3.0638	4.7544	7.8183
1204831PIP	2011	13	178	4.9	4.5	2.5951	0.5404	1.5599	0.7627	2.3226	3.1355	5.4581
1204831PIP	2011	13	180	3.2	3.3	0.8888	0.2078	0.8539	0.3139	1.1677	1.0967	2.2644
1204831PIP	2011	74	183	5.4	7.5	3.9303	0.9535	0.4081	0.562	0.9701	4.8838	5.8539
1204831PIP	2011	13	185	4.7	4.4	2.3369	0.4922	1.4706	0.6992	2.1699	2.8291	4.999
1204831PIP	2011	13	186	4.0	3.9	1.5578	0.3428	1.1707	0.4997	1.6704	1.9006	3.571
1204831PIP	2011	13	188	5.7	5.1	3.7959	0.7587	1.9319	1.0452	2.9772	4.5546	7.5317
1204831PIP	2011	13	189	6.7	5.9	5.6997	1.0902	2.4281	1.4639	3.892	6.7898	10.6818
1204831PIP	2011	13	191	3.1	3.2	0.8206	0.1935	0.8164	0.2938	1.1101	1.0142	2.1243
1204831PIP	2011	13	192	4.1	3.9	1.6576	0.3623	1.2123	0.526	1.7384	2.02	3.7583
1204831PIP	2011	13	194	3.9	3.8	1.4617	0.3239	1.1295	0.474	1.6035	1.7856	3.3891
1204831PIP	2011	13	195	14.2	10.8	37.6858	5.877	7.0249	7.0032	14.0281	43.5629	57.591
1204831PIP	2011	13	198	9.2	7.6	12.6519	2.2201	3.8023	2.8345	6.6368	14.872	21.5088
1204831PIP	2011	13	200	3.7	3.6	1.2805	0.2878	1.0485	0.4247	1.4732	1.5683	3.0415
1204831PIP	2011	13	201	2.9	3.1	0.6939	0.1666	0.7429	0.2556	0.9985	0.8606	1.8591
1204831PIP	2011	13	203	7.5	6.4	7.5689	1.404	2.8481	1.8518	4.6999	8.9729	13.6728
1204831PIP	2011	13	205	13.3	10.2	31.9645	5.0743	6.4035	6.11	12.5135	37.0388	49.5524
1204831PIP	2011	13	206	3.2	3.3	0.8888	0.2078	0.8539	0.3139	1.1677	1.0967	2.2644
1204831PIP	2011	13	208	3.0	3.1	0.7557	0.1798	0.7794	0.2744	1.0537	0.9355	1.9892
1204831PIP	2011	13	209	3.1	3.2	0.8206	0.1935	0.8164	0.2938	1.1101	1.0142	2.1243
1204831PIP	2011	13	211	3.4	3.4	1.0352	0.2381	0.9303	0.3561	1.2864	1.2733	2.5597
1204831PIP	2011	13	212	5.4	4.9	3.3134	0.672	1.7897	0.9339	2.7236	3.9854	6.7089
1204831PIP	2011	13	214	3.0	3.1	0.7557	0.1798	0.7794	0.2744	1.0537	0.9355	1.9892
1204831PIP	2011	13	215	6.0	5.3	4.3185	0.8512	2.0773	1.1631	3.2404	5.1697	8.4101
1204831PIP	2011	13	218	4.8	4.5	2.464	0.516	1.5151	0.7306	2.2457	2.98	5.2257
1204831PIP	2011	13	220	7.0	6.1	6.3634	1.2027	2.5833	1.6038	4.1871	7.5661	11.7532
1204831PIP	2011	13	223	5.0	4.6	2.7303	0.5655	1.6051	0.7955	2.4006	3.2958	5.6964
1204831PIP	2011	13	226	6.1	5.4	4.5018	0.8833	2.1264	1.2039	3.3303	5.3851	8.7154
1204851PIP	2011	13	1	4.3	4.3	1.8685	0.4032	1.2968	0.5809	1.8777	2.2717	4.1494
1204851PIP	2011	13	2	10.4	8.9	17.2208	2.9228	4.5222	3.6597	8.1818	20.1435	28.3254
1204851PIP	2011	13	4	3.6	3.7	1.1952	0.2707	1.0086	0.4012	1.4098	1.4659	2.8757
1204851PIP	2011	13	5	3.6	3.7	1.1952	0.2707	1.0086	0.4012	1.4098	1.4659	2.8757
1204851PIP	2011	13	8	7.6	6.9	7.8253	1.4463	2.902	1.9036	4.8055	9.2716	14.0772
1204851PIP	2011	13	11	3.3	3.5	0.9603	0.2227	0.8918	0.3346	1.2265	1.183	2.4095
1204851PIP	2011	13	14	3.4	3.6	1.0352	0.2381	0.9303	0.3561	1.2864	1.2733	2.5597
1204851PIP	2011	13	16	3.4	3.6	1.0352	0.2381	0.9303	0.3561	1.2864	1.2733	2.5597
1204851PIP	2011	13	19	4.5	4.4	2.0948	0.4465	1.3829	0.6387	2.0216	2.5413	4.5629
1204851PIP	2011	13	21	3.5	3.6	1.1135	0.2541	0.9692	0.3783	1.3475	1.3676	2.7151
1204851PIP	2011	13	22	5.3	5.1	3.1612	0.6444	1.743	0.8982	2.6412	3.8056	6.4468
1204851PIP	2011	13	24	4.9	4.7	2.5951	0.5404	1.5599	0.7627	2.3226	3.1355	5.4581
1204851PIP	2011	13	25	8.4	7.5	10.0648	1.8103	3.3432	2.345	5.6883	11.8751	17.5634
1204851PIP	2011	13	27	3.0	3.3	0.7557	0.1798	0.7794	0.2744	1.0537	0.9355	1.9892
1204851PIP	2011	13	28	5.0	4.8	2.7303	0.5655	1.6051	0.7955	2.4006	3.2958	5.6964
1204851PIP	2011	13	30	3.0	3.3	0.7557	0.1798	0.7794	0.2744	1.0537	0.9355	1.9892
1204851PIP	2011	13	31	3.0	3.3	0.7557	0.1798	0.7794	0.2744	1.0537	0.9355	1.9892
1204851PIP	2011	13	34	5.3	5.1	3.1612	0.6444	1.743	0.8982	2.6412	3.8056	6.4468
1204851PIP	2011	13	36	4.8	4.7	2.464	0.516	1.5151	0.7306	2.2457	2.98	5.2257
1204851PIP	2011	13	37	6.4	5.9	5.0795	0.9837	2.2758	1.3306	3.6064	6.0632	9.6696
1204851PIP	2011	13	39	5.2	5.0	3.0134	0.6175	1.6967	0.8632	2.5599	3.6308	6.1907
1204851PIP	2011	13	42	6.6	6.1	5.4881	1.054	2.377	1.4187	3.7958	6.5422	10.3379
1204851PIP	2011	13	45	2.6	2.9	0.5273	0.1304	0.6366	0.2036	0.8402	0.6577	1.4979
1204851PIP	2011	13	48	12.5	10.3	27.3475	4.4152	5.8657	5.369	11.2347	31.7627	42.9974
1204851PIP	2011	13	50	3.1	3.3	0.8206	0.1935	0.8164	0.2938	1.1101	1.0142	2.1243
1204851PIP	2011	13	51	3.8	3.9	1.3693	0.3056	1.0888	0.449	1.5378	1.6749	3.2127
1204851PIP	2011	13	54	3.6	3.7	1.1952	0.2707	1.0086	0.4012	1.4098	1.4659	2.8757
1204851PIP	2011	13	56	2.7	3.0	0.5798	0.142	0.6715	0.2203	0.8918	0.7218	1.6135
1204851PIP	2011	13	57	2.7	3.0	0.5798	0.142	0.6715	0.2203	0.8918	0.7218	1.6135
1204851PIP	2011	13	59	2.6	2.9	0.5273	0.1304	0.6366	0.2036	0.8402	0.6577	1.4979
1204851PIP	2011	13	62	2.9	3.2	0.6939	0.1666	0.7429	0.2556	0.9985	0.8606	1.8591
1204851PIP	2011	13	64	2.8	3.1	0.6353	0.154	0.7069	0.2376	0.9445	0.7893	1.7339
1204851PIP	2011	13	68	7.3	6.6	7.0716	1.3214	2.7413	1.7503	4.4916	8.393	12.8846
1204851PIP	2011	13	70	2.5	2.9	0.4778	0.1195	0.6022	0.1876	0.7899	0.5972	1.3871
1204851PIP	2011	13	71	2.6	2.9	0.5273	0.1304	0.6366	0.2036	0.8402	0.6577	1.4979
1204851PIP	2011	13	82	7.5	6.8	7.5689	1.404	2.8481	1.8518	4.6999	8.9729	13.6728
1204851PIP	2011	25	84	15.3	11.6	49.5921	5.5121	4.633	9.4584	14.0914	55.1041	69.1956
1204851PIP	2011	13	85	14.0	11.3	36.3652	5.693	6.8854	6.7992	13.6846	42.0583	55.7429
1204851PIP	2011	13	87	4.8	4.7	2.464	0.516	1.5151	0.7306	2.2457	2.98	5.2257
1204851PIP	2011	25	88	5.6	6.3	4.2371	0.6605	1.0389	0.9706	2.0095	4.8977	6.9072
1204851PIP	2011	13	90	7.3	6.6	7.0716	1.3214	2.7413	1.7503	4.4916	8.393	12.8846
1204851PIP	2011	13	91	4.0	4.0	1.5578	0.3428	1.1707	0.4997	1.6704	1.9006	3.571
1204851PIP	2011	13	93	5.0	4.8	2.7303	0.5655	1.6051	0.7955	2.4006	3.2958	5.6964
1204851PIP	2011	13	94	4.8	4.7	2.464	0.516	1.5151	0.7306	2.2457	2.98	5.2257
1204851PIP	2011	13	97	3.1	3.3	0.8206	0.1935	0.8164	0.2938	1.1101	1.0142	2.1243
1204851PIP	2011	13	99	4.0	4.0	1.5578	0.3428	1.1707	0.4997	1.6704	1.9006	3.571
1204851PIP	2011	13	102	6.7	6.2	5.6997	1.0902	2.4281	1.4639	3.892	6.7898	10.6818
1204851PIP	2011	13	104	4.0	4.0	1.5578	0.3428	1.1707	0.4997	1.6704	1.9006	3.571
1204851PIP	2011	13	105	3.5	3.6	1.1135	0.2541	0.9692	0.3783	1.3475	1.3676	2.7151
1204851PIP	2011	13	107	3.0	3.3	0.7557	0.1798	0.7794	0.2744	1.0537	0.9355	1.9892
1204851PIP	2011	13	108	6.7	6.2	5.6997	1.0902	2.4281	1.4639	3.892	6.7898	10.6818
1204851PIP	2011	13	110	3.5	3.6	1.1135	0.2541	0.9692	0.3783	1.3475	1.3676	2.7151
1204851PIP	2011	13	111	5.0	4.8	2.7303	0.5655	1.6051	0.7955	2.4006	3.2958	5.6964
1204851PIP	2011	13	113	6.1	5.7	4.5018	0.8833	2.1264	1.2039	3.3303	5.3851	8.7154
1204851PIP	2011	13	114	3.1	3.3	0.8206	0.1935	0.8164	0.2938	1.1101	1.0142	2.1243
1204851PIP	2011	13	117	4.4	4.4	1.9797	0.4245	1.3397	0.6094	1.9491	2.4043	4.3534
1204851PIP	2011	13	119	3.6	3.7	1.1952	0.2707	1.0086	0.4012	1.4098	1.4659	2.8757
1204851PIP	2011	13	120	5.0	4.8	2.7303	0.5655	1.6051	0.7955	2.4006	3.2958	5.6964
1204851PIP	2011	13	122	4.1	4.1	1.6576	0.3623	1.2123	0.526	1.7384	2.02	3.7583
1204851PIP	2011	13	124	3.3	3.5	0.9603	0.2227	0.8918	0.3346	1.2265	1.183	2.4095
1204851PIP	2011	13	125	3.1	3.3	0.8206	0.1935	0.8164	0.2938	1.1101	1.0142	2.1243
1204851PIP	2011	13	127	9.9	8.5	15.214	2.617	4.2178	3.3025	7.5203	17.8309	25.3513
1204851PIP	2011	13	128	3.5	3.6	1.1135	0.2541	0.9692	0.3783	1.3475	1.3676	2.7151
1204851PIP	2011	13	130	3.2	3.4	0.8888	0.2078	0.8539	0.3139	1.1677	1.0967	2.2644
1204851PIP	2011	13	131	3.4	3.6	1.0352	0.2381	0.9303	0.3561	1.2864	1.2733	2.5597
1204851PIP	2011	13	133	4.7	4.6	2.3369	0.4922	1.4706	0.6992	2.1699	2.8291	4.999
1204851PIP	2011	13	134	5.9	5.5	4.1398	0.8197	2.0285	1.1231	3.1516	4.9595	8.1111
1204851PIP	2011	13	137	4.4	4.4	1.9797	0.4245	1.3397	0.6094	1.9491	2.4043	4.3534
1204851PIP	2011	13	139	2.9	3.2	0.6939	0.1666	0.7429	0.2556	0.9985	0.8606	1.8591
1204851PIP	2011	13	140	14.5	11.6	39.7201	6.1592	7.2357	7.3151	14.5508	45.8793	60.4301
1204851PIP	2011	13	142	4.4	4.4	1.9797	0.4245	1.3397	0.6094	1.9491	2.4043	4.3534
1204851PIP	2011	13	144	3.2	3.4	0.8888	0.2078	0.8539	0.3139	1.1677	1.0967	2.2644
1204851PIP	2011	13	145	11.7	9.8	23.1572	3.8065	5.3419	4.6778	10.0196	26.9637	36.9833
1204851PIP	2011	13	147	3.5	3.6	1.1135	0.2541	0.9692	0.3783	1.3475	1.3676	2.7151
1204851PIP	2011	13	148	2.6	2.9	0.5273	0.1304	0.6366	0.2036	0.8402	0.6577	1.4979
1204851PIP	2011	13	150	4.3	4.3	1.8685	0.4032	1.2968	0.5809	1.8777	2.2717	4.1494
1204851PIP	2011	13	151	6.1	5.7	4.5018	0.8833	2.1264	1.2039	3.3303	5.3851	8.7154
1204851PIP	2011	13	153	4.8	4.7	2.464	0.516	1.5151	0.7306	2.2457	2.98	5.2257
1204851PIP	2011	13	154	5.2	5.0	3.0134	0.6175	1.6967	0.8632	2.5599	3.6308	6.1907
1204851PIP	2011	13	157	7.1	6.5	6.5944	1.2416	2.6357	1.6519	4.2876	7.836	12.1236
1204851PIP	2011	13	160	4.0	4.0	1.5578	0.3428	1.1707	0.4997	1.6704	1.9006	3.571
1204851PIP	2011	13	162	4.6	4.5	2.2139	0.469	1.4266	0.6686	2.0952	2.6829	4.7781
1204851PIP	2011	13	165	3.5	3.6	1.1135	0.2541	0.9692	0.3783	1.3475	1.3676	2.7151
1204851PIP	2011	13	167	5.3	5.1	3.1612	0.6444	1.743	0.8982	2.6412	3.8056	6.4468
1204851PIP	2011	13	168	2.6	2.9	0.5273	0.1304	0.6366	0.2036	0.8402	0.6577	1.4979
1204851PIP	2011	13	170	3.0	3.3	0.7557	0.1798	0.7794	0.2744	1.0537	0.9355	1.9892
1204851PIP	2011	13	171	8.2	7.3	9.473	1.7151	3.2312	2.2302	5.4614	11.188	16.6494
1204851PIP	2011	13	173	5.3	5.1	3.1612	0.6444	1.743	0.8982	2.6412	3.8056	6.4468
1204851PIP	2011	13	174	4.1	4.1	1.6576	0.3623	1.2123	0.526	1.7384	2.02	3.7583
1204851PIP	2011	13	176	3.7	3.8	1.2805	0.2878	1.0485	0.4247	1.4732	1.5683	3.0415
1204851PIP	2011	13	177	2.8	3.1	0.6353	0.154	0.7069	0.2376	0.9445	0.7893	1.7339
1204851PIP	2011	13	180	5.4	5.1	3.3134	0.672	1.7897	0.9339	2.7236	3.9854	6.7089
1204851PIP	2011	13	182	5.1	4.9	2.8698	0.5912	1.6507	0.829	2.4797	3.4609	5.9406
1204851PIP	2011	13	188	3.4	3.6	1.0352	0.2381	0.9303	0.3561	1.2864	1.2733	2.5597
1204851PIP	2011	13	190	7.3	6.6	7.0716	1.3214	2.7413	1.7503	4.4916	8.393	12.8846
1204851PIP	2011	13	191	5.4	5.1	3.3134	0.672	1.7897	0.9339	2.7236	3.9854	6.7089
1204851PIP	2011	13	193	3.9	4.0	1.4617	0.3239	1.1295	0.474	1.6035	1.7856	3.3891
1204871PIP	2011	13	3	7.7	7.3	8.0868	1.4894	2.9561	1.9562	4.9123	9.5762	14.4884
1204871PIP	2011	13	7	4.7	4.8	2.3369	0.4922	1.4706	0.6992	2.1699	2.8291	4.999
1204871PIP	2011	38	9	18.3	15.2	85.5982	14.6861	6.3303	22.5748	28.9051	100.2844	129.1895
1204871PIP	2011	38	10	18.9	15.4	92.7957	15.8711	6.6732	24.513	31.1862	108.6668	139.853
1204871PIP	2011	13	12	4.0	4.2	1.5578	0.3428	1.1707	0.4997	1.6704	1.9006	3.571
1204871PIP	2011	13	14	21.3	15.8	104.4707	14.592	12.4648	16.3025	28.7673	119.0627	147.83
1204871PIP	2011	13	18	6.1	6.0	4.5018	0.8833	2.1264	1.2039	3.3303	5.3851	8.7154
1204871PIP	2011	13	20	14.1	11.9	37.022	5.7846	6.955	6.9008	13.8559	42.8066	56.6625
1204871PIP	2011	13	23	7.6	7.2	7.8253	1.4463	2.902	1.9036	4.8055	9.2716	14.0772
1204871PIP	2011	13	24	3.2	3.5	0.8888	0.2078	0.8539	0.3139	1.1677	1.0967	2.2644
1204871PIP	2011	13	27	7.4	7.0	7.3177	1.3624	2.7945	1.8007	4.5952	8.6801	13.2753
1204871PIP	2011	74	32	21.4	20.9	118.7215	25.7939	3.8525	18.0965	21.9491	144.5154	166.4645
1204871PIP	2011	38	34	15.4	14.5	55.5833	9.6979	4.7743	14.5315	19.3058	65.2812	84.587
1204871PIP	2011	13	35	4.6	4.7	2.2139	0.469	1.4266	0.6686	2.0952	2.6829	4.7781
1204891PIP	2011	13	45	13.0	11.8	30.1823	4.8212	6.2002	5.8263	12.0265	35.0035	47.03
1204891PIP	2011	13	46	14.3	12.7	38.3568	5.9703	7.0949	7.1064	14.2013	44.327	58.5284
1204891PIP	2011	13	49	2.5	3.1	0.4778	0.1195	0.6022	0.1876	0.7899	0.5972	1.3871
1204891PIP	2011	13	52	3.4	3.9	1.0352	0.2381	0.9303	0.3561	1.2864	1.2733	2.5597
1204891PIP	2011	13	55	16.5	14.1	54.9699	8.2297	8.6865	9.5755	18.262	63.1997	81.4616
1204891PIP	2011	13	57	15.3	13.4	45.4634	6.9476	7.8067	8.1813	15.988	52.411	68.399
1204891PIP	2011	13	62	17.7	14.9	65.5838	9.6332	9.5933	11.084	20.6772	75.217	95.8943
1204891PIP	2011	13	63	11.8	10.9	23.6581	3.8799	5.4065	4.7615	10.168	27.538	37.706
1204891PIP	2011	13	65	13.1	11.9	30.7695	4.9048	6.2678	5.9201	12.1878	35.6743	47.8621
1204891PIP	2011	13	66	9.7	9.3	14.4528	2.4999	4.0978	3.165	7.2628	16.9527	24.2155
1204891PIP	2011	13	68	5.2	5.5	3.0134	0.6175	1.6967	0.8632	2.5599	3.6308	6.1907
1204891PIP	2011	13	69	6.9	6.9	6.1372	1.1645	2.5313	1.5564	4.0877	7.3017	11.3894
1204891PIP	2011	13	72	4.2	4.6	1.7612	0.3825	1.2543	0.5531	1.8075	2.1436	3.9511
1204891PIP	2011	13	75	5.3	5.5	3.1612	0.6444	1.743	0.8982	2.6412	3.8056	6.4468
1204891PIP	2011	13	77	5.5	5.7	3.4698	0.7002	1.8368	0.9703	2.807	4.1701	6.9771
1204891PIP	2011	13	78	13.8	12.4	35.073	5.5122	6.7467	6.5984	13.3451	40.5852	53.9302
1204891PIP	2011	13	82	6.6	6.7	5.4881	1.054	2.377	1.4187	3.7958	6.5422	10.3379
1204891PIP	2011	13	85	2.6	3.2	0.5273	0.1304	0.6366	0.2036	0.8402	0.6577	1.4979
1204891PIP	2011	13	86	4.7	5.0	2.3369	0.4922	1.4706	0.6992	2.1699	2.8291	4.999
1204891PIP	2011	13	88	11.4	10.6	21.6929	3.5911	5.1492	4.4313	9.5805	25.2839	34.8644
1204891PIP	2011	13	89	2.9	3.4	0.6939	0.1666	0.7429	0.2556	0.9985	0.8606	1.8591
1204891PIP	2011	13	91	3.4	3.9	1.0352	0.2381	0.9303	0.3561	1.2864	1.2733	2.5597
1204891PIP	2011	13	92	2.7	3.2	0.5798	0.142	0.6715	0.2203	0.8918	0.7218	1.6135
1204891PIP	2011	13	95	7.8	7.7	8.3535	1.5331	3.0106	2.0095	5.02	9.8866	14.9066
1204891PIP	2011	13	97	12.7	11.6	28.4612	4.5752	5.9988	5.5496	11.5484	33.0365	44.5849
1204891PIP	2011	13	98	11.9	11.0	24.1655	3.954	5.4715	4.8459	10.3174	28.1195	38.4369
1204891PIP	2011	13	100	2.7	3.2	0.5798	0.142	0.6715	0.2203	0.8918	0.7218	1.6135
1204891PIP	2011	13	114	4.2	4.6	1.7612	0.3825	1.2543	0.5531	1.8075	2.1436	3.9511
1204891PIP	2011	13	115	3.8	4.2	1.3693	0.3056	1.0888	0.449	1.5378	1.6749	3.2127
1204901PIP	2011	25	1	2.6	3.2	0.6479	0.1308	0.3318	0.1707	0.5025	0.7787	1.2812
1204901PIP	2011	25	2	6.1	5.6	5.2237	0.7912	1.1798	1.1781	2.3579	6.0149	8.3728
1204901PIP	2011	25	4	2.6	3.2	0.6479	0.1308	0.3318	0.1707	0.5025	0.7787	1.2812
1204901PIP	2011	25	5	2.6	3.2	0.6479	0.1308	0.3318	0.1707	0.5025	0.7787	1.2812
1204901PIP	2011	25	7	3.7	4.0	1.5366	0.2754	0.5608	0.3796	0.9404	1.812	2.7524
1204901PIP	2011	25	8	3.5	3.9	1.3412	0.2449	0.5163	0.3347	0.8511	1.5861	2.4372
1204901PIP	2011	25	11	3.7	4.0	1.5366	0.2754	0.5608	0.3796	0.9404	1.812	2.7524
1204901PIP	2011	25	14	6.1	5.6	5.2237	0.7912	1.1798	1.1781	2.3579	6.0149	8.3728
1204901PIP	2011	13	16	3.1	3.5	0.8206	0.1935	0.8164	0.2938	1.1101	1.0142	2.1243
1204901PIP	2011	13	19	3.1	3.5	0.8206	0.1935	0.8164	0.2938	1.1101	1.0142	2.1243
1204901PIP	2011	25	21	10.8	7.9	21.1439	2.6424	2.7596	4.297	7.0566	23.7863	30.843
1204901PIP	2011	25	22	4.6	4.6	2.6181	0.4361	0.7753	0.6216	1.397	3.0541	4.4511
1204901PIP	2011	13	24	2.6	3.0	0.5273	0.1304	0.6366	0.2036	0.8402	0.6577	1.4979
1204901PIP	2011	25	25	4.3	4.4	2.2197	0.3782	0.7013	0.5336	1.2349	2.5979	3.8328
1204901PIP	2011	25	28	7.6	6.4	8.9469	1.2585	1.6362	1.9385	3.5748	10.2054	13.7802
1204901PIP	2011	25	31	2.5	3.2	0.5886	0.1204	0.313	0.1562	0.4692	0.709	1.1782
1204901PIP	2011	25	34	2.5	3.2	0.5886	0.1204	0.313	0.1562	0.4692	0.709	1.1782
1204901PIP	2011	25	36	3.4	3.8	1.2493	0.2304	0.4945	0.3134	0.808	1.4797	2.2877
1204901PIP	2011	25	39	3.0	3.5	0.9197	0.1769	0.4105	0.2361	0.6466	1.0966	1.7432
1204911PIP	2011	13	1	3.8	3.8	1.3693	0.3056	1.0888	0.449	1.5378	1.6749	3.2127
1204911PIP	2011	13	2	6.4	5.8	5.0795	0.9837	2.2758	1.3306	3.6064	6.0632	9.6696
1204911PIP	2011	13	4	7.4	6.5	7.3177	1.3624	2.7945	1.8007	4.5952	8.6801	13.2753
1204911PIP	2011	25	5	4.0	4.2	1.8596	0.3247	0.6298	0.4529	1.0827	2.1843	3.267
1204911PIP	2011	13	7	6.1	5.6	4.5018	0.8833	2.1264	1.2039	3.3303	5.3851	8.7154
1204911PIP	2011	25	8	3.9	4.1	1.7479	0.3078	0.6065	0.4277	1.0342	2.0556	3.0899
1204911PIP	2011	13	10	2.8	3.0	0.6353	0.154	0.7069	0.2376	0.9445	0.7893	1.7339
1204911PIP	2011	13	11	3.2	3.3	0.8888	0.2078	0.8539	0.3139	1.1677	1.0967	2.2644
1204911PIP	2011	22	14	2.6	2.6	0.5414	0.0884	0.2601	0.2132	0.4732	0.6298	1.103
1204911PIP	2011	13	16	5.9	5.4	4.1398	0.8197	2.0285	1.1231	3.1516	4.9595	8.1111
1204911PIP	2011	13	17	6.1	5.6	4.5018	0.8833	2.1264	1.2039	3.3303	5.3851	8.7154
1204911PIP	2011	13	19	5.5	5.1	3.4698	0.7002	1.8368	0.9703	2.807	4.1701	6.9771
1204911PIP	2011	13	21	5.2	4.9	3.0134	0.6175	1.6967	0.8632	2.5599	3.6308	6.1907
1204911PIP	2011	13	22	4.2	4.1	1.7612	0.3825	1.2543	0.5531	1.8075	2.1436	3.9511
1204911PIP	2011	13	24	5.2	4.9	3.0134	0.6175	1.6967	0.8632	2.5599	3.6308	6.1907
1204911PIP	2011	13	25	2.8	3.0	0.6353	0.154	0.7069	0.2376	0.9445	0.7893	1.7339
1204911PIP	2011	25	27	6.8	5.9	6.8147	0.9952	1.3867	1.5068	2.8935	7.8098	10.7034
1204911PIP	2011	13	28	2.7	3.0	0.5798	0.142	0.6715	0.2203	0.8918	0.7218	1.6135
1204911PIP	2011	13	30	3.5	3.6	1.1135	0.2541	0.9692	0.3783	1.3475	1.3676	2.7151
1204911PIP	2011	13	31	4.0	4.0	1.5578	0.3428	1.1707	0.4997	1.6704	1.9006	3.571
1204911PIP	2011	13	34	3.5	3.6	1.1135	0.2541	0.9692	0.3783	1.3475	1.3676	2.7151
1204911PIP	2011	13	36	2.6	2.9	0.5273	0.1304	0.6366	0.2036	0.8402	0.6577	1.4979
1204911PIP	2011	13	37	8.5	7.3	10.3688	1.859	3.3997	2.4036	5.8032	12.2278	18.0311
1204911PIP	2011	13	39	7.1	6.3	6.5944	1.2416	2.6357	1.6519	4.2876	7.836	12.1236
1204911PIP	2011	13	41	6.4	5.8	5.0795	0.9837	2.2758	1.3306	3.6064	6.0632	9.6696
1204911PIP	2011	13	42	3.9	3.9	1.4617	0.3239	1.1295	0.474	1.6035	1.7856	3.3891
1204911PIP	2011	13	44	5.8	5.3	3.9656	0.7888	1.98	1.0838	3.0638	4.7544	7.8183
1204911PIP	2011	13	45	2.7	3.0	0.5798	0.142	0.6715	0.2203	0.8918	0.7218	1.6135
1204911PIP	2011	13	47	4.1	4.0	1.6576	0.3623	1.2123	0.526	1.7384	2.02	3.7583
1204911PIP	2011	13	48	8.1	7.0	9.1851	1.6685	3.1756	2.1739	5.3495	10.8537	16.2032
1204911PIP	2011	13	51	8.9	7.6	11.6399	2.061	3.6281	2.6453	6.2734	13.7009	19.9743
1204911PIP	2011	25	54	8.1	6.6	10.4568	1.4397	1.7989	2.2395	4.0384	11.8965	15.9349
1204911PIP	2011	13	59	6.8	6.1	5.916	1.127	2.4796	1.5098	3.9893	7.043	11.0323
1204911PIP	2011	13	62	6.8	6.1	5.916	1.127	2.4796	1.5098	3.9893	7.043	11.0323
1204911PIP	2011	13	64	7.2	6.4	6.8305	1.2812	2.6883	1.7007	4.3891	8.1117	12.5007
1204911PIP	2011	13	65	2.9	3.1	0.6939	0.1666	0.7429	0.2556	0.9985	0.8606	1.8591
1204911PIP	2011	13	67	3.0	3.2	0.7557	0.1798	0.7794	0.2744	1.0537	0.9355	1.9892
1204911PIP	2011	13	68	6.4	5.8	5.0795	0.9837	2.2758	1.3306	3.6064	6.0632	9.6696
1204911PIP	2011	13	70	5.1	4.8	2.8698	0.5912	1.6507	0.829	2.4797	3.4609	5.9406
1204911PIP	2011	13	71	3.4	3.5	1.0352	0.2381	0.9303	0.3561	1.2864	1.2733	2.5597
1204911PIP	2011	13	73	3.1	3.3	0.8206	0.1935	0.8164	0.2938	1.1101	1.0142	2.1243
1204911PIP	2011	13	74	2.5	2.8	0.4778	0.1195	0.6022	0.1876	0.7899	0.5972	1.3871
1204911PIP	2011	13	79	4.9	4.6	2.5951	0.5404	1.5599	0.7627	2.3226	3.1355	5.4581
1204911PIP	2011	25	82	4.9	4.8	3.0559	0.4983	0.8517	0.7173	1.569	3.5542	5.1232
1204911PIP	2011	13	84	5.5	5.1	3.4698	0.7002	1.8368	0.9703	2.807	4.1701	6.9771
1204911PIP	2011	13	85	2.6	2.9	0.5273	0.1304	0.6366	0.2036	0.8402	0.6577	1.4979
1204911PIP	2011	25	87	7.9	6.5	9.8361	1.3657	1.7332	2.1162	3.8494	11.2018	15.0512
1204911PIP	2011	13	88	5.8	5.3	3.9656	0.7888	1.98	1.0838	3.0638	4.7544	7.8183
1204911PIP	2011	13	90	3.1	3.3	0.8206	0.1935	0.8164	0.2938	1.1101	1.0142	2.1243
1204911PIP	2011	13	91	8.9	7.6	11.6399	2.061	3.6281	2.6453	6.2734	13.7009	19.9743
1204911PIP	2011	13	93	4.7	4.5	2.3369	0.4922	1.4706	0.6992	2.1699	2.8291	4.999
1204911PIP	2011	13	94	4.5	4.3	2.0948	0.4465	1.3829	0.6387	2.0216	2.5413	4.5629
1204911PIP	2011	13	97	10.4	8.7	17.2208	2.9228	4.5222	3.6597	8.1818	20.1435	28.3254
1204911PIP	2011	22	99	3.6	3.0	1.1122	0.1775	0.4563	0.4003	0.8567	1.2897	2.1463
1204911PIP	2011	13	100	4.1	4.0	1.6576	0.3623	1.2123	0.526	1.7384	2.02	3.7583
1204911PIP	2011	13	102	6.9	6.2	6.1372	1.1645	2.5313	1.5564	4.0877	7.3017	11.3894
1204911PIP	2011	13	104	7.2	6.4	6.8305	1.2812	2.6883	1.7007	4.3891	8.1117	12.5007
1204911PIP	2011	13	105	3.9	3.9	1.4617	0.3239	1.1295	0.474	1.6035	1.7856	3.3891
1204911PIP	2011	13	107	2.6	2.9	0.5273	0.1304	0.6366	0.2036	0.8402	0.6577	1.4979
1204911PIP	2011	25	108	6.5	5.8	6.1022	0.9047	1.2967	1.3604	2.6571	7.0069	9.664
1204911PIP	2011	13	110	4.5	4.3	2.0948	0.4465	1.3829	0.6387	2.0216	2.5413	4.5629
1204911PIP	2011	13	111	5.1	4.8	2.8698	0.5912	1.6507	0.829	2.4797	3.4609	5.9406
1204911PIP	2011	13	113	2.9	3.1	0.6939	0.1666	0.7429	0.2556	0.9985	0.8606	1.8591
1204911PIP	2011	13	114	4.3	4.2	1.8685	0.4032	1.2968	0.5809	1.8777	2.2717	4.1494
1204911PIP	2011	13	119	5.1	4.8	2.8698	0.5912	1.6507	0.829	2.4797	3.4609	5.9406
1204911PIP	2011	13	120	6.0	5.5	4.3185	0.8512	2.0773	1.1631	3.2404	5.1697	8.4101
1204911PIP	2011	25	124	4.0	4.2	1.8596	0.3247	0.6298	0.4529	1.0827	2.1843	3.267
1204911PIP	2011	13	125	6.4	5.8	5.0795	0.9837	2.2758	1.3306	3.6064	6.0632	9.6696
1204911PIP	2011	13	127	4.7	4.5	2.3369	0.4922	1.4706	0.6992	2.1699	2.8291	4.999
1204911PIP	2011	13	128	4.4	4.3	1.9797	0.4245	1.3397	0.6094	1.9491	2.4043	4.3534
1204911PIP	2011	13	130	5.4	5.0	3.3134	0.672	1.7897	0.9339	2.7236	3.9854	6.7089
1204911PIP	2011	25	131	5.2	5.0	3.5343	0.5649	0.9304	0.8206	1.7511	4.0991	5.8502
1204911PIP	2011	13	133	6.9	6.2	6.1372	1.1645	2.5313	1.5564	4.0877	7.3017	11.3894
1204911PIP	2011	13	134	3.6	3.6	1.1952	0.2707	1.0086	0.4012	1.4098	1.4659	2.8757
1204911PIP	2011	13	137	5.5	5.1	3.4698	0.7002	1.8368	0.9703	2.807	4.1701	6.9771
1204911PIP	2011	22	140	2.8	2.7	0.6379	0.1036	0.2956	0.2461	0.5417	0.7415	1.2831
1204911PIP	2011	13	142	2.7	3.0	0.5798	0.142	0.6715	0.2203	0.8918	0.7218	1.6135
1204911PIP	2011	13	147	3.0	3.2	0.7557	0.1798	0.7794	0.2744	1.0537	0.9355	1.9892
1204911PIP	2011	13	148	7.0	6.2	6.3634	1.2027	2.5833	1.6038	4.1871	7.5661	11.7532
1204911PIP	2011	13	150	4.1	4.0	1.6576	0.3623	1.2123	0.526	1.7384	2.02	3.7583
1204911PIP	2011	13	153	3.0	3.2	0.7557	0.1798	0.7794	0.2744	1.0537	0.9355	1.9892
1204911PIP	2011	13	154	3.8	3.8	1.3693	0.3056	1.0888	0.449	1.5378	1.6749	3.2127
1204911PIP	2011	13	156	9.5	8.1	13.7151	2.3858	3.9788	3.0306	7.0094	16.1009	23.1103
1204911PIP	2011	13	157	3.7	3.7	1.2805	0.2878	1.0485	0.4247	1.4732	1.5683	3.0415
1204911PIP	2011	25	160	5.5	5.2	4.0543	0.6359	1.0114	0.9318	1.9432	4.6902	6.6334
1204911PIP	2011	13	162	4.9	4.6	2.5951	0.5404	1.5599	0.7627	2.3226	3.1355	5.4581
1204911PIP	2011	13	165	3.3	3.4	0.9603	0.2227	0.8918	0.3346	1.2265	1.183	2.4095
1204911PIP	2011	13	167	4.4	4.3	1.9797	0.4245	1.3397	0.6094	1.9491	2.4043	4.3534
1204911PIP	2011	25	168	6.6	5.8	6.3345	0.9344	1.3265	1.4083	2.7348	7.2689	10.0037
1204911PIP	2011	13	170	3.8	3.8	1.3693	0.3056	1.0888	0.449	1.5378	1.6749	3.2127
1204911PIP	2011	25	171	6.1	5.5	5.2237	0.7912	1.1798	1.1781	2.3579	6.0149	8.3728
1204911PIP	2011	13	173	5.7	5.3	3.7959	0.7587	1.9319	1.0452	2.9772	4.5546	7.5317
1204911PIP	2011	13	174	5.2	4.9	3.0134	0.6175	1.6967	0.8632	2.5599	3.6308	6.1907
1204911PIP	2011	13	176	5.8	5.3	3.9656	0.7888	1.98	1.0838	3.0638	4.7544	7.8183
1204911PIP	2011	25	177	2.6	3.2	0.6479	0.1308	0.3318	0.1707	0.5025	0.7787	1.2812
1204921PIP	2011	25	2	2.6	2.7	0.6479	0.1308	0.3318	0.1707	0.5025	0.7787	1.2812
1204921PIP	2011	13	4	3.2	3.4	0.8888	0.2078	0.8539	0.3139	1.1677	1.0967	2.2644
1204921PIP	2011	25	5	2.7	2.8	0.7106	0.1416	0.351	0.1859	0.5369	0.8522	1.3892
1204921PIP	2011	13	7	4.2	4.2	1.7612	0.3825	1.2543	0.5531	1.8075	2.1436	3.9511
1204921PIP	2011	25	9	3.7	3.3	1.5366	0.2754	0.5608	0.3796	0.9404	1.812	2.7524
1204921PIP	2011	25	10	2.5	2.7	0.5886	0.1204	0.313	0.1562	0.4692	0.709	1.1782
1204921PIP	2011	25	12	3.4	3.2	1.2493	0.2304	0.4945	0.3134	0.808	1.4797	2.2877
1204921PIP	2011	25	13	4.7	3.8	2.7596	0.4563	0.8005	0.6527	1.4532	3.2159	4.6691
1204921PIP	2011	13	15	4.5	4.4	2.0948	0.4465	1.3829	0.6387	2.0216	2.5413	4.5629
1204921PIP	2011	25	16	3.1	3.0	0.9965	0.1896	0.4311	0.2543	0.6853	1.1861	1.8714
1204921PIP	2011	25	18	3.2	3.1	1.077	0.2027	0.4519	0.2732	0.7251	1.2798	2.0049
1204921PIP	2011	25	19	2.6	2.7	0.6479	0.1308	0.3318	0.1707	0.5025	0.7787	1.2812
1204921PIP	2011	25	22	2.9	2.9	0.8464	0.1647	0.3903	0.2186	0.609	1.0111	1.6201
1204921PIP	2011	25	24	6.0	4.4	5.0166	0.7641	1.1512	1.1348	2.286	5.7806	8.0666
1204921PIP	2011	25	25	3.3	3.1	1.1613	0.2163	0.4731	0.293	0.766	1.3776	2.1436
1204921PIP	2011	25	27	3.3	3.1	1.1613	0.2163	0.4731	0.293	0.766	1.3776	2.1436
1204921PIP	2011	13	30	2.6	2.9	0.5273	0.1304	0.6366	0.2036	0.8402	0.6577	1.4979
1204921PIP	2011	25	32	3.4	3.2	1.2493	0.2304	0.4945	0.3134	0.808	1.4797	2.2877
1204921PIP	2011	13	33	4.1	4.1	1.6576	0.3623	1.2123	0.526	1.7384	2.02	3.7583
1204921PIP	2011	25	35	2.8	2.8	0.7768	0.1529	0.3705	0.2019	0.5724	0.9297	1.5021
1204921PIP	2011	25	36	3.4	3.2	1.2493	0.2304	0.4945	0.3134	0.808	1.4797	2.2877
1204921PIP	2011	13	38	3.5	3.6	1.1135	0.2541	0.9692	0.3783	1.3475	1.3676	2.7151
1204921PIP	2011	25	39	2.6	2.7	0.6479	0.1308	0.3318	0.1707	0.5025	0.7787	1.2812
1204921PIP	2011	13	42	4.4	4.3	1.9797	0.4245	1.3397	0.6094	1.9491	2.4043	4.3534
1204921PIP	2011	25	45	3.0	3.0	0.9197	0.1769	0.4105	0.2361	0.6466	1.0966	1.7432
1204931PIP	2011	22	1	8.5	6.9	7.4395	1.119	2.0135	2.1137	4.1272	8.5585	12.6858
1204931PIP	2011	22	4	19.0	11.6	44.0868	6.2738	8.0822	10.0371	18.1193	50.3606	68.4799
1204931PIP	2011	22	6	5.6	5.3	2.9556	0.4575	0.9791	0.942	1.9211	3.4131	5.3342
1204931PIP	2011	25	7	22.9	18.7	133.0691	12.913	8.4409	23.5806	32.0215	145.9821	178.0036
1204931PIP	2011	22	9	15.9	10.4	29.7295	4.2829	5.9412	7.1087	13.0499	34.0125	47.0624
1204931PIP	2011	22	12	2.6	3.3	0.5414	0.0884	0.2601	0.2132	0.4732	0.6298	1.103
1204931PIP	2011	22	13	5.3	5.1	2.6167	0.4066	0.8902	0.8467	1.737	3.0233	4.7602
1204931PIP	2011	22	15	18.7	11.5	42.5617	6.0634	7.863	9.7324	17.5954	48.6251	66.2205
1204931PIP	2011	22	16	8.5	6.9	7.4395	1.119	2.0135	2.1137	4.1272	8.5585	12.6858
1204931PIP	2011	22	19	21.9	12.5	60.3635	8.5064	10.3305	13.2155	23.5459	68.8698	92.4158
1204931PIP	2011	22	21	13.2	9.3	19.697	2.8742	4.3075	4.9575	9.265	22.5712	31.8362
1204931PIP	2011	22	22	11.2	8.3	13.6947	2.0211	3.2429	3.6063	6.8493	15.7158	22.5651
1204931PIP	2011	22	26	19.6	11.8	47.2256	6.7061	8.5283	10.66	19.1883	53.9317	73.1199
1204931PIP	2011	22	27	9.0	7.2	8.4422	1.2648	2.2225	2.3612	4.5837	9.7071	14.2907
1204931PIP	2011	22	29	11.0	8.2	13.1596	1.9445	3.1435	3.4827	6.6262	15.1041	21.7303
1204931PIP	2011	13	30	13.7	11.3	34.4373	5.423	6.6776	6.4992	13.1768	39.8604	53.0371
1204931PIP	2011	13	32	8.1	7.4	9.1851	1.6685	3.1756	2.1739	5.3495	10.8537	16.2032
1204931PIP	2011	13	33	20.1	14.8	90.2954	12.8124	11.4833	14.4469	25.9302	103.1078	129.038
1204931PIP	2011	22	35	22.1	12.6	61.5897	8.6737	10.494	13.4502	23.9442	70.2634	94.2076
1204931PIP	2011	22	36	14.6	9.9	24.6174	3.5674	5.1271	6.0262	11.1533	28.1848	39.3381
1204931PIP	2011	22	39	9.5	7.5	9.5148	1.4202	2.4401	2.6218	5.0619	10.9351	15.997
1204931PIP	2011	22	41	9.7	7.6	9.9636	1.4851	2.5296	2.7298	5.2593	11.4487	16.708
1204931PIP	2011	22	42	3.5	3.9	1.045	0.1671	0.4347	0.3791	0.8137	1.2121	2.0258
1204931PIP	2011	22	44	7.4	6.3	5.4753	0.8315	1.5847	1.6162	3.2009	6.3067	9.5076
1204931PIP	2011	22	46	20.9	12.2	54.4344	7.6956	9.529	12.0718	21.6008	62.13	83.7308
1204931PIP	2011	25	47	20.4	18.0	100.2767	10.1169	7.1073	18.1481	25.2554	110.3936	135.649
1204931PIP	2011	22	49	29.9	14.6	120.2015	16.5792	17.6915	24.1533	41.8449	136.7807	178.6256
1204931PIP	2011	22	50	17.0	10.9	34.471	4.9431	6.6691	8.092	14.7611	39.4141	54.1753
1204931PIP	2011	22	52	8.9	7.2	8.2361	1.2349	2.18	2.3106	4.4906	9.471	13.9617
1204931PIP	2011	22	53	4.2	4.4	1.5641	0.247	0.5956	0.5396	1.1352	1.8111	2.9463
1204931PIP	2011	13	56	16.0	12.7	50.8767	7.6809	8.3166	8.9807	17.2973	58.5576	75.8549
1204931PIP	2011	13	59	10.5	9.2	17.6402	2.9862	4.5838	3.7334	8.3172	20.6264	28.9435
1204931PIP	2011	13	62	15.5	12.4	46.9727	7.153	7.9514	8.4058	16.3572	54.1257	70.4828
1204931PIP	2011	22	64	9.3	7.4	9.0773	1.3569	2.352	2.516	4.868	10.4343	15.3023
1204931PIP	2011	13	67	9.2	8.2	12.6519	2.2201	3.8023	2.8345	6.6368	14.872	21.5088
1204931PIP	2011	22	69	5.2	5.0	2.5087	0.3903	0.8614	0.8161	1.6775	2.899	4.5765
1204931PIP	2011	22	70	16.4	10.6	31.8371	4.5768	6.2677	7.548	13.8157	36.4139	50.2296
1204931PIP	2011	22	72	28.7	14.4	109.7889	15.1858	16.4827	22.3113	38.794	124.9747	163.7687
1204931PIP	2011	22	73	14.0	9.6	22.4351	3.2605	4.7685	5.5559	10.3243	25.6956	36.0199
1204931PIP	2011	22	75	23.4	13.0	69.8908	9.8041	11.5833	15.0247	26.608	79.6949	106.3029
1204931PIP	2011	22	76	17.0	10.9	34.471	4.9431	6.6691	8.092	14.7611	39.4141	54.1753
1204931PIP	2011	22	82	4.9	4.8	2.1997	0.3437	0.7774	0.7274	1.5047	2.5433	4.0481
1204931PIP	2011	22	84	10.0	7.7	10.658	1.5853	2.6662	2.8956	5.5619	12.2433	17.8052
1204931PIP	2011	13	89	13.1	10.9	30.7695	4.9048	6.2678	5.9201	12.1878	35.6743	47.8621
1204931PIP	2011	22	92	9.4	7.4	9.2947	1.3884	2.3959	2.5686	4.9645	10.6831	15.6476
1204931PIP	2011	13	93	10.1	8.9	15.9987	2.7371	4.3388	3.4431	7.7819	18.7358	26.5177
1204931PIP	2011	22	95	4.5	4.6	1.822	0.2863	0.671	0.6168	1.2878	2.1083	3.3961
1204931PIP	2011	22	98	22.5	12.7	64.0827	9.0137	10.8243	13.9257	24.75	73.0964	97.8464
1204931PIP	2011	22	99	15.1	10.1	26.5212	3.8343	5.4342	6.4323	11.8666	30.3555	42.2221
1204931PIP	2011	22	102	4.6	4.6	1.9128	0.3001	0.697	0.6436	1.3406	2.2129	3.5535
1204931PIP	2011	13	104	16.5	13.0	54.9699	8.2297	8.6865	9.5755	18.262	63.1997	81.4616
1204931PIP	2011	13	105	16.4	12.9	54.136	8.1183	8.6121	9.4549	18.0671	62.2543	80.3214
1204931PIP	2011	22	109	6.1	5.6	3.5711	0.5496	1.135	1.1117	2.2467	4.1207	6.3674
1204931PIP	2011	22	110	13.3	9.3	20.0286	2.9211	4.3641	5.0305	9.3945	22.9497	32.3442
1204931PIP	2011	22	112	21.5	12.4	57.9515	8.1769	10.0066	12.752	22.7586	66.1284	88.887
1204931PIP	2011	22	115	4.7	4.7	2.006	0.3143	0.7234	0.671	1.3943	2.3203	3.7146
1204931PIP	2011	22	116	4.5	4.6	1.822	0.2863	0.671	0.6168	1.2878	2.1083	3.3961
1204931PIP	2011	22	118	18.3	11.3	40.5738	5.7888	7.5747	9.3333	16.9079	46.3626	63.2706
1204931PIP	2011	22	122	8.2	6.8	6.8711	1.0361	1.8923	1.9716	3.8639	7.9072	11.7711
1204931PIP	2011	22	124	19.7	11.8	47.7602	6.7796	8.6036	10.7656	19.3692	54.5399	73.909
1204931PIP	2011	13	125	18.4	14.0	72.3029	10.5088	10.1342	12.0171	22.1513	82.8117	104.9629
1204931PIP	2011	13	127	18.2	13.9	70.3428	10.2543	9.9788	11.7465	21.7252	80.5971	102.3224
1204931PIP	2011	22	129	17.6	11.1	37.22	5.3246	7.081	8.6542	15.7353	42.5446	58.2799
1204931PIP	2011	22	130	11.7	8.6	15.0838	2.2194	3.4971	3.9246	7.4218	17.3033	24.725
1204931PIP	2011	22	133	5.2	5.0	2.5087	0.3903	0.8614	0.8161	1.6775	2.899	4.5765
1204931PIP	2011	22	135	10.4	7.9	11.624	1.7243	2.8532	3.1242	5.9774	13.3483	19.3257
1204931PIP	2011	13	136	10.1	8.9	15.9987	2.7371	4.3388	3.4431	7.7819	18.7358	26.5177
1204931PIP	2011	13	138	8.4	7.6	10.0648	1.8103	3.3432	2.345	5.6883	11.8751	17.5634
1204931PIP	2011	13	139	12.3	10.4	26.2605	4.2583	5.7334	5.1916	10.9249	30.5188	41.4438
1204931PIP	2011	22	142	7.9	6.6	6.3273	0.9565	1.7743	1.8343	3.6086	7.2838	10.8924
1204931PIP	2011	13	145	14.0	11.5	36.3652	5.693	6.8854	6.7992	13.6846	42.0583	55.7429
1204931PIP	2011	22	150	20.4	12.1	51.5954	7.3064	9.1386	11.5188	20.6574	58.9018	79.5591
1204931PIP	2011	22	152	10.5	8.0	11.8727	1.76	2.9008	3.1826	6.0834	13.6328	19.7161
1204931PIP	2011	22	155	5.5	5.2	2.8401	0.4402	0.9491	0.9097	1.8588	3.2803	5.1391
1204931PIP	2011	22	156	5.7	5.3	3.0736	0.4752	1.0095	0.9749	1.9844	3.5488	5.5332
1204931PIP	2011	25	158	17.1	16.8	65.1085	6.9708	5.4666	12.1686	17.6351	72.0793	89.7144
1204931PIP	2011	22	159	3.0	3.5	0.743	0.1201	0.333	0.2812	0.6143	0.8631	1.4774
1204931PIP	2011	22	161	18.0	11.2	39.117	5.5873	7.3614	9.0392	16.4006	44.7044	61.105
1204931PIP	2011	22	162	17.3	11.0	35.831	5.132	6.8738	8.3708	15.2446	40.963	56.2077
1204931PIP	2011	25	165	21.4	18.3	112.7373	11.1923	7.6317	20.226	27.8577	123.9296	151.7873
1204931PIP	2011	22	167	4.9	4.8	2.1997	0.3437	0.7774	0.7274	1.5047	2.5433	4.0481
1211656PIP	2011	13	2	16.0	12.5	50.8767	7.6809	8.3166	8.9807	17.2973	58.5576	75.8549
1211656PIP	2011	13	4	4.3	4.3	1.8685	0.4032	1.2968	0.5809	1.8777	2.2717	4.1494
1211656PIP	2011	13	5	16.5	12.8	54.9699	8.2297	8.6865	9.5755	18.262	63.1997	81.4616
1211656PIP	2011	13	7	13.9	11.3	35.7156	5.6022	6.8159	6.6984	13.5143	41.3178	54.8321
1211656PIP	2011	13	8	9.2	8.1	12.6519	2.2201	3.8023	2.8345	6.6368	14.872	21.5088
1211656PIP	2011	13	10	5.7	5.4	3.7959	0.7587	1.9319	1.0452	2.9772	4.5546	7.5317
1211656PIP	2011	13	11	12.6	10.5	27.901	4.4948	5.9321	5.4589	11.3911	32.3958	43.7869
1211656PIP	2011	13	13	3.4	3.6	1.0352	0.2381	0.9303	0.3561	1.2864	1.2733	2.5597
1211656PIP	2011	13	14	5.4	5.2	3.3134	0.672	1.7897	0.9339	2.7236	3.9854	6.7089
1211656PIP	2011	13	17	8.6	7.7	10.6783	1.9084	3.4564	2.4629	5.9193	12.5867	18.506
1211656PIP	2011	13	20	2.5	2.9	0.4778	0.1195	0.6022	0.1876	0.7899	0.5972	1.3871
1211656PIP	2011	13	24	7.9	7.1	8.6254	1.5775	3.0653	2.0635	5.1288	10.203	15.3318
1211656PIP	2011	13	25	3.7	3.8	1.2805	0.2878	1.0485	0.4247	1.4732	1.5683	3.0415
1211656PIP	2011	13	27	10.1	8.7	15.9987	2.7371	4.3388	3.4431	7.7819	18.7358	26.5177
1211656PIP	2011	13	28	14.8	11.8	41.8192	6.4487	7.4483	7.634	15.0823	48.2679	63.3502
1211656PIP	2011	13	30	5.4	5.2	3.3134	0.672	1.7897	0.9339	2.7236	3.9854	6.7089
1211656PIP	2011	13	31	10.6	9.1	18.0657	3.0504	4.6457	3.8078	8.4535	21.1161	29.5696
1211656PIP	2011	13	33	12.8	10.6	29.0281	4.6564	6.0657	5.641	11.7068	33.6846	45.3914
1211656PIP	2011	13	34	15.9	12.5	50.0809	7.5736	8.2431	8.8641	17.1073	57.6545	74.7618
1211656PIP	2011	13	37	7.7	7.0	8.0868	1.4894	2.9561	1.9562	4.9123	9.5762	14.4884
1211656PIP	2011	13	39	6.8	6.3	5.916	1.127	2.4796	1.5098	3.9893	7.043	11.0323
1211656PIP	2011	13	40	6.5	6.0	5.2814	1.0185	2.3263	1.3743	3.7006	6.3	10.0005
1211656PIP	2011	13	42	8.4	7.5	10.0648	1.8103	3.3432	2.345	5.6883	11.8751	17.5634
1211656PIP	2011	13	45	6.8	6.3	5.916	1.127	2.4796	1.5098	3.9893	7.043	11.0323
1211656PIP	2011	13	47	7.3	6.7	7.0716	1.3214	2.7413	1.7503	4.4916	8.393	12.8846
1211656PIP	2011	13	48	7.7	7.0	8.0868	1.4894	2.9561	1.9562	4.9123	9.5762	14.4884
1211656PIP	2011	13	50	6.2	5.8	4.6897	0.9161	2.1759	1.2454	3.4213	5.6058	9.0271
1211656PIP	2011	13	51	7.9	7.1	8.6254	1.5775	3.0653	2.0635	5.1288	10.203	15.3318
1211656PIP	2011	13	53	4.7	4.6	2.3369	0.4922	1.4706	0.6992	2.1699	2.8291	4.999
1211656PIP	2011	13	54	3.8	3.9	1.3693	0.3056	1.0888	0.449	1.5378	1.6749	3.2127
1211656PIP	2011	13	57	4.4	4.4	1.9797	0.4245	1.3397	0.6094	1.9491	2.4043	4.3534
1211656PIP	2011	13	60	5.8	5.5	3.9656	0.7888	1.98	1.0838	3.0638	4.7544	7.8183
1211656PIP	2011	13	62	12.7	10.5	28.4612	4.5752	5.9988	5.5496	11.5484	33.0365	44.5849
1211656PIP	2011	13	65	3.7	3.8	1.2805	0.2878	1.0485	0.4247	1.4732	1.5683	3.0415
1211656PIP	2011	13	67	11.8	9.9	23.6581	3.8799	5.4065	4.7615	10.168	27.538	37.706
1211656PIP	2011	13	68	6.4	6.0	5.0795	0.9837	2.2758	1.3306	3.6064	6.0632	9.6696
1211656PIP	2011	13	70	4.0	4.1	1.5578	0.3428	1.1707	0.4997	1.6704	1.9006	3.571
1211656PIP	2011	13	71	9.4	8.2	13.355	2.3298	3.9197	2.9645	6.8842	15.6848	22.5689
1211656PIP	2011	13	73	5.5	5.3	3.4698	0.7002	1.8368	0.9703	2.807	4.1701	6.9771
1211656PIP	2011	13	74	5.9	5.6	4.1398	0.8197	2.0285	1.1231	3.1516	4.9595	8.1111
1211656PIP	2011	13	76	10.5	9.0	17.6402	2.9862	4.5838	3.7334	8.3172	20.6264	28.9435
1211656PIP	2011	13	77	3.3	3.5	0.9603	0.2227	0.8918	0.3346	1.2265	1.183	2.4095
1211656PIP	2011	13	80	6.3	5.9	4.8823	0.9496	2.2257	1.2876	3.5133	5.8318	9.3452
1211656PIP	2011	13	82	3.1	3.4	0.8206	0.1935	0.8164	0.2938	1.1101	1.0142	2.1243
1211656PIP	2011	13	83	9.6	8.4	14.0811	2.4425	4.0382	3.0974	7.1356	16.5235	23.6591
1211656PIP	2011	13	85	5.9	5.6	4.1398	0.8197	2.0285	1.1231	3.1516	4.9595	8.1111
1211656PIP	2011	13	87	8.5	7.6	10.3688	1.859	3.3997	2.4036	5.8032	12.2278	18.0311
1211656PIP	2011	13	88	6.1	5.7	4.5018	0.8833	2.1264	1.2039	3.3303	5.3851	8.7154
1211656PIP	2011	13	90	9.8	8.5	14.8305	2.5581	4.1577	3.2334	7.3911	17.3885	24.7796
1211656PIP	2011	13	91	9.1	8.0	12.3089	2.1663	3.7439	2.7707	6.5147	14.4752	20.9899
1211656PIP	2011	13	93	3.2	3.4	0.8888	0.2078	0.8539	0.3139	1.1677	1.0967	2.2644
1211656PIP	2011	13	94	6.0	5.7	4.3185	0.8512	2.0773	1.1631	3.2404	5.1697	8.4101
1211656PIP	2011	13	96	4.9	4.8	2.5951	0.5404	1.5599	0.7627	2.3226	3.1355	5.4581
1211656PIP	2011	13	97	6.0	5.7	4.3185	0.8512	2.0773	1.1631	3.2404	5.1697	8.4101
1211656PIP	2011	13	100	7.2	6.6	6.8305	1.2812	2.6883	1.7007	4.3891	8.1117	12.5007
1211656PIP	2011	13	102	6.0	5.7	4.3185	0.8512	2.0773	1.1631	3.2404	5.1697	8.4101
1211656PIP	2011	13	103	3.9	4.0	1.4617	0.3239	1.1295	0.474	1.6035	1.7856	3.3891
1211656PIP	2011	13	105	8.6	7.7	10.6783	1.9084	3.4564	2.4629	5.9193	12.5867	18.506
1211656PIP	2011	13	107	4.9	4.8	2.5951	0.5404	1.5599	0.7627	2.3226	3.1355	5.4581
1211656PIP	2011	13	108	3.9	4.0	1.4617	0.3239	1.1295	0.474	1.6035	1.7856	3.3891
1211656PIP	2011	13	110	4.2	4.2	1.7612	0.3825	1.2543	0.5531	1.8075	2.1436	3.9511
1211656PIP	2011	13	111	5.8	5.5	3.9656	0.7888	1.98	1.0838	3.0638	4.7544	7.8183
1211656PIP	2011	13	113	13.7	11.2	34.4373	5.423	6.6776	6.4992	13.1768	39.8604	53.0371
1211656PIP	2011	13	114	6.0	5.7	4.3185	0.8512	2.0773	1.1631	3.2404	5.1697	8.4101
1211656PIP	2011	13	116	6.1	5.7	4.5018	0.8833	2.1264	1.2039	3.3303	5.3851	8.7154
1211656PIP	2011	13	117	11.9	10.0	24.1655	3.954	5.4715	4.8459	10.3174	28.1195	38.4369
1211656PIP	2011	13	120	4.1	4.1	1.6576	0.3623	1.2123	0.526	1.7384	2.02	3.7583
1211656PIP	2011	13	123	7.0	6.4	6.3634	1.2027	2.5833	1.6038	4.1871	7.5661	11.7532
1211656PIP	2011	13	125	6.4	6.0	5.0795	0.9837	2.2758	1.3306	3.6064	6.0632	9.6696
1211656PIP	2011	13	128	8.0	7.2	8.9026	1.6227	3.1203	2.1183	5.2386	10.5253	15.764
1211656PIP	2011	13	130	4.3	4.3	1.8685	0.4032	1.2968	0.5809	1.8777	2.2717	4.1494
1211656PIP	2011	13	131	3.3	3.5	0.9603	0.2227	0.8918	0.3346	1.2265	1.183	2.4095
1211656PIP	2011	13	133	12.0	10.1	24.6794	4.0289	5.5366	4.9312	10.4678	28.7084	39.1761
1211656PIP	2011	13	134	10.0	8.7	15.6034	2.6766	4.2782	3.3724	7.6506	18.28	25.9306
1211656PIP	2011	13	136	4.2	4.2	1.7612	0.3825	1.2543	0.5531	1.8075	2.1436	3.9511
1211656PIP	2011	13	137	6.5	6.0	5.2814	1.0185	2.3263	1.3743	3.7006	6.3	10.0005
1211656PIP	2011	13	139	4.9	4.8	2.5951	0.5404	1.5599	0.7627	2.3226	3.1355	5.4581
1211656PIP	2011	13	143	3.1	3.4	0.8206	0.1935	0.8164	0.2938	1.1101	1.0142	2.1243
1211656PIP	2011	13	145	4.7	4.6	2.3369	0.4922	1.4706	0.6992	2.1699	2.8291	4.999
1211656PIP	2011	13	148	9.7	8.5	14.4528	2.4999	4.0978	3.165	7.2628	16.9527	24.2155
1211656PIP	2011	13	150	9.2	8.1	12.6519	2.2201	3.8023	2.8345	6.6368	14.872	21.5088
1211656PIP	2011	13	151	8.7	7.7	10.9933	1.9586	3.5133	2.523	6.0363	12.9519	18.9881
1211656PIP	2011	13	153	6.5	6.0	5.2814	1.0185	2.3263	1.3743	3.7006	6.3	10.0005
1211656PIP	2011	13	154	5.3	5.1	3.1612	0.6444	1.743	0.8982	2.6412	3.8056	6.4468
1211656PIP	2011	13	156	13.4	11.0	32.5723	5.1603	6.4717	6.2061	12.6778	37.7326	50.4105
1211656PIP	2011	13	157	9.9	8.6	15.214	2.617	4.2178	3.3025	7.5203	17.8309	25.3513
1211656PIP	2011	13	159	9.6	8.4	14.0811	2.4425	4.0382	3.0974	7.1356	16.5235	23.6591
1211656PIP	2011	13	160	7.9	7.1	8.6254	1.5775	3.0653	2.0635	5.1288	10.203	15.3318
1211656PIP	2011	13	163	10.4	9.0	17.2208	2.9228	4.5222	3.6597	8.1818	20.1435	28.3254
1211656PIP	2011	13	165	3.4	3.6	1.0352	0.2381	0.9303	0.3561	1.2864	1.2733	2.5597
1211656PIP	2011	13	166	10.2	8.8	16.4001	2.7982	4.3997	3.5145	7.9142	19.1983	27.1125
1211656PIP	2011	13	168	7.3	6.7	7.0716	1.3214	2.7413	1.7503	4.4916	8.393	12.8846
1211656PIP	2011	13	170	6.5	6.0	5.2814	1.0185	2.3263	1.3743	3.7006	6.3	10.0005
1211656PIP	2011	13	171	9.1	8.0	12.3089	2.1663	3.7439	2.7707	6.5147	14.4752	20.9899
1211656PIP	2011	13	173	20.5	14.8	94.8824	13.3913	11.8078	15.0525	26.8603	108.2738	135.1341
1211656PIP	2011	13	174	3.0	3.3	0.7557	0.1798	0.7794	0.2744	1.0537	0.9355	1.9892
1211656PIP	2011	13	176	9.8	8.5	14.8305	2.5581	4.1577	3.2334	7.3911	17.3885	24.7796
1211656PIP	2011	13	177	14.9	11.9	42.5334	6.5468	7.5196	7.7419	15.2615	49.0802	64.3417
1211656PIP	2011	13	179	4.5	4.5	2.0948	0.4465	1.3829	0.6387	2.0216	2.5413	4.5629
1211656PIP	2011	13	180	8.4	7.5	10.0648	1.8103	3.3432	2.345	5.6883	11.8751	17.5634
1211656PIP	2011	13	183	3.5	3.7	1.1135	0.2541	0.9692	0.3783	1.3475	1.3676	2.7151
1211656PIP	2011	13	185	9.9	8.6	15.214	2.617	4.2178	3.3025	7.5203	17.8309	25.3513
1211656PIP	2011	13	186	15.6	12.3	47.7385	7.2569	8.024	8.5192	16.5432	54.9954	71.5386
1211656PIP	2011	13	188	14.0	11.3	36.3652	5.693	6.8854	6.7992	13.6846	42.0583	55.7429
1211656PIP	2011	13	190	15.7	12.4	48.5118	7.3616	8.0969	8.6334	16.7303	55.8734	72.6037
1211686PIP	2011	13	401	3.9	4.5	1.4617	0.3239	1.1295	0.474	1.6035	1.7856	3.3891
1211686PIP	2011	13	404	14.1	13.2	37.022	5.7846	6.955	6.9008	13.8559	42.8066	56.6625
1211686PIP	2011	13	406	6.1	6.5	4.5018	0.8833	2.1264	1.2039	3.3303	5.3851	8.7154
1211686PIP	2011	20	407	4.8	5.2	2.3151	0.4576	1.1524	0.3766	1.529	2.7727	4.3017
1211686PIP	2011	20	409	15.5	13.6	38.7176	7.1791	8.1571	7.4004	15.5575	45.8967	61.4543
1211686PIP	2011	13	410	7.3	7.7	7.0716	1.3214	2.7413	1.7503	4.4916	8.393	12.8846
1211686PIP	2011	13	416	6.6	7.0	5.4881	1.054	2.377	1.4187	3.7958	6.5422	10.3379
1211686PIP	2011	13	418	9.5	9.6	13.7151	2.3858	3.9788	3.0306	7.0094	16.1009	23.1103
1211686PIP	2011	13	421	3.8	4.4	1.3693	0.3056	1.0888	0.449	1.5378	1.6749	3.2127
1211686PIP	2011	20	423	4.4	4.8	1.8783	0.3731	0.9966	0.3019	1.2985	2.2513	3.5498
1211686PIP	2011	20	424	4.3	4.7	1.7773	0.3535	0.9591	0.2848	1.2438	2.1308	3.3746
1211686PIP	2011	13	426	5.3	5.8	3.1612	0.6444	1.743	0.8982	2.6412	3.8056	6.4468
1211686PIP	2011	20	430	5.9	6.3	3.801	0.743	1.6264	0.6361	2.2625	4.544	6.8064
1211686PIP	2011	13	432	3.5	4.1	1.1135	0.2541	0.9692	0.3783	1.3475	1.3676	2.7151
1211686PIP	2011	20	436	11.4	11.0	18.5048	3.4893	4.8841	3.3906	8.2746	21.994	30.2686
1211686PIP	2011	13	438	19.6	16.7	84.7529	12.1086	11.0814	13.7081	24.7895	96.8615	121.651
1211686PIP	2011	20	441	5.8	6.2	3.648	0.7137	1.5806	0.6091	2.1897	4.3618	6.5514
1211686PIP	2011	20	443	2.6	3.1	0.5305	0.1084	0.4141	0.0793	0.4934	0.639	1.1324
1211686PIP	2011	13	446	16.1	14.6	51.6801	7.789	8.3902	9.0981	17.4882	59.4691	76.9573
1211686PIP	2011	13	447	17.0	15.2	59.2554	8.7996	9.0611	10.1901	19.2512	68.0551	87.3063
1211686PIP	2011	13	449	13.3	12.6	31.9645	5.0743	6.4035	6.11	12.5135	37.0388	49.5524
1211686PIP	2011	13	450	21.9	17.9	112.0297	15.5301	12.9642	17.2741	30.2384	127.5598	157.7982
1211686PIP	2011	13	452	13.0	12.4	30.1823	4.8212	6.2002	5.8263	12.0265	35.0035	47.03
1211686PIP	2011	13	456	21.2	17.6	103.2417	14.4388	12.3821	16.1434	28.5255	117.6805	146.206
1211686PIP	2011	13	459	14.4	13.4	39.0349	6.0643	7.1652	7.2104	14.3756	45.0992	59.4747
1211686PIP	2011	13	461	16.7	15.0	56.6609	8.4552	8.8358	9.8189	18.6547	65.1161	83.7708
1211686PIP	2011	13	463	19.2	16.5	80.4704	11.5613	10.7629	13.1316	23.8945	92.0317	115.9262
1211686PIP	2011	13	464	19.7	16.8	85.8445	12.2476	11.1615	13.8542	25.0157	98.0921	123.1078
1211686PIP	2011	13	466	11.9	11.6	24.1655	3.954	5.4715	4.8459	10.3174	28.1195	38.4369
1211686PIP	2011	13	467	12.3	11.9	26.2605	4.2583	5.7334	5.1916	10.9249	30.5188	41.4438
1211686PIP	2011	13	469	14.9	13.8	42.5334	6.5468	7.5196	7.7419	15.2615	49.0802	64.3417
1211686PIP	2011	13	472	12.9	12.3	29.6018	4.7384	6.1329	5.7333	11.8662	34.3402	46.2064
1211686PIP	2011	13	473	6.1	6.5	4.5018	0.8833	2.1264	1.2039	3.3303	5.3851	8.7154
1211686PIP	2011	13	476	11.8	11.5	23.6581	3.8799	5.4065	4.7615	10.168	27.538	37.706
1211686PIP	2011	13	478	10.0	10.0	15.6034	2.6766	4.2782	3.3724	7.6506	18.28	25.9306
1211686PIP	2011	13	479	19.2	16.5	80.4704	11.5613	10.7629	13.1316	23.8945	92.0317	115.9262
1211686PIP	2011	13	481	3.3	3.9	0.9603	0.2227	0.8918	0.3346	1.2265	1.183	2.4095
1211686PIP	2011	13	483	21.4	17.7	105.7085	14.7461	12.5476	16.4624	29.0101	120.4546	149.4646
1211686PIP	2011	13	484	16.1	14.6	51.6801	7.789	8.3902	9.0981	17.4882	59.4691	76.9573
1211686PIP	2011	13	486	16.3	14.7	53.3097	8.0077	8.538	9.3352	17.8731	61.3174	79.1906
1211686PIP	2011	13	487	24.2	19.0	144.0121	19.429	14.9309	21.2705	36.2014	163.4411	199.6425
1211686PIP	2011	13	489	24.8	19.3	153.1602	20.5261	15.4572	22.3843	37.8414	173.6864	211.5278
1211686PIP	2011	13	490	3.4	4.0	1.0352	0.2381	0.9303	0.3561	1.2864	1.2733	2.5597
1211696PIP	2011	74	1	24.2	27.2	160.9528	34.6265	4.7077	24.6741	29.3819	195.5793	224.9611
1211696PIP	2011	74	2	28.4	28.1	239.1764	50.7997	6.1113	36.9391	43.0504	289.9761	333.0265
1211696PIP	2011	13	5	6.5	6.7	5.2814	1.0185	2.3263	1.3743	3.7006	6.3	10.0005
1211696PIP	2011	13	8	6.6	6.8	5.4881	1.054	2.377	1.4187	3.7958	6.5422	10.3379
1211696PIP	2011	74	10	28.9	28.2	249.7339	52.968	6.2876	38.6009	44.8886	302.7019	347.5905
1211696PIP	2011	13	13	2.9	3.5	0.6939	0.1666	0.7429	0.2556	0.9985	0.8606	1.8591
1211696PIP	2011	3	15	17.6	22.4	79.3584	6.9727	5.5391	8.0568	13.5959	86.3312	99.9271
1211696PIP	2011	13	16	3.3	3.8	0.9603	0.2227	0.8918	0.3346	1.2265	1.183	2.4095
1211696PIP	2011	13	18	7.5	7.5	7.5689	1.404	2.8481	1.8518	4.6999	8.9729	13.6728
1211696PIP	2011	38	21	8.2	13.5	11.4806	2.1298	1.7036	2.9073	4.6109	13.6104	18.2212
1211696PIP	2011	13	22	2.6	3.2	0.5273	0.1304	0.6366	0.2036	0.8402	0.6577	1.4979
1211696PIP	2011	38	24	13.1	17.4	37.0798	6.5721	3.6647	9.615	13.2798	43.652	56.9317
1211696PIP	2011	13	25	2.7	3.3	0.5798	0.142	0.6715	0.2203	0.8918	0.7218	1.6135
1211696PIP	2011	3	30	21.4	23.8	126.9708	10.4514	7.7667	12.9194	20.686	137.4222	158.1082
1211696PIP	2011	13	31	2.9	3.5	0.6939	0.1666	0.7429	0.2556	0.9985	0.8606	1.8591
1211696PIP	2011	3	33	20.4	23.5	113.1717	9.4655	7.1499	11.509	18.6589	122.6373	141.2962
1211696PIP	2011	74	35	19.3	25.6	91.9411	20.1414	3.2555	13.9474	17.2029	112.0825	129.2854
1211696PIP	2011	38	36	3.2	6.9	1.0895	0.2215	0.3657	0.2631	0.6288	1.311	1.9398
1211696PIP	2011	74	38	31.1	28.5	299.459	63.1424	7.0866	46.4447	53.5313	362.6014	416.1327
1211696PIP	2011	38	39	3.1	6.8	1.0063	0.2052	0.3472	0.2426	0.5898	1.2115	1.8014
1211696PIP	2011	38	41	3.1	6.8	1.0063	0.2052	0.3472	0.2426	0.5898	1.2115	1.8014
1211696PIP	2011	38	44	7.3	12.5	8.5824	1.6102	1.4087	2.1606	3.5693	10.1926	13.7618
1211696PIP	2011	13	53	5.2	5.5	3.0134	0.6175	1.6967	0.8632	2.5599	3.6308	6.1907
1211696PIP	2011	13	55	4.1	4.5	1.6576	0.3623	1.2123	0.526	1.7384	2.02	3.7583
1211696PIP	2011	74	56	23.8	27.1	154.4484	33.2716	4.5815	23.6587	28.2403	187.72	215.9602
1211696PIP	2011	38	58	3.9	8.0	1.7875	0.3565	0.5054	0.436	0.9414	2.144	3.0854
1211696PIP	2011	38	59	4.0	8.2	1.9045	0.3789	0.5268	0.4651	0.9918	2.2833	3.2751
1211696PIP	2011	74	61	26.1	27.7	194.0621	41.4975	5.3251	29.8543	35.1795	235.5595	270.739
1211696PIP	2011	38	62	5.3	10.1	3.8515	0.7455	0.8346	0.954	1.7886	4.597	6.3855
1211716PIP	2011	13	82	3.1	3.6	0.8206	0.1935	0.8164	0.2938	1.1101	1.0142	2.1243
1211716PIP	2011	13	83	3.1	3.6	0.8206	0.1935	0.8164	0.2938	1.1101	1.0142	2.1243
1211716PIP	2011	13	86	34.7	21.6	356.4387	43.601	24.8568	45.0752	69.932	400.0397	469.9717
1211716PIP	2011	74	89	27.2	19.7	214.9381	45.8098	5.6959	33.1293	38.8252	260.7479	299.5731
1211716PIP	2011	20	91	3.9	4.5	1.4056	0.281	0.8148	0.2222	1.037	1.6867	2.7237
1211716PIP	2011	74	94	21.5	18.8	120.0993	26.0835	3.8819	18.3105	22.1924	146.1828	168.3753
1211716PIP	2011	74	96	24.5	19.4	165.9363	35.6634	4.8033	25.4527	30.2559	201.5997	231.8557
1211716PIP	2011	13	97	5.2	5.5	3.0134	0.6175	1.6967	0.8632	2.5599	3.6308	6.1907
1211716PIP	2011	13	99	3.1	3.6	0.8206	0.1935	0.8164	0.2938	1.1101	1.0142	2.1243
1211716PIP	2011	13	100	12.6	11.6	27.901	4.4948	5.9321	5.4589	11.3911	32.3958	43.7869
1211716PIP	2011	13	102	4.5	4.9	2.0948	0.4465	1.3829	0.6387	2.0216	2.5413	4.5629
1211736PIP	2011	13	1	3.3	3.3	0.9603	0.2227	0.8918	0.3346	1.2265	1.183	2.4095
1211736PIP	2011	13	4	5.9	5.1	4.1398	0.8197	2.0285	1.1231	3.1516	4.9595	8.1111
1211736PIP	2011	38	7	7.0	8.7	7.7268	1.4556	1.3153	1.9411	3.2563	9.1824	12.4387
1211736PIP	2011	38	9	3.6	5.7	1.463	0.294	0.4434	0.3554	0.7988	1.7571	2.5559
1211736PIP	2011	38	12	3.7	5.8	1.5669	0.3141	0.4637	0.3811	0.8448	1.881	2.7258
1211736PIP	2011	38	14	5.2	7.3	3.6722	0.7121	0.809	0.9087	1.7177	4.3843	6.102
1211736PIP	2011	38	15	5.0	7.1	3.3289	0.648	0.7587	0.8221	1.5809	3.9769	5.5577
1211736PIP	2011	38	17	3.8	5.9	1.675	0.3349	0.4844	0.408	0.8924	2.0099	2.9023
1211736PIP	2011	38	18	3.1	5.2	1.0063	0.2052	0.3472	0.2426	0.5898	1.2115	1.8014
1211736PIP	2011	74	20	22.8	22.0	138.8814	30.0212	4.2719	21.2318	25.5037	168.9026	194.4062
1211736PIP	2011	74	23	23.5	22.2	149.6747	32.276	4.4878	22.914	27.4017	181.9507	209.3524
1211736PIP	2011	38	24	3.0	5.0	0.927	0.1897	0.3291	0.2231	0.5522	1.1167	1.6689
1211736PIP	2011	38	27	6.2	8.1	5.7029	1.0871	1.0785	1.4239	2.5024	6.79	9.2924
1211736PIP	2011	38	29	3.6	5.7	1.463	0.294	0.4434	0.3554	0.7988	1.7571	2.5559
1211696PIP	2011	74	51	39.8	29.2	551.399	113.9907	10.5947	86.5038	97.0985	665.3897	762.4882
1211696PIP	2011	13	50	2.5	3.1	0.4778	0.1195	0.6022	0.1876	0.7899	0.5972	1.3871
1211696PIP	2011	13	48	5.0	5.3	2.7303	0.5655	1.6051	0.7955	2.4006	3.2958	5.6964
1211696PIP	2011	38	45	3.6	7.6	1.463	0.294	0.4434	0.3554	0.7988	1.7571	2.5559
1211736PIP	2011	38	30	2.9	4.9	0.8516	0.1748	0.3114	0.2046	0.516	1.0264	1.5424
1211736PIP	2011	38	32	5.1	7.2	3.498	0.6796	0.7837	0.8648	1.6485	4.1776	5.8261
1211736PIP	2011	38	34	2.7	4.7	0.7122	0.1472	0.277	0.1705	0.4475	0.8594	1.3069
1211736PIP	2011	38	35	3.0	5.0	0.927	0.1897	0.3291	0.2231	0.5522	1.1167	1.6689
1211736PIP	2011	38	37	4.1	6.2	2.0259	0.402	0.5485	0.4953	1.0438	2.4279	3.4717
1211736PIP	2011	38	38	4.8	6.9	3.0056	0.5874	0.7097	0.7408	1.4505	3.593	5.0435
1211736PIP	2011	38	40	5.1	7.2	3.498	0.6796	0.7837	0.8648	1.6485	4.1776	5.8261
1211736PIP	2011	38	41	2.8	4.8	0.78	0.1607	0.294	0.1871	0.4811	0.9407	1.4218
1211736PIP	2011	38	43	6.6	8.4	6.6688	1.2635	1.1946	1.6703	2.8649	7.9323	10.7972
1211736PIP	2011	74	44	28.1	22.8	232.9719	49.524	6.0064	35.9632	41.9695	282.4959	324.4655
1211736PIP	2011	38	47	2.7	4.7	0.7122	0.1472	0.277	0.1705	0.4475	0.8594	1.3069
1211736PIP	2011	38	49	6.2	8.1	5.7029	1.0871	1.0785	1.4239	2.5024	6.79	9.2924
1211736PIP	2011	38	50	6.3	8.2	5.9359	1.1298	1.1071	1.4832	2.5904	7.0656	9.656
1211736PIP	2011	74	55	24.6	22.3	167.6177	36.013	4.8353	25.7154	30.5507	203.6307	234.1814
1211736PIP	2011	38	57	5.0	7.1	3.3289	0.648	0.7587	0.8221	1.5809	3.9769	5.5577
1211736PIP	2011	38	58	5.0	7.1	3.3289	0.648	0.7587	0.8221	1.5809	3.9769	5.5577
1211736PIP	2011	38	63	6.1	8.0	5.4755	1.0454	1.0502	1.366	2.4162	6.5209	8.9371
1211736PIP	2011	38	64	4.8	6.9	3.0056	0.5874	0.7097	0.7408	1.4505	3.593	5.0435
1211736PIP	2011	13	67	8.3	6.7	9.7662	1.7623	3.2871	2.2872	5.5743	11.5285	17.1028
1211736PIP	2011	38	72	5.0	7.1	3.3289	0.648	0.7587	0.8221	1.5809	3.9769	5.5577
1211736PIP	2011	13	75	4.5	4.1	2.0948	0.4465	1.3829	0.6387	2.0216	2.5413	4.5629
1211736PIP	2011	13	77	8.6	6.9	10.6783	1.9084	3.4564	2.4629	5.9193	12.5867	18.506
1211736PIP	2011	13	78	9.2	7.3	12.6519	2.2201	3.8023	2.8345	6.6368	14.872	21.5088
1211736PIP	2011	13	80	3.0	3.1	0.7557	0.1798	0.7794	0.2744	1.0537	0.9355	1.9892
1211736PIP	2011	38	83	3.7	5.8	1.5669	0.3141	0.4637	0.3811	0.8448	1.881	2.7258
1211736PIP	2011	13	84	6.5	5.5	5.2814	1.0185	2.3263	1.3743	3.7006	6.3	10.0005
1211736PIP	2011	13	86	12.0	9.1	24.6794	4.0289	5.5366	4.9312	10.4678	28.7084	39.1761
1211786PIP	2011	13	1	11.6	12.3	22.6627	3.7339	5.2774	4.5948	9.8722	26.3966	36.2688
1211786PIP	2011	13	4	14.0	14.3	36.3652	5.693	6.8854	6.7992	13.6846	42.0583	55.7429
1211786PIP	2011	13	6	11.5	12.2	22.1746	3.6621	5.2132	4.5127	9.7258	25.8367	35.5625
1211786PIP	2011	13	9	7.8	8.8	8.3535	1.5331	3.0106	2.0095	5.02	9.8866	14.9066
1211786PIP	2011	13	11	17.2	16.7	61.0242	9.0335	9.2122	10.4415	19.6537	70.0577	89.7114
1211786PIP	2011	13	12	13.6	14.0	33.8087	5.3346	6.6088	6.4007	13.0095	39.1434	52.1528
1211786PIP	2011	13	14	4.1	5.0	1.6576	0.3623	1.2123	0.526	1.7384	2.02	3.7583
1211786PIP	2011	13	15	6.3	7.3	4.8823	0.9496	2.2257	1.2876	3.5133	5.8318	9.3452
1211786PIP	2011	13	17	11.6	12.3	22.6627	3.7339	5.2774	4.5948	9.8722	26.3966	36.2688
1211786PIP	2011	13	18	12.3	12.9	26.2605	4.2583	5.7334	5.1916	10.9249	30.5188	41.4438
1211786PIP	2011	13	20	12.6	13.2	27.901	4.4948	5.9321	5.4589	11.3911	32.3958	43.7869
1211786PIP	2011	13	21	6.9	7.9	6.1372	1.1645	2.5313	1.5564	4.0877	7.3017	11.3894
1211786PIP	2011	13	24	16.8	16.4	57.518	8.5691	8.9107	9.9418	18.8525	66.0871	84.9397
1211786PIP	2011	13	26	15.7	15.6	48.5118	7.3616	8.0969	8.6334	16.7303	55.8734	72.6037
1211786PIP	2011	13	27	10.7	11.5	18.4974	3.1153	4.7078	3.8831	8.5909	21.6126	30.2035
1211786PIP	2011	13	29	14.5	14.7	39.7201	6.1592	7.2357	7.3151	14.5508	45.8793	60.4301
1211786PIP	2011	13	31	10.8	11.6	18.9352	3.181	4.7701	3.9591	8.7292	22.1161	30.8453
1211786PIP	2011	13	32	16.0	15.8	50.8767	7.6809	8.3166	8.9807	17.2973	58.5576	75.8549
1211786PIP	2011	13	34	15.1	15.2	43.9837	6.7456	7.6627	7.96	15.6228	50.7293	66.352
1211786PIP	2011	13	35	19.1	18.0	79.4206	11.4267	10.6837	12.9894	23.6732	90.8473	114.5204
1211786PIP	2011	13	37	9.6	10.5	14.0811	2.4425	4.0382	3.0974	7.1356	16.5235	23.6591
1211786PIP	2011	13	38	15.5	15.5	46.9727	7.153	7.9514	8.4058	16.3572	54.1257	70.4828
1211786PIP	2011	13	40	13.0	13.5	30.1823	4.8212	6.2002	5.8263	12.0265	35.0035	47.03
1211786PIP	2011	13	41	20.1	18.6	90.2954	12.8124	11.4833	14.4469	25.9302	103.1078	129.038
1211786PIP	2011	13	47	18.9	17.8	77.3458	11.1601	10.5258	12.7076	23.2334	88.5059	111.7394
1211786PIP	2011	13	49	4.6	5.5	2.2139	0.469	1.4266	0.6686	2.0952	2.6829	4.7781
1211786PIP	2011	13	51	7.0	8.0	6.3634	1.2027	2.5833	1.6038	4.1871	7.5661	11.7532
1211786PIP	2011	13	52	14.3	14.6	38.3568	5.9703	7.0949	7.1064	14.2013	44.327	58.5284
1211786PIP	2011	13	54	15.8	15.7	49.2926	7.4672	8.1699	8.7484	16.9183	56.7598	73.6781
1211786PIP	2011	13	55	16.8	16.4	57.518	8.5691	8.9107	9.9418	18.8525	66.0871	84.9397
1211786PIP	2011	13	58	16.0	15.8	50.8767	7.6809	8.3166	8.9807	17.2973	58.5576	75.8549
1211786PIP	2011	13	60	12.4	13.0	26.8007	4.3364	5.7994	5.2799	11.0793	31.1371	42.2164
1211786PIP	2011	13	64	4.5	5.4	2.0948	0.4465	1.3829	0.6387	2.0216	2.5413	4.5629
1211786PIP	2011	13	67	13.3	13.8	31.9645	5.0743	6.4035	6.11	12.5135	37.0388	49.5524
1211786PIP	2011	13	69	10.1	11.0	15.9987	2.7371	4.3388	3.4431	7.7819	18.7358	26.5177
1211786PIP	2011	13	72	12.4	13.0	26.8007	4.3364	5.7994	5.2799	11.0793	31.1371	42.2164
1211786PIP	2011	13	74	8.4	9.4	10.0648	1.8103	3.3432	2.345	5.6883	11.8751	17.5634
1211786PIP	2011	13	75	13.9	14.2	35.7156	5.6022	6.8159	6.6984	13.5143	41.3178	54.8321
1211786PIP	2011	13	77	19.9	18.5	88.053	12.5282	11.3221	14.149	25.471	100.5812	126.0522
1211786PIP	2011	13	78	15.3	15.3	45.4634	6.9476	7.8067	8.1813	15.988	52.411	68.399
1211806PIP	2011	22	2	11.6	6.7	14.8001	2.179	3.4456	3.8599	7.3056	16.9791	24.2847
1211806PIP	2011	22	4	20.0	9.3	49.384	7.0028	8.8312	11.0854	19.9166	56.3868	76.3034
1211806PIP	2011	22	5	6.2	4.5	3.7019	0.5691	1.1673	1.1473	2.3146	4.271	6.5856
1211806PIP	2011	22	8	7.6	5.1	5.808	0.8804	1.6595	1.7018	3.3613	6.6884	10.0497
1211806PIP	2011	13	10	15.6	11.7	47.7385	7.2569	8.024	8.5192	16.5432	54.9954	71.5386
1211806PIP	2011	22	13	10.9	6.4	12.8964	1.9069	3.0943	3.4216	6.5159	14.8033	21.3192
1211806PIP	2011	13	16	3.0	3.2	0.7557	0.1798	0.7794	0.2744	1.0537	0.9355	1.9892
1211806PIP	2011	22	19	6.5	4.6	4.1098	0.6297	1.2666	1.2572	2.5239	4.7395	7.2634
1211806PIP	2011	22	21	3.5	3.2	1.045	0.1671	0.4347	0.3791	0.8137	1.2121	2.0258
1211806PIP	2011	22	22	7.5	5.1	5.6403	0.8557	1.6219	1.6587	3.2807	6.496	9.7767
1211806PIP	2011	22	24	13.7	7.4	21.3854	3.1126	4.5933	5.3276	9.9209	24.498	34.4189
1211806PIP	2011	22	25	8.5	5.5	7.4395	1.119	2.0135	2.1137	4.1272	8.5585	12.6858
1211806PIP	2011	22	28	12.2	6.9	16.5468	2.4277	3.7594	4.256	8.0153	18.9745	26.9898
1211806PIP	2011	22	30	9.4	5.9	9.2947	1.3884	2.3959	2.5686	4.9645	10.6831	15.6476
1211806PIP	2011	22	31	10.2	6.2	11.1353	1.654	2.7591	3.0089	5.7679	12.7893	18.5572
1211806PIP	2011	22	33	5.8	4.3	3.1942	0.4933	1.0403	1.0083	2.0486	3.6874	5.736
1211806PIP	2011	22	35	2.5	2.7	0.4964	0.0812	0.243	0.1976	0.4406	0.5777	1.0183
1211806PIP	2011	38	36	13.3	10.9	38.5129	6.8161	3.7567	9.9943	13.751	45.3289	59.0799
1211806PIP	2011	22	38	21.9	9.8	60.3635	8.5064	10.3305	13.2155	23.5459	68.8698	92.4158
1211806PIP	2011	22	39	7.9	5.2	6.3273	0.9565	1.7743	1.8343	3.6086	7.2838	10.8924
1211806PIP	2011	22	41	2.7	2.8	0.5886	0.0958	0.2776	0.2293	0.5069	0.6844	1.1913
1211806PIP	2011	22	42	15.1	7.9	26.5212	3.8343	5.4342	6.4323	11.8666	30.3555	42.2221
1211806PIP	2011	25	44	5.8	7.3	4.6171	0.7113	1.0945	1.0509	2.1455	5.3284	7.4739
1211806PIP	2011	25	45	12.7	11.9	31.4369	3.7202	3.5119	6.2029	9.7148	35.1571	44.8719
1211806PIP	2011	22	48	8.8	5.6	8.0328	1.2054	2.1379	2.2606	4.3985	9.2382	13.6366
1211806PIP	2011	13	50	10.2	8.4	16.4001	2.7982	4.3997	3.5145	7.9142	19.1983	27.1125
1211806PIP	2011	22	51	22.2	9.9	62.2078	8.7581	10.5762	13.5683	24.1445	70.9659	95.1104
1211806PIP	2011	13	53	5.0	4.7	2.7303	0.5655	1.6051	0.7955	2.4006	3.2958	5.6964
1211806PIP	2011	22	56	12.1	6.9	16.2483	2.3852	3.7063	4.1887	7.8949	18.6335	26.5284
1211806PIP	2011	22	58	6.7	4.7	4.3948	0.672	1.3347	1.3332	2.668	5.0668	7.7347
1211806PIP	2011	22	59	28.9	11.3	111.4884	15.4135	16.6817	22.6134	39.2951	126.9019	166.197
1211806PIP	2011	22	61	32.9	12.0	148.5138	20.3498	20.8695	29.0669	49.9363	168.8635	218.7999
1211806PIP	2011	25	62	6.3	7.7	5.6528	0.847	1.2378	1.2674	2.5052	6.4998	9.005
1211806PIP	2011	22	64	3.6	3.3	1.1122	0.1775	0.4563	0.4003	0.8567	1.2897	2.1463
1211806PIP	2011	13	65	5.6	5.1	3.6307	0.7291	1.8842	1.0074	2.8915	4.3598	7.2513
1211806PIP	2011	22	68	23.3	10.1	69.2318	9.7145	11.4979	14.9006	26.3985	78.9464	105.3448
1211806PIP	2011	22	71	3.7	3.3	1.1817	0.1882	0.4785	0.4222	0.9006	1.3699	2.2705
1211806PIP	2011	22	73	22.1	9.8	61.5897	8.6737	10.494	13.4502	23.9442	70.2634	94.2076
1211806PIP	2011	22	76	4.6	3.8	1.9128	0.3001	0.697	0.6436	1.3406	2.2129	3.5535
1211806PIP	2011	13	78	7.0	6.2	6.3634	1.2027	2.5833	1.6038	4.1871	7.5661	11.7532
1211806PIP	2011	25	79	10.0	10.4	17.5138	2.2462	2.4611	3.6096	6.0707	19.76	25.8307
1211806PIP	2011	22	81	6.6	4.7	4.251	0.6507	1.3005	1.295	2.5955	4.9017	7.4971
1211806PIP	2011	22	82	4.1	3.5	1.4829	0.2345	0.5713	0.515	1.0863	1.7175	2.8038
1211806PIP	2011	22	84	13.9	7.5	22.0821	3.2108	4.7098	5.4793	10.189	25.2929	35.482
1211806PIP	2011	13	85	20.7	14.2	97.2275	13.6862	11.9711	15.3601	27.3312	110.9136	138.2449
1211806PIP	2011	22	87	8.5	5.5	7.4395	1.119	2.0135	2.1137	4.1272	8.5585	12.6858
1211806PIP	2011	13	88	7.9	6.8	8.6254	1.5775	3.0653	2.0635	5.1288	10.203	15.3318
1211806PIP	2011	22	91	3.9	3.4	1.3276	0.2107	0.524	0.4675	0.9915	1.5383	2.5298
1211806PIP	2011	13	93	5.9	5.4	4.1398	0.8197	2.0285	1.1231	3.1516	4.9595	8.1111
1211806PIP	2011	13	94	7.3	6.4	7.0716	1.3214	2.7413	1.7503	4.4916	8.393	12.8846
1211806PIP	2011	22	96	8.0	5.3	6.5058	0.9827	1.8133	1.8796	3.6928	7.4885	11.1813
1211806PIP	2011	22	98	5.0	3.9	2.3002	0.3589	0.805	0.7564	1.5614	2.6591	4.2204
1211806PIP	2011	22	99	16.2	8.2	30.9846	4.458	6.1362	7.3708	13.507	35.4426	48.9496
1211806PIP	2011	22	101	3.9	3.4	1.3276	0.2107	0.524	0.4675	0.9915	1.5383	2.5298
1211806PIP	2011	22	102	6.1	4.5	3.5711	0.5496	1.135	1.1117	2.2467	4.1207	6.3674
1211806PIP	2011	22	104	20.0	9.3	49.384	7.0028	8.8312	11.0854	19.9166	56.3868	76.3034
1211806PIP	2011	22	105	7.4	5.0	5.4753	0.8315	1.5847	1.6162	3.2009	6.3067	9.5076
1211806PIP	2011	22	107	8.4	5.5	7.2473	1.091	1.9727	2.0658	4.0386	8.3383	12.3769
1211806PIP	2011	13	108	16.7	12.3	56.6609	8.4552	8.8358	9.8189	18.6547	65.1161	83.7708
1211806PIP	2011	22	111	11.1	6.5	13.4257	1.9826	3.1931	3.5442	6.7373	15.4083	22.1456
1211806PIP	2011	22	113	11.4	6.6	14.2415	2.0992	3.3436	3.7321	7.0757	16.3408	23.4165
1211806PIP	2011	22	114	15.9	8.2	29.7295	4.2829	5.9412	7.1087	13.0499	34.0125	47.0624
1211806PIP	2011	22	116	11.4	6.6	14.2415	2.0992	3.3436	3.7321	7.0757	16.3408	23.4165
1211806PIP	2011	22	118	3.3	3.1	0.9175	0.1473	0.3926	0.3383	0.7309	1.0647	1.7956
1211806PIP	2011	22	119	3.5	3.2	1.045	0.1671	0.4347	0.3791	0.8137	1.2121	2.0258
1211806PIP	2011	22	121	17.2	8.5	35.3745	5.0686	6.8053	8.2774	15.0827	40.4431	55.5258
1211806PIP	2011	13	122	11.5	9.3	22.1746	3.6621	5.2132	4.5127	9.7258	25.8367	35.5625
1211806PIP	2011	22	124	5.7	4.3	3.0736	0.4752	1.0095	0.9749	1.9844	3.5488	5.5332
1211806PIP	2011	13	125	4.8	4.5	2.464	0.516	1.5151	0.7306	2.2457	2.98	5.2257
1211806PIP	2011	22	127	10.6	6.3	12.1243	1.7961	2.9487	3.2416	6.1902	13.9204	20.1107
1211806PIP	2011	22	128	11.9	6.8	15.6601	2.3015	3.6011	4.0556	7.6567	17.9617	25.6183
1211806PIP	2011	22	131	30.2	11.5	122.8856	16.9378	17.9993	24.6249	42.6242	139.8234	182.4476
1211806PIP	2011	22	134	6.7	4.7	4.3948	0.672	1.3347	1.3332	2.668	5.0668	7.7347
1211806PIP	2011	13	136	3.5	3.5	1.1135	0.2541	0.9692	0.3783	1.3475	1.3676	2.7151
1211806PIP	2011	22	139	2.5	2.7	0.4964	0.0812	0.243	0.1976	0.4406	0.5777	1.0183
1211806PIP	2011	22	141	3.1	3.0	0.7989	0.1288	0.3524	0.2997	0.6521	0.9278	1.5799
1211806PIP	2011	13	142	3.3	3.4	0.9603	0.2227	0.8918	0.3346	1.2265	1.183	2.4095
1211806PIP	2011	22	144	14.1	7.6	22.7911	3.3106	4.8275	5.633	10.4605	26.1017	36.5622
1211806PIP	2011	13	145	5.3	4.9	3.1612	0.6444	1.743	0.8982	2.6412	3.8056	6.4468
1211806PIP	2011	22	147	7.6	5.1	5.808	0.8804	1.6595	1.7018	3.3613	6.6884	10.0497
1211806PIP	2011	22	148	5.4	4.1	2.7271	0.4232	0.9195	0.878	1.7974	3.1504	4.9478
1211806PIP	2011	13	150	4.0	3.9	1.5578	0.3428	1.1707	0.4997	1.6704	1.9006	3.571
1211806PIP	2011	13	151	5.1	4.8	2.8698	0.5912	1.6507	0.829	2.4797	3.4609	5.9406
1211806PIP	2011	22	154	8.0	5.3	6.5058	0.9827	1.8133	1.8796	3.6928	7.4885	11.1813
1211806PIP	2011	22	156	21.4	9.7	57.357	8.0956	9.9263	12.6374	22.5637	65.4525	88.0163
1211806PIP	2011	13	159	18.9	13.3	77.3458	11.1601	10.5258	12.7076	23.2334	88.5059	111.7394
1211806PIP	2011	22	161	4.3	3.6	1.6477	0.2597	0.6203	0.5648	1.1851	1.9074	3.0925
1211806PIP	2011	22	162	2.7	2.8	0.5886	0.0958	0.2776	0.2293	0.5069	0.6844	1.1913
1211806PIP	2011	22	164	14.3	7.6	23.5124	3.4121	4.9464	5.7887	10.7352	26.9245	37.6596
1211806PIP	2011	22	167	4.3	3.6	1.6477	0.2597	0.6203	0.5648	1.1851	1.9074	3.0925
1211806PIP	2011	22	168	8.0	5.3	6.5058	0.9827	1.8133	1.8796	3.6928	7.4885	11.1813
1211806PIP	2011	22	170	6.8	4.8	4.5412	0.6936	1.3693	1.372	2.7414	5.2348	7.9762
1211806PIP	2011	22	171	3.3	3.1	0.9175	0.1473	0.3926	0.3383	0.7309	1.0647	1.7956
1218561PIP	2011	13	102	18.8	17.2	76.3208	11.0281	10.4472	12.5679	23.0151	87.3489	110.364
1218561PIP	2011	13	104	21.9	19.0	112.0297	15.5301	12.9642	17.2741	30.2384	127.5598	157.7982
1218561PIP	2011	13	105	16.1	15.5	51.6801	7.789	8.3902	9.0981	17.4882	59.4691	76.9573
1218561PIP	2011	3	107	30.5	22.6	297.6194	21.7653	14.3319	30.4056	44.7375	319.3847	364.1222
1218561PIP	2011	13	109	18.5	17.1	73.2951	10.6373	10.2122	12.1536	22.3657	83.9324	106.2982
1218561PIP	2011	13	110	20.1	18.0	90.2954	12.8124	11.4833	14.4469	25.9302	103.1078	129.038
1218561PIP	2011	13	112	12.9	13.1	29.6018	4.7384	6.1329	5.7333	11.8662	34.3402	46.2064
1218561PIP	2011	13	113	12.7	12.9	28.4612	4.5752	5.9988	5.5496	11.5484	33.0365	44.5849
1218561PIP	2011	13	115	24.5	20.3	148.5437	19.9734	15.1934	21.8237	37.0171	168.5171	205.5342
1218561PIP	2011	13	116	16.7	15.9	56.6609	8.4552	8.8358	9.8189	18.6547	65.1161	83.7708
1218561PIP	2011	13	118	21.7	18.9	109.4747	15.2138	12.7971	16.947	29.7441	124.6885	154.4326
1218561PIP	2011	13	119	16.2	15.5	52.4911	7.8979	8.464	9.2162	17.6802	60.389	78.0692
1218561PIP	2011	13	122	19.5	17.7	83.6697	11.9704	11.0015	13.5628	24.5643	95.6402	120.2045
1218561PIP	2011	13	124	15.4	15.0	46.2143	7.0499	7.8789	8.2931	16.1721	53.2642	69.4363
1218561PIP	2011	13	125	18.4	17.0	72.3029	10.5088	10.1342	12.0171	22.1513	82.8117	104.9629
1218561PIP	2011	13	127	22.8	19.5	123.9702	16.9982	13.7241	18.7865	32.5106	140.9684	173.479
1218561PIP	2011	13	129	13.1	13.2	30.7695	4.9048	6.2678	5.9201	12.1878	35.6743	47.8621
1218561PIP	2011	13	130	16.8	16.0	57.518	8.5691	8.9107	9.9418	18.8525	66.0871	84.9397
1218561PIP	2011	13	132	14.0	13.9	36.3652	5.693	6.8854	6.7992	13.6846	42.0583	55.7429
1218561PIP	2011	13	133	2.6	3.4	0.5273	0.1304	0.6366	0.2036	0.8402	0.6577	1.4979
1218561PIP	2011	13	135	19.5	17.7	83.6697	11.9704	11.0015	13.5628	24.5643	95.6402	120.2045
1218561PIP	2011	13	136	5.0	5.8	2.7303	0.5655	1.6051	0.7955	2.4006	3.2958	5.6964
1218561PIP	2011	13	138	5.2	6.0	3.0134	0.6175	1.6967	0.8632	2.5599	3.6308	6.1907
1218561PIP	2011	13	139	3.8	4.6	1.3693	0.3056	1.0888	0.449	1.5378	1.6749	3.2127
1218561PIP	2011	13	142	22.3	19.2	117.2467	16.1735	13.3004	17.9381	31.2385	133.4202	164.6587
1218561PIP	2011	13	145	17.0	16.1	59.2554	8.7996	9.0611	10.1901	19.2512	68.0551	87.3063
1218561PIP	2011	13	147	3.9	4.7	1.4617	0.3239	1.1295	0.474	1.6035	1.7856	3.3891
1218571PIP	2011	25	3	3.4	3.8	1.2493	0.2304	0.4945	0.3134	0.808	1.4797	2.2877
1218571PIP	2011	25	5	3.2	3.6	1.077	0.2027	0.4519	0.2732	0.7251	1.2798	2.0049
1218571PIP	2011	25	6	2.9	3.4	0.8464	0.1647	0.3903	0.2186	0.609	1.0111	1.6201
1218571PIP	2011	13	8	8.5	7.3	10.3688	1.859	3.3997	2.4036	5.8032	12.2278	18.0311
1218571PIP	2011	13	9	4.0	3.9	1.5578	0.3428	1.1707	0.4997	1.6704	1.9006	3.571
1218571PIP	2011	25	11	5.6	5.2	4.2371	0.6605	1.0389	0.9706	2.0095	4.8977	6.9072
1218571PIP	2011	13	12	6.2	5.6	4.6897	0.9161	2.1759	1.2454	3.4213	5.6058	9.0271
1218571PIP	2011	13	14	4.7	4.5	2.3369	0.4922	1.4706	0.6992	2.1699	2.8291	4.999
1218571PIP	2011	13	15	5.2	4.9	3.0134	0.6175	1.6967	0.8632	2.5599	3.6308	6.1907
1218571PIP	2011	13	18	9.3	7.9	13.0006	2.2746	3.8608	2.8991	6.76	15.2752	22.0351
1218571PIP	2011	25	20	6.9	6.0	7.0626	1.0263	1.4172	1.5575	2.9746	8.0889	11.0635
1218571PIP	2011	25	23	2.8	3.4	0.7768	0.1529	0.3705	0.2019	0.5724	0.9297	1.5021
1218571PIP	2011	25	25	4.2	4.3	2.0955	0.3599	0.6772	0.5059	1.1831	2.4554	3.6384
1218571PIP	2011	25	28	4.1	4.3	1.9755	0.342	0.6534	0.479	1.1324	2.3175	3.4499
1218571PIP	2011	13	29	4.9	4.6	2.5951	0.5404	1.5599	0.7627	2.3226	3.1355	5.4581
1218571PIP	2011	25	31	4.6	4.6	2.6181	0.4361	0.7753	0.6216	1.397	3.0541	4.4511
1218571PIP	2011	13	32	3.0	3.2	0.7557	0.1798	0.7794	0.2744	1.0537	0.9355	1.9892
1218571PIP	2011	25	34	7.3	6.2	8.107	1.1559	1.5411	1.7695	3.3106	9.263	12.5736
1218571PIP	2011	25	35	5.5	5.2	4.0543	0.6359	1.0114	0.9318	1.9432	4.6902	6.6334
1218571PIP	2011	13	38	3.2	3.3	0.8888	0.2078	0.8539	0.3139	1.1677	1.0967	2.2644
1218571PIP	2011	25	40	4.1	4.3	1.9755	0.342	0.6534	0.479	1.1324	2.3175	3.4499
1218571PIP	2011	25	41	2.6	3.2	0.6479	0.1308	0.3318	0.1707	0.5025	0.7787	1.2812
1218571PIP	2011	13	43	7.7	6.7	8.0868	1.4894	2.9561	1.9562	4.9123	9.5762	14.4884
1218571PIP	2011	25	45	7.6	6.3	8.9469	1.2585	1.6362	1.9385	3.5748	10.2054	13.7802
1218571PIP	2011	25	46	8.9	7.0	13.1678	1.7564	2.0694	2.7721	4.8416	14.9241	19.7657
1218571PIP	2011	25	48	3.6	3.9	1.4369	0.2599	0.5384	0.3568	0.8952	1.6968	2.592
1218571PIP	2011	13	49	5.7	5.2	3.7959	0.7587	1.9319	1.0452	2.9772	4.5546	7.5317
1218571PIP	2011	13	51	10.0	8.4	15.6034	2.6766	4.2782	3.3724	7.6506	18.28	25.9306
1218571PIP	2011	13	52	2.9	3.1	0.6939	0.1666	0.7429	0.2556	0.9985	0.8606	1.8591
1218571PIP	2011	13	54	3.9	3.9	1.4617	0.3239	1.1295	0.474	1.6035	1.7856	3.3891
1218571PIP	2011	13	55	3.1	3.3	0.8206	0.1935	0.8164	0.2938	1.1101	1.0142	2.1243
1218571PIP	2011	25	58	6.7	5.9	6.572	0.9645	1.3565	1.4571	2.8136	7.5365	10.3501
1218571PIP	2011	25	60	5.2	5.0	3.5343	0.5649	0.9304	0.8206	1.7511	4.0991	5.8502
1218571PIP	2011	25	61	4.8	4.7	2.9055	0.4771	0.826	0.6845	1.5105	3.3825	4.8931
1218571PIP	2011	13	63	7.1	6.3	6.5944	1.2416	2.6357	1.6519	4.2876	7.836	12.1236
1218571PIP	2011	13	66	3.7	3.7	1.2805	0.2878	1.0485	0.4247	1.4732	1.5683	3.0415
1218571PIP	2011	13	68	7.6	6.7	7.8253	1.4463	2.902	1.9036	4.8055	9.2716	14.0772
1218571PIP	2011	13	69	2.8	3.0	0.6353	0.154	0.7069	0.2376	0.9445	0.7893	1.7339
1218571PIP	2011	13	71	7.9	6.9	8.6254	1.5775	3.0653	2.0635	5.1288	10.203	15.3318
1218571PIP	2011	13	72	6.4	5.8	5.0795	0.9837	2.2758	1.3306	3.6064	6.0632	9.6696
1218571PIP	2011	25	74	5.5	5.2	4.0543	0.6359	1.0114	0.9318	1.9432	4.6902	6.6334
1218571PIP	2011	25	75	2.8	3.4	0.7768	0.1529	0.3705	0.2019	0.5724	0.9297	1.5021
1218571PIP	2011	25	78	4.6	4.6	2.6181	0.4361	0.7753	0.6216	1.397	3.0541	4.4511
1218571PIP	2011	13	81	3.9	3.9	1.4617	0.3239	1.1295	0.474	1.6035	1.7856	3.3891
1218571PIP	2011	13	83	8.7	7.5	10.9933	1.9586	3.5133	2.523	6.0363	12.9519	18.9881
1218571PIP	2011	25	86	4.1	4.3	1.9755	0.342	0.6534	0.479	1.1324	2.3175	3.4499
1218571PIP	2011	13	88	7.6	6.7	7.8253	1.4463	2.902	1.9036	4.8055	9.2716	14.0772
1218571PIP	2011	13	89	4.9	4.6	2.5951	0.5404	1.5599	0.7627	2.3226	3.1355	5.4581
1218571PIP	2011	13	91	2.7	3.0	0.5798	0.142	0.6715	0.2203	0.8918	0.7218	1.6135
1218571PIP	2011	25	92	3.1	3.6	0.9965	0.1896	0.4311	0.2543	0.6853	1.1861	1.8714
1218571PIP	2011	25	94	4.4	4.5	2.3482	0.397	0.7257	0.5621	1.2878	2.7452	4.033
1218571PIP	2011	25	95	3.3	3.7	1.1613	0.2163	0.4731	0.293	0.766	1.3776	2.1436
1218571PIP	2011	25	97	4.5	4.5	2.4809	0.4163	0.7504	0.5914	1.3418	2.8973	4.2391
1218571PIP	2011	25	98	3.6	3.9	1.4369	0.2599	0.5384	0.3568	0.8952	1.6968	2.592
1218571PIP	2011	13	101	7.1	6.3	6.5944	1.2416	2.6357	1.6519	4.2876	7.836	12.1236
1218571PIP	2011	25	103	4.7	4.7	2.7596	0.4563	0.8005	0.6527	1.4532	3.2159	4.6691
1218571PIP	2011	25	104	2.7	3.3	0.7106	0.1416	0.351	0.1859	0.5369	0.8522	1.3892
1218581PIP	2011	13	4	3.4	3.8	1.0352	0.2381	0.9303	0.3561	1.2864	1.2733	2.5597
1218581PIP	2011	13	5	29.0	19.5	226.992	29.1544	19.2853	31.0124	50.2978	256.1464	306.4442
1218581PIP	2011	13	7	11.1	10.2	20.2858	3.3826	4.9586	4.1917	9.1503	23.6684	32.8187
1218581PIP	2011	13	8	10.5	9.8	17.6402	2.9862	4.5838	3.7334	8.3172	20.6264	28.9435
1218581PIP	2011	13	10	17.6	14.5	64.656	9.5116	9.5167	10.9539	20.4706	74.1676	94.6382
1218581PIP	2011	13	11	30.0	19.8	247.1924	31.4577	20.2325	33.2826	53.5152	278.6501	332.1653
1218581PIP	2011	13	14	4.9	5.1	2.5951	0.5404	1.5599	0.7627	2.3226	3.1355	5.4581
1218581PIP	2011	13	17	23.9	17.6	139.5647	18.893	14.6698	20.7247	35.3945	158.4577	193.8522
1218581PIP	2011	13	22	7.5	7.4	7.5689	1.404	2.8481	1.8518	4.6999	8.9729	13.6728
1218581PIP	2011	13	25	21.3	16.4	104.4707	14.592	12.4648	16.3025	28.7673	119.0627	147.83
1218581PIP	2011	13	27	18.7	15.1	75.3041	10.897	10.3687	12.429	22.7976	86.201	108.9987
1218581PIP	2011	13	28	18.0	14.7	68.4151	10.0033	9.824	11.4791	21.3031	78.4184	99.7215
1218581PIP	2011	13	30	11.4	10.4	21.6929	3.5911	5.1492	4.4313	9.5805	25.2839	34.8644
1218581PIP	2011	13	31	5.1	5.3	2.8698	0.5912	1.6507	0.829	2.4797	3.4609	5.9406
1218581PIP	2011	13	33	15.3	13.1	45.4634	6.9476	7.8067	8.1813	15.988	52.411	68.399
1218581PIP	2011	13	34	13.9	12.2	35.7156	5.6022	6.8159	6.6984	13.5143	41.3178	54.8321
1218581PIP	2011	13	37	13.2	11.7	31.3636	4.9892	6.3356	6.0146	12.3502	36.3527	48.7029
1218581PIP	2011	13	40	17.4	14.4	62.8243	9.2708	9.3641	10.6961	20.0602	72.0951	92.1553
1218581PIP	2011	13	42	17.2	14.3	61.0242	9.0335	9.2122	10.4415	19.6537	70.0577	89.7114
1218581PIP	2011	13	45	9.4	8.9	13.355	2.3298	3.9197	2.9645	6.8842	15.6848	22.5689
1218581PIP	2011	13	47	18.8	15.2	76.3208	11.0281	10.4472	12.5679	23.0151	87.3489	110.364
1218581PIP	2011	13	48	14.3	12.5	38.3568	5.9703	7.0949	7.1064	14.2013	44.327	58.5284
1218581PIP	2011	13	50	21.7	16.6	109.4747	15.2138	12.7971	16.947	29.7441	124.6885	154.4326
1218581PIP	2011	13	53	7.7	7.5	8.0868	1.4894	2.9561	1.9562	4.9123	9.5762	14.4884
1218581PIP	2011	13	54	9.7	9.2	14.4528	2.4999	4.0978	3.165	7.2628	16.9527	24.2155
1218581PIP	2011	13	57	14.3	12.5	38.3568	5.9703	7.0949	7.1064	14.2013	44.327	58.5284
1218581PIP	2011	13	60	20.1	15.8	90.2954	12.8124	11.4833	14.4469	25.9302	103.1078	129.038
1218581PIP	2011	13	65	12.4	11.2	26.8007	4.3364	5.7994	5.2799	11.0793	31.1371	42.2164
1218581PIP	2011	13	67	15.2	13.1	44.7199	6.8462	7.7346	8.0703	15.8049	51.566	67.3709
1218581PIP	2011	13	68	4.4	4.7	1.9797	0.4245	1.3397	0.6094	1.9491	2.4043	4.3534
1218581PIP	2011	13	70	14.6	12.7	40.4126	6.2549	7.3064	7.4206	14.727	46.6674	61.3944
1218581PIP	2011	13	71	23.0	17.2	126.723	17.3345	13.8947	19.1315	33.0262	144.0575	177.0837
1218581PIP	2011	13	73	14.8	12.8	41.8192	6.4487	7.4483	7.634	15.0823	48.2679	63.3502
1218581PIP	2011	13	74	16.6	13.9	55.8116	8.342	8.761	9.6968	18.4578	64.1536	82.6114
1218581PIP	2011	13	76	21.6	16.6	108.2105	15.057	12.7138	16.7847	29.4985	123.2674	152.7659
1218591PIP	2011	20	3	19.2	14.0	64.7611	11.8687	11.6614	12.7483	24.4097	76.6298	101.0395
1218591PIP	2011	20	5	6.6	6.5	4.9763	0.9668	1.9611	0.8457	2.8069	5.943	8.7499
1218591PIP	2011	20	6	3.3	3.6	0.9409	0.1898	0.6165	0.1454	0.7619	1.1307	1.8926
1218591PIP	2011	20	8	3.3	3.6	0.9409	0.1898	0.6165	0.1454	0.7619	1.1307	1.8926
1218591PIP	2011	20	10	7.5	7.3	6.7657	1.3052	2.4277	1.1703	3.5979	8.071	11.6689
1218591PIP	2011	20	11	8.1	7.7	8.1401	1.5638	2.7605	1.423	4.1835	9.7039	13.8874
1218591PIP	2011	20	13	4.3	4.5	1.7773	0.3535	0.9591	0.2848	1.2438	2.1308	3.3746
1218591PIP	2011	74	14	42.2	24.9	637.3877	131.1505	11.656	100.2658	111.9218	768.5383	880.4601
1218591PIP	2011	20	16	4.5	4.6	1.9825	0.3933	1.0347	0.3196	1.3543	2.3758	3.7301
1218591PIP	2011	20	17	16.3	12.8	43.6946	8.0798	8.8721	8.4097	17.2818	51.7744	69.0562
1218591PIP	2011	20	19	5.3	5.4	2.9375	0.5775	1.3597	0.4844	1.8441	3.515	5.3592
1218591PIP	2011	20	20	3.5	3.7	1.0838	0.218	0.6801	0.1688	0.8489	1.3017	2.1507
1218591PIP	2011	20	23	4.0	4.2	1.4938	0.2982	0.85	0.237	1.087	1.792	2.879
1218591PIP	2011	74	25	27.9	24.1	228.8895	48.6841	5.9368	35.3213	41.2581	277.5735	318.8316
1218591PIP	2011	20	26	2.7	3.0	0.5809	0.1185	0.441	0.0873	0.5283	0.6994	1.2277
1218591PIP	2011	20	28	4.3	4.5	1.7773	0.3535	0.9591	0.2848	1.2438	2.1308	3.3746
1218591PIP	2011	20	30	6.5	6.4	4.797	0.9327	1.9118	0.8136	2.7253	5.7297	8.4551
1218591PIP	2011	20	31	5.3	5.4	2.9375	0.5775	1.3597	0.4844	1.8441	3.515	5.3592
1218591PIP	2011	12	33	21.2	16.8	94.1294	13.1204	14.1295	16.3537	30.4832	107.2498	137.733
1218591PIP	2011	20	36	4.0	4.2	1.4938	0.2982	0.85	0.237	1.087	1.792	2.879
1218591PIP	2011	20	37	4.8	4.9	2.3151	0.4576	1.1524	0.3766	1.529	2.7727	4.3017
1218591PIP	2011	20	39	3.6	3.8	1.1597	0.2329	0.7129	0.1813	0.8942	1.3925	2.2868
1218591PIP	2011	20	43	3.5	3.7	1.0838	0.218	0.6801	0.1688	0.8489	1.3017	2.1507
1218591PIP	2011	20	46	3.1	3.4	0.8096	0.1639	0.5554	0.124	0.6794	0.9735	1.6529
1218591PIP	2011	20	48	5.0	5.1	2.5537	0.5037	1.2337	0.4177	1.6514	3.0574	4.7088
1218591PIP	2011	20	51	12.2	10.7	21.7803	4.0917	5.4696	4.0281	9.4978	25.872	35.3698
1218591PIP	2011	20	53	6.1	6.1	4.118	0.8035	1.7194	0.6923	2.4118	4.9215	7.3332
1218591PIP	2011	20	56	9.3	8.7	11.345	2.1631	3.4767	2.0213	5.4979	13.5082	19.0061
1218591PIP	2011	20	57	7.5	7.3	6.7657	1.3052	2.4277	1.1703	3.5979	8.071	11.6689
1218591PIP	2011	20	59	20.0	14.2	71.4359	13.0628	12.4839	14.1415	26.6253	84.4987	111.124
1218591PIP	2011	20	60	3.9	4.1	1.4056	0.281	0.8148	0.2222	1.037	1.6867	2.7237
1218591PIP	2011	20	62	3.7	3.9	1.2386	0.2483	0.7463	0.1944	0.9407	1.4869	2.4276
1218591PIP	2011	20	63	9.5	8.8	11.9402	2.274	3.6024	2.1335	5.7359	14.2142	19.9501
1218591PIP	2011	20	66	3.9	4.1	1.4056	0.281	0.8148	0.2222	1.037	1.6867	2.7237
1218591PIP	2011	20	68	14.1	11.7	30.84	5.7481	6.9647	5.8184	12.7831	36.5881	49.3712
1218591PIP	2011	20	71	3.4	3.7	1.0108	0.2036	0.648	0.1568	0.8048	1.2145	2.0193
1218591PIP	2011	20	73	3.3	3.6	0.9409	0.1898	0.6165	0.1454	0.7619	1.1307	1.8926
1218591PIP	2011	20	76	4.1	4.3	1.5851	0.3161	0.8858	0.2523	1.1381	1.9012	3.0393
1218591PIP	2011	20	77	3.3	3.6	0.9409	0.1898	0.6165	0.1454	0.7619	1.1307	1.8926
1218591PIP	2011	20	79	7.4	7.2	6.551	1.2647	2.3739	1.131	3.5049	7.8157	11.3206
1218591PIP	2011	12	80	27.0	19.2	175.5636	22.8952	20.1466	27.0592	47.2058	198.4588	245.6646
1218591PIP	2011	20	83	3.8	4.0	1.3206	0.2644	0.7802	0.208	0.9883	1.585	2.5732
1218591PIP	2011	20	86	3.8	4.0	1.3206	0.2644	0.7802	0.208	0.9883	1.585	2.5732
1218591PIP	2011	20	88	9.1	8.5	10.7676	2.0555	3.3527	1.9127	5.2654	12.823	18.0884
1218591PIP	2011	20	89	2.9	3.2	0.6897	0.1402	0.4969	0.1047	0.6016	0.8299	1.4314
1218591PIP	2011	20	91	5.5	5.5	3.2109	0.63	1.4465	0.5322	1.9787	3.841	5.8197
1218591PIP	2011	20	93	4.5	4.6	1.9825	0.3933	1.0347	0.3196	1.3543	2.3758	3.7301
1218591PIP	2011	20	96	3.3	3.6	0.9409	0.1898	0.6165	0.1454	0.7619	1.1307	1.8926
1218591PIP	2011	20	97	5.5	5.5	3.2109	0.63	1.4465	0.5322	1.9787	3.841	5.8197
1218621PIP	2011	13	2	5.9	5.1	4.1398	0.8197	2.0285	1.1231	3.1516	4.9595	8.1111
1218621PIP	2011	13	5	2.6	2.8	0.5273	0.1304	0.6366	0.2036	0.8402	0.6577	1.4979
1218621PIP	2011	13	7	4.1	3.8	1.6576	0.3623	1.2123	0.526	1.7384	2.02	3.7583
1218621PIP	2011	13	8	2.8	2.9	0.6353	0.154	0.7069	0.2376	0.9445	0.7893	1.7339
1218621PIP	2011	13	10	4.1	3.8	1.6576	0.3623	1.2123	0.526	1.7384	2.02	3.7583
1218621PIP	2011	13	13	5.8	5.0	3.9656	0.7888	1.98	1.0838	3.0638	4.7544	7.8183
1218621PIP	2011	13	14	3.3	3.3	0.9603	0.2227	0.8918	0.3346	1.2265	1.183	2.4095
1218621PIP	2011	13	22	5.1	4.5	2.8698	0.5912	1.6507	0.829	2.4797	3.4609	5.9406
1218621PIP	2011	13	25	3.1	3.1	0.8206	0.1935	0.8164	0.2938	1.1101	1.0142	2.1243
1218621PIP	2011	13	28	6.2	5.3	4.6897	0.9161	2.1759	1.2454	3.4213	5.6058	9.0271
1218621PIP	2011	13	31	5.2	4.6	3.0134	0.6175	1.6967	0.8632	2.5599	3.6308	6.1907
1218621PIP	2011	13	33	7.7	6.3	8.0868	1.4894	2.9561	1.9562	4.9123	9.5762	14.4884
1218621PIP	2011	13	37	6.4	5.4	5.0795	0.9837	2.2758	1.3306	3.6064	6.0632	9.6696
1218621PIP	2011	13	40	3.1	3.1	0.8206	0.1935	0.8164	0.2938	1.1101	1.0142	2.1243
1218621PIP	2011	13	45	7.3	6.1	7.0716	1.3214	2.7413	1.7503	4.4916	8.393	12.8846
1218621PIP	2011	13	48	4.2	3.9	1.7612	0.3825	1.2543	0.5531	1.8075	2.1436	3.9511
1218621PIP	2011	13	50	4.6	4.2	2.2139	0.469	1.4266	0.6686	2.0952	2.6829	4.7781
1218621PIP	2011	13	54	3.2	3.2	0.8888	0.2078	0.8539	0.3139	1.1677	1.0967	2.2644
1218641PIP	2011	13	151	16.3	14.9	53.3097	8.0077	8.538	9.3352	17.8731	61.3174	79.1906
1218641PIP	2011	13	152	19.2	16.7	80.4704	11.5613	10.7629	13.1316	23.8945	92.0317	115.9262
1218641PIP	2011	13	157	10.5	10.6	17.6402	2.9862	4.5838	3.7334	8.3172	20.6264	28.9435
1218641PIP	2011	13	158	6.1	6.6	4.5018	0.8833	2.1264	1.2039	3.3303	5.3851	8.7154
1218641PIP	2011	13	160	16.3	14.9	53.3097	8.0077	8.538	9.3352	17.8731	61.3174	79.1906
1218641PIP	2011	13	165	13.0	12.6	30.1823	4.8212	6.2002	5.8263	12.0265	35.0035	47.03
1218641PIP	2011	12	166	6.5	6.0	4.4707	0.8629	2.4942	1.3948	3.889	5.3336	9.2226
1218641PIP	2011	13	168	3.9	4.5	1.4617	0.3239	1.1295	0.474	1.6035	1.7856	3.3891
1218641PIP	2011	13	169	3.8	4.4	1.3693	0.3056	1.0888	0.449	1.5378	1.6749	3.2127
1218641PIP	2011	20	171	3.6	3.4	1.1597	0.2329	0.7129	0.1813	0.8942	1.3925	2.2868
1218641PIP	2011	20	172	11.3	8.8	18.1171	3.4178	4.8128	3.3155	8.1283	21.5349	29.6632
1218641PIP	2011	13	175	18.2	16.1	70.3428	10.2543	9.9788	11.7465	21.7252	80.5971	102.3224
1218641PIP	2011	13	180	6.9	7.4	6.1372	1.1645	2.5313	1.5564	4.0877	7.3017	11.3894
1218641PIP	2011	13	183	12.8	12.4	29.0281	4.6564	6.0657	5.641	11.7068	33.6846	45.3914
1218641PIP	2011	13	188	15.0	14.0	43.2549	6.6458	7.5911	7.8506	15.4416	49.9007	65.3423
1218641PIP	2011	20	192	10.0	8.0	13.5065	2.5651	3.9245	2.4305	6.355	16.0715	22.4265
1218641PIP	2011	13	195	13.9	13.2	35.7156	5.6022	6.8159	6.6984	13.5143	41.3178	54.8321
1218641PIP	2011	13	198	11.0	11.0	19.8294	3.3146	4.8955	4.1134	9.0089	23.144	32.1529
1218641PIP	2011	13	203	11.1	11.1	20.2858	3.3826	4.9586	4.1917	9.1503	23.6684	32.8187
1218641PIP	2011	13	206	4.4	5.0	1.9797	0.4245	1.3397	0.6094	1.9491	2.4043	4.3534
1218641PIP	2011	13	208	11.6	11.5	22.6627	3.7339	5.2774	4.5948	9.8722	26.3966	36.2688
1218641PIP	2011	20	215	4.1	3.8	1.5851	0.3161	0.8858	0.2523	1.1381	1.9012	3.0393
1218641PIP	2011	13	218	14.0	13.3	36.3652	5.693	6.8854	6.7992	13.6846	42.0583	55.7429
1218641PIP	2011	13	221	15.0	14.0	43.2549	6.6458	7.5911	7.8506	15.4416	49.9007	65.3423
1218641PIP	2011	20	225	2.9	2.9	0.6897	0.1402	0.4969	0.1047	0.6016	0.8299	1.4314
1218661PIP	2011	25	1	26.3	20.6	186.7333	17.2955	10.3709	32.2656	42.6365	204.0288	246.6653
1218661PIP	2011	25	3	34.0	21.7	350.0859	29.7405	15.1952	57.7248	72.92	379.8264	452.7464
1218661PIP	2011	25	4	21.1	19.3	108.9084	10.8637	7.4731	19.5894	27.0625	119.7721	146.8346
1218661PIP	2011	25	6	25.7	20.5	176.4783	16.4732	10.0209	30.6222	40.6431	192.9515	233.5946
1218661PIP	2011	13	7	8.4	8.3	10.0648	1.8103	3.3432	2.345	5.6883	11.8751	17.5634
1218661PIP	2011	13	10	12.7	11.6	28.4612	4.5752	5.9988	5.5496	11.5484	33.0365	44.5849
1218661PIP	2011	25	13	21.9	19.5	119.2936	11.7515	7.8985	21.3123	29.2108	131.045	160.2558
1218661PIP	2011	25	15	12.9	15.6	32.6624	3.845	3.5945	6.4263	10.0208	36.5074	46.5282
1218661PIP	2011	25	16	30.6	21.3	270.5099	23.81	12.991	45.4687	58.4597	294.3199	352.7796
1218661PIP	2011	25	18	13.8	16.1	38.5242	4.4332	3.9738	7.487	11.4608	42.9575	54.4183
1218661PIP	2011	13	20	7.0	7.1	6.3634	1.2027	2.5833	1.6038	4.1871	7.5661	11.7532
1218661PIP	2011	25	21	15.6	17.1	52.0059	5.7427	4.7688	9.8838	14.6525	57.7486	72.4011
1218661PIP	2011	13	23	17.1	14.5	60.1359	8.9162	9.1366	10.3154	19.452	69.0521	88.504
1218661PIP	2011	13	24	20.3	16.3	92.5718	13.1001	11.6453	14.7481	26.3933	105.6719	132.0652
1218661PIP	2011	13	26	17.4	14.7	62.8243	9.2708	9.3641	10.6961	20.0602	72.0951	92.1553
1218661PIP	2011	13	27	8.2	8.1	9.473	1.7151	3.2312	2.2302	5.4614	11.188	16.6494
1218661PIP	2011	13	29	8.8	8.6	11.3138	2.0094	3.5706	2.5838	6.1543	13.3232	19.4776
1218661PIP	2011	13	30	8.1	8.0	9.1851	1.6685	3.1756	2.1739	5.3495	10.8537	16.2032
1218661PIP	2011	25	33	31.0	21.3	279.2465	24.4717	13.2444	46.8262	60.0706	303.7182	363.7888
1218661PIP	2011	13	36	6.3	6.5	4.8823	0.9496	2.2257	1.2876	3.5133	5.8318	9.3452
1218661PIP	2011	13	38	10.1	9.7	15.9987	2.7371	4.3388	3.4431	7.7819	18.7358	26.5177
1218661PIP	2011	25	41	24.2	20.1	152.3239	14.5093	9.1634	26.7223	35.8858	166.8332	202.719
1218661PIP	2011	13	47	12.3	11.3	26.2605	4.2583	5.7334	5.1916	10.9249	30.5188	41.4438
1218661PIP	2011	25	49	26.2	20.6	185.0003	17.157	10.3123	31.9884	42.3007	202.1573	244.458
1218661PIP	2011	25	52	15.2	16.9	48.8025	5.4363	4.588	9.319	13.907	54.2388	68.1458
1218661PIP	2011	13	53	21.3	16.8	104.4707	14.592	12.4648	16.3025	28.7673	119.0627	147.83
1218661PIP	2011	13	56	21.4	16.8	105.7085	14.7461	12.5476	16.4624	29.0101	120.4546	149.4646
1218661PIP	2011	13	58	18.9	15.5	77.3458	11.1601	10.5258	12.7076	23.2334	88.5059	111.7394
1218661PIP	2011	13	61	25.5	18.6	164.265	21.8484	16.0778	23.721	39.7989	186.1134	225.9123
1218661PIP	2011	13	63	12.4	11.4	26.8007	4.3364	5.7994	5.2799	11.0793	31.1371	42.2164
1218661PIP	2011	13	64	19.2	15.7	80.4704	11.5613	10.7629	13.1316	23.8945	92.0317	115.9262
1218661PIP	2011	25	66	17.7	18.1	70.8426	7.4971	5.7543	13.1572	18.9116	78.3398	97.2513
1218661PIP	2011	13	67	13.2	12.0	31.3636	4.9892	6.3356	6.0146	12.3502	36.3527	48.7029
1218661PIP	2011	25	69	13.6	16.0	37.172	4.2987	3.8884	7.2435	11.1319	41.4707	52.6026
1218661PIP	2011	13	70	15.3	13.4	45.4634	6.9476	7.8067	8.1813	15.988	52.411	68.399
1218671PIP	2011	13	102	7.5	7.5	7.5689	1.404	2.8481	1.8518	4.6999	8.9729	13.6728
1218671PIP	2011	73	103	20.4	19.2	83.1691	17.3834	3.6684	17.5349	21.2033	100.5526	121.7558
1218671PIP	2011	74	108	16.4	18.7	61.446	13.6376	2.4964	9.2512	11.7476	75.0837	86.8313
1218671PIP	2011	74	109	24.2	21.1	160.9528	34.6265	4.7077	24.6741	29.3819	195.5793	224.9611
1218671PIP	2011	38	113	6.8	10.3	7.1861	1.3576	1.2544	1.8026	3.057	8.5437	11.6006
1218671PIP	2011	74	114	28.8	21.9	247.6007	52.5301	6.2522	38.265	44.5173	300.1308	344.648
1218671PIP	2011	74	116	23.6	21.0	151.256	32.6059	4.5189	23.1606	27.6796	183.8619	211.5415
1218671PIP	2011	74	117	23.3	20.9	146.5417	31.622	4.4257	22.4255	26.8511	178.1638	205.0149
1218671PIP	2011	12	119	8.8	7.9	9.7611	1.7332	3.89	2.6211	6.5111	11.4943	18.0054
1218671PIP	2011	38	123	13.6	15.4	40.7239	7.1918	3.8962	10.58	14.4762	47.9156	62.3918
1218671PIP	2011	73	126	16.6	17.6	50.1618	11.2452	2.6261	10.6555	13.2816	61.407	74.6886
1218671PIP	2011	12	128	11.4	9.9	19.0225	3.1453	5.6868	4.4934	10.1803	22.1678	32.3481
1218671PIP	2011	73	129	18.7	18.5	67.1847	14.4639	3.1857	14.2098	17.3954	81.6486	99.044
1218671PIP	2011	73	131	20.2	19.1	81.1833	17.0253	3.6102	17.1223	20.7326	98.2086	118.9411
1218671PIP	2011	74	133	22.1	20.7	128.566	27.8608	4.0601	19.6264	23.6865	156.4269	180.1134
1218671PIP	2011	12	134	8.4	7.6	8.6581	1.5572	3.6334	2.3791	6.0125	10.2153	16.2278
1218671PIP	2011	12	136	21.5	15.9	97.6011	13.5518	14.4238	16.8393	31.263	111.1529	142.4159
1218671PIP	2011	13	137	15.7	13.7	48.5118	7.3616	8.0969	8.6334	16.7303	55.8734	72.6037
1218671PIP	2011	13	143	14.4	12.8	39.0349	6.0643	7.1652	7.2104	14.3756	45.0992	59.4747
1218671PIP	2011	74	149	20.5	20.2	106.7447	23.2717	3.5919	16.2385	19.8304	130.0164	149.8468
1218671PIP	2011	74	151	29.3	22.0	258.3763	54.7407	6.4302	39.9623	46.3924	313.1171	359.5095
1218701PIP	2011	20	1	8.4	7.0	8.8835	1.7032	2.9333	1.5607	4.4941	10.5867	15.0808
1218701PIP	2011	74	2	4.4	6.7	2.3676	0.5839	0.2922	0.3353	0.6276	2.9514	3.579
1218701PIP	2011	20	4	4.4	4.1	1.8783	0.3731	0.9966	0.3019	1.2985	2.2513	3.5498
1218701PIP	2011	20	5	8.9	7.3	10.2076	1.9509	3.2306	1.8077	5.0383	12.1586	17.1969
1218701PIP	2011	13	7	9.0	7.1	11.9716	2.1133	3.6859	2.7076	6.3935	14.0849	20.4784
1218701PIP	2011	20	8	7.1	6.1	5.9308	1.1476	2.2154	1.0181	3.2335	7.0784	10.312
1218701PIP	2011	74	11	4.8	7.0	2.9365	0.7191	0.3368	0.4176	0.7544	3.6556	4.41
1218701PIP	2011	20	13	7.6	6.4	6.9845	1.3465	2.482	1.2103	3.6923	8.331	12.0233
1218701PIP	2011	20	16	5.5	4.9	3.2109	0.63	1.4465	0.5322	1.9787	3.841	5.8197
1218701PIP	2011	20	18	3.9	3.7	1.4056	0.281	0.8148	0.2222	1.037	1.6867	2.7237
1218701PIP	2011	74	19	7.4	9.1	8.5724	2.0278	0.6821	1.2439	1.9259	10.6003	12.5262
1218701PIP	2011	20	21	11.3	8.7	18.1171	3.4178	4.8128	3.3155	8.1283	21.5349	29.6632
1218701PIP	2011	20	22	4.0	3.8	1.4938	0.2982	0.85	0.237	1.087	1.792	2.879
1218701PIP	2011	74	24	11.1	11.2	23.3846	5.3549	1.3211	3.4575	4.7786	28.7395	33.5182
1218701PIP	2011	74	25	5.9	8.0	4.8934	1.1788	0.4715	0.7026	1.1741	6.0722	7.2463
1218701PIP	2011	12	27	19.0	11.8	70.9712	10.1954	12.0316	13.0177	25.0493	81.1666	106.2159
1218701PIP	2011	20	28	8.7	7.1	9.6651	1.8495	3.1103	1.7062	4.8166	11.5146	16.3312
1218701PIP	2011	74	31	7.3	9.1	8.2886	1.9628	0.6671	1.2019	1.869	10.2514	12.1204
1218701PIP	2011	20	33	5.9	5.2	3.801	0.743	1.6264	0.6361	2.2625	4.544	6.8064
1218701PIP	2011	20	34	14.1	10.0	30.84	5.7481	6.9647	5.8184	12.7831	36.5881	49.3712
1218701PIP	2011	74	36	5.0	7.2	3.2487	0.793	0.3599	0.4629	0.8228	4.0417	4.8645
1218701PIP	2011	74	38	9.2	10.2	14.6937	3.4157	0.9727	2.1537	3.1264	18.1094	21.2359
1218701PIP	2011	13	39	12.9	9.4	29.6018	4.7384	6.1329	5.7333	11.8662	34.3402	46.2064
1218701PIP	2011	20	41	11.3	8.7	18.1171	3.4178	4.8128	3.3155	8.1283	21.5349	29.6632
1218701PIP	2011	38	42	3.6	5.2	1.463	0.294	0.4434	0.3554	0.7988	1.7571	2.5559
1218701PIP	2011	13	44	6.6	5.5	5.4881	1.054	2.377	1.4187	3.7958	6.5422	10.3379
1218701PIP	2011	13	45	7.7	6.2	8.0868	1.4894	2.9561	1.9562	4.9123	9.5762	14.4884
1218701PIP	2011	13	47	8.4	6.7	10.0648	1.8103	3.3432	2.345	5.6883	11.8751	17.5634
1218701PIP	2011	13	48	4.7	4.2	2.3369	0.4922	1.4706	0.6992	2.1699	2.8291	4.999
1218701PIP	2011	25	51	11.2	9.7	23.1122	2.8533	2.913	4.666	7.579	25.9655	33.5445
1218701PIP	2011	13	53	6.1	5.2	4.5018	0.8833	2.1264	1.2039	3.3303	5.3851	8.7154
1218701PIP	2011	38	54	3.9	5.5	1.7875	0.3565	0.5054	0.436	0.9414	2.144	3.0854
1218701PIP	2011	20	56	5.9	5.2	3.801	0.743	1.6264	0.6361	2.2625	4.544	6.8064
1218701PIP	2011	13	59	12.1	9.0	25.1999	4.1046	5.602	5.0172	10.6192	29.3045	39.9237
1218701PIP	2011	13	61	15.5	10.8	46.9727	7.153	7.9514	8.4058	16.3572	54.1257	70.4828
1218701PIP	2011	13	62	12.2	9.0	25.7269	4.1811	5.6676	5.104	10.7715	29.908	40.6795
1218701PIP	2011	25	64	8.3	8.1	11.1	1.5158	1.8654	2.3667	4.2321	12.6158	16.8479
1218701PIP	2011	13	65	12.9	9.4	29.6018	4.7384	6.1329	5.7333	11.8662	34.3402	46.2064
1218701PIP	2011	13	67	10.9	8.3	19.3792	3.2474	4.8327	4.0359	8.8686	22.6265	31.4951
1218701PIP	2011	25	68	4.1	5.1	1.9755	0.342	0.6534	0.479	1.1324	2.3175	3.4499
1218701PIP	2011	13	71	12.7	9.3	28.4612	4.5752	5.9988	5.5496	11.5484	33.0365	44.5849
1218701PIP	2011	20	74	13.0	9.5	25.3716	4.7499	6.0815	4.7335	10.815	30.1214	40.9364
1218701PIP	2011	25	76	10.4	9.3	19.2783	2.4401	2.609	3.9449	6.5539	21.7184	28.2723
1218701PIP	2011	13	79	9.0	7.1	11.9716	2.1133	3.6859	2.7076	6.3935	14.0849	20.4784
1218701PIP	2011	25	81	7.4	7.6	8.3816	1.1896	1.5726	1.8249	3.3975	9.5712	12.9687
1218701PIP	2011	13	82	12.5	9.2	27.3475	4.4152	5.8657	5.369	11.2347	31.7627	42.9974
1218701PIP	2011	13	84	4.0	3.7	1.5578	0.3428	1.1707	0.4997	1.6704	1.9006	3.571
1218701PIP	2011	25	85	11.3	9.8	23.6205	2.9073	2.9518	4.7609	7.7127	26.5278	34.2405
1218701PIP	2011	13	87	6.1	5.2	4.5018	0.8833	2.1264	1.2039	3.3303	5.3851	8.7154
1218701PIP	2011	25	88	10.1	9.2	17.9455	2.2939	2.4978	3.6919	6.1897	20.2394	26.4291
1218701PIP	2011	38	90	5.0	6.4	3.3289	0.648	0.7587	0.8221	1.5809	3.9769	5.5577
1218701PIP	2011	38	91	5.8	7.0	4.8262	0.926	0.9671	1.2009	2.168	5.7522	7.9203
1218701PIP	2011	20	96	7.1	6.1	5.9308	1.1476	2.2154	1.0181	3.2335	7.0784	10.312
1218701PIP	2011	20	97	4.3	4.0	1.7773	0.3535	0.9591	0.2848	1.2438	2.1308	3.3746
1218701PIP	2011	20	99	7.1	6.1	5.9308	1.1476	2.2154	1.0181	3.2335	7.0784	10.312
1218701PIP	2011	20	101	11.2	8.6	17.7342	3.3472	4.7419	3.2415	7.9833	21.0814	29.0647
1218701PIP	2011	20	102	7.2	6.1	6.1335	1.1859	2.2678	1.055	3.3227	7.3195	10.6422
1218701PIP	2011	20	104	9.5	7.6	11.9402	2.274	3.6024	2.1335	5.7359	14.2142	19.9501
1218701PIP	2011	20	105	14.2	10.1	31.3682	5.8443	7.0473	5.9238	12.9712	37.2125	50.1837
1218701PIP	2011	38	107	6.8	7.6	7.1861	1.3576	1.2544	1.8026	3.057	8.5437	11.6006
1218701PIP	2011	25	108	5.4	6.1	3.8763	0.6117	0.9842	0.8939	1.878	4.488	6.366
1218701PIP	2011	12	110	3.5	3.2	0.9066	0.2075	1.0059	0.3843	1.3902	1.1141	2.5043
1218701PIP	2011	20	111	4.5	4.2	1.9825	0.3933	1.0347	0.3196	1.3543	2.3758	3.7301
1218701PIP	2011	25	114	4.1	5.1	1.9755	0.342	0.6534	0.479	1.1324	2.3175	3.4499
1218701PIP	2011	20	116	4.3	4.0	1.7773	0.3535	0.9591	0.2848	1.2438	2.1308	3.3746
1218701PIP	2011	13	119	6.9	5.7	6.1372	1.1645	2.5313	1.5564	4.0877	7.3017	11.3894
1218701PIP	2011	12	121	15.3	10.3	40.6103	6.1923	8.7566	8.2922	17.0488	46.8027	63.8514
1218701PIP	2011	20	122	4.7	4.3	2.2009	0.4356	1.1126	0.357	1.4696	2.6364	4.106
1218701PIP	2011	25	124	6.4	6.9	5.875	0.8756	1.2671	1.3135	2.5806	6.7506	9.3312
1218701PIP	2011	13	125	7.6	6.2	7.8253	1.4463	2.902	1.9036	4.8055	9.2716	14.0772
1218701PIP	2011	13	127	5.4	4.7	3.3134	0.672	1.7897	0.9339	2.7236	3.9854	6.7089
1218701PIP	2011	74	128	3.8	6.0	1.6471	0.411	0.2301	0.2317	0.4618	2.0581	2.5199
1218701PIP	2011	20	130	8.7	7.1	9.6651	1.8495	3.1103	1.7062	4.8166	11.5146	16.3312
1218701PIP	2011	20	131	8.3	6.9	8.6315	1.656	2.8753	1.5139	4.3892	10.2875	14.6767
1218701PIP	2011	20	134	6.5	5.6	4.797	0.9327	1.9118	0.8136	2.7253	5.7297	8.4551
1218701PIP	2011	13	137	6.3	5.3	4.8823	0.9496	2.2257	1.2876	3.5133	5.8318	9.3452
1218701PIP	2011	25	139	11.8	10.0	26.261	3.1856	3.1482	5.2515	8.3997	29.4466	37.8462
1218701PIP	2011	20	142	2.9	2.9	0.6897	0.1402	0.4969	0.1047	0.6016	0.8299	1.4314
1218701PIP	2011	20	144	6.8	5.9	5.3464	1.037	2.0614	0.9124	2.9737	6.3833	9.3571
1218701PIP	2011	20	145	3.0	3.0	0.7483	0.1518	0.5258	0.1141	0.6399	0.9	1.54
1218701PIP	2011	20	147	9.7	7.8	12.5532	2.388	3.7299	2.2495	5.9794	14.9412	20.9206
1218701PIP	2011	20	148	7.4	6.3	6.551	1.2647	2.3739	1.131	3.5049	7.8157	11.3206
1218701PIP	2011	20	150	4.8	4.4	2.3151	0.4576	1.1524	0.3766	1.529	2.7727	4.3017
1218701PIP	2011	20	151	4.3	4.0	1.7773	0.3535	0.9591	0.2848	1.2438	2.1308	3.3746
1218701PIP	2011	20	153	10.0	7.9	13.5065	2.5651	3.9245	2.4305	6.355	16.0715	22.4265
1218701PIP	2011	20	154	3.8	3.6	1.3206	0.2644	0.7802	0.208	0.9883	1.585	2.5732
1218701PIP	2011	20	157	8.1	6.8	8.1401	1.5638	2.7605	1.423	4.1835	9.7039	13.8874
1218701PIP	2011	20	159	2.6	2.7	0.5305	0.1084	0.4141	0.0793	0.4934	0.639	1.1324
1218701PIP	2011	20	162	3.6	3.5	1.1597	0.2329	0.7129	0.1813	0.8942	1.3925	2.2868
1225466PIP	2011	38	1	5.3	5.6	3.8515	0.7455	0.8346	0.954	1.7886	4.597	6.3855
1225466PIP	2011	38	2	5.6	5.8	4.4205	0.851	0.9132	1.098	2.0112	5.2715	7.2827
1225466PIP	2011	38	4	3.1	4.2	1.0063	0.2052	0.3472	0.2426	0.5898	1.2115	1.8014
1225466PIP	2011	3	5	6.6	5.1	7.508	0.9152	1.0161	0.7538	1.7699	8.4232	10.193
1225476PIP	2011	3	2	6.5	5.8	7.2374	0.8867	0.9896	0.7265	1.7161	8.1241	9.8402
1225476PIP	2011	3	3	4.7	5.0	3.3193	0.4532	0.5649	0.332	0.8969	3.7725	4.6694
1225476PIP	2011	3	5	4.7	5.0	3.3193	0.4532	0.5649	0.332	0.8969	3.7725	4.6694
1225476PIP	2011	3	9	4.4	4.9	2.8326	0.3953	0.5041	0.2831	0.7871	3.2279	4.015
1225476PIP	2011	3	11	4.9	5.1	3.6691	0.494	0.6072	0.3671	0.9743	4.1631	5.1373
1225476PIP	2011	3	12	2.6	3.7	0.7996	0.133	0.203	0.0794	0.2824	0.9327	1.2151
1225476PIP	2011	3	14	3.1	4.1	1.2205	0.1915	0.2751	0.1215	0.3966	1.412	1.8086
1225476PIP	2011	3	16	4.8	5.1	3.4916	0.4734	0.5859	0.3493	0.9352	3.965	4.9002
1225476PIP	2011	3	17	3.1	4.1	1.2205	0.1915	0.2751	0.1215	0.3966	1.412	1.8086
1225476PIP	2011	3	19	3.8	4.5	1.9912	0.2918	0.3912	0.1987	0.5898	2.283	2.8729
1225476PIP	2011	3	20	4.5	4.9	2.9898	0.4142	0.524	0.2989	0.8229	3.404	4.2269
1225476PIP	2011	3	22	6.1	5.7	6.2125	0.7775	0.8867	0.6231	1.5099	6.99	8.4999
1225476PIP	2011	3	25	7.5	6.2	10.2092	1.1925	1.2674	1.0264	2.2939	11.4017	13.6956
1225476PIP	2011	3	26	5.6	5.5	5.058	0.6513	0.7648	0.5068	1.2717	5.7093	6.9809
1225476PIP	2011	3	31	3.0	4.0	1.128	0.1789	0.26	0.1122	0.3722	1.3069	1.6791
1225476PIP	2011	3	32	3.9	4.6	2.1195	0.308	0.4092	0.2115	0.6207	2.4275	3.0482
1225476PIP	2011	3	36	8.1	6.4	12.2841	1.3985	1.4478	1.2362	2.684	13.6826	16.3666
1225476PIP	2011	38	37	3.9	5.3	1.7875	0.3565	0.5054	0.436	0.9414	2.144	3.0854
1225476PIP	2011	3	39	4.9	5.1	3.6691	0.494	0.6072	0.3671	0.9743	4.1631	5.1373
1225476PIP	2011	3	40	3.6	4.4	1.7485	0.2609	0.3563	0.1743	0.5306	2.0094	2.54
1225476PIP	2011	74	42	5.1	6.2	3.4119	0.8315	0.3718	0.4866	0.8583	4.2434	5.1017
1225476PIP	2011	3	45	3.2	4.2	1.3173	0.2045	0.2906	0.1312	0.4218	1.5218	1.9436
1225476PIP	2011	3	46	6.5	5.8	7.2374	0.8867	0.9896	0.7265	1.7161	8.1241	9.8402
1225476PIP	2011	3	49	3.5	4.4	1.634	0.2462	0.3393	0.1629	0.5022	1.8801	2.3824
1225476PIP	2011	3	52	8.8	6.5	14.9929	1.6603	1.6709	1.5102	3.1811	16.6532	19.8343
1225476PIP	2011	3	54	5.3	5.3	4.4309	0.5811	0.6954	0.4437	1.1391	5.012	6.1511
1225476PIP	2011	3	57	3.5	4.4	1.634	0.2462	0.3393	0.1629	0.5022	1.8801	2.3824
1225476PIP	2011	3	59	3.5	4.4	1.634	0.2462	0.3393	0.1629	0.5022	1.8801	2.3824
1225476PIP	2011	3	62	2.7	3.8	0.8756	0.1438	0.2167	0.087	0.3037	1.0194	1.3231
1225476PIP	2011	3	65	4.0	4.7	2.2525	0.3245	0.4275	0.2249	0.6523	2.5771	3.2294
1225476PIP	2011	3	66	3.3	4.2	1.4185	0.2179	0.3065	0.1413	0.4478	1.6364	2.0842
1225476PIP	2011	3	69	6.0	5.6	5.9705	0.7513	0.8617	0.5988	1.4605	6.7218	8.1823
1225476PIP	2011	3	72	5.0	5.2	3.8517	0.5151	0.6287	0.3855	1.0142	4.3668	5.381
1225476PIP	2011	38	74	3.1	4.6	1.0063	0.2052	0.3472	0.2426	0.5898	1.2115	1.8014
1225476PIP	2011	3	77	3.3	4.2	1.4185	0.2179	0.3065	0.1413	0.4478	1.6364	2.0842
1225476PIP	2011	3	79	3.6	4.4	1.7485	0.2609	0.3563	0.1743	0.5306	2.0094	2.54
1225476PIP	2011	3	80	3.0	4.0	1.128	0.1789	0.26	0.1122	0.3722	1.3069	1.6791
1225476PIP	2011	3	82	4.3	4.8	2.6803	0.377	0.4844	0.2678	0.7522	3.0572	3.8094
1225476PIP	2011	3	83	4.3	4.8	2.6803	0.377	0.4844	0.2678	0.7522	3.0572	3.8094
1225476PIP	2011	3	85	3.5	4.4	1.634	0.2462	0.3393	0.1629	0.5022	1.8801	2.3824
1225476PIP	2011	3	86	4.0	4.7	2.2525	0.3245	0.4275	0.2249	0.6523	2.5771	3.2294
1225476PIP	2011	74	88	3.7	5.1	1.5419	0.3856	0.2203	0.2166	0.437	1.9275	2.3644
1225476PIP	2011	74	92	4.1	5.5	1.9879	0.493	0.2604	0.2806	0.5411	2.4809	3.022
1225476PIP	2011	3	94	3.8	4.5	1.9912	0.2918	0.3912	0.1987	0.5898	2.283	2.8729
1225476PIP	2011	74	95	3.8	5.2	1.6471	0.411	0.2301	0.2317	0.4618	2.0581	2.5199
1225476PIP	2011	74	97	5.6	6.5	4.3005	1.0403	0.433	0.616	1.049	5.3408	6.3898
1225476PIP	2011	3	99	5.4	5.4	4.6345	0.6041	0.7182	0.4642	1.1824	5.2386	6.421
1225476PIP	2011	3	100	3.9	4.6	2.1195	0.308	0.4092	0.2115	0.6207	2.4275	3.0482
1225476PIP	2011	3	102	2.9	4.0	1.0397	0.1668	0.2452	0.1034	0.3486	1.2065	1.555
1225476PIP	2011	74	103	3.2	4.7	1.0765	0.2723	0.1739	0.1502	0.3241	1.3488	1.6729
1225476PIP	2011	3	105	2.7	3.8	0.8756	0.1438	0.2167	0.087	0.3037	1.0194	1.3231
1225476PIP	2011	3	108	3.0	4.0	1.128	0.1789	0.26	0.1122	0.3722	1.3069	1.6791
1225476PIP	2011	3	109	5.2	5.3	4.2325	0.5587	0.6729	0.4238	1.0966	4.7912	5.8878
1225476PIP	2011	3	112	4.7	5.0	3.3193	0.4532	0.5649	0.332	0.8969	3.7725	4.6694
1225476PIP	2011	3	114	5.6	5.5	5.058	0.6513	0.7648	0.5068	1.2717	5.7093	6.9809
1225476PIP	2011	3	115	3.4	4.3	1.524	0.2318	0.3228	0.1518	0.4746	1.7558	2.2304
1225476PIP	2011	74	117	5.4	6.4	3.9303	0.9535	0.4081	0.562	0.9701	4.8838	5.8539
1225486PIP	2011	25	3	21.3	19.3	111.4523	11.0822	7.5787	20.0125	27.5913	122.5345	150.1258
1225486PIP	2011	25	5	18.1	18.2	74.8253	7.8593	5.9488	13.8404	19.7892	82.6846	102.4738
1225486PIP	2011	13	6	8.0	8.5	8.9026	1.6227	3.1203	2.1183	5.2386	10.5253	15.764
1225486PIP	2011	25	8	22.2	19.6	123.3329	12.0939	8.06	21.9793	30.0393	135.4268	165.4661
1225486PIP	2011	25	9	16.4	17.4	58.7774	6.3821	5.137	11.0693	16.2063	65.1595	81.3658
1225486PIP	2011	25	11	14.2	16.2	41.3148	4.7088	4.1463	7.9877	12.134	46.0237	58.1576
1225486PIP	2011	25	12	22.1	19.6	121.9776	11.9792	8.006	21.7557	29.7617	133.9568	163.7185
1225486PIP	2011	13	15	7.0	7.6	6.3634	1.2027	2.5833	1.6038	4.1871	7.5661	11.7532
1225486PIP	2011	13	18	7.9	8.5	8.6254	1.5775	3.0653	2.0635	5.1288	10.203	15.3318
1225486PIP	2011	13	20	20.9	18.1	99.6071	13.9845	12.135	15.671	27.806	113.5916	141.3976
1225486PIP	2011	13	23	4.3	5.0	1.8685	0.4032	1.2968	0.5809	1.8777	2.2717	4.1494
1225486PIP	2011	25	25	12.6	15.2	30.8345	3.6587	3.4708	6.0928	9.5636	34.4932	44.0568
1225486PIP	2011	25	26	8.2	11.7	10.7755	1.4775	1.832	2.3026	4.1347	12.253	16.3877
1225486PIP	2011	13	29	6.7	7.3	5.6997	1.0902	2.4281	1.4639	3.892	6.7898	10.6818
1225486PIP	2011	13	31	2.8	3.5	0.6353	0.154	0.7069	0.2376	0.9445	0.7893	1.7339
1225486PIP	2011	13	32	2.8	3.5	0.6353	0.154	0.7069	0.2376	0.9445	0.7893	1.7339
1225486PIP	2011	13	34	3.3	4.0	0.9603	0.2227	0.8918	0.3346	1.2265	1.183	2.4095
1225486PIP	2011	13	35	3.4	4.1	1.0352	0.2381	0.9303	0.3561	1.2864	1.2733	2.5597
1225486PIP	2011	13	38	3.0	3.7	0.7557	0.1798	0.7794	0.2744	1.0537	0.9355	1.9892
1225486PIP	2011	13	40	4.5	5.2	2.0948	0.4465	1.3829	0.6387	2.0216	2.5413	4.5629
1225486PIP	2011	13	41	11.7	11.8	23.1572	3.8065	5.3419	4.6778	10.0196	26.9637	36.9833
1225486PIP	2011	13	43	4.0	4.7	1.5578	0.3428	1.1707	0.4997	1.6704	1.9006	3.571
1225486PIP	2011	13	46	4.2	4.9	1.7612	0.3825	1.2543	0.5531	1.8075	2.1436	3.9511
1225486PIP	2011	13	49	3.6	4.3	1.1952	0.2707	1.0086	0.4012	1.4098	1.4659	2.8757
1225486PIP	2011	13	54	15.5	14.7	46.9727	7.153	7.9514	8.4058	16.3572	54.1257	70.4828
1225486PIP	2011	13	58	8.6	9.1	10.6783	1.9084	3.4564	2.4629	5.9193	12.5867	18.506
1225486PIP	2011	13	60	2.7	3.4	0.5798	0.142	0.6715	0.2203	0.8918	0.7218	1.6135
1225486PIP	2011	13	61	3.3	4.0	0.9603	0.2227	0.8918	0.3346	1.2265	1.183	2.4095
1225486PIP	2011	13	65	3.6	4.3	1.1952	0.2707	1.0086	0.4012	1.4098	1.4659	2.8757
1225486PIP	2011	25	68	19.7	18.8	92.0632	9.3981	6.7476	16.768	23.5156	101.4613	124.9769
1225486PIP	2011	25	69	3.7	6.6	1.5366	0.2754	0.5608	0.3796	0.9404	1.812	2.7524
1225486PIP	2011	25	71	5.0	8.3	3.2108	0.52	0.8777	0.7509	1.6286	3.7308	5.3593
1225486PIP	2011	13	72	3.7	4.4	1.2805	0.2878	1.0485	0.4247	1.4732	1.5683	3.0415
1225486PIP	2011	25	74	14.4	16.4	42.7536	4.8499	4.2335	8.2448	12.4782	47.6035	60.0817
1225486PIP	2011	13	75	10.7	11.0	18.4974	3.1153	4.7078	3.8831	8.5909	21.6126	30.2035
1225486PIP	2011	13	78	3.8	4.5	1.3693	0.3056	1.0888	0.449	1.5378	1.6749	3.2127
1225486PIP	2011	13	81	4.3	5.0	1.8685	0.4032	1.2968	0.5809	1.8777	2.2717	4.1494
1225486PIP	2011	13	83	2.8	3.5	0.6353	0.154	0.7069	0.2376	0.9445	0.7893	1.7339
1225486PIP	2011	25	86	7.0	10.5	7.3157	1.058	1.4478	1.6091	3.0569	8.3737	11.4306
1225486PIP	2011	25	88	14.0	16.1	39.9051	4.5699	4.0597	7.7351	11.7948	44.475	56.2699
1225486PIP	2011	25	89	11.2	14.3	23.1122	2.8533	2.913	4.666	7.579	25.9655	33.5445
1225486PIP	2011	25	92	8.2	11.7	10.7755	1.4775	1.832	2.3026	4.1347	12.253	16.3877
1225486PIP	2011	13	94	3.1	3.8	0.8206	0.1935	0.8164	0.2938	1.1101	1.0142	2.1243
1225486PIP	2011	20	95	7.0	7.7	5.7321	1.11	2.1636	0.9821	3.1457	6.8421	9.9877
1225486PIP	2011	13	97	13.7	13.4	34.4373	5.423	6.6776	6.4992	13.1768	39.8604	53.0371
1225486PIP	2011	13	98	11.2	11.4	20.7485	3.4513	5.0219	4.2708	9.2927	24.1998	33.4925
1225486PIP	2011	13	201	17.7	16.2	65.5838	9.6332	9.5933	11.084	20.6772	75.217	95.8943
1225486PIP	2011	13	203	8.5	9.0	10.3688	1.859	3.3997	2.4036	5.8032	12.2278	18.0311
1225486PIP	2011	25	206	15.2	16.8	48.8025	5.4363	4.588	9.319	13.907	54.2388	68.1458
1225486PIP	2011	13	208	4.9	5.6	2.5951	0.5404	1.5599	0.7627	2.3226	3.1355	5.4581
1225486PIP	2011	13	209	16.3	15.2	53.3097	8.0077	8.538	9.3352	17.8731	61.3174	79.1906
1225486PIP	2011	13	211	11.5	11.6	22.1746	3.6621	5.2132	4.5127	9.7258	25.8367	35.5625
1225486PIP	2011	13	214	4.2	4.9	1.7612	0.3825	1.2543	0.5531	1.8075	2.1436	3.9511
1225486PIP	2011	13	215	13.7	13.4	34.4373	5.423	6.6776	6.4992	13.1768	39.8604	53.0371
1225486PIP	2011	13	217	8.1	8.6	9.1851	1.6685	3.1756	2.1739	5.3495	10.8537	16.2032
1225486PIP	2011	13	221	17.7	16.2	65.5838	9.6332	9.5933	11.084	20.6772	75.217	95.8943
1225486PIP	2011	13	223	8.1	8.6	9.1851	1.6685	3.1756	2.1739	5.3495	10.8537	16.2032
1225486PIP	2011	13	224	12.5	12.4	27.3475	4.4152	5.8657	5.369	11.2347	31.7627	42.9974
1225486PIP	2011	13	226	15.0	14.3	43.2549	6.6458	7.5911	7.8506	15.4416	49.9007	65.3423
1225486PIP	2011	13	229	10.5	10.8	17.6402	2.9862	4.5838	3.7334	8.3172	20.6264	28.9435
1225486PIP	2011	13	231	12.5	12.4	27.3475	4.4152	5.8657	5.369	11.2347	31.7627	42.9974
1225486PIP	2011	13	232	20.1	17.6	90.2954	12.8124	11.4833	14.4469	25.9302	103.1078	129.038
1225486PIP	2011	13	234	5.2	5.9	3.0134	0.6175	1.6967	0.8632	2.5599	3.6308	6.1907
1225486PIP	2011	13	235	3.6	4.3	1.1952	0.2707	1.0086	0.4012	1.4098	1.4659	2.8757
1225486PIP	2011	13	237	3.1	3.8	0.8206	0.1935	0.8164	0.2938	1.1101	1.0142	2.1243
1225486PIP	2011	13	238	12.4	12.4	26.8007	4.3364	5.7994	5.2799	11.0793	31.1371	42.2164
1225486PIP	2011	13	241	13.4	13.1	32.5723	5.1603	6.4717	6.2061	12.6778	37.7326	50.4105
1225486PIP	2011	12	243	7.2	7.0	5.8193	1.092	2.898	1.7259	4.6239	6.9112	11.5351
1225486PIP	2011	13	244	17.9	16.3	67.4633	9.8791	9.7469	11.3466	21.0935	77.3424	98.4359
1225486PIP	2011	13	246	9.9	10.3	15.214	2.617	4.2178	3.3025	7.5203	17.8309	25.3513
1225486PIP	2011	13	248	8.7	9.2	10.9933	1.9586	3.5133	2.523	6.0363	12.9519	18.9881
1225486PIP	2011	13	249	10.2	10.5	16.4001	2.7982	4.3997	3.5145	7.9142	19.1983	27.1125
1225486PIP	2011	13	252	13.6	13.3	33.8087	5.3346	6.6088	6.4007	13.0095	39.1434	52.1528
1225516PIP	2011	38	360	7.3	9.3	8.5824	1.6102	1.4087	2.1606	3.5693	10.1926	13.7618
1225516PIP	2011	38	361	6.5	8.7	6.4188	1.218	1.1652	1.6064	2.7716	7.6367	10.4083
1225516PIP	2011	3	363	16.6	13.3	68.9474	6.1774	5.0063	6.9952	12.0015	75.1248	87.1263
1225516PIP	2011	38	364	4.2	6.7	2.1518	0.426	0.5705	0.5268	1.0973	2.5778	3.6751
1225516PIP	2011	38	367	2.7	5.0	0.7122	0.1472	0.277	0.1705	0.4475	0.8594	1.3069
1225516PIP	2011	38	370	5.4	7.8	4.0359	0.7798	0.8605	1.0006	1.8611	4.8157	6.6768
1225516PIP	2011	38	372	2.6	4.9	0.648	0.1344	0.2604	0.1548	0.4153	0.7824	1.1977
1225516PIP	2011	38	375	3.0	5.4	0.927	0.1897	0.3291	0.2231	0.5522	1.1167	1.6689
1225516PIP	2011	38	377	4.3	6.8	2.2823	0.4508	0.5929	0.5594	1.1523	2.7331	3.8854
1225516PIP	2011	38	378	3.6	6.1	1.463	0.294	0.4434	0.3554	0.7988	1.7571	2.5559
1225516PIP	2011	38	380	6.3	8.6	5.9359	1.1298	1.1071	1.4832	2.5904	7.0656	9.656
1225516PIP	2011	38	381	2.5	4.8	0.5874	0.1223	0.2443	0.1401	0.3843	0.7097	1.0941
1225516PIP	2011	13	383	4.1	4.3	1.6576	0.3623	1.2123	0.526	1.7384	2.02	3.7583
1225516PIP	2011	38	384	5.2	7.7	3.6722	0.7121	0.809	0.9087	1.7177	4.3843	6.102
1225516PIP	2011	3	386	16.7	13.3	69.9502	6.2547	5.0586	7.0974	12.1559	76.2049	88.3608
1225516PIP	2011	38	387	7.2	9.2	8.2912	1.5577	1.3773	2.0858	3.4631	9.8488	13.3119
1225516PIP	2011	38	390	5.5	7.9	4.2256	0.8149	0.8867	1.0486	1.9353	5.0405	6.9758
1225516PIP	2011	38	392	5.1	7.6	3.498	0.6796	0.7837	0.8648	1.6485	4.1776	5.8261
1225516PIP	2011	38	395	5.4	7.8	4.0359	0.7798	0.8605	1.0006	1.8611	4.8157	6.6768
1225516PIP	2011	38	397	4.7	7.2	2.8513	0.5584	0.6857	0.702	1.3877	3.4097	4.7974
1225516PIP	2011	38	398	2.7	5.0	0.7122	0.1472	0.277	0.1705	0.4475	0.8594	1.3069
1225516PIP	2011	38	400	11.2	11.3	25.0512	4.5084	2.8364	6.4446	9.281	29.5595	38.8405
1225516PIP	2011	38	401	4.7	7.2	2.8513	0.5584	0.6857	0.702	1.3877	3.4097	4.7974
1225516PIP	2011	38	403	5.4	7.8	4.0359	0.7798	0.8605	1.0006	1.8611	4.8157	6.6768
1225516PIP	2011	38	404	8.0	9.7	10.7926	2.0069	1.6362	2.7296	4.3658	12.7996	17.1654
1225516PIP	2011	38	406	8.0	9.7	10.7926	2.0069	1.6362	2.7296	4.3658	12.7996	17.1654
1225516PIP	2011	13	407	7.5	7.2	7.5689	1.404	2.8481	1.8518	4.6999	8.9729	13.6728
1225516PIP	2011	38	410	10.0	10.8	18.8649	3.4327	2.3566	4.8254	7.182	22.2976	29.4796
1225516PIP	2011	13	412	2.6	3.1	0.5273	0.1304	0.6366	0.2036	0.8402	0.6577	1.4979
1225516PIP	2011	13	413	6.0	5.9	4.3185	0.8512	2.0773	1.1631	3.2404	5.1697	8.4101
1225516PIP	2011	38	415	2.6	4.9	0.648	0.1344	0.2604	0.1548	0.4153	0.7824	1.1977
1225516PIP	2011	38	417	9.9	10.7	18.3963	3.3507	2.3182	4.7032	7.0214	21.747	28.7684
1225516PIP	2011	3	418	17.3	13.4	76.1452	6.7289	5.3769	7.7291	13.106	82.8741	95.9801
1225516PIP	2011	38	420	6.8	8.9	7.1861	1.3576	1.2544	1.8026	3.057	8.5437	11.6006
1225516PIP	2011	13	421	11.4	10.2	21.6929	3.5911	5.1492	4.4313	9.5805	25.2839	34.8644
1225516PIP	2011	38	423	5.1	7.6	3.498	0.6796	0.7837	0.8648	1.6485	4.1776	5.8261
1225516PIP	2011	38	424	3.7	6.2	1.5669	0.3141	0.4637	0.3811	0.8448	1.881	2.7258
1225516PIP	2011	38	426	6.5	8.7	6.4188	1.218	1.1652	1.6064	2.7716	7.6367	10.4083
1225516PIP	2011	38	427	5.1	7.6	3.498	0.6796	0.7837	0.8648	1.6485	4.1776	5.8261
1225516PIP	2011	3	430	14.2	12.7	47.3666	4.471	3.8217	4.7971	8.6188	51.8376	60.4564
1225516PIP	2011	38	432	2.8	5.1	0.78	0.1607	0.294	0.1871	0.4811	0.9407	1.4218
1225516PIP	2011	74	433	9.1	12.1	14.3015	3.3275	0.9556	2.0952	3.0507	17.629	20.6798
1225516PIP	2011	74	435	5.7	9.3	4.4931	1.0853	0.4457	0.6441	1.0898	5.5784	6.6682
1225516PIP	2011	74	437	13.6	14.3	38.6602	8.7101	1.8398	5.7703	7.61	47.3703	54.9803
1225516PIP	2011	3	438	6.3	9.0	6.7135	0.8312	0.9376	0.6736	1.6112	7.5447	9.1559
1225516PIP	2011	3	440	10.7	11.5	23.9882	2.4886	2.3429	2.4216	4.7645	26.4768	31.2413
1225516PIP	2011	38	441	4.7	7.2	2.8513	0.5584	0.6857	0.702	1.3877	3.4097	4.7974
1225516PIP	2011	38	443	3.1	5.5	1.0063	0.2052	0.3472	0.2426	0.5898	1.2115	1.8014
1225516PIP	2011	38	444	5.7	8.1	4.6207	0.8881	0.94	1.1488	2.0888	5.5087	7.5975
1225516PIP	2011	74	446	12.1	13.7	28.95	6.5837	1.5206	4.2976	5.8182	35.5338	41.352
1225516PIP	2011	74	447	6.4	10.0	5.9848	1.4323	0.5383	0.8626	1.4009	7.4171	8.818
1225516PIP	2011	38	450	9.7	10.6	17.4803	3.1902	2.2421	4.4644	6.7065	20.6705	27.377
1225516PIP	2011	38	453	4.2	6.7	2.1518	0.426	0.5705	0.5268	1.0973	2.5778	3.6751
1225516PIP	2011	38	455	2.5	4.8	0.5874	0.1223	0.2443	0.1401	0.3843	0.7097	1.0941
1225516PIP	2011	74	458	9.4	12.3	15.497	3.5963	1.0075	2.2737	3.2812	19.0932	22.3744
1225516PIP	2011	38	460	2.8	5.1	0.78	0.1607	0.294	0.1871	0.4811	0.9407	1.4218
1225516PIP	2011	38	461	4.5	7.0	2.5573	0.5029	0.6386	0.6282	1.2669	3.0602	4.3271
1225516PIP	2011	38	463	12.8	11.8	34.9912	6.2159	3.5285	9.0628	12.5913	41.2071	53.7984
1225516PIP	2011	74	464	6.7	10.2	6.7033	1.5984	0.5801	0.9682	1.5482	8.3017	9.8499
1225516PIP	2011	74	466	9.7	12.5	16.75	3.8773	1.0604	2.4611	3.5215	20.6273	24.1489
1225516PIP	2011	74	467	12.4	13.8	30.7591	6.9814	1.5825	4.5713	6.1539	37.7406	43.8944
1225516PIP	2011	74	469	6.7	10.2	6.7033	1.5984	0.5801	0.9682	1.5482	8.3017	9.8499
1225516PIP	2011	3	470	12.9	12.3	37.6032	3.665	3.2371	3.8041	7.0413	41.2682	48.3094
1225516PIP	2011	38	473	3.7	6.2	1.5669	0.3141	0.4637	0.3811	0.8448	1.881	2.7258
1225516PIP	2011	38	475	4.7	7.2	2.8513	0.5584	0.6857	0.702	1.3877	3.4097	4.7974
1225516PIP	2011	74	478	11.2	13.3	23.9095	5.4712	1.3406	3.5366	4.8772	29.3807	34.2578
1225516PIP	2011	38	480	5.6	8.0	4.4205	0.851	0.9132	1.098	2.0112	5.2715	7.2827
1225516PIP	2011	38	481	3.8	6.3	1.675	0.3349	0.4844	0.408	0.8924	2.0099	2.9023
1225516PIP	2011	38	483	6.3	8.6	5.9359	1.1298	1.1071	1.4832	2.5904	7.0656	9.656
1225516PIP	2011	74	484	11.1	13.2	23.3846	5.3549	1.3211	3.4575	4.7786	28.7395	33.5182
1225516PIP	2011	74	486	7.5	10.9	8.862	2.0941	0.6972	1.2867	1.9838	10.9561	12.9399
1225516PIP	2011	38	487	11.9	11.5	29.1554	5.2161	3.132	7.5235	10.6555	34.3715	45.027
1225516PIP	2011	38	489	3.6	6.1	1.463	0.294	0.4434	0.3554	0.7988	1.7571	2.5559
1225516PIP	2011	38	490	4.4	6.9	2.4175	0.4765	0.6156	0.5932	1.2088	2.8939	4.1027
1225516PIP	2011	38	493	2.8	5.1	0.78	0.1607	0.294	0.1871	0.4811	0.9407	1.4218
1225516PIP	2011	38	495	2.7	5.0	0.7122	0.1472	0.277	0.1705	0.4475	0.8594	1.3069
1225516PIP	2011	38	496	3.0	5.4	0.927	0.1897	0.3291	0.2231	0.5522	1.1167	1.6689
1225516PIP	2011	13	498	4.2	4.4	1.7612	0.3825	1.2543	0.5531	1.8075	2.1436	3.9511
1225516PIP	2011	74	500	9.6	12.4	16.3259	3.7823	1.0426	2.3977	3.4403	20.1081	23.5484
1225516PIP	2011	74	501	7.1	10.6	7.7378	1.8365	0.6376	1.1206	1.7582	9.5743	11.3325
1225516PIP	2011	74	503	9.8	12.5	17.1807	3.9737	1.0783	2.5256	3.6039	21.1544	24.7583
1225516PIP	2011	38	504	4.1	6.6	2.0259	0.402	0.5485	0.4953	1.0438	2.4279	3.4717
1225516PIP	2011	38	506	2.8	5.1	0.78	0.1607	0.294	0.1871	0.4811	0.9407	1.4218
1225516PIP	2011	38	507	3.5	6.0	1.3635	0.2748	0.4234	0.3307	0.7542	1.6382	2.3924
1225516PIP	2011	3	509	5.8	8.6	5.5032	0.7004	0.8127	0.5517	1.3644	6.2036	7.5679
1225516PIP	2011	74	510	12.1	13.7	28.95	6.5837	1.5206	4.2976	5.8182	35.5338	41.352
1225516PIP	2011	74	513	9.2	12.2	14.6937	3.4157	0.9727	2.1537	3.1264	18.1094	21.2359
1225516PIP	2011	74	516	4.8	8.3	2.9365	0.7191	0.3368	0.4176	0.7544	3.6556	4.41
1225516PIP	2011	38	518	2.9	5.3	0.8516	0.1748	0.3114	0.2046	0.516	1.0264	1.5424
1225516PIP	2011	74	521	9.0	12.0	13.9157	3.2406	0.9385	2.0376	2.9761	17.1563	20.1324
1225516PIP	2011	38	523	15.3	12.4	54.6844	9.5471	4.7237	14.2918	19.0155	64.2315	83.247
1225516PIP	2011	38	524	4.7	7.2	2.8513	0.5584	0.6857	0.702	1.3877	3.4097	4.7974
1225516PIP	2011	38	526	5.4	7.8	4.0359	0.7798	0.8605	1.0006	1.8611	4.8157	6.6768
1225516PIP	2011	38	527	3.4	5.9	1.268	0.2563	0.4038	0.3071	0.711	1.5243	2.2353
1225516PIP	2011	38	529	5.7	8.1	4.6207	0.8881	0.94	1.1488	2.0888	5.5087	7.5975
1225516PIP	2011	38	530	4.8	7.3	3.0056	0.5874	0.7097	0.7408	1.4505	3.593	5.0435
1225516PIP	2011	38	533	11.7	11.5	27.9445	5.0077	3.0464	7.2049	10.2512	32.9523	43.2035
1225516PIP	2011	3	536	11.3	11.8	27.3503	2.7862	2.5747	2.7627	5.3374	30.1365	35.4739
1225516PIP	2011	38	538	4.5	7.0	2.5573	0.5029	0.6386	0.6282	1.2669	3.0602	4.3271
1225516PIP	2011	38	541	5.4	7.8	4.0359	0.7798	0.8605	1.0006	1.8611	4.8157	6.6768
1225516PIP	2011	38	543	2.7	5.0	0.7122	0.1472	0.277	0.1705	0.4475	0.8594	1.3069
1225516PIP	2011	38	544	3.7	6.2	1.5669	0.3141	0.4637	0.3811	0.8448	1.881	2.7258
1225516PIP	2011	38	546	2.7	5.0	0.7122	0.1472	0.277	0.1705	0.4475	0.8594	1.3069
1225516PIP	2011	3	547	15.7	13.1	60.3002	5.5041	4.5463	6.114	10.6603	65.8043	76.4646
1225516PIP	2011	38	549	5.2	7.7	3.6722	0.7121	0.809	0.9087	1.7177	4.3843	6.102
1225516PIP	2011	38	550	12.2	11.6	31.0298	5.538	3.2621	8.0173	11.2794	36.5678	47.8472
1225516PIP	2011	3	552	10.0	11.2	20.3871	2.1633	2.0842	2.0565	4.1407	22.5504	26.6912
1225516PIP	2011	38	553	3.2	5.6	1.0895	0.2215	0.3657	0.2631	0.6288	1.311	1.9398
1225516PIP	2011	3	556	6.7	9.3	7.7844	0.9441	1.0429	0.7816	1.8245	8.7285	10.553
1225516PIP	2011	38	558	3.0	5.4	0.927	0.1897	0.3291	0.2231	0.5522	1.1167	1.6689
1225546PIP	2011	20	80	3.2	3.3	0.8738	0.1766	0.5856	0.1344	0.7201	1.0504	1.7705
1225546PIP	2011	38	82	12.1	11.8	30.3972	5.4295	3.2185	7.8506	11.0691	35.8267	46.8957
1225546PIP	2011	20	84	2.9	3.1	0.6897	0.1402	0.4969	0.1047	0.6016	0.8299	1.4314
1225546PIP	2011	13	85	15.5	12.0	46.9727	7.153	7.9514	8.4058	16.3572	54.1257	70.4828
1225546PIP	2011	20	87	2.5	2.8	0.4828	0.0989	0.3878	0.0718	0.4596	0.5817	1.0414
1225546PIP	2011	13	91	12.5	10.2	27.3475	4.4152	5.8657	5.369	11.2347	31.7627	42.9974
1225546PIP	2011	38	93	5.0	7.4	3.3289	0.648	0.7587	0.8221	1.5809	3.9769	5.5577
1225546PIP	2011	20	94	8.8	7.7	9.9342	1.8999	3.1702	1.7565	4.9268	11.8341	16.7608
1225546PIP	2011	20	97	10.7	9.0	15.891	3.0068	4.3938	2.8864	7.2801	18.8978	26.1779
1225546PIP	2011	20	99	10.9	9.1	16.6141	3.1404	4.5317	3.0254	7.5571	19.7545	27.3117
1225546PIP	2011	20	100	3.2	3.3	0.8738	0.1766	0.5856	0.1344	0.7201	1.0504	1.7705
1225546PIP	2011	20	102	3.5	3.6	1.0838	0.218	0.6801	0.1688	0.8489	1.3017	2.1507
1225546PIP	2011	20	104	9.9	8.4	13.1842	2.5052	3.8592	2.3692	6.2284	15.6894	21.9178
1225546PIP	2011	38	105	5.7	8.0	4.6207	0.8881	0.94	1.1488	2.0888	5.5087	7.5975
1225546PIP	2011	13	107	4.4	4.3	1.9797	0.4245	1.3397	0.6094	1.9491	2.4043	4.3534
1225546PIP	2011	13	108	17.4	13.1	62.8243	9.2708	9.3641	10.6961	20.0602	72.0951	92.1553
1225546PIP	2011	13	110	9.3	8.1	13.0006	2.2746	3.8608	2.8991	6.76	15.2752	22.0351
1225546PIP	2011	20	111	14.4	10.9	32.4404	6.0394	7.2138	6.1381	13.3519	38.4798	51.8318
1225546PIP	2011	20	113	5.2	5.0	2.8061	0.5523	1.3172	0.4615	1.7787	3.3583	5.137
1225546PIP	2011	13	114	4.9	4.7	2.5951	0.5404	1.5599	0.7627	2.3226	3.1355	5.4581
1225546PIP	2011	13	117	21.2	14.9	103.2417	14.4388	12.3821	16.1434	28.5255	117.6805	146.206
1225546PIP	2011	38	120	4.1	6.5	2.0259	0.402	0.5485	0.4953	1.0438	2.4279	3.4717
1225546PIP	2011	12	122	10.7	9.2	16.1559	2.7183	5.182	3.938	9.12	18.8742	27.9942
1225546PIP	2011	38	125	10.1	10.9	19.3406	3.5158	2.3953	4.9496	7.3449	22.8564	30.2013
1225546PIP	2011	13	127	13.5	10.9	33.1871	5.2471	6.5402	6.303	12.8432	38.4341	51.2773
1225546PIP	2011	13	128	19.8	14.3	86.9445	12.3874	11.2417	14.0012	25.2429	99.332	124.5749
1225546PIP	2011	13	130	10.1	8.6	15.9987	2.7371	4.3388	3.4431	7.7819	18.7358	26.5177
1225546PIP	2011	20	131	6.7	6.2	5.1594	1.0015	2.011	0.8787	2.8897	6.1609	9.0506
1225546PIP	2011	38	133	6.2	8.4	5.7029	1.0871	1.0785	1.4239	2.5024	6.79	9.2924
1225546PIP	2011	38	134	5.5	7.8	4.2256	0.8149	0.8867	1.0486	1.9353	5.0405	6.9758
1225546PIP	2011	38	136	2.7	4.9	0.7122	0.1472	0.277	0.1705	0.4475	0.8594	1.3069
1225546PIP	2011	38	137	3.1	5.4	1.0063	0.2052	0.3472	0.2426	0.5898	1.2115	1.8014
1225546PIP	2011	38	140	2.5	4.7	0.5874	0.1223	0.2443	0.1401	0.3843	0.7097	1.0941
1225546PIP	2011	38	142	4.1	6.5	2.0259	0.402	0.5485	0.4953	1.0438	2.4279	3.4717
1225546PIP	2011	38	145	7.8	9.6	10.13	1.8884	1.5698	2.5588	4.1286	12.0184	16.147
1225546PIP	2011	38	147	6.3	8.5	5.9359	1.1298	1.1071	1.4832	2.5904	7.0656	9.656
1225546PIP	2011	38	148	7.0	9.0	7.7268	1.4556	1.3153	1.9411	3.2563	9.1824	12.4387
1225546PIP	2011	20	150	11.0	9.1	16.9827	3.2085	4.6013	3.0964	7.6978	20.1913	27.889
1225546PIP	2011	38	151	9.6	10.7	17.0328	3.1117	2.2045	4.3478	6.5523	20.1445	26.6967
1225546PIP	2011	38	153	5.0	7.4	3.3289	0.648	0.7587	0.8221	1.5809	3.9769	5.5577
1225546PIP	2011	38	154	5.6	7.9	4.4205	0.851	0.9132	1.098	2.0112	5.2715	7.2827
1225546PIP	2011	38	156	5.6	7.9	4.4205	0.851	0.9132	1.098	2.0112	5.2715	7.2827
1225546PIP	2011	38	157	9.9	10.8	18.3963	3.3507	2.3182	4.7032	7.0214	21.747	28.7684
1225546PIP	2011	38	160	6.5	8.7	6.4188	1.218	1.1652	1.6064	2.7716	7.6367	10.4083
1225546PIP	2011	20	162	10.1	8.6	13.8333	2.6257	3.9902	2.4927	6.4829	16.459	22.9419
1225546PIP	2011	20	163	13.9	10.7	29.7993	5.5585	6.8005	5.611	12.4115	35.3577	47.7693
1225546PIP	2011	20	165	6.0	5.6	3.9577	0.7729	1.6726	0.6638	2.3365	4.7305	7.067
1225546PIP	2011	20	167	13.8	10.7	29.2867	5.465	6.719	5.509	12.2281	34.7517	46.9798
1225546PIP	2011	20	168	7.3	6.6	6.3402	1.225	2.3206	1.0926	3.4132	7.5652	10.9784
1225546PIP	2011	38	170	6.9	9.0	7.4535	1.4061	1.2847	1.871	3.1557	8.8596	12.0153
1225546PIP	2011	20	171	3.0	3.1	0.7483	0.1518	0.5258	0.1141	0.6399	0.9	1.54
1225546PIP	2011	38	174	4.3	6.7	2.2823	0.4508	0.5929	0.5594	1.1523	2.7331	3.8854
1225546PIP	2011	38	176	3.3	5.6	1.1768	0.2385	0.3846	0.2846	0.6692	1.4153	2.0845
1225546PIP	2011	20	177	4.8	4.6	2.3151	0.4576	1.1524	0.3766	1.529	2.7727	4.3017
1225546PIP	2011	20	180	10.2	8.6	14.1647	2.6872	4.0564	2.5559	6.6123	16.8519	23.4642
1225546PIP	2011	20	182	2.7	2.9	0.5809	0.1185	0.441	0.0873	0.5283	0.6994	1.2277
1225546PIP	2011	38	185	4.6	7.0	2.7019	0.5302	0.662	0.6645	1.3265	3.2322	4.5587
1225546PIP	2011	13	187	6.1	5.7	4.5018	0.8833	2.1264	1.2039	3.3303	5.3851	8.7154
1225546PIP	2011	13	188	8.6	7.5	10.6783	1.9084	3.4564	2.4629	5.9193	12.5867	18.506
1225546PIP	2011	13	190	17.0	12.9	59.2554	8.7996	9.0611	10.1901	19.2512	68.0551	87.3063
1225546PIP	2011	12	191	23.0	15.8	116.1309	15.8281	15.9238	19.3781	35.3019	131.959	167.2609
1225546PIP	2011	13	193	13.8	11.0	35.073	5.5122	6.7467	6.5984	13.3451	40.5852	53.9302
1225546PIP	2011	13	194	16.1	12.4	51.6801	7.789	8.3902	9.0981	17.4882	59.4691	76.9573
1225546PIP	2011	13	196	18.0	13.4	68.4151	10.0033	9.824	11.4791	21.3031	78.4184	99.7215
1225546PIP	2011	13	197	6.1	5.7	4.5018	0.8833	2.1264	1.2039	3.3303	5.3851	8.7154
1225546PIP	2011	20	200	5.6	5.3	3.353	0.6573	1.4907	0.5571	2.0478	4.0103	6.0581
1225546PIP	2011	13	203	7.6	6.8	7.8253	1.4463	2.902	1.9036	4.8055	9.2716	14.0772
1225546PIP	2011	20	205	6.5	6.0	4.797	0.9327	1.9118	0.8136	2.7253	5.7297	8.4551
1225546PIP	2011	38	208	5.8	8.1	4.8262	0.926	0.9671	1.2009	2.168	5.7522	7.9203
1225546PIP	2011	13	210	13.7	11.0	34.4373	5.423	6.6776	6.4992	13.1768	39.8604	53.0371
1225546PIP	2011	20	211	4.9	4.7	2.4327	0.4803	1.1928	0.3968	1.5896	2.913	4.5026
1225546PIP	2011	13	213	22.0	15.2	113.3206	15.6896	13.048	17.4389	30.487	129.0101	159.4971
1225546PIP	2011	20	214	3.8	3.8	1.3206	0.2644	0.7802	0.208	0.9883	1.585	2.5732
1225546PIP	2011	38	216	3.4	5.7	1.268	0.2563	0.4038	0.3071	0.711	1.5243	2.2353
1225546PIP	2011	20	219	9.8	8.4	12.8664	2.4462	3.7943	2.3089	6.1032	15.3126	21.4158
1225546PIP	2011	13	220	17.0	12.9	59.2554	8.7996	9.0611	10.1901	19.2512	68.0551	87.3063
1225546PIP	2011	20	223	8.1	7.2	8.1401	1.5638	2.7605	1.423	4.1835	9.7039	13.8874
1225566PIP	2011	22	1	3.0	3.1	0.743	0.1201	0.333	0.2812	0.6143	0.8631	1.4774
1225566PIP	2011	22	4	2.9	3.0	0.6894	0.1117	0.3141	0.2634	0.5774	0.801	1.3785
1225566PIP	2011	22	6	3.3	3.3	0.9175	0.1473	0.3926	0.3383	0.7309	1.0647	1.7956
1225566PIP	2011	22	7	4.3	3.8	1.6477	0.2597	0.6203	0.5648	1.1851	1.9074	3.0925
1225566PIP	2011	22	9	3.4	3.3	0.9801	0.157	0.4134	0.3584	0.7718	1.1371	1.9089
1225566PIP	2011	22	10	3.0	3.1	0.743	0.1201	0.333	0.2812	0.6143	0.8631	1.4774
1225566PIP	2011	22	12	5.5	4.5	2.8401	0.4402	0.9491	0.9097	1.8588	3.2803	5.1391
1225566PIP	2011	22	13	2.9	3.0	0.6894	0.1117	0.3141	0.2634	0.5774	0.801	1.3785
1225566PIP	2011	25	15	4.2	7.0	2.0955	0.3599	0.6772	0.5059	1.1831	2.4554	3.6384
1225566PIP	2011	22	16	5.1	4.3	2.4032	0.3744	0.833	0.786	1.6189	2.7776	4.3966
1225566PIP	2011	22	19	4.1	3.7	1.4829	0.2345	0.5713	0.515	1.0863	1.7175	2.8038
1225566PIP	2011	22	21	2.6	2.9	0.5414	0.0884	0.2601	0.2132	0.4732	0.6298	1.103
1225566PIP	2011	25	22	3.1	5.6	0.9965	0.1896	0.4311	0.2543	0.6853	1.1861	1.8714
1225566PIP	2011	22	24	4.6	4.0	1.9128	0.3001	0.697	0.6436	1.3406	2.2129	3.5535
1225566PIP	2011	22	26	3.0	3.1	0.743	0.1201	0.333	0.2812	0.6143	0.8631	1.4774
1225566PIP	2011	25	27	3.8	6.5	1.6402	0.2913	0.5835	0.4033	0.9868	1.9316	2.9183
1225566PIP	2011	13	29	15.3	11.9	45.4634	6.9476	7.8067	8.1813	15.988	52.411	68.399
1225566PIP	2011	22	32	9.1	6.2	8.6511	1.2952	2.2653	2.4122	4.6776	9.9463	14.6239
1225566PIP	2011	22	33	3.1	3.2	0.7989	0.1288	0.3524	0.2997	0.6521	0.9278	1.5799
1225566PIP	2011	25	35	2.6	4.9	0.6479	0.1308	0.3318	0.1707	0.5025	0.7787	1.2812
1225566PIP	2011	22	36	3.4	3.3	0.9801	0.157	0.4134	0.3584	0.7718	1.1371	1.9089
1225566PIP	2011	22	39	8.5	5.9	7.4395	1.119	2.0135	2.1137	4.1272	8.5585	12.6858
1225566PIP	2011	25	41	4.9	7.8	3.0559	0.4983	0.8517	0.7173	1.569	3.5542	5.1232
1225566PIP	2011	25	42	5.0	7.9	3.2108	0.52	0.8777	0.7509	1.6286	3.7308	5.3593
1225566PIP	2011	25	44	6.1	9.1	5.2237	0.7912	1.1798	1.1781	2.3579	6.0149	8.3728
1225566PIP	2011	25	47	2.9	5.3	0.8464	0.1647	0.3903	0.2186	0.609	1.0111	1.6201
1225566PIP	2011	22	49	3.5	3.4	1.045	0.1671	0.4347	0.3791	0.8137	1.2121	2.0258
1225566PIP	2011	22	50	3.2	3.2	0.8571	0.1379	0.3723	0.3187	0.691	0.995	1.686
1225566PIP	2011	25	52	3.6	6.2	1.4369	0.2599	0.5384	0.3568	0.8952	1.6968	2.592
1225566PIP	2011	25	53	4.4	7.2	2.3482	0.397	0.7257	0.5621	1.2878	2.7452	4.033
1225566PIP	2011	22	55	4.1	3.7	1.4829	0.2345	0.5713	0.515	1.0863	1.7175	2.8038
1225566PIP	2011	22	56	7.6	5.5	5.808	0.8804	1.6595	1.7018	3.3613	6.6884	10.0497
1225566PIP	2011	22	59	2.5	2.8	0.4964	0.0812	0.243	0.1976	0.4406	0.5777	1.0183
1225566PIP	2011	25	62	5.1	8.0	3.3702	0.5422	0.9039	0.7853	1.6893	3.9124	5.6017
1225566PIP	2011	25	64	2.8	5.2	0.7768	0.1529	0.3705	0.2019	0.5724	0.9297	1.5021
1225566PIP	2011	22	67	3.4	3.3	0.9801	0.157	0.4134	0.3584	0.7718	1.1371	1.9089
1225566PIP	2011	22	69	5.5	4.5	2.8401	0.4402	0.9491	0.9097	1.8588	3.2803	5.1391
1225566PIP	2011	22	70	6.9	5.2	4.6902	0.7157	1.4043	1.4114	2.8157	5.4059	8.2216
1225566PIP	2011	22	72	2.7	2.9	0.5886	0.0958	0.2776	0.2293	0.5069	0.6844	1.1913
1225566PIP	2011	22	73	6.4	4.9	3.9713	0.6091	1.2332	1.22	2.4532	4.5804	7.0336
1225566PIP	2011	22	75	2.6	2.9	0.5414	0.0884	0.2601	0.2132	0.4732	0.6298	1.103
1225566PIP	2011	38	78	7.7	9.3	9.8081	1.8307	1.5371	2.4758	4.0129	11.6388	15.6517
1225566PIP	2011	22	79	4.4	3.9	1.7336	0.2729	0.6454	0.5905	1.2359	2.0065	3.2425
1225566PIP	2011	38	82	5.8	8.0	4.8262	0.926	0.9671	1.2009	2.168	5.7522	7.9203
1225566PIP	2011	25	84	4.6	7.4	2.6181	0.4361	0.7753	0.6216	1.397	3.0541	4.4511
1225566PIP	2011	22	85	7.5	5.5	5.6403	0.8557	1.6219	1.6587	3.2807	6.496	9.7767
1225566PIP	2011	22	87	4.3	3.8	1.6477	0.2597	0.6203	0.5648	1.1851	1.9074	3.0925
1225566PIP	2011	22	89	4.3	3.8	1.6477	0.2597	0.6203	0.5648	1.1851	1.9074	3.0925
1225566PIP	2011	13	90	2.6	2.9	0.5273	0.1304	0.6366	0.2036	0.8402	0.6577	1.4979
1225566PIP	2011	25	92	21.0	18.6	107.6494	10.7553	7.4205	19.3797	26.8002	118.4047	145.2049
1225566PIP	2011	22	93	3.1	3.2	0.7989	0.1288	0.3524	0.2997	0.6521	0.9278	1.5799
1225566PIP	2011	22	95	3.2	3.2	0.8571	0.1379	0.3723	0.3187	0.691	0.995	1.686
1225566PIP	2011	22	96	3.5	3.4	1.045	0.1671	0.4347	0.3791	0.8137	1.2121	2.0258
1225566PIP	2011	25	98	26.3	20.0	186.7333	17.2955	10.3709	32.2656	42.6365	204.0288	246.6653
1225566PIP	2011	25	99	23.8	19.4	146.2353	14.0077	8.939	25.7323	34.6713	160.2429	194.9142
1225566PIP	2011	22	102	4.9	4.1	2.1997	0.3437	0.7774	0.7274	1.5047	2.5433	4.0481
1225566PIP	2011	22	104	3.8	3.6	1.2535	0.1993	0.501	0.4445	0.9456	1.4528	2.3983
1225566PIP	2011	20	105	3.2	4.0	0.8738	0.1766	0.5856	0.1344	0.7201	1.0504	1.7705
1225566PIP	2011	25	107	38.1	21.6	462.5875	37.8202	17.9994	74.708	92.7075	500.4077	593.1152
1225566PIP	2011	13	109	2.6	2.9	0.5273	0.1304	0.6366	0.2036	0.8402	0.6577	1.4979
1225566PIP	2011	22	110	8.0	5.7	6.5058	0.9827	1.8133	1.8796	3.6928	7.4885	11.1813
1225566PIP	2011	22	113	3.4	3.3	0.9801	0.157	0.4134	0.3584	0.7718	1.1371	1.9089
1225566PIP	2011	22	115	6.7	5.1	4.3948	0.672	1.3347	1.3332	2.668	5.0668	7.7347
1225566PIP	2011	22	116	7.0	5.2	4.8419	0.7381	1.4397	1.4513	2.8909	5.58	8.471
1225566PIP	2011	22	118	5.5	4.5	2.8401	0.4402	0.9491	0.9097	1.8588	3.2803	5.1391
1225566PIP	2011	22	119	11.6	7.3	14.8001	2.179	3.4456	3.8599	7.3056	16.9791	24.2847
1225566PIP	2011	22	122	2.9	3.0	0.6894	0.1117	0.3141	0.2634	0.5774	0.801	1.3785
1225566PIP	2011	22	125	34.1	13.7	160.7621	21.9737	22.2021	31.1552	53.3573	182.7359	236.0931
1232331PIP	2011	13	2	19.8	20.4	86.9445	12.3874	11.2417	14.0012	25.2429	99.332	124.5749
1232331PIP	2011	38	5	14.6	17.7	48.6367	8.5301	4.3755	12.6812	17.0567	57.1668	74.2234
1232331PIP	2011	13	7	20.2	20.7	91.4293	12.9558	11.5642	14.5971	26.1613	104.3851	130.5464
1232331PIP	2011	20	8	13.4	15.0	27.2881	5.1002	6.3971	5.1123	11.5094	32.3884	43.8978
1232331PIP	2011	13	10	23.0	22.4	126.723	17.3345	13.8947	19.1315	33.0262	144.0575	177.0837
1232331PIP	2011	13	11	14.0	15.9	36.3652	5.693	6.8854	6.7992	13.6846	42.0583	55.7429
1232331PIP	2011	13	13	26.8	24.4	186.144	24.4261	17.2492	26.3109	43.56	210.5701	254.1301
1232331PIP	2011	20	14	10.1	12.0	13.8333	2.6257	3.9902	2.4927	6.4829	16.459	22.9419
1232331PIP	2011	20	16	6.8	8.4	5.3464	1.037	2.0614	0.9124	2.9737	6.3833	9.3571
1232331PIP	2011	13	17	16.8	18.2	57.518	8.5691	8.9107	9.9418	18.8525	66.0871	84.9397
1232331PIP	2011	38	20	13.9	17.3	43.0094	7.5793	4.0377	11.1861	15.2238	50.5887	65.8125
1232331PIP	2011	74	22	25.7	22.3	186.7841	39.9906	5.1927	28.7141	33.9068	226.7747	260.6815
1232331PIP	2011	74	25	25.3	22.3	179.6713	38.5161	5.0616	27.6006	32.6622	218.1874	250.8496
1232331PIP	2011	20	27	12.7	14.4	23.9873	4.4965	5.849	4.4609	10.3099	28.4838	38.7936
1232331PIP	2011	74	28	19.5	20.7	94.3172	20.6449	3.3106	14.3147	17.6254	114.9621	132.5875
1232331PIP	2011	74	30	24.6	22.1	167.6177	36.013	4.8353	25.7154	30.5507	203.6307	234.1814
1232331PIP	2011	20	31	10.4	12.3	14.8413	2.8125	4.19	2.6852	6.8752	17.6539	24.5291
1232331PIP	2011	74	33	26.9	22.5	209.1184	44.6091	5.5938	32.2157	37.8095	253.7275	291.537
1232331PIP	2011	20	34	13.5	15.1	27.7801	5.1901	6.477	5.2098	11.6868	32.9701	44.6569
1232331PIP	2011	13	36	13.9	15.8	35.7156	5.6022	6.8159	6.6984	13.5143	41.3178	54.8321
1232331PIP	2011	13	42	14.7	16.5	41.1123	6.3514	7.3772	7.5269	14.9042	47.4636	62.3678
1232331PIP	2011	20	43	24.7	21.3	118.6293	21.4441	17.7577	24.176	41.9337	140.0734	182.0071
1232331PIP	2011	38	45	10.0	14.6	18.8649	3.4327	2.3566	4.8254	7.182	22.2976	29.4796
1232331PIP	2011	13	47	15.1	16.8	43.9837	6.7456	7.6627	7.96	15.6228	50.7293	66.352
1232331PIP	2011	13	48	14.2	16.1	37.6858	5.877	7.0249	7.0032	14.0281	43.5629	57.591
1232331PIP	2011	13	50	18.6	19.6	74.2955	10.7667	10.2903	12.2909	22.5812	85.0622	107.6434
1232331PIP	2011	20	51	16.1	17.0	42.4174	7.8489	8.6911	8.15	16.8411	50.2663	67.1074
1232331PIP	2011	13	53	21.2	21.3	103.2417	14.4388	12.3821	16.1434	28.5255	117.6805	146.206
1232331PIP	2011	13	54	21.8	21.7	110.7478	15.3715	12.8806	17.1102	29.9908	126.1192	156.11
1232331PIP	2011	13	62	18.5	19.5	73.2951	10.6373	10.2122	12.1536	22.3657	83.9324	106.2982
1232331PIP	2011	20	65	12.2	14.0	21.7803	4.0917	5.4696	4.0281	9.4978	25.872	35.3698
1232331PIP	2011	38	68	9.8	14.4	17.9348	3.2699	2.2801	4.5828	6.8629	21.2047	28.0676
1232331PIP	2011	13	70	13.4	15.4	32.5723	5.1603	6.4717	6.2061	12.6778	37.7326	50.4105
1232331PIP	2011	13	71	15.3	17.0	45.4634	6.9476	7.8067	8.1813	15.988	52.411	68.399
1232331PIP	2011	13	73	8.2	10.1	9.473	1.7151	3.2312	2.2302	5.4614	11.188	16.6494
1232341PIP	2011	13	7	18.2	15.6	70.3428	10.2543	9.9788	11.7465	21.7252	80.5971	102.3224
1232341PIP	2011	13	10	4.3	4.7	1.8685	0.4032	1.2968	0.5809	1.8777	2.2717	4.1494
1232341PIP	2011	13	12	6.9	7.1	6.1372	1.1645	2.5313	1.5564	4.0877	7.3017	11.3894
1232341PIP	2011	13	15	3.2	3.7	0.8888	0.2078	0.8539	0.3139	1.1677	1.0967	2.2644
1232341PIP	2011	13	18	5.7	6.0	3.7959	0.7587	1.9319	1.0452	2.9772	4.5546	7.5317
1232341PIP	2011	13	20	3.1	3.7	0.8206	0.1935	0.8164	0.2938	1.1101	1.0142	2.1243
1232341PIP	2011	13	21	4.1	4.6	1.6576	0.3623	1.2123	0.526	1.7384	2.02	3.7583
1232341PIP	2011	13	23	4.5	4.9	2.0948	0.4465	1.3829	0.6387	2.0216	2.5413	4.5629
1232341PIP	2011	13	24	3.4	3.9	1.0352	0.2381	0.9303	0.3561	1.2864	1.2733	2.5597
1232341PIP	2011	25	26	5.2	6.8	3.5343	0.5649	0.9304	0.8206	1.7511	4.0991	5.8502
1232341PIP	2011	13	27	5.3	5.7	3.1612	0.6444	1.743	0.8982	2.6412	3.8056	6.4468
1232341PIP	2011	13	30	3.1	3.7	0.8206	0.1935	0.8164	0.2938	1.1101	1.0142	2.1243
1232341PIP	2011	13	32	2.9	3.5	0.6939	0.1666	0.7429	0.2556	0.9985	0.8606	1.8591
1232341PIP	2011	25	37	5.2	6.8	3.5343	0.5649	0.9304	0.8206	1.7511	4.0991	5.8502
1232341PIP	2011	13	40	7.8	7.9	8.3535	1.5331	3.0106	2.0095	5.02	9.8866	14.9066
1232341PIP	2011	13	43	10.3	10.0	16.8074	2.8601	4.4608	3.5867	8.0475	19.6675	27.715
1232341PIP	2011	13	46	9.1	9.0	12.3089	2.1663	3.7439	2.7707	6.5147	14.4752	20.9899
1232341PIP	2011	13	47	5.0	5.4	2.7303	0.5655	1.6051	0.7955	2.4006	3.2958	5.6964
1232351PIP	2011	13	2	6.0	6.4	4.3185	0.8512	2.0773	1.1631	3.2404	5.1697	8.4101
1232351PIP	2011	13	4	15.9	14.4	50.0809	7.5736	8.2431	8.8641	17.1073	57.6545	74.7618
1232351PIP	2011	13	7	3.6	4.2	1.1952	0.2707	1.0086	0.4012	1.4098	1.4659	2.8757
1232351PIP	2011	13	9	9.9	9.9	15.214	2.617	4.2178	3.3025	7.5203	17.8309	25.3513
1232351PIP	2011	13	10	7.5	7.8	7.5689	1.404	2.8481	1.8518	4.6999	8.9729	13.6728
1232351PIP	2011	13	12	5.5	6.0	3.4698	0.7002	1.8368	0.9703	2.807	4.1701	6.9771
1232351PIP	2011	13	15	26.3	19.9	177.5338	23.4159	16.7958	25.2983	42.0941	200.9497	243.0437
1232351PIP	2011	13	16	15.4	14.1	46.2143	7.0499	7.8789	8.2931	16.1721	53.2642	69.4363
1232351PIP	2011	13	18	3.3	3.9	0.9603	0.2227	0.8918	0.3346	1.2265	1.183	2.4095
1232351PIP	2011	38	19	2.8	5.7	0.78	0.1607	0.294	0.1871	0.4811	0.9407	1.4218
1232351PIP	2011	13	25	8.4	8.6	10.0648	1.8103	3.3432	2.345	5.6883	11.8751	17.5634
1232351PIP	2011	13	27	19.2	16.5	80.4704	11.5613	10.7629	13.1316	23.8945	92.0317	115.9262
1232351PIP	2011	13	30	4.6	5.1	2.2139	0.469	1.4266	0.6686	2.0952	2.6829	4.7781
1232351PIP	2011	13	32	8.9	9.0	11.6399	2.061	3.6281	2.6453	6.2734	13.7009	19.9743
1232351PIP	2011	13	33	3.8	4.4	1.3693	0.3056	1.0888	0.449	1.5378	1.6749	3.2127
1232361PIP	2011	13	4	19.6	15.4	84.7529	12.1086	11.0814	13.7081	24.7895	96.8615	121.651
1232361PIP	2011	13	11	7.6	7.4	7.8253	1.4463	2.902	1.9036	4.8055	9.2716	14.0772
1232361PIP	2011	38	14	2.9	5.0	0.8516	0.1748	0.3114	0.2046	0.516	1.0264	1.5424
1232361PIP	2011	13	17	7.4	7.2	7.3177	1.3624	2.7945	1.8007	4.5952	8.6801	13.2753
1232361PIP	2011	3	18	24.9	17.0	182.7506	14.3011	10.092	18.6272	28.7192	197.0517	225.7709
1232361PIP	2011	38	26	3.3	5.5	1.1768	0.2385	0.3846	0.2846	0.6692	1.4153	2.0845
1232361PIP	2011	13	27	5.3	5.4	3.1612	0.6444	1.743	0.8982	2.6412	3.8056	6.4468
1232361PIP	2011	13	31	18.9	15.1	77.3458	11.1601	10.5258	12.7076	23.2334	88.5059	111.7394
1232361PIP	2011	13	32	19.2	15.2	80.4704	11.5613	10.7629	13.1316	23.8945	92.0317	115.9262
1232361PIP	2011	13	34	12.3	11.0	26.2605	4.2583	5.7334	5.1916	10.9249	30.5188	41.4438
1232361PIP	2011	13	35	13.2	11.6	31.3636	4.9892	6.3356	6.0146	12.3502	36.3527	48.7029
1232361PIP	2011	13	37	16.1	13.5	51.6801	7.789	8.3902	9.0981	17.4882	59.4691	76.9573
1232361PIP	2011	13	38	19.6	15.4	84.7529	12.1086	11.0814	13.7081	24.7895	96.8615	121.651
1232361PIP	2011	13	41	10.6	9.7	18.0657	3.0504	4.6457	3.8078	8.4535	21.1161	29.5696
1232361PIP	2011	38	46	5.5	7.8	4.2256	0.8149	0.8867	1.0486	1.9353	5.0405	6.9758
1232361PIP	2011	38	47	4.9	7.2	3.1647	0.6173	0.7341	0.7808	1.5149	3.782	5.2969
1232361PIP	2011	13	52	3.9	4.2	1.4617	0.3239	1.1295	0.474	1.6035	1.7856	3.3891
1232381PIP	2011	74	103	13.4	16.2	37.2683	8.4064	1.7959	5.5587	7.3545	45.6748	53.0293
1232381PIP	2011	74	105	16.5	17.4	62.3775	13.8376	2.5213	9.3941	11.9154	76.2152	88.1305
1232381PIP	2011	74	106	7.7	12.3	9.4584	2.2303	0.7277	1.375	2.1027	11.6888	13.7915
1232381PIP	2011	13	108	6.0	6.0	4.3185	0.8512	2.0773	1.1631	3.2404	5.1697	8.4101
1232381PIP	2011	13	109	3.5	3.9	1.1135	0.2541	0.9692	0.3783	1.3475	1.3676	2.7151
1232381PIP	2011	74	112	15.1	16.9	50.0868	11.1903	2.1819	7.5121	9.6941	61.2771	70.9712
1232381PIP	2011	13	115	12.6	11.3	27.901	4.4948	5.9321	5.4589	11.3911	32.3958	43.7869
1232381PIP	2011	13	117	11.6	10.5	22.6627	3.7339	5.2774	4.5948	9.8722	26.3966	36.2688
1232381PIP	2011	13	120	14.3	12.4	38.3568	5.9703	7.0949	7.1064	14.2013	44.327	58.5284
1232381PIP	2011	74	122	11.3	15.1	24.4413	5.5889	1.3601	3.6168	4.9769	30.0302	35.0071
1232381PIP	2011	74	123	7.2	11.9	8.0104	1.899	0.6523	1.1608	1.8131	9.9094	11.7225
1232381PIP	2011	74	125	8.4	13.0	11.7313	2.747	0.8387	1.7123	2.5509	14.4784	17.0293
1232381PIP	2011	74	126	10.8	14.8	21.8514	5.0148	1.2634	3.2267	4.4901	26.8662	31.3563
1232381PIP	2011	74	128	7.7	12.3	9.4584	2.2303	0.7277	1.375	2.1027	11.6888	13.7915
1232381PIP	2011	74	129	10.4	14.5	19.9027	4.5814	1.188	2.9338	4.1218	24.4842	28.606
1232381PIP	2011	74	132	7.9	12.5	10.0782	2.3716	0.7588	1.4668	2.2256	12.4498	14.6754
1232381PIP	2011	13	135	15.9	13.4	50.0809	7.5736	8.2431	8.8641	17.1073	57.6545	74.7618
1232381PIP	2011	38	140	5.7	9.2	4.6207	0.8881	0.94	1.1488	2.0888	5.5087	7.5975
1232381PIP	2011	13	142	9.3	8.8	13.0006	2.2746	3.8608	2.8991	6.76	15.2752	22.0351
1232381PIP	2011	13	143	5.9	6.0	4.1398	0.8197	2.0285	1.1231	3.1516	4.9595	8.1111
1232381PIP	2011	13	145	7.2	7.1	6.8305	1.2812	2.6883	1.7007	4.3891	8.1117	12.5007
1232381PIP	2011	13	146	3.0	3.5	0.7557	0.1798	0.7794	0.2744	1.0537	0.9355	1.9892
1232381PIP	2011	74	149	12.5	15.8	31.3767	7.117	1.6034	4.6649	6.2683	38.4938	44.762
1232381PIP	2011	74	151	10.7	14.7	21.354	4.9043	1.2444	3.1519	4.3963	26.2584	30.6547
1232381PIP	2011	3	152	10.8	12.4	24.5307	2.537	2.3809	2.4766	4.8575	27.0677	31.9252
1232381PIP	2011	13	155	11.5	10.5	22.1746	3.6621	5.2132	4.5127	9.7258	25.8367	35.5625
1232381PIP	2011	3	157	13.7	13.6	43.4556	4.1512	3.592	4.3992	7.9912	47.6068	55.598
1232381PIP	2011	13	158	5.1	5.3	2.8698	0.5912	1.6507	0.829	2.4797	3.4609	5.9406
1232381PIP	2011	13	160	7.9	7.6	8.6254	1.5775	3.0653	2.0635	5.1288	10.203	15.3318
1232381PIP	2011	3	162	13.7	13.6	43.4556	4.1512	3.592	4.3992	7.9912	47.6068	55.598
1232381PIP	2011	13	163	2.5	3.0	0.4778	0.1195	0.6022	0.1876	0.7899	0.5972	1.3871
1232381PIP	2011	12	165	2.9	3.2	0.5584	0.1346	0.7634	0.2598	1.0232	0.693	1.7161
1232381PIP	2011	25	166	7.2	9.3	7.8379	1.1228	1.5098	1.7151	3.2249	8.9607	12.1856
1232381PIP	2011	12	168	3.2	3.5	0.7196	0.1688	0.882	0.3189	1.2009	0.8885	2.0893
1232381PIP	2011	13	169	2.9	3.4	0.6939	0.1666	0.7429	0.2556	0.9985	0.8606	1.8591
1232381PIP	2011	13	171	5.4	5.5	3.3134	0.672	1.7897	0.9339	2.7236	3.9854	6.7089
1232381PIP	2011	25	172	13.6	13.7	37.172	4.2987	3.8884	7.2435	11.1319	41.4707	52.6026
1232381PIP	2011	13	175	10.6	9.8	18.0657	3.0504	4.6457	3.8078	8.4535	21.1161	29.5696
1232381PIP	2011	20	177	11.8	9.2	20.1036	3.7836	5.1735	3.701	8.8745	23.8872	32.7617
1232381PIP	2011	13	178	7.9	7.6	8.6254	1.5775	3.0653	2.0635	5.1288	10.203	15.3318
1232381PIP	2011	73	180	7.0	10.0	6.0327	1.8136	0.6475	1.3224	1.9699	7.8463	9.8161
1232381PIP	2011	12	182	5.8	5.7	3.333	0.6638	2.1103	1.1002	3.2105	3.9967	7.2072
1232381PIP	2011	12	183	11.6	10.3	19.8946	3.2738	5.8338	4.6592	10.493	23.1684	33.6613
1232381PIP	2011	74	185	8.1	12.7	10.7215	2.5179	0.7904	1.5622	2.3526	13.2394	15.592
1232381PIP	2011	73	186	4.4	7.6	1.9315	0.6799	0.305	0.4306	0.7356	2.6114	3.347
1232381PIP	2011	74	188	9.3	13.7	15.0921	3.5053	0.99	2.2132	3.2033	18.5975	21.8007
1232381PIP	2011	74	189	11.1	15.0	23.3846	5.3549	1.3211	3.4575	4.7786	28.7395	33.5182
1232381PIP	2011	73	191	10.8	12.6	17.4765	4.534	1.308	3.7709	5.0789	22.0106	27.0895
1232381PIP	2011	73	192	4.4	7.6	1.9315	0.6799	0.305	0.4306	0.7356	2.6114	3.347
1232381PIP	2011	74	195	20.9	18.5	111.9741	24.374	3.7069	17.0493	20.7562	136.3481	157.1043
1232381PIP	2011	74	198	11.0	14.9	22.8666	5.2401	1.3017	3.3795	4.6813	28.1067	32.788
1232381PIP	2011	73	200	9.3	11.7	12.1105	3.3057	1.0264	2.6274	3.6537	15.4162	19.0699
1232381PIP	2011	74	203	18.2	17.9	79.5119	17.5007	2.9584	12.0291	14.9876	97.0125	112.0001
1232381PIP	2011	73	205	5.4	8.6	3.192	1.048	0.4251	0.7063	1.1314	4.24	5.3714
1232381PIP	2011	74	206	14.6	16.7	46.0817	10.3233	2.0654	6.9006	8.966	56.405	65.371
1232381PIP	2011	74	209	12.0	15.5	28.3615	6.4542	1.5002	4.2086	5.7088	34.8157	40.5244
1232411PIP	2011	3	117	11.8	7.0	30.3506	3.0474	2.7748	3.0673	5.8421	33.3981	39.2402
1232411PIP	2011	3	118	7.9	6.1	11.5675	1.3279	1.3866	1.1637	2.5503	12.8955	15.4458
1232411PIP	2011	3	120	9.8	6.6	19.4206	2.0747	2.0127	1.9585	3.9712	21.4953	25.4665
1232411PIP	2011	3	121	9.9	6.6	19.9004	2.1188	2.0483	2.0072	4.0555	22.0192	26.0747
1232411PIP	2011	3	124	8.0	6.1	11.9227	1.363	1.4171	1.1996	2.6167	13.2857	15.9024
1232411PIP	2011	3	129	8.3	6.2	13.026	1.4709	1.5102	1.3112	2.8214	14.4969	17.3183
1232411PIP	2011	74	131	5.6	6.0	4.3005	1.0403	0.433	0.616	1.049	5.3408	6.3898
1232411PIP	2011	3	132	6.8	5.7	8.0666	0.9736	1.0699	0.8101	1.8801	9.0402	10.9202
1232411PIP	2011	3	134	9.8	6.6	19.4206	2.0747	2.0127	1.9585	3.9712	21.4953	25.4665
1232411PIP	2011	74	135	4.0	4.9	1.8701	0.4647	0.2502	0.2637	0.5139	2.3348	2.8486
1232411PIP	2011	74	137	3.2	4.3	1.0765	0.2723	0.1739	0.1502	0.3241	1.3488	1.6729
1232411PIP	2011	3	138	6.1	5.4	6.2125	0.7775	0.8867	0.6231	1.5099	6.99	8.4999
1232411PIP	2011	3	140	8.6	6.3	14.1868	1.5831	1.6058	1.4286	3.0344	15.7699	18.8043
1232411PIP	2011	74	144	3.8	4.8	1.6471	0.411	0.2301	0.2317	0.4618	2.0581	2.5199
1232411PIP	2011	74	146	3.4	4.5	1.2507	0.3149	0.1919	0.175	0.367	1.5656	1.9326
1232411PIP	2011	3	149	8.6	6.3	14.1868	1.5831	1.6058	1.4286	3.0344	15.7699	18.8043
1232411PIP	2011	74	151	2.9	4.1	0.8437	0.2151	0.1481	0.1172	0.2653	1.0588	1.3241
1232411PIP	2011	74	152	3.9	4.9	1.7565	0.4374	0.2401	0.2474	0.4875	2.1938	2.6813
1232411PIP	2011	74	154	2.8	4.0	0.7735	0.1978	0.1399	0.1073	0.2471	0.9713	1.2185
1232411PIP	2011	74	155	4.0	4.9	1.8701	0.4647	0.2502	0.2637	0.5139	2.3348	2.8486
1232411PIP	2011	74	157	4.4	5.2	2.3676	0.5839	0.2922	0.3353	0.6276	2.9514	3.579
1232411PIP	2011	74	158	3.4	4.5	1.2507	0.3149	0.1919	0.175	0.367	1.5656	1.9326
1232411PIP	2011	3	160	9.4	6.5	17.5692	1.9032	1.8728	1.771	3.6438	19.4724	23.1162
1232411PIP	2011	3	164	4.1	4.5	2.3903	0.3416	0.4461	0.2387	0.6848	2.7318	3.4166
1232411PIP	2011	3	166	8.1	6.1	12.2841	1.3985	1.4478	1.2362	2.684	13.6826	16.3666
1232411PIP	2011	74	167	3.9	4.9	1.7565	0.4374	0.2401	0.2474	0.4875	2.1938	2.6813
1232411PIP	2011	74	169	3.2	4.3	1.0765	0.2723	0.1739	0.1502	0.3241	1.3488	1.6729
1232411PIP	2011	74	171	5.5	5.9	4.1129	0.9963	0.4205	0.5886	1.0091	5.1093	6.1184
1232411PIP	2011	3	172	6.5	5.6	7.2374	0.8867	0.9896	0.7265	1.7161	8.1241	9.8402
1232411PIP	2011	3	174	6.1	5.4	6.2125	0.7775	0.8867	0.6231	1.5099	6.99	8.4999
1232411PIP	2011	3	175	4.8	4.8	3.4916	0.4734	0.5859	0.3493	0.9352	3.965	4.9002
1232411PIP	2011	74	178	3.9	4.9	1.7565	0.4374	0.2401	0.2474	0.4875	2.1938	2.6813
1232411PIP	2011	3	180	10.2	6.7	21.3812	2.2538	2.1568	2.1573	4.3141	23.635	27.9491
1232411PIP	2011	3	181	7.1	5.8	8.9488	1.0646	1.1529	0.8992	2.052	10.0134	12.0654
1232411PIP	2011	3	184	5.1	5.0	4.0395	0.5367	0.6506	0.4044	1.055	4.5761	5.6311
1232411PIP	2011	3	189	3.7	4.3	1.8675	0.2762	0.3736	0.1863	0.5598	2.1437	2.7035
1232411PIP	2011	3	192	8.9	6.4	15.4058	1.6996	1.7039	1.552	3.2559	17.1054	20.3612
1232411PIP	2011	74	194	4.4	5.2	2.3676	0.5839	0.2922	0.3353	0.6276	2.9514	3.579
1232411PIP	2011	3	195	6.5	5.6	7.2374	0.8867	0.9896	0.7265	1.7161	8.1241	9.8402
1232411PIP	2011	3	197	6.1	5.4	6.2125	0.7775	0.8867	0.6231	1.5099	6.99	8.4999
1232411PIP	2011	74	198	2.6	3.8	0.6439	0.1656	0.1239	0.089	0.2129	0.8095	1.0225
1232411PIP	2011	3	200	6.3	5.5	6.7135	0.8312	0.9376	0.6736	1.6112	7.5447	9.1559
1232411PIP	2011	3	201	9.6	6.5	18.4814	1.988	1.9422	1.8634	3.8056	20.4694	24.275
1232411PIP	2011	3	204	7.5	5.9	10.2092	1.1925	1.2674	1.0264	2.2939	11.4017	13.6956
1232411PIP	2011	74	207	2.7	3.9	0.7069	0.1813	0.1318	0.0979	0.2297	0.8882	1.1179
1232411PIP	2011	3	209	6.5	5.6	7.2374	0.8867	0.9896	0.7265	1.7161	8.1241	9.8402
1232411PIP	2011	3	212	7.0	5.8	8.6488	1.0338	1.1249	0.8689	1.9938	9.6826	11.6764
1232411PIP	2011	3	214	8.6	6.3	14.1868	1.5831	1.6058	1.4286	3.0344	15.7699	18.8043
1232411PIP	2011	74	215	3.1	4.2	0.9951	0.2524	0.1651	0.1387	0.3038	1.2475	1.5513
1232411PIP	2011	3	217	6.2	5.5	6.4602	0.8041	0.912	0.6481	1.5601	7.2643	8.8244
1232411PIP	2011	74	218	3.1	4.2	0.9951	0.2524	0.1651	0.1387	0.3038	1.2475	1.5513
1232411PIP	2011	74	220	2.5	3.7	0.5843	0.1508	0.1163	0.0806	0.1969	0.7351	0.932
1232411PIP	2011	74	221	2.9	4.1	0.8437	0.2151	0.1481	0.1172	0.2653	1.0588	1.3241
1232411PIP	2011	3	223	10.5	6.7	22.9244	2.3932	2.2677	2.3137	4.5814	25.3176	29.899
1232411PIP	2011	74	224	2.9	4.1	0.8437	0.2151	0.1481	0.1172	0.2653	1.0588	1.3241
1232411PIP	2011	74	227	3.2	4.3	1.0765	0.2723	0.1739	0.1502	0.3241	1.3488	1.6729
1232411PIP	2011	74	229	3.2	4.3	1.0765	0.2723	0.1739	0.1502	0.3241	1.3488	1.6729
1232411PIP	2011	74	230	2.6	3.8	0.6439	0.1656	0.1239	0.089	0.2129	0.8095	1.0225
1232411PIP	2011	3	232	9.0	6.4	15.8252	1.7393	1.7371	1.5944	3.3315	17.5646	20.8961
1232411PIP	2011	3	234	8.3	6.2	13.026	1.4709	1.5102	1.3112	2.8214	14.4969	17.3183
1232411PIP	2011	3	235	7.7	6.0	10.876	1.2593	1.3265	1.0938	2.4203	12.1353	14.5555
1232411PIP	2011	3	237	7.7	6.0	10.876	1.2593	1.3265	1.0938	2.4203	12.1353	14.5555
1232411PIP	2011	3	238	6.2	5.5	6.4602	0.8041	0.912	0.6481	1.5601	7.2643	8.8244
1232431PIP	2011	25	1	14.4	12.2	42.7536	4.8499	4.2335	8.2448	12.4782	47.6035	60.0817
1232431PIP	2011	25	2	4.0	5.4	1.8596	0.3247	0.6298	0.4529	1.0827	2.1843	3.267
1232431PIP	2011	13	4	3.3	3.6	0.9603	0.2227	0.8918	0.3346	1.2265	1.183	2.4095
1232431PIP	2011	13	5	16.3	13.2	53.3097	8.0077	8.538	9.3352	17.8731	61.3174	79.1906
1232431PIP	2011	25	8	7.9	8.6	9.8361	1.3657	1.7332	2.1162	3.8494	11.2018	15.0512
1232431PIP	2011	13	11	15.9	12.9	50.0809	7.5736	8.2431	8.8641	17.1073	57.6545	74.7618
1232431PIP	2011	20	13	3.1	3.2	0.8096	0.1639	0.5554	0.124	0.6794	0.9735	1.6529
1232431PIP	2011	13	28	4.3	4.4	1.8685	0.4032	1.2968	0.5809	1.8777	2.2717	4.1494
1232431PIP	2011	13	30	15.9	12.9	50.0809	7.5736	8.2431	8.8641	17.1073	57.6545	74.7618
1232431PIP	2011	20	31	9.6	8.0	12.2444	2.3306	3.6659	2.1911	5.857	14.575	20.432
1232431PIP	2011	20	33	4.0	3.9	1.4938	0.2982	0.85	0.237	1.087	1.792	2.879
1232431PIP	2011	20	34	3.3	3.3	0.9409	0.1898	0.6165	0.1454	0.7619	1.1307	1.8926
1232431PIP	2011	20	36	13.3	10.1	26.8014	5.0113	6.3176	5.016	11.3335	31.8127	43.1462
1232431PIP	2011	25	37	3.5	4.9	1.3412	0.2449	0.5163	0.3347	0.8511	1.5861	2.4372
1232431PIP	2011	13	40	6.4	6.2	5.0795	0.9837	2.2758	1.3306	3.6064	6.0632	9.6696
1232431PIP	2011	20	43	2.6	2.8	0.5305	0.1084	0.4141	0.0793	0.4934	0.639	1.1324
1232431PIP	2011	25	45	3.5	4.9	1.3412	0.2449	0.5163	0.3347	0.8511	1.5861	2.4372
1232431PIP	2011	20	48	3.0	3.1	0.7483	0.1518	0.5258	0.1141	0.6399	0.9	1.54
1232431PIP	2011	25	50	4.5	5.9	2.4809	0.4163	0.7504	0.5914	1.3418	2.8973	4.2391
1232451PIP	2011	20	3	8.0	8.0	7.9007	1.5188	2.7039	1.3788	4.0826	9.4196	13.5022
1232451PIP	2011	20	4	3.0	3.4	0.7483	0.1518	0.5258	0.1141	0.6399	0.9	1.54
1232451PIP	2011	13	6	3.2	3.9	0.8888	0.2078	0.8539	0.3139	1.1677	1.0967	2.2644
1232451PIP	2011	20	7	5.0	5.3	2.5537	0.5037	1.2337	0.4177	1.6514	3.0574	4.7088
1232451PIP	2011	20	9	6.1	6.4	4.118	0.8035	1.7194	0.6923	2.4118	4.9215	7.3332
1232451PIP	2011	20	10	6.0	6.3	3.9577	0.7729	1.6726	0.6638	2.3365	4.7305	7.067
1232451PIP	2011	20	13	7.5	7.6	6.7657	1.3052	2.4277	1.1703	3.5979	8.071	11.6689
1232451PIP	2011	20	15	4.8	5.1	2.3151	0.4576	1.1524	0.3766	1.529	2.7727	4.3017
1232451PIP	2011	20	16	7.8	7.9	7.4344	1.4312	2.592	1.2929	3.8848	8.8656	12.7504
1232451PIP	2011	20	18	9.3	9.1	11.345	2.1631	3.4767	2.0213	5.4979	13.5082	19.0061
1232451PIP	2011	20	23	3.0	3.4	0.7483	0.1518	0.5258	0.1141	0.6399	0.9	1.54
1232451PIP	2011	20	24	6.9	7.1	5.5373	1.0731	2.1122	0.9468	3.0591	6.6104	9.6695
1232451PIP	2011	20	29	7.9	7.9	7.6655	1.4746	2.6477	1.3354	3.9831	9.1401	13.1232
1232451PIP	2011	20	30	3.4	3.8	1.0108	0.2036	0.648	0.1568	0.8048	1.2145	2.0193
1232451PIP	2011	20	33	2.8	3.2	0.634	0.1291	0.4686	0.0958	0.5644	0.763	1.3274
1232451PIP	2011	20	35	5.1	5.4	2.6781	0.5277	1.2752	0.4393	1.7145	3.2058	4.9203
1232451PIP	2011	20	36	9.0	8.8	10.4854	2.0028	3.2914	1.8597	5.1512	12.4882	17.6394
1232451PIP	2011	20	38	2.6	3.1	0.5305	0.1084	0.4141	0.0793	0.4934	0.639	1.1324
1232451PIP	2011	20	40	8.4	8.4	8.8835	1.7032	2.9333	1.5607	4.4941	10.5867	15.0808
1232451PIP	2011	20	41	2.7	3.2	0.5809	0.1185	0.441	0.0873	0.5283	0.6994	1.2277
1232451PIP	2011	20	43	3.9	4.3	1.4056	0.281	0.8148	0.2222	1.037	1.6867	2.7237
1232451PIP	2011	20	46	4.5	4.8	1.9825	0.3933	1.0347	0.3196	1.3543	2.3758	3.7301
1232451PIP	2011	20	47	8.3	8.3	8.6315	1.656	2.8753	1.5139	4.3892	10.2875	14.6767
1232451PIP	2011	20	49	4.0	4.4	1.4938	0.2982	0.85	0.237	1.087	1.792	2.879
1232451PIP	2011	38	50	5.5	9.2	4.2256	0.8149	0.8867	1.0486	1.9353	5.0405	6.9758
1232451PIP	2011	20	53	3.7	4.1	1.2386	0.2483	0.7463	0.1944	0.9407	1.4869	2.4276
1232451PIP	2011	20	56	2.7	3.2	0.5809	0.1185	0.441	0.0873	0.5283	0.6994	1.2277
1232451PIP	2011	20	58	7.7	7.8	7.2074	1.3885	2.5367	1.2512	3.7879	8.5959	12.3838
1232451PIP	2011	74	61	6.8	12.3	6.9537	1.6561	0.5942	1.005	1.5993	8.6098	10.209
1232451PIP	2011	12	63	22.0	17.3	103.5593	14.2884	14.9185	17.665	32.5835	117.8476	150.4311
1232451PIP	2011	38	64	3.9	7.3	1.7875	0.3565	0.5054	0.436	0.9414	2.144	3.0854
1232451PIP	2011	38	66	3.3	6.5	1.1768	0.2385	0.3846	0.2846	0.6692	1.4153	2.0845
1232451PIP	2011	20	67	4.0	4.4	1.4938	0.2982	0.85	0.237	1.087	1.792	2.879
1232451PIP	2011	20	69	6.2	6.4	4.2821	0.8347	1.7668	0.7215	2.4883	5.1169	7.6051
1232451PIP	2011	38	70	4.3	7.8	2.2823	0.4508	0.5929	0.5594	1.1523	2.7331	3.8854
1232451PIP	2011	20	72	2.7	3.2	0.5809	0.1185	0.441	0.0873	0.5283	0.6994	1.2277
1232451PIP	2011	12	73	6.7	6.9	4.834	0.9252	2.6076	1.4857	4.0933	5.7592	9.8525
1232451PIP	2011	20	76	2.7	3.2	0.5809	0.1185	0.441	0.0873	0.5283	0.6994	1.2277
1232451PIP	2011	74	78	5.7	11.0	4.4931	1.0853	0.4457	0.6441	1.0898	5.5784	6.6682
1232451PIP	2011	20	81	3.1	3.5	0.8096	0.1639	0.5554	0.124	0.6794	0.9735	1.6529
1232451PIP	2011	20	83	4.9	5.2	2.4327	0.4803	1.1928	0.3968	1.5896	2.913	4.5026
1232451PIP	2011	12	84	25.0	18.6	143.9742	19.1777	17.9957	23.0524	41.0482	163.1519	204.2001
1232451PIP	2011	20	86	3.3	3.7	0.9409	0.1898	0.6165	0.1454	0.7619	1.1307	1.8926
1232451PIP	2011	3	87	31.4	23.7	319.1719	23.1159	15.071	32.6182	47.6892	342.2878	389.977
1232451PIP	2011	20	89	18.6	14.3	60.0041	11.016	11.0594	11.7604	22.8198	71.02	93.8398
1232451PIP	2011	20	90	3.0	3.4	0.7483	0.1518	0.5258	0.1141	0.6399	0.9	1.54
1232451PIP	2011	20	92	2.6	3.1	0.5305	0.1084	0.4141	0.0793	0.4934	0.639	1.1324
1232451PIP	2011	20	93	5.6	5.9	3.353	0.6573	1.4907	0.5571	2.0478	4.0103	6.0581
1232451PIP	2011	12	96	18.9	15.8	70.0124	10.0723	11.9388	12.8755	24.8143	80.0847	104.8989
1232451PIP	2011	20	98	3.0	3.4	0.7483	0.1518	0.5258	0.1141	0.6399	0.9	1.54
1232451PIP	2011	20	99	2.6	3.1	0.5305	0.1084	0.4141	0.0793	0.4934	0.639	1.1324
1232451PIP	2011	20	101	7.5	7.6	6.7657	1.3052	2.4277	1.1703	3.5979	8.071	11.6689
1232451PIP	2011	38	103	19.3	16.0	97.7891	16.6911	6.9057	25.8594	32.7651	114.4802	147.2453
1232451PIP	2011	13	104	21.1	18.2	102.0214	14.2865	12.2996	15.9852	28.2847	116.3079	144.5926
1232451PIP	2011	38	106	6.0	9.7	5.2536	1.0047	1.0222	1.3095	2.3317	6.2583	8.59
1232451PIP	2011	20	107	2.8	3.2	0.634	0.1291	0.4686	0.0958	0.5644	0.763	1.3274
1232451PIP	2011	20	109	3.9	4.3	1.4056	0.281	0.8148	0.2222	1.037	1.6867	2.7237
1232451PIP	2011	12	110	36.9	21.8	392.7398	46.9966	31.858	51.8568	83.7148	439.7364	523.4512
1232451PIP	2011	20	112	4.6	4.9	2.09	0.4141	1.0734	0.338	1.4114	2.5041	3.9155
1232451PIP	2011	20	113	2.7	3.2	0.5809	0.1185	0.441	0.0873	0.5283	0.6994	1.2277
1232451PIP	2011	20	116	9.9	9.5	13.1842	2.5052	3.8592	2.3692	6.2284	15.6894	21.9178
1232451PIP	2011	20	118	2.9	3.3	0.6897	0.1402	0.4969	0.1047	0.6016	0.8299	1.4314
1232451PIP	2011	20	119	11.7	10.8	19.6966	3.7087	5.1005	3.6219	8.7224	23.4054	32.1277
1232451PIP	2011	20	121	5.8	6.1	3.648	0.7137	1.5806	0.6091	2.1897	4.3618	6.5514
1232451PIP	2011	38	123	3.8	7.2	1.675	0.3349	0.4844	0.408	0.8924	2.0099	2.9023
1232451PIP	2011	20	124	5.1	5.4	2.6781	0.5277	1.2752	0.4393	1.7145	3.2058	4.9203
1232451PIP	2011	20	126	7.3	7.4	6.3402	1.225	2.3206	1.0926	3.4132	7.5652	10.9784
1232451PIP	2011	20	129	2.7	3.2	0.5809	0.1185	0.441	0.0873	0.5283	0.6994	1.2277
1232451PIP	2011	20	130	7.6	7.7	6.9845	1.3465	2.482	1.2103	3.6923	8.331	12.0233
1232451PIP	2011	20	132	6.1	6.4	4.118	0.8035	1.7194	0.6923	2.4118	4.9215	7.3332
1232451PIP	2011	38	133	4.5	8.0	2.5573	0.5029	0.6386	0.6282	1.2669	3.0602	4.3271
1232451PIP	2011	20	136	3.0	3.4	0.7483	0.1518	0.5258	0.1141	0.6399	0.9	1.54
1232451PIP	2011	20	139	6.4	6.6	4.6216	0.8994	1.8629	0.7821	2.6451	5.5209	8.166
1232451PIP	2011	20	141	7.9	7.9	7.6655	1.4746	2.6477	1.3354	3.9831	9.1401	13.1232
1232451PIP	2011	20	144	3.9	4.3	1.4056	0.281	0.8148	0.2222	1.037	1.6867	2.7237
1232451PIP	2011	20	146	3.8	4.2	1.3206	0.2644	0.7802	0.208	0.9883	1.585	2.5732
1232451PIP	2011	20	147	3.9	4.3	1.4056	0.281	0.8148	0.2222	1.037	1.6867	2.7237
1239206PIP	2011	13	2	9.1	8.6	12.3089	2.1663	3.7439	2.7707	6.5147	14.4752	20.9899
1239206PIP	2011	13	3	6.2	6.2	4.6897	0.9161	2.1759	1.2454	3.4213	5.6058	9.0271
1239206PIP	2011	13	5	8.7	8.3	10.9933	1.9586	3.5133	2.523	6.0363	12.9519	18.9881
1239206PIP	2011	13	6	5.2	5.3	3.0134	0.6175	1.6967	0.8632	2.5599	3.6308	6.1907
1239206PIP	2011	13	8	3.2	3.6	0.8888	0.2078	0.8539	0.3139	1.1677	1.0967	2.2644
1239206PIP	2011	13	9	4.7	4.9	2.3369	0.4922	1.4706	0.6992	2.1699	2.8291	4.999
1239206PIP	2011	13	12	3.3	3.7	0.9603	0.2227	0.8918	0.3346	1.2265	1.183	2.4095
1239206PIP	2011	13	14	4.8	5.0	2.464	0.516	1.5151	0.7306	2.2457	2.98	5.2257
1239206PIP	2011	13	17	6.0	6.0	4.3185	0.8512	2.0773	1.1631	3.2404	5.1697	8.4101
1239206PIP	2011	13	19	6.0	6.0	4.3185	0.8512	2.0773	1.1631	3.2404	5.1697	8.4101
1239206PIP	2011	13	20	7.9	7.6	8.6254	1.5775	3.0653	2.0635	5.1288	10.203	15.3318
1239206PIP	2011	13	22	6.5	6.4	5.2814	1.0185	2.3263	1.3743	3.7006	6.3	10.0005
1239206PIP	2011	13	23	4.5	4.7	2.0948	0.4465	1.3829	0.6387	2.0216	2.5413	4.5629
1239206PIP	2011	13	25	15.2	13.0	44.7199	6.8462	7.7346	8.0703	15.8049	51.566	67.3709
1239206PIP	2011	13	26	8.0	7.7	8.9026	1.6227	3.1203	2.1183	5.2386	10.5253	15.764
1239206PIP	2011	13	28	9.4	8.8	13.355	2.3298	3.9197	2.9645	6.8842	15.6848	22.5689
1239206PIP	2011	13	29	5.6	5.7	3.6307	0.7291	1.8842	1.0074	2.8915	4.3598	7.2513
1239206PIP	2011	13	32	5.7	5.8	3.7959	0.7587	1.9319	1.0452	2.9772	4.5546	7.5317
1239206PIP	2011	13	34	8.6	8.2	10.6783	1.9084	3.4564	2.4629	5.9193	12.5867	18.506
1239206PIP	2011	13	35	12.3	11.0	26.2605	4.2583	5.7334	5.1916	10.9249	30.5188	41.4438
1239206PIP	2011	13	37	10.0	9.3	15.6034	2.6766	4.2782	3.3724	7.6506	18.28	25.9306
1239206PIP	2011	13	39	2.9	3.4	0.6939	0.1666	0.7429	0.2556	0.9985	0.8606	1.8591
1239206PIP	2011	13	40	9.4	8.8	13.355	2.3298	3.9197	2.9645	6.8842	15.6848	22.5689
1239206PIP	2011	13	42	6.2	6.2	4.6897	0.9161	2.1759	1.2454	3.4213	5.6058	9.0271
1239206PIP	2011	13	43	4.2	4.5	1.7612	0.3825	1.2543	0.5531	1.8075	2.1436	3.9511
1239206PIP	2011	13	45	10.6	9.7	18.0657	3.0504	4.6457	3.8078	8.4535	21.1161	29.5696
1239206PIP	2011	13	46	8.3	7.9	9.7662	1.7623	3.2871	2.2872	5.5743	11.5285	17.1028
1239206PIP	2011	13	48	16.0	13.5	50.8767	7.6809	8.3166	8.9807	17.2973	58.5576	75.8549
1239206PIP	2011	13	49	3.2	3.6	0.8888	0.2078	0.8539	0.3139	1.1677	1.0967	2.2644
1239206PIP	2011	13	52	3.0	3.4	0.7557	0.1798	0.7794	0.2744	1.0537	0.9355	1.9892
1239206PIP	2011	13	54	3.6	4.0	1.1952	0.2707	1.0086	0.4012	1.4098	1.4659	2.8757
1239206PIP	2011	13	55	7.5	7.3	7.5689	1.404	2.8481	1.8518	4.6999	8.9729	13.6728
1239206PIP	2011	13	57	6.2	6.2	4.6897	0.9161	2.1759	1.2454	3.4213	5.6058	9.0271
1239206PIP	2011	13	60	3.9	4.2	1.4617	0.3239	1.1295	0.474	1.6035	1.7856	3.3891
1239206PIP	2011	13	62	16.3	13.6	53.3097	8.0077	8.538	9.3352	17.8731	61.3174	79.1906
1239206PIP	2011	13	63	15.2	13.0	44.7199	6.8462	7.7346	8.0703	15.8049	51.566	67.3709
1239206PIP	2011	13	65	4.4	4.6	1.9797	0.4245	1.3397	0.6094	1.9491	2.4043	4.3534
1239206PIP	2011	13	66	11.8	10.6	23.6581	3.8799	5.4065	4.7615	10.168	27.538	37.706
1239206PIP	2011	13	68	4.4	4.6	1.9797	0.4245	1.3397	0.6094	1.9491	2.4043	4.3534
1239206PIP	2011	13	69	19.2	15.3	80.4704	11.5613	10.7629	13.1316	23.8945	92.0317	115.9262
1239206PIP	2011	13	72	4.6	4.8	2.2139	0.469	1.4266	0.6686	2.0952	2.6829	4.7781
1239206PIP	2011	13	75	17.8	14.5	66.5196	9.7557	9.67	11.2149	20.8849	76.2753	97.1602
1239206PIP	2011	13	77	14.0	12.2	36.3652	5.693	6.8854	6.7992	13.6846	42.0583	55.7429
1239206PIP	2011	13	80	19.5	15.4	83.6697	11.9704	11.0015	13.5628	24.5643	95.6402	120.2045
1239206PIP	2011	13	82	2.9	3.4	0.6939	0.1666	0.7429	0.2556	0.9985	0.8606	1.8591
1239206PIP	2011	13	83	9.3	8.7	13.0006	2.2746	3.8608	2.8991	6.76	15.2752	22.0351
1239206PIP	2011	13	85	7.1	6.9	6.5944	1.2416	2.6357	1.6519	4.2876	7.836	12.1236
1239206PIP	2011	13	86	6.6	6.5	5.4881	1.054	2.377	1.4187	3.7958	6.5422	10.3379
1239206PIP	2011	13	88	18.8	15.1	76.3208	11.0281	10.4472	12.5679	23.0151	87.3489	110.364
1239206PIP	2011	13	89	4.0	4.3	1.5578	0.3428	1.1707	0.4997	1.6704	1.9006	3.571
1239206PIP	2011	13	91	9.7	9.1	14.4528	2.4999	4.0978	3.165	7.2628	16.9527	24.2155
1239206PIP	2011	13	92	9.8	9.1	14.8305	2.5581	4.1577	3.2334	7.3911	17.3885	24.7796
1239216PIP	2011	3	102	2.9	3.1	1.0397	0.1668	0.2452	0.1034	0.3486	1.2065	1.555
1239216PIP	2011	3	104	4.5	3.7	2.9898	0.4142	0.524	0.2989	0.8229	3.404	4.2269
1239216PIP	2011	3	105	2.8	3.0	0.9556	0.1551	0.2307	0.095	0.3257	1.1107	1.4364
1239216PIP	2011	3	107	4.1	3.5	2.3903	0.3416	0.4461	0.2387	0.6848	2.7318	3.4166
1239216PIP	2011	3	109	2.8	3.0	0.9556	0.1551	0.2307	0.095	0.3257	1.1107	1.4364
1239216PIP	2011	3	110	3.2	3.2	1.3173	0.2045	0.2906	0.1312	0.4218	1.5218	1.9436
1239216PIP	2011	38	112	3.2	3.9	1.0895	0.2215	0.3657	0.2631	0.6288	1.311	1.9398
1239216PIP	2011	38	113	2.7	3.6	0.7122	0.1472	0.277	0.1705	0.4475	0.8594	1.3069
1239216PIP	2011	3	115	3.3	3.2	1.4185	0.2179	0.3065	0.1413	0.4478	1.6364	2.0842
1239216PIP	2011	3	116	2.6	2.9	0.7996	0.133	0.203	0.0794	0.2824	0.9327	1.2151
1239216PIP	2011	3	118	2.8	3.0	0.9556	0.1551	0.2307	0.095	0.3257	1.1107	1.4364
1239216PIP	2011	3	119	3.7	3.4	1.8675	0.2762	0.3736	0.1863	0.5598	2.1437	2.7035
1259791PIP	2011	13	1	19.5	16.5	83.6697	11.9704	11.0015	13.5628	24.5643	95.6402	120.2045
1259791PIP	2011	13	3	10.5	10.3	17.6402	2.9862	4.5838	3.7334	8.3172	20.6264	28.9435
1259791PIP	2011	13	4	17.7	15.5	65.5838	9.6332	9.5933	11.084	20.6772	75.217	95.8943
1259791PIP	2011	13	6	14.7	13.5	41.1123	6.3514	7.3772	7.5269	14.9042	47.4636	62.3678
1259791PIP	2011	13	8	12.4	11.8	26.8007	4.3364	5.7994	5.2799	11.0793	31.1371	42.2164
1259791PIP	2011	13	9	4.0	4.5	1.5578	0.3428	1.1707	0.4997	1.6704	1.9006	3.571
1259791PIP	2011	13	11	24.8	19.1	153.1602	20.5261	15.4572	22.3843	37.8414	173.6864	211.5278
1259791PIP	2011	13	12	17.3	15.2	61.9203	9.1518	9.2881	10.5684	19.8565	71.072	90.9285
1259791PIP	2011	13	14	4.0	4.5	1.5578	0.3428	1.1707	0.4997	1.6704	1.9006	3.571
1259791PIP	2011	13	15	2.6	3.3	0.5273	0.1304	0.6366	0.2036	0.8402	0.6577	1.4979
1259791PIP	2011	13	17	14.2	13.2	37.6858	5.877	7.0249	7.0032	14.0281	43.5629	57.591
1259791PIP	2011	13	21	5.9	6.3	4.1398	0.8197	2.0285	1.1231	3.1516	4.9595	8.1111
1259791PIP	2011	13	24	22.5	18.1	119.909	16.5007	13.4694	18.275	31.7444	136.4097	168.1541
1259791PIP	2011	13	31	17.3	15.2	61.9203	9.1518	9.2881	10.5684	19.8565	71.072	90.9285
1259791PIP	2011	13	34	12.8	12.1	29.0281	4.6564	6.0657	5.641	11.7068	33.6846	45.3914
1259791PIP	2011	13	35	13.4	12.6	32.5723	5.1603	6.4717	6.2061	12.6778	37.7326	50.4105
1259791PIP	2011	13	37	5.9	6.3	4.1398	0.8197	2.0285	1.1231	3.1516	4.9595	8.1111
1259791PIP	2011	13	38	3.2	3.8	0.8888	0.2078	0.8539	0.3139	1.1677	1.0967	2.2644
1259791PIP	2011	13	41	4.7	5.2	2.3369	0.4922	1.4706	0.6992	2.1699	2.8291	4.999
1259791PIP	2011	13	44	6.6	6.9	5.4881	1.054	2.377	1.4187	3.7958	6.5422	10.3379
1259791PIP	2011	13	46	3.6	4.2	1.1952	0.2707	1.0086	0.4012	1.4098	1.4659	2.8757
1259791PIP	2011	13	49	2.7	3.3	0.5798	0.142	0.6715	0.2203	0.8918	0.7218	1.6135
1259791PIP	2011	13	51	16.2	14.5	52.4911	7.8979	8.464	9.2162	17.6802	60.389	78.0692
1259791PIP	2011	13	52	8.8	8.9	11.3138	2.0094	3.5706	2.5838	6.1543	13.3232	19.4776
1259791PIP	2011	13	54	14.2	13.2	37.6858	5.877	7.0249	7.0032	14.0281	43.5629	57.591
1259791PIP	2011	13	55	17.9	15.6	67.4633	9.8791	9.7469	11.3466	21.0935	77.3424	98.4359
1259791PIP	2011	13	57	15.9	14.3	50.0809	7.5736	8.2431	8.8641	17.1073	57.6545	74.7618
1259791PIP	2011	13	58	7.0	7.3	6.3634	1.2027	2.5833	1.6038	4.1871	7.5661	11.7532
1259791PIP	2011	13	60	11.7	11.3	23.1572	3.8065	5.3419	4.6778	10.0196	26.9637	36.9833
1259791PIP	2011	13	61	17.0	15.0	59.2554	8.7996	9.0611	10.1901	19.2512	68.0551	87.3063
1259791PIP	2011	13	66	14.1	13.1	37.022	5.7846	6.955	6.9008	13.8559	42.8066	56.6625
1259791PIP	2011	13	67	7.5	7.8	7.5689	1.404	2.8481	1.8518	4.6999	8.9729	13.6728
1259791PIP	2011	13	69	6.5	6.9	5.2814	1.0185	2.3263	1.3743	3.7006	6.3	10.0005
1259791PIP	2011	13	71	5.5	5.9	3.4698	0.7002	1.8368	0.9703	2.807	4.1701	6.9771
1259791PIP	2011	13	72	17.8	15.5	66.5196	9.7557	9.67	11.2149	20.8849	76.2753	97.1602
1259791PIP	2011	13	74	9.2	9.2	12.6519	2.2201	3.8023	2.8345	6.6368	14.872	21.5088
1259791PIP	2011	13	75	11.5	11.1	22.1746	3.6621	5.2132	4.5127	9.7258	25.8367	35.5625
1259791PIP	2011	13	77	11.3	11.0	21.2175	3.5208	5.0854	4.3507	9.4361	24.7383	34.1744
1259791PIP	2011	13	78	15.0	13.7	43.2549	6.6458	7.5911	7.8506	15.4416	49.9007	65.3423
1259791PIP	2011	13	80	2.8	3.4	0.6353	0.154	0.7069	0.2376	0.9445	0.7893	1.7339
1259791PIP	2011	13	81	4.6	5.1	2.2139	0.469	1.4266	0.6686	2.0952	2.6829	4.7781
1259791PIP	2011	13	84	7.6	7.8	7.8253	1.4463	2.902	1.9036	4.8055	9.2716	14.0772
1259791PIP	2011	13	86	6.2	6.6	4.6897	0.9161	2.1759	1.2454	3.4213	5.6058	9.0271
1259791PIP	2011	13	87	11.8	11.4	23.6581	3.8799	5.4065	4.7615	10.168	27.538	37.706
1259791PIP	2011	13	89	16.9	15.0	58.3828	8.684	8.9858	10.0656	19.0514	67.0668	86.1182
1259791PIP	2011	13	91	3.0	3.6	0.7557	0.1798	0.7794	0.2744	1.0537	0.9355	1.9892
1259791PIP	2011	13	92	7.6	7.8	7.8253	1.4463	2.902	1.9036	4.8055	9.2716	14.0772
1259791PIP	2011	13	94	6.5	6.9	5.2814	1.0185	2.3263	1.3743	3.7006	6.3	10.0005
1259791PIP	2011	13	95	13.9	12.9	35.7156	5.6022	6.8159	6.6984	13.5143	41.3178	54.8321
1259791PIP	2011	13	97	3.1	3.7	0.8206	0.1935	0.8164	0.2938	1.1101	1.0142	2.1243
1259791PIP	2011	13	98	17.4	15.3	62.8243	9.2708	9.3641	10.6961	20.0602	72.0951	92.1553
1259791PIP	2011	13	100	14.8	13.6	41.8192	6.4487	7.4483	7.634	15.0823	48.2679	63.3502
1259791PIP	2011	13	101	11.7	11.3	23.1572	3.8065	5.3419	4.6778	10.0196	26.9637	36.9833
1259791PIP	2011	13	104	13.0	12.3	30.1823	4.8212	6.2002	5.8263	12.0265	35.0035	47.03
1259791PIP	2011	13	107	6.2	6.6	4.6897	0.9161	2.1759	1.2454	3.4213	5.6058	9.0271
1259791PIP	2011	20	109	12.3	12.3	22.2118	4.1709	5.5447	4.1125	9.6572	26.3827	36.0399
1246171PIP	2011	38	3	13.3	12.8	38.5129	6.8161	3.7567	9.9943	13.751	45.3289	59.0799
1246171PIP	2011	13	4	3.8	4.4	1.3693	0.3056	1.0888	0.449	1.5378	1.6749	3.2127
1246171PIP	2011	13	6	4.3	4.8	1.8685	0.4032	1.2968	0.5809	1.8777	2.2717	4.1494
1246171PIP	2011	13	7	17.3	15.3	61.9203	9.1518	9.2881	10.5684	19.8565	71.072	90.9285
1246171PIP	2011	13	9	10.0	10.0	15.6034	2.6766	4.2782	3.3724	7.6506	18.28	25.9306
1246171PIP	2011	13	10	15.4	14.1	46.2143	7.0499	7.8789	8.2931	16.1721	53.2642	69.4363
1246171PIP	2011	13	12	17.8	15.6	66.5196	9.7557	9.67	11.2149	20.8849	76.2753	97.1602
1246171PIP	2011	13	13	9.6	9.6	14.0811	2.4425	4.0382	3.0974	7.1356	16.5235	23.6591
1246171PIP	2011	13	16	2.7	3.4	0.5798	0.142	0.6715	0.2203	0.8918	0.7218	1.6135
1246171PIP	2011	74	18	29.5	20.5	262.7634	55.6399	6.5019	40.6536	47.1555	318.4033	365.5587
1246171PIP	2011	13	21	13.8	13.0	35.073	5.5122	6.7467	6.5984	13.3451	40.5852	53.9302
1246171PIP	2011	38	26	16.0	13.7	61.1625	10.6317	5.0822	16.0211	21.1033	71.7942	92.8975
1246171PIP	2011	20	27	3.1	3.5	0.8096	0.1639	0.5554	0.124	0.6794	0.9735	1.6529
1246171PIP	2011	38	29	21.7	14.9	131.123	22.1269	8.3645	34.8805	43.245	153.2499	196.4948
1246171PIP	2011	38	30	3.7	6.0	1.5669	0.3141	0.4637	0.3811	0.8448	1.881	2.7258
1246171PIP	2011	13	32	3.6	4.2	1.1952	0.2707	1.0086	0.4012	1.4098	1.4659	2.8757
1246171PIP	2011	74	33	2.9	6.2	0.8437	0.2151	0.1481	0.1172	0.2653	1.0588	1.3241
1246171PIP	2011	74	36	3.3	6.8	1.1617	0.2932	0.1828	0.1624	0.3452	1.4548	1.8
1246171PIP	2011	73	38	14.9	15.7	38.4839	8.9499	2.2041	8.207	10.4111	47.4337	57.8449
1246171PIP	2011	38	39	3.6	5.9	1.463	0.294	0.4434	0.3554	0.7988	1.7571	2.5559
1246171PIP	2011	38	43	30.5	15.8	307.3714	50.1788	14.5939	83.1856	97.7795	357.5502	455.3297
1253046PIP	2011	20	1	2.9	3.4	0.6897	0.1402	0.4969	0.1047	0.6016	0.8299	1.4314
1253046PIP	2011	13	3	24.1	21.7	142.5203	19.2494	14.8438	21.0877	35.9315	161.7697	197.7012
1253046PIP	2011	20	4	4.8	5.2	2.3151	0.4576	1.1524	0.3766	1.529	2.7727	4.3017
1253046PIP	2011	20	6	4.4	4.8	1.8783	0.3731	0.9966	0.3019	1.2985	2.2513	3.5498
1253046PIP	2011	20	7	5.1	5.5	2.6781	0.5277	1.2752	0.4393	1.7145	3.2058	4.9203
1253046PIP	2011	20	9	6.4	6.7	4.6216	0.8994	1.8629	0.7821	2.6451	5.5209	8.166
1253046PIP	2011	13	10	19.7	19.1	85.8445	12.2476	11.1615	13.8542	25.0157	98.0921	123.1078
1253046PIP	2011	20	13	3.3	3.7	0.9409	0.1898	0.6165	0.1454	0.7619	1.1307	1.8926
1253046PIP	2011	13	15	19.1	18.7	79.4206	11.4267	10.6837	12.9894	23.6732	90.8473	114.5204
1253046PIP	2011	13	16	11.0	12.3	19.8294	3.3146	4.8955	4.1134	9.0089	23.144	32.1529
1253046PIP	2011	13	18	21.6	20.3	108.2105	15.057	12.7138	16.7847	29.4985	123.2674	152.7659
1253046PIP	2011	20	21	2.7	3.2	0.5809	0.1185	0.441	0.0873	0.5283	0.6994	1.2277
1253046PIP	2011	13	23	17.0	17.2	59.2554	8.7996	9.0611	10.1901	19.2512	68.0551	87.3063
1253046PIP	2011	13	24	24.5	21.9	148.5437	19.9734	15.1934	21.8237	37.0171	168.5171	205.5342
1253046PIP	2011	13	26	24.4	21.8	147.0238	19.791	15.1058	21.6385	36.7442	166.8148	203.559
1253046PIP	2011	13	27	14.0	14.9	36.3652	5.693	6.8854	6.7992	13.6846	42.0583	55.7429
1253046PIP	2011	20	29	9.3	9.3	11.345	2.1631	3.4767	2.0213	5.4979	13.5082	19.0061
1253046PIP	2011	13	30	19.6	19.0	84.7529	12.1086	11.0814	13.7081	24.7895	96.8615	121.651
1253046PIP	2011	20	33	6.6	6.9	4.9763	0.9668	1.9611	0.8457	2.8069	5.943	8.7499
1253046PIP	2011	20	36	3.1	3.6	0.8096	0.1639	0.5554	0.124	0.6794	0.9735	1.6529
1253046PIP	2011	20	38	9.7	9.6	12.5532	2.388	3.7299	2.2495	5.9794	14.9412	20.9206
1253046PIP	2011	38	43	3.5	5.6	1.3635	0.2748	0.4234	0.3307	0.7542	1.6382	2.3924
1253046PIP	2011	13	44	24.6	21.9	150.0731	20.1567	15.2812	22.0097	37.2909	170.2298	207.5207
1253046PIP	2011	38	46	4.0	6.2	1.9045	0.3789	0.5268	0.4651	0.9918	2.2833	3.2751
1253046PIP	2011	20	47	5.3	5.7	2.9375	0.5775	1.3597	0.4844	1.8441	3.515	5.3592
1253046PIP	2011	38	49	5.0	7.1	3.3289	0.648	0.7587	0.8221	1.5809	3.9769	5.5577
1253046PIP	2011	38	50	2.8	4.8	0.78	0.1607	0.294	0.1871	0.4811	0.9407	1.4218
1253046PIP	2011	20	52	3.4	3.8	1.0108	0.2036	0.648	0.1568	0.8048	1.2145	2.0193
1253046PIP	2011	38	53	3.4	5.5	1.268	0.2563	0.4038	0.3071	0.711	1.5243	2.2353
1253046PIP	2011	38	56	3.2	5.3	1.0895	0.2215	0.3657	0.2631	0.6288	1.311	1.9398
1253046PIP	2011	13	58	25.7	22.5	167.5241	22.2347	16.2564	24.1104	40.3668	189.7587	230.1256
1253046PIP	2011	20	61	2.9	3.4	0.6897	0.1402	0.4969	0.1047	0.6016	0.8299	1.4314
1253046PIP	2011	13	63	6.4	7.6	5.0795	0.9837	2.2758	1.3306	3.6064	6.0632	9.6696
1253106PIP	2011	20	2	12.1	9.6	21.3538	4.0134	5.395	3.9448	9.3398	25.3672	34.7069
1253106PIP	2011	20	3	2.5	2.7	0.4828	0.0989	0.3878	0.0718	0.4596	0.5817	1.0414
1253106PIP	2011	20	5	11.5	9.3	18.8972	3.5616	4.9558	3.4666	8.4224	22.4588	30.8812
1253106PIP	2011	20	6	2.5	2.7	0.4828	0.0989	0.3878	0.0718	0.4596	0.5817	1.0414
1253106PIP	2011	20	8	5.7	5.2	3.4987	0.6852	1.5354	0.5827	2.1181	4.1839	6.302
1253106PIP	2011	20	9	4.2	4.0	1.6796	0.3345	0.9221	0.2682	1.1904	2.0141	3.2044
1253106PIP	2011	38	12	17.0	12.4	71.183	12.3008	5.6118	18.7032	24.315	83.4838	107.7987
1253106PIP	2011	20	14	3.8	3.7	1.3206	0.2644	0.7802	0.208	0.9883	1.585	2.5732
1253106PIP	2011	20	15	6.9	6.2	5.5373	1.0731	2.1122	0.9468	3.0591	6.6104	9.6695
1253106PIP	2011	20	17	11.4	9.2	18.5048	3.4893	4.8841	3.3906	8.2746	21.994	30.2686
1253106PIP	2011	20	19	4.7	4.4	2.2009	0.4356	1.1126	0.357	1.4696	2.6364	4.106
1253106PIP	2011	20	20	6.6	5.9	4.9763	0.9668	1.9611	0.8457	2.8069	5.943	8.7499
1253106PIP	2011	38	22	9.5	9.9	16.5923	3.0343	2.167	4.2331	6.4001	19.6265	26.0267
1253106PIP	2011	38	23	4.4	6.2	2.4175	0.4765	0.6156	0.5932	1.2088	2.8939	4.1027
1253106PIP	2011	38	25	7.4	8.6	8.8796	1.6638	1.4404	2.2369	3.6773	10.5434	14.2207
1253106PIP	2011	38	26	14.3	11.8	46.1741	8.1145	4.2294	12.0265	16.2559	54.2887	70.5446
1253106PIP	2011	20	28	8.6	7.4	9.4003	1.8	3.0509	1.6569	4.7077	11.2003	15.908
1253106PIP	2011	20	29	16.8	11.9	46.985	8.6739	9.3311	9.0807	18.4118	55.6589	74.0707
1253106PIP	2011	38	32	4.9	6.7	3.1647	0.6173	0.7341	0.7808	1.5149	3.782	5.2969
1253106PIP	2011	20	35	7.2	6.4	6.1335	1.1859	2.2678	1.055	3.3227	7.3195	10.6422
1253106PIP	2011	13	37	6.6	5.9	5.4881	1.054	2.377	1.4187	3.7958	6.5422	10.3379
1253106PIP	2011	38	40	4.3	6.1	2.2823	0.4508	0.5929	0.5594	1.1523	2.7331	3.8854
1253106PIP	2011	20	42	5.6	5.2	3.353	0.6573	1.4907	0.5571	2.0478	4.0103	6.0581
1253106PIP	2011	38	43	9.4	9.8	16.1586	2.958	2.1299	4.1203	6.2501	19.1166	25.3668
1253106PIP	2011	38	45	8.8	9.5	13.6999	2.524	1.9121	3.4817	5.3938	16.2239	21.6177
1253106PIP	2011	38	48	5.9	7.5	5.0372	0.9649	0.9945	1.2545	2.249	6.0021	8.2511
1253106PIP	2011	74	52	8.5	10.9	12.08	2.826	0.855	1.7641	2.6191	14.906	17.5251
1253106PIP	2011	12	55	4.5	4.0	1.7328	0.3701	1.4543	0.6486	2.1029	2.1029	4.2058
1253106PIP	2011	20	57	15.1	11.2	36.3599	6.7516	7.8087	6.9248	14.7335	43.1115	57.8451
1253106PIP	2011	20	60	8.7	7.5	9.6651	1.8495	3.1103	1.7062	4.8166	11.5146	16.3312
1253106PIP	2011	20	62	15.9	11.5	41.1622	7.6218	8.5116	7.8953	16.4069	48.784	65.1909
1253106PIP	2011	20	63	5.5	5.1	3.2109	0.63	1.4465	0.5322	1.9787	3.841	5.8197
1246121PIP	2011	38	1	15.0	14.9	52.0404	9.103	4.5732	13.5872	18.1604	61.1434	79.3038
1246121PIP	2011	20	3	7.5	7.2	6.7657	1.3052	2.4277	1.1703	3.5979	8.071	11.6689
1246121PIP	2011	38	6	18.8	16.4	91.5719	15.6699	6.6156	24.1832	30.7988	107.2418	138.0405
1246121PIP	2011	12	10	21.5	16.3	97.6011	13.5518	14.4238	16.8393	31.263	111.1529	142.4159
1246121PIP	2011	20	12	28.1	17.5	161.727	29.0295	22.0239	33.5491	55.573	190.7565	246.3296
1246121PIP	2011	20	13	19.8	14.9	69.7313	12.7581	12.2761	13.785	26.0611	82.4894	108.5505
1246121PIP	2011	12	15	32.0	20.3	272.0311	33.8543	25.8492	38.5443	64.3935	305.8854	370.2789
1246121PIP	2011	12	18	30.7	19.9	244.452	30.7714	24.3233	35.3553	59.6787	275.2235	334.9021
1246121PIP	2011	12	20	19.5	15.3	75.8855	10.8237	12.4989	13.7412	26.2401	86.7092	112.9493
1246121PIP	2011	12	21	33.1	20.6	296.7913	36.5937	27.1631	41.3546	68.5177	333.3849	401.9027
1246121PIP	2011	20	23	27.2	17.3	149.5582	26.893	20.8589	30.8862	51.7451	176.4512	228.1963
1246121PIP	2011	20	26	11.2	10.1	17.7342	3.3472	4.7419	3.2415	7.9833	21.0814	29.0647
1246121PIP	2011	12	27	26.0	18.3	159.2899	20.9899	19.0615	25.0141	44.0756	180.2798	224.3554
1253076PIP	2011	20	2	2.7	2.6	0.5809	0.1185	0.441	0.0873	0.5283	0.6994	1.2277
1253076PIP	2011	20	4	3.1	2.9	0.8096	0.1639	0.5554	0.124	0.6794	0.9735	1.6529
1253076PIP	2011	20	5	4.9	4.1	2.4327	0.4803	1.1928	0.3968	1.5896	2.913	4.5026
1253076PIP	2011	13	7	3.5	3.7	1.1135	0.2541	0.9692	0.3783	1.3475	1.3676	2.7151
1253076PIP	2011	13	9	2.9	3.2	0.6939	0.1666	0.7429	0.2556	0.9985	0.8606	1.8591
1253076PIP	2011	20	10	3.0	2.8	0.7483	0.1518	0.5258	0.1141	0.6399	0.9	1.54
1253076PIP	2011	20	12	3.3	3.0	0.9409	0.1898	0.6165	0.1454	0.7619	1.1307	1.8926
1253076PIP	2011	13	13	4.9	4.8	2.5951	0.5404	1.5599	0.7627	2.3226	3.1355	5.4581
1253076PIP	2011	20	15	4.4	3.7	1.8783	0.3731	0.9966	0.3019	1.2985	2.2513	3.5498
1253076PIP	2011	20	16	3.1	2.9	0.8096	0.1639	0.5554	0.124	0.6794	0.9735	1.6529
1253076PIP	2011	20	18	3.1	2.9	0.8096	0.1639	0.5554	0.124	0.6794	0.9735	1.6529
1253076PIP	2011	20	19	2.7	2.6	0.5809	0.1185	0.441	0.0873	0.5283	0.6994	1.2277
1253076PIP	2011	13	22	4.2	4.2	1.7612	0.3825	1.2543	0.5531	1.8075	2.1436	3.9511
1253076PIP	2011	20	25	2.7	2.6	0.5809	0.1185	0.441	0.0873	0.5283	0.6994	1.2277
1253076PIP	2011	20	27	2.5	2.5	0.4828	0.0989	0.3878	0.0718	0.4596	0.5817	1.0414
1253076PIP	2011	20	30	2.8	2.7	0.634	0.1291	0.4686	0.0958	0.5644	0.763	1.3274
1253076PIP	2011	13	32	3.4	3.6	1.0352	0.2381	0.9303	0.3561	1.2864	1.2733	2.5597
1253076PIP	2011	13	33	2.6	3.0	0.5273	0.1304	0.6366	0.2036	0.8402	0.6577	1.4979
1253076PIP	2011	20	35	3.3	3.0	0.9409	0.1898	0.6165	0.1454	0.7619	1.1307	1.8926
1253076PIP	2011	20	36	3.5	3.2	1.0838	0.218	0.6801	0.1688	0.8489	1.3017	2.1507
1253076PIP	2011	13	38	4.1	4.1	1.6576	0.3623	1.2123	0.526	1.7384	2.02	3.7583
1253076PIP	2011	13	39	5.5	5.2	3.4698	0.7002	1.8368	0.9703	2.807	4.1701	6.9771
1253076PIP	2011	13	41	3.3	3.5	0.9603	0.2227	0.8918	0.3346	1.2265	1.183	2.4095
1253076PIP	2011	13	42	3.3	3.5	0.9603	0.2227	0.8918	0.3346	1.2265	1.183	2.4095
1253076PIP	2011	13	45	3.4	3.6	1.0352	0.2381	0.9303	0.3561	1.2864	1.2733	2.5597
1253076PIP	2011	13	47	2.5	2.9	0.4778	0.1195	0.6022	0.1876	0.7899	0.5972	1.3871
1253076PIP	2011	20	50	3.3	3.0	0.9409	0.1898	0.6165	0.1454	0.7619	1.1307	1.8926
1253076PIP	2011	20	53	2.6	2.6	0.5305	0.1084	0.4141	0.0793	0.4934	0.639	1.1324
1253076PIP	2011	38	55	7.9	6.5	10.4582	1.9471	1.6029	2.6434	4.2462	12.4053	16.6516
1253076PIP	2011	38	56	6.6	6.1	6.6688	1.2635	1.1946	1.6703	2.8649	7.9323	10.7972
1253076PIP	2011	20	58	3.1	2.9	0.8096	0.1639	0.5554	0.124	0.6794	0.9735	1.6529
1253076PIP	2011	20	59	3.1	2.9	0.8096	0.1639	0.5554	0.124	0.6794	0.9735	1.6529
1253076PIP	2011	20	61	2.8	2.7	0.634	0.1291	0.4686	0.0958	0.5644	0.763	1.3274
1253076PIP	2011	20	62	4.2	3.6	1.6796	0.3345	0.9221	0.2682	1.1904	2.0141	3.2044
1253076PIP	2011	20	67	2.7	2.6	0.5809	0.1185	0.441	0.0873	0.5283	0.6994	1.2277
1253076PIP	2011	20	68	2.5	2.5	0.4828	0.0989	0.3878	0.0718	0.4596	0.5817	1.0414
1253076PIP	2011	20	70	3.1	2.9	0.8096	0.1639	0.5554	0.124	0.6794	0.9735	1.6529
1253076PIP	2011	20	72	2.8	2.7	0.634	0.1291	0.4686	0.0958	0.5644	0.763	1.3274
1253076PIP	2011	20	73	2.7	2.6	0.5809	0.1185	0.441	0.0873	0.5283	0.6994	1.2277
1253076PIP	2011	13	75	2.7	3.0	0.5798	0.142	0.6715	0.2203	0.8918	0.7218	1.6135
1253076PIP	2011	13	76	3.3	3.5	0.9603	0.2227	0.8918	0.3346	1.2265	1.183	2.4095
1253076PIP	2011	20	78	3.0	2.8	0.7483	0.1518	0.5258	0.1141	0.6399	0.9	1.54
1253076PIP	2011	20	79	3.7	3.3	1.2386	0.2483	0.7463	0.1944	0.9407	1.4869	2.4276
1253076PIP	2011	20	81	2.6	2.6	0.5305	0.1084	0.4141	0.0793	0.4934	0.639	1.1324
1253076PIP	2011	20	82	2.6	2.6	0.5305	0.1084	0.4141	0.0793	0.4934	0.639	1.1324
1252976PIP	2011	38	2	10.8	11.5	22.8718	4.1307	2.6727	5.8732	8.5458	27.0026	35.5484
1252976PIP	2011	38	4	4.5	7.0	2.5573	0.5029	0.6386	0.6282	1.2669	3.0602	4.3271
1252976PIP	2011	38	5	3.1	5.4	1.0063	0.2052	0.3472	0.2426	0.5898	1.2115	1.8014
1252976PIP	2011	38	7	12.5	12.3	32.9748	5.8713	3.3943	8.5303	11.9246	38.846	50.7706
1252976PIP	2011	13	9	2.9	3.2	0.6939	0.1666	0.7429	0.2556	0.9985	0.8606	1.8591
1252976PIP	2011	38	10	10.7	11.5	22.3455	4.0393	2.6323	5.7353	8.3676	26.3849	34.7525
1252976PIP	2011	13	12	17.5	13.0	63.7362	9.3908	9.4403	10.8246	20.2649	73.127	93.3919
1252976PIP	2011	13	13	20.6	14.5	96.0506	13.5383	11.8894	15.2059	27.0953	109.5889	136.6843
1252976PIP	2011	13	15	14.4	11.3	39.0349	6.0643	7.1652	7.2104	14.3756	45.0992	59.4747
1252976PIP	2011	38	16	7.3	9.4	8.5824	1.6102	1.4087	2.1606	3.5693	10.1926	13.7618
1252976PIP	2011	74	19	11.1	12.6	23.3846	5.3549	1.3211	3.4575	4.7786	28.7395	33.5182
1252976PIP	2011	13	25	19.0	13.8	78.3791	11.293	10.6047	12.8481	23.4528	89.672	113.1248
1252976PIP	2011	74	27	13.1	13.6	35.2372	7.9627	1.7308	5.2502	6.981	43.2	50.181
1252976PIP	2011	38	30	14.5	13.0	47.8073	8.3902	4.3266	12.4606	16.7872	56.1975	72.9847
1252976PIP	2011	38	32	12.1	12.1	30.3972	5.4295	3.2185	7.8506	11.0691	35.8267	46.8957
1252976PIP	2011	13	33	14.5	11.4	39.7201	6.1592	7.2357	7.3151	14.5508	45.8793	60.4301
1252976PIP	2011	13	36	13.5	10.8	33.1871	5.2471	6.5402	6.303	12.8432	38.4341	51.2773
1252976PIP	2011	13	38	15.0	11.7	43.2549	6.6458	7.5911	7.8506	15.4416	49.9007	65.3423
1252976PIP	2011	13	39	5.1	4.9	2.8698	0.5912	1.6507	0.829	2.4797	3.4609	5.9406
1252976PIP	2011	38	41	4.2	6.7	2.1518	0.426	0.5705	0.5268	1.0973	2.5778	3.6751
1252976PIP	2011	13	42	8.5	7.4	10.3688	1.859	3.3997	2.4036	5.8032	12.2278	18.0311
1252976PIP	2011	13	45	5.3	5.0	3.1612	0.6444	1.743	0.8982	2.6412	3.8056	6.4468
1252976PIP	2011	13	47	10.0	8.5	15.6034	2.6766	4.2782	3.3724	7.6506	18.28	25.9306
1252976PIP	2011	38	50	7.0	9.2	7.7268	1.4556	1.3153	1.9411	3.2563	9.1824	12.4387
1252976PIP	2011	13	52	4.0	4.0	1.5578	0.3428	1.1707	0.4997	1.6704	1.9006	3.571
1252976PIP	2011	38	53	2.7	4.9	0.7122	0.1472	0.277	0.1705	0.4475	0.8594	1.3069
1252976PIP	2011	38	55	7.1	9.3	8.006	1.5061	1.3461	2.0126	3.3588	9.5121	12.8709
1252976PIP	2011	74	56	9.0	11.4	13.9157	3.2406	0.9385	2.0376	2.9761	17.1563	20.1324
1252976PIP	2011	38	59	15.3	13.2	54.6844	9.5471	4.7237	14.2918	19.0155	64.2315	83.247
1252976PIP	2011	38	61	8.9	10.5	14.0928	2.5936	1.9478	3.5836	5.5314	16.6864	22.2178
1252976PIP	2011	38	62	9.9	11.1	18.3963	3.3507	2.3182	4.7032	7.0214	21.747	28.7684
1252976PIP	2011	38	65	9.4	10.8	16.1586	2.958	2.1299	4.1203	6.2501	19.1166	25.3668
1252976PIP	2011	38	67	16.4	13.5	65.0613	11.2823	5.2916	17.0637	22.3553	76.3436	98.6989
1252976PIP	2011	13	68	12.4	10.1	26.8007	4.3364	5.7994	5.2799	11.0793	31.1371	42.2164
1252976PIP	2011	13	70	3.4	3.5	1.0352	0.2381	0.9303	0.3561	1.2864	1.2733	2.5597
1252976PIP	2011	38	72	3.2	5.5	1.0895	0.2215	0.3657	0.2631	0.6288	1.311	1.9398
1252976PIP	2011	38	73	14.7	13.0	49.4747	8.6713	4.4246	12.9041	17.3287	58.1459	75.4747
1252976PIP	2011	74	76	15.2	14.3	50.9118	11.3686	2.2056	7.6382	9.8437	62.2804	72.1241
1253026PIP	2011	22	2	4.5	3.5	1.822	0.2863	0.671	0.6168	1.2878	2.1083	3.3961
1253026PIP	2011	22	3	13.5	6.9	20.7009	3.016	4.4781	5.178	9.6561	23.7169	33.373
1253026PIP	2011	22	6	4.7	3.6	2.006	0.3143	0.7234	0.671	1.3943	2.3203	3.7146
1253026PIP	2011	22	9	12.6	6.6	17.7708	2.6015	3.9749	4.5304	8.5052	20.3723	28.8775
1253026PIP	2011	20	11	3.2	3.4	0.8738	0.1766	0.5856	0.1344	0.7201	1.0504	1.7705
1253026PIP	2011	22	12	3.1	2.8	0.7989	0.1288	0.3524	0.2997	0.6521	0.9278	1.5799
1253026PIP	2011	22	14	3.7	3.1	1.1817	0.1882	0.4785	0.4222	0.9006	1.3699	2.2705
1253026PIP	2011	22	17	6.1	4.2	3.5711	0.5496	1.135	1.1117	2.2467	4.1207	6.3674
1253026PIP	2011	22	19	2.9	2.7	0.6894	0.1117	0.3141	0.2634	0.5774	0.801	1.3785
1253026PIP	2011	22	20	4.7	3.6	2.006	0.3143	0.7234	0.671	1.3943	2.3203	3.7146
1253026PIP	2011	22	22	2.9	2.7	0.6894	0.1117	0.3141	0.2634	0.5774	0.801	1.3785
1253026PIP	2011	22	23	3.8	3.2	1.2535	0.1993	0.501	0.4445	0.9456	1.4528	2.3983
1253026PIP	2011	22	25	5.4	3.9	2.7271	0.4232	0.9195	0.878	1.7974	3.1504	4.9478
1253026PIP	2011	22	26	10.1	5.7	10.8952	1.6194	2.7125	2.952	5.6645	12.5147	18.1792
1253026PIP	2011	22	29	3.0	2.8	0.743	0.1201	0.333	0.2812	0.6143	0.8631	1.4774
1253026PIP	2011	22	32	4.8	3.6	2.1016	0.3288	0.7502	0.6989	1.449	2.4304	3.8794
1253026PIP	2011	22	34	4.7	3.6	2.006	0.3143	0.7234	0.671	1.3943	2.3203	3.7146
1253026PIP	2011	22	37	5.4	3.9	2.7271	0.4232	0.9195	0.878	1.7974	3.1504	4.9478
1253026PIP	2011	22	39	6.4	4.3	3.9713	0.6091	1.2332	1.22	2.4532	4.5804	7.0336
1253026PIP	2011	38	40	4.9	6.9	3.1647	0.6173	0.7341	0.7808	1.5149	3.782	5.2969
1253026PIP	2011	22	42	6.8	4.5	4.5412	0.6936	1.3693	1.372	2.7414	5.2348	7.9762
1253026PIP	2011	22	43	4.8	3.6	2.1016	0.3288	0.7502	0.6989	1.449	2.4304	3.8794
1253026PIP	2011	22	45	3.6	3.1	1.1122	0.1775	0.4563	0.4003	0.8567	1.2897	2.1463
1253026PIP	2011	13	46	16.1	12.0	51.6801	7.789	8.3902	9.0981	17.4882	59.4691	76.9573
1253026PIP	2011	22	48	2.9	2.7	0.6894	0.1117	0.3141	0.2634	0.5774	0.801	1.3785
1253026PIP	2011	22	49	3.5	3.0	1.045	0.1671	0.4347	0.3791	0.8137	1.2121	2.0258
1253026PIP	2011	13	52	15.0	11.4	43.2549	6.6458	7.5911	7.8506	15.4416	49.9007	65.3423
1253026PIP	2011	22	54	6.1	4.2	3.5711	0.5496	1.135	1.1117	2.2467	4.1207	6.3674
1253026PIP	2011	22	55	9.7	5.6	9.9636	1.4851	2.5296	2.7298	5.2593	11.4487	16.708
1253026PIP	2011	22	57	8.0	4.9	6.5058	0.9827	1.8133	1.8796	3.6928	7.4885	11.1813
1253026PIP	2011	22	59	2.7	2.6	0.5886	0.0958	0.2776	0.2293	0.5069	0.6844	1.1913
1253026PIP	2011	13	60	3.3	3.4	0.9603	0.2227	0.8918	0.3346	1.2265	1.183	2.4095
1253026PIP	2011	22	62	6.2	4.2	3.7019	0.5691	1.1673	1.1473	2.3146	4.271	6.5856
1253026PIP	2011	22	63	10.9	6.0	12.8964	1.9069	3.0943	3.4216	6.5159	14.8033	21.3192
1253026PIP	2011	22	65	3.7	3.1	1.1817	0.1882	0.4785	0.4222	0.9006	1.3699	2.2705
1253026PIP	2011	22	66	7.1	4.6	4.9963	0.7609	1.4754	1.4917	2.9671	5.7572	8.7242
1253026PIP	2011	22	68	14.9	7.3	25.7503	3.7263	5.3105	6.2684	11.5788	29.4766	41.0555
1253026PIP	2011	22	69	4.9	3.6	2.1997	0.3437	0.7774	0.7274	1.5047	2.5433	4.0481
1253026PIP	2011	22	72	12.8	6.7	18.4008	2.6908	4.0845	4.6707	8.7552	21.0916	29.8467
1253026PIP	2011	22	74	9.8	5.6	10.1922	1.5181	2.5748	2.7845	5.3593	11.7103	17.0696
1253026PIP	2011	22	75	3.3	2.9	0.9175	0.1473	0.3926	0.3383	0.7309	1.0647	1.7956
1253026PIP	2011	22	77	5.5	3.9	2.8401	0.4402	0.9491	0.9097	1.8588	3.2803	5.1391
1253026PIP	2011	20	80	4.0	4.1	1.4938	0.2982	0.85	0.237	1.087	1.792	2.879
1253026PIP	2011	22	82	2.8	2.7	0.6379	0.1036	0.2956	0.2461	0.5417	0.7415	1.2831
1253026PIP	2011	22	85	3.3	2.9	0.9175	0.1473	0.3926	0.3383	0.7309	1.0647	1.7956
1253026PIP	2011	13	86	6.9	6.1	6.1372	1.1645	2.5313	1.5564	4.0877	7.3017	11.3894
1253026PIP	2011	20	88	4.1	4.1	1.5851	0.3161	0.8858	0.2523	1.1381	1.9012	3.0393
1253026PIP	2011	22	89	13.3	6.8	20.0286	2.9211	4.3641	5.0305	9.3945	22.9497	32.3442
1253026PIP	2011	22	92	12.0	6.4	15.9527	2.3432	3.6535	4.1219	7.7754	18.2959	26.0713
1253026PIP	2011	22	95	3.6	3.1	1.1122	0.1775	0.4563	0.4003	0.8567	1.2897	2.1463
1253026PIP	2011	22	97	4.6	3.5	1.9128	0.3001	0.697	0.6436	1.3406	2.2129	3.5535
1253026PIP	2011	22	100	3.9	3.2	1.3276	0.2107	0.524	0.4675	0.9915	1.5383	2.5298
1253026PIP	2011	22	103	2.8	2.7	0.6379	0.1036	0.2956	0.2461	0.5417	0.7415	1.2831
1253026PIP	2011	22	105	6.4	4.3	3.9713	0.6091	1.2332	1.22	2.4532	4.5804	7.0336
1253026PIP	2011	22	106	6.3	4.2	3.8353	0.5889	1.2001	1.1834	2.3834	4.4242	6.8077
1253026PIP	2011	22	108	11.8	6.3	15.3705	2.2603	3.5489	3.9899	7.5388	17.6308	25.1696
1253026PIP	2011	22	109	6.0	4.1	3.4429	0.5304	1.103	1.0767	2.1797	3.9734	6.1531
1253026PIP	2011	22	111	3.7	3.1	1.1817	0.1882	0.4785	0.4222	0.9006	1.3699	2.2705
1253026PIP	2011	22	112	3.8	3.2	1.2535	0.1993	0.501	0.4445	0.9456	1.4528	2.3983
1253026PIP	2011	22	115	8.5	5.1	7.4395	1.119	2.0135	2.1137	4.1272	8.5585	12.6858
1253026PIP	2011	22	117	8.8	5.2	8.0328	1.2054	2.1379	2.2606	4.3985	9.2382	13.6366
1253026PIP	2011	22	120	5.9	4.1	3.3173	0.5117	1.0715	1.0422	2.1137	3.8289	5.9426
1253026PIP	2011	22	122	4.8	3.6	2.1016	0.3288	0.7502	0.6989	1.449	2.4304	3.8794
1253026PIP	2011	22	123	9.1	5.4	8.6511	1.2952	2.2653	2.4122	4.6776	9.9463	14.6239
1253026PIP	2011	22	125	3.2	2.9	0.8571	0.1379	0.3723	0.3187	0.691	0.995	1.686
1253026PIP	2011	22	126	6.3	4.2	3.8353	0.5889	1.2001	1.1834	2.3834	4.4242	6.8077
1253026PIP	2011	22	128	3.2	2.9	0.8571	0.1379	0.3723	0.3187	0.691	0.995	1.686
1253026PIP	2011	22	129	5.9	4.1	3.3173	0.5117	1.0715	1.0422	2.1137	3.8289	5.9426
1253026PIP	2011	22	131	10.8	6.0	12.6361	1.8696	3.0454	3.3611	6.4065	14.5057	20.9122
1253026PIP	2011	22	132	8.4	5.1	7.2473	1.091	1.9727	2.0658	4.0386	8.3383	12.3769
1253026PIP	2011	22	135	4.8	3.6	2.1016	0.3288	0.7502	0.6989	1.449	2.4304	3.8794
1253026PIP	2011	22	137	3.1	2.8	0.7989	0.1288	0.3524	0.2997	0.6521	0.9278	1.5799
1253026PIP	2011	22	138	3.3	2.9	0.9175	0.1473	0.3926	0.3383	0.7309	1.0647	1.7956
1253026PIP	2011	22	140	18.1	8.3	39.5994	5.6541	7.4322	9.1367	16.5689	45.2535	61.8224
1253026PIP	2011	22	142	5.4	3.9	2.7271	0.4232	0.9195	0.878	1.7974	3.1504	4.9478
1253026PIP	2011	22	143	7.1	4.6	4.9963	0.7609	1.4754	1.4917	2.9671	5.7572	8.7242
1253026PIP	2011	13	145	13.3	10.4	31.9645	5.0743	6.4035	6.11	12.5135	37.0388	49.5524
1253026PIP	2011	22	146	12.5	6.6	17.4603	2.5574	3.9205	4.461	8.3815	20.0177	28.3992
1253026PIP	2011	22	148	5.9	4.1	3.3173	0.5117	1.0715	1.0422	2.1137	3.8289	5.9426
1253026PIP	2011	22	149	9.1	5.4	8.6511	1.2952	2.2653	2.4122	4.6776	9.9463	14.6239
1253026PIP	2011	22	151	5.6	4.0	2.9556	0.4575	0.9791	0.942	1.9211	3.4131	5.3342
1253026PIP	2011	22	152	5.5	3.9	2.8401	0.4402	0.9491	0.9097	1.8588	3.2803	5.1391
1253026PIP	2011	22	155	4.9	3.6	2.1997	0.3437	0.7774	0.7274	1.5047	2.5433	4.0481
1253026PIP	2011	22	157	3.2	2.9	0.8571	0.1379	0.3723	0.3187	0.691	0.995	1.686
1253026PIP	2011	22	158	5.6	4.0	2.9556	0.4575	0.9791	0.942	1.9211	3.4131	5.3342
1253026PIP	2011	22	160	3.8	3.2	1.2535	0.1993	0.501	0.4445	0.9456	1.4528	2.3983
1253026PIP	2011	22	162	4.6	3.5	1.9128	0.3001	0.697	0.6436	1.3406	2.2129	3.5535
1253026PIP	2011	20	163	3.6	3.7	1.1597	0.2329	0.7129	0.1813	0.8942	1.3925	2.2868
1253026PIP	2011	22	165	4.2	3.3	1.5641	0.247	0.5956	0.5396	1.1352	1.8111	2.9463
1253026PIP	2011	38	166	7.6	8.8	9.4925	1.774	1.5046	2.3946	3.8991	11.2665	15.1656
1253026PIP	2011	22	168	7.9	4.9	6.3273	0.9565	1.7743	1.8343	3.6086	7.2838	10.8924
1253026PIP	2011	22	169	3.0	2.8	0.743	0.1201	0.333	0.2812	0.6143	0.8631	1.4774
1253026PIP	2011	22	171	5.7	4.0	3.0736	0.4752	1.0095	0.9749	1.9844	3.5488	5.5332
1253026PIP	2011	22	175	6.7	4.4	4.3948	0.672	1.3347	1.3332	2.668	5.0668	7.7347
1253026PIP	2011	20	178	4.4	4.4	1.8783	0.3731	0.9966	0.3019	1.2985	2.2513	3.5498
1253026PIP	2011	22	180	3.8	3.2	1.2535	0.1993	0.501	0.4445	0.9456	1.4528	2.3983
1253026PIP	2011	22	183	6.4	4.3	3.9713	0.6091	1.2332	1.22	2.4532	4.5804	7.0336
1253026PIP	2011	22	185	2.8	2.7	0.6379	0.1036	0.2956	0.2461	0.5417	0.7415	1.2831
1253026PIP	2011	22	186	3.5	3.0	1.045	0.1671	0.4347	0.3791	0.8137	1.2121	2.0258
1253026PIP	2011	22	188	4.3	3.4	1.6477	0.2597	0.6203	0.5648	1.1851	1.9074	3.0925
1253026PIP	2011	20	189	3.3	3.5	0.9409	0.1898	0.6165	0.1454	0.7619	1.1307	1.8926
1253026PIP	2011	22	195	6.1	4.2	3.5711	0.5496	1.135	1.1117	2.2467	4.1207	6.3674
1253026PIP	2011	22	198	3.5	3.0	1.045	0.1671	0.4347	0.3791	0.8137	1.2121	2.0258
1253026PIP	2011	22	200	7.9	4.9	6.3273	0.9565	1.7743	1.8343	3.6086	7.2838	10.8924
1253026PIP	2011	22	203	3.1	2.8	0.7989	0.1288	0.3524	0.2997	0.6521	0.9278	1.5799
1253026PIP	2011	20	205	6.6	6.2	4.9763	0.9668	1.9611	0.8457	2.8069	5.943	8.7499
1252966PIP	2011	13	3	12.5	13.2	27.3475	4.4152	5.8657	5.369	11.2347	31.7627	42.9974
1252966PIP	2011	13	4	14.5	14.8	39.7201	6.1592	7.2357	7.3151	14.5508	45.8793	60.4301
1252966PIP	2011	13	6	8.1	9.1	9.1851	1.6685	3.1756	2.1739	5.3495	10.8537	16.2032
1252966PIP	2011	13	7	15.2	15.4	44.7199	6.8462	7.7346	8.0703	15.8049	51.566	67.3709
1252966PIP	2011	13	13	14.5	14.8	39.7201	6.1592	7.2357	7.3151	14.5508	45.8793	60.4301
1252966PIP	2011	13	18	18.6	17.8	74.2955	10.7667	10.2903	12.2909	22.5812	85.0622	107.6434
1252966PIP	2011	13	20	13.2	13.8	31.3636	4.9892	6.3356	6.0146	12.3502	36.3527	48.7029
1252966PIP	2011	13	21	15.4	15.5	46.2143	7.0499	7.8789	8.2931	16.1721	53.2642	69.4363
1252966PIP	2011	13	23	11.8	12.6	23.6581	3.8799	5.4065	4.7615	10.168	27.538	37.706
1252966PIP	2011	13	24	9.1	10.1	12.3089	2.1663	3.7439	2.7707	6.5147	14.4752	20.9899
1252966PIP	2011	13	29	12.8	13.4	29.0281	4.6564	6.0657	5.641	11.7068	33.6846	45.3914
1252966PIP	2011	13	30	15.1	15.3	43.9837	6.7456	7.6627	7.96	15.6228	50.7293	66.352
1252966PIP	2011	13	33	16.8	16.5	57.518	8.5691	8.9107	9.9418	18.8525	66.0871	84.9397
1252966PIP	2011	13	35	7.0	8.0	6.3634	1.2027	2.5833	1.6038	4.1871	7.5661	11.7532
1252966PIP	2011	13	36	5.8	6.8	3.9656	0.7888	1.98	1.0838	3.0638	4.7544	7.8183
1252966PIP	2011	13	38	13.0	13.6	30.1823	4.8212	6.2002	5.8263	12.0265	35.0035	47.03
1252966PIP	2011	13	43	10.5	11.4	17.6402	2.9862	4.5838	3.7334	8.3172	20.6264	28.9435
1252966PIP	2011	13	44	13.8	14.3	35.073	5.5122	6.7467	6.5984	13.3451	40.5852	53.9302
1252966PIP	2011	13	46	14.0	14.4	36.3652	5.693	6.8854	6.7992	13.6846	42.0583	55.7429
1252966PIP	2011	13	49	21.0	19.2	100.8099	14.135	12.2172	15.8277	28.0449	114.945	142.9899
1252966PIP	2011	13	50	17.4	17.0	62.8243	9.2708	9.3641	10.6961	20.0602	72.0951	92.1553
1252966PIP	2011	13	53	13.6	14.1	33.8087	5.3346	6.6088	6.4007	13.0095	39.1434	52.1528
1252966PIP	2011	13	56	24.7	21.2	151.6119	20.341	15.3691	22.1966	37.5657	171.9529	209.5186
1252966PIP	2011	13	58	9.3	10.3	13.0006	2.2746	3.8608	2.8991	6.76	15.2752	22.0351
1252966PIP	2011	13	63	6.0	7.0	4.3185	0.8512	2.0773	1.1631	3.2404	5.1697	8.4101
1252966PIP	2011	13	66	16.5	16.3	54.9699	8.2297	8.6865	9.5755	18.262	63.1997	81.4616
1246151PIP	2011	13	182	6.9	6.7	6.1372	1.1645	2.5313	1.5564	4.0877	7.3017	11.3894
1246151PIP	2011	13	184	4.8	4.9	2.464	0.516	1.5151	0.7306	2.2457	2.98	5.2257
1246151PIP	2011	13	185	2.7	3.1	0.5798	0.142	0.6715	0.2203	0.8918	0.7218	1.6135
1246151PIP	2011	13	188	3.5	3.8	1.1135	0.2541	0.9692	0.3783	1.3475	1.3676	2.7151
1239266PIP	2011	3	117	3.0	4.1	1.128	0.1789	0.26	0.1122	0.3722	1.3069	1.6791
1239266PIP	2011	3	119	5.7	5.7	5.2778	0.6756	0.7886	0.529	1.3176	5.9534	7.271
1239266PIP	2011	3	120	7.6	6.4	10.5395	1.2256	1.2968	1.0598	2.3566	11.7651	14.1218
1239266PIP	2011	3	122	4.0	4.8	2.2525	0.3245	0.4275	0.2249	0.6523	2.5771	3.2294
1239266PIP	2011	3	124	5.8	5.7	5.5032	0.7004	0.8127	0.5517	1.3644	6.2036	7.5679
1239266PIP	2011	3	125	5.3	5.5	4.4309	0.5811	0.6954	0.4437	1.1391	5.012	6.1511
1239266PIP	2011	3	127	3.3	4.3	1.4185	0.2179	0.3065	0.1413	0.4478	1.6364	2.0842
1239266PIP	2011	3	128	5.1	5.4	4.0395	0.5367	0.6506	0.4044	1.055	4.5761	5.6311
1239266PIP	2011	3	130	5.9	5.8	5.734	0.7256	0.8371	0.5749	1.412	6.4597	7.8717
1239266PIP	2011	3	131	7.0	6.2	8.6488	1.0338	1.1249	0.8689	1.9938	9.6826	11.6764
1239266PIP	2011	3	133	4.9	5.3	3.6691	0.494	0.6072	0.3671	0.9743	4.1631	5.1373
1239266PIP	2011	3	134	5.1	5.4	4.0395	0.5367	0.6506	0.4044	1.055	4.5761	5.6311
1239266PIP	2011	3	137	4.8	5.2	3.4916	0.4734	0.5859	0.3493	0.9352	3.965	4.9002
1239266PIP	2011	3	139	7.3	6.3	9.5669	1.1276	1.2096	0.9616	2.1712	10.6945	12.8656
1239266PIP	2011	3	140	6.2	5.9	6.4602	0.8041	0.912	0.6481	1.5601	7.2643	8.8244
1239266PIP	2011	3	144	5.4	5.5	4.6345	0.6041	0.7182	0.4642	1.1824	5.2386	6.421
1239266PIP	2011	3	145	5.0	5.3	3.8517	0.5151	0.6287	0.3855	1.0142	4.3668	5.381
1239266PIP	2011	3	147	6.0	5.8	5.9705	0.7513	0.8617	0.5988	1.4605	6.7218	8.1823
1239266PIP	2011	3	148	7.8	6.5	11.2187	1.2934	1.3564	1.1284	2.4848	12.512	14.9968
1239266PIP	2011	3	150	6.1	5.9	6.2125	0.7775	0.8867	0.6231	1.5099	6.99	8.4999
1239266PIP	2011	3	151	2.9	4.1	1.0397	0.1668	0.2452	0.1034	0.3486	1.2065	1.555
1239266PIP	2011	3	153	3.6	4.5	1.7485	0.2609	0.3563	0.1743	0.5306	2.0094	2.54
1239266PIP	2011	38	154	2.9	4.1	0.8516	0.1748	0.3114	0.2046	0.516	1.0264	1.5424
1239266PIP	2011	3	157	8.3	6.7	13.026	1.4709	1.5102	1.3112	2.8214	14.4969	17.3183
1239266PIP	2011	38	160	4.0	5.0	1.9045	0.3789	0.5268	0.4651	0.9918	2.2833	3.2751
1239266PIP	2011	38	162	3.1	4.3	1.0063	0.2052	0.3472	0.2426	0.5898	1.2115	1.8014
1239266PIP	2011	3	165	5.5	5.6	4.8435	0.6275	0.7414	0.4853	1.2266	5.471	6.6976
1239266PIP	2011	38	167	3.5	4.6	1.3635	0.2748	0.4234	0.3307	0.7542	1.6382	2.3924
1239266PIP	2011	38	168	2.8	4.1	0.78	0.1607	0.294	0.1871	0.4811	0.9407	1.4218
1239266PIP	2011	38	170	2.5	3.8	0.5874	0.1223	0.2443	0.1401	0.3843	0.7097	1.0941
1239266PIP	2011	38	171	2.8	4.1	0.78	0.1607	0.294	0.1871	0.4811	0.9407	1.4218
1239266PIP	2011	38	173	3.5	4.6	1.3635	0.2748	0.4234	0.3307	0.7542	1.6382	2.3924
1239266PIP	2011	38	174	2.6	3.9	0.648	0.1344	0.2604	0.1548	0.4153	0.7824	1.1977
1239266PIP	2011	38	176	2.9	4.1	0.8516	0.1748	0.3114	0.2046	0.516	1.0264	1.5424
1239266PIP	2011	3	177	4.5	5.1	2.9898	0.4142	0.524	0.2989	0.8229	3.404	4.2269
1239266PIP	2011	38	182	5.3	5.8	3.8515	0.7455	0.8346	0.954	1.7886	4.597	6.3855
1239266PIP	2011	38	187	4.2	5.1	2.1518	0.426	0.5705	0.5268	1.0973	2.5778	3.6751
1239266PIP	2011	38	190	3.3	4.5	1.1768	0.2385	0.3846	0.2846	0.6692	1.4153	2.0845
1239266PIP	2011	38	191	3.3	4.5	1.1768	0.2385	0.3846	0.2846	0.6692	1.4153	2.0845
1239266PIP	2011	38	193	5.5	5.9	4.2256	0.8149	0.8867	1.0486	1.9353	5.0405	6.9758
1239266PIP	2011	38	194	3.5	4.6	1.3635	0.2748	0.4234	0.3307	0.7542	1.6382	2.3924
1239266PIP	2011	38	196	2.6	3.9	0.648	0.1344	0.2604	0.1548	0.4153	0.7824	1.1977
1239266PIP	2011	38	197	2.7	4.0	0.7122	0.1472	0.277	0.1705	0.4475	0.8594	1.3069
1246101PIP	2011	13	6	12.0	10.9	24.6794	4.0289	5.5366	4.9312	10.4678	28.7084	39.1761
1246101PIP	2011	13	10	16.1	13.7	51.6801	7.789	8.3902	9.0981	17.4882	59.4691	76.9573
1246101PIP	2011	13	11	9.9	9.3	15.214	2.617	4.2178	3.3025	7.5203	17.8309	25.3513
1246101PIP	2011	13	13	17.4	14.4	62.8243	9.2708	9.3641	10.6961	20.0602	72.0951	92.1553
1246101PIP	2011	13	17	12.5	11.3	27.3475	4.4152	5.8657	5.369	11.2347	31.7627	42.9974
1246101PIP	2011	13	23	20.3	16.0	92.5718	13.1001	11.6453	14.7481	26.3933	105.6719	132.0652
1246101PIP	2011	22	25	15.7	9.2	28.9086	4.1683	5.8127	6.9366	12.7492	33.0769	45.8261
1246101PIP	2011	22	26	7.9	5.9	6.3273	0.9565	1.7743	1.8343	3.6086	7.2838	10.8924
1246101PIP	2011	22	30	21.7	11.1	59.1508	8.3408	10.168	12.9827	23.1507	67.4915	90.6423
1246101PIP	2011	22	31	5.5	4.6	2.8401	0.4402	0.9491	0.9097	1.8588	3.2803	5.1391
1246101PIP	2011	13	33	10.9	10.1	19.3792	3.2474	4.8327	4.0359	8.8686	22.6265	31.4951
1246101PIP	2011	13	34	10.4	9.7	17.2208	2.9228	4.5222	3.6597	8.1818	20.1435	28.3254
1246101PIP	2011	13	36	7.3	7.2	7.0716	1.3214	2.7413	1.7503	4.4916	8.393	12.8846
1246101PIP	2011	13	37	10.3	9.6	16.8074	2.8601	4.4608	3.5867	8.0475	19.6675	27.715
1246101PIP	2011	13	39	14.0	12.3	36.3652	5.693	6.8854	6.7992	13.6846	42.0583	55.7429
1246101PIP	2011	13	40	5.1	5.3	2.8698	0.5912	1.6507	0.829	2.4797	3.4609	5.9406
1246101PIP	2011	13	43	11.5	10.5	22.1746	3.6621	5.2132	4.5127	9.7258	25.8367	35.5625
1246101PIP	2011	13	46	11.5	10.5	22.1746	3.6621	5.2132	4.5127	9.7258	25.8367	35.5625
1246101PIP	2011	13	51	9.5	9.0	13.7151	2.3858	3.9788	3.0306	7.0094	16.1009	23.1103
1246101PIP	2011	13	54	6.5	6.5	5.2814	1.0185	2.3263	1.3743	3.7006	6.3	10.0005
1246101PIP	2011	13	56	13.6	12.0	33.8087	5.3346	6.6088	6.4007	13.0095	39.1434	52.1528
1259971PIP	2011	20	1	7.6	5.1	6.9845	1.3465	2.482	1.2103	3.6923	8.331	12.0233
1259971PIP	2011	13	3	3.2	3.4	0.8888	0.2078	0.8539	0.3139	1.1677	1.0967	2.2644
1259971PIP	2011	13	6	3.3	3.4	0.9603	0.2227	0.8918	0.3346	1.2265	1.183	2.4095
1259971PIP	2011	13	7	5.5	5.1	3.4698	0.7002	1.8368	0.9703	2.807	4.1701	6.9771
1266676PIP	2011	13	1	4.4	4.4	1.9797	0.4245	1.3397	0.6094	1.9491	2.4043	4.3534
1266676PIP	2011	13	3	3.8	3.9	1.3693	0.3056	1.0888	0.449	1.5378	1.6749	3.2127
1266676PIP	2011	13	4	3.9	4.0	1.4617	0.3239	1.1295	0.474	1.6035	1.7856	3.3891
1266676PIP	2011	13	6	3.5	3.7	1.1135	0.2541	0.9692	0.3783	1.3475	1.3676	2.7151
1266676PIP	2011	13	7	2.8	3.1	0.6353	0.154	0.7069	0.2376	0.9445	0.7893	1.7339
1266676PIP	2011	20	9	3.6	3.6	1.1597	0.2329	0.7129	0.1813	0.8942	1.3925	2.2868
1266676PIP	2011	13	10	12.0	10.0	24.6794	4.0289	5.5366	4.9312	10.4678	28.7084	39.1761
1266676PIP	2011	13	12	9.7	8.4	14.4528	2.4999	4.0978	3.165	7.2628	16.9527	24.2155
1266676PIP	2011	13	13	2.6	3.0	0.5273	0.1304	0.6366	0.2036	0.8402	0.6577	1.4979
1266676PIP	2011	13	16	4.3	4.3	1.8685	0.4032	1.2968	0.5809	1.8777	2.2717	4.1494
1266676PIP	2011	13	18	10.9	9.3	19.3792	3.2474	4.8327	4.0359	8.8686	22.6265	31.4951
1266676PIP	2011	13	19	3.7	3.8	1.2805	0.2878	1.0485	0.4247	1.4732	1.5683	3.0415
1266676PIP	2011	13	21	7.5	6.8	7.5689	1.404	2.8481	1.8518	4.6999	8.9729	13.6728
1266676PIP	2011	13	23	6.4	5.9	5.0795	0.9837	2.2758	1.3306	3.6064	6.0632	9.6696
1266676PIP	2011	13	24	2.5	2.9	0.4778	0.1195	0.6022	0.1876	0.7899	0.5972	1.3871
1266676PIP	2011	13	27	3.8	3.9	1.3693	0.3056	1.0888	0.449	1.5378	1.6749	3.2127
1266676PIP	2011	13	29	4.1	4.1	1.6576	0.3623	1.2123	0.526	1.7384	2.02	3.7583
1266676PIP	2011	13	30	3.6	3.7	1.1952	0.2707	1.0086	0.4012	1.4098	1.4659	2.8757
1266676PIP	2011	20	32	3.2	3.3	0.8738	0.1766	0.5856	0.1344	0.7201	1.0504	1.7705
1266676PIP	2011	20	33	3.5	3.5	1.0838	0.218	0.6801	0.1688	0.8489	1.3017	2.1507
1266676PIP	2011	13	36	3.2	3.4	0.8888	0.2078	0.8539	0.3139	1.1677	1.0967	2.2644
1266676PIP	2011	20	38	2.5	2.7	0.4828	0.0989	0.3878	0.0718	0.4596	0.5817	1.0414
1266676PIP	2011	20	39	3.8	3.7	1.3206	0.2644	0.7802	0.208	0.9883	1.585	2.5732
1266676PIP	2011	13	41	4.7	4.6	2.3369	0.4922	1.4706	0.6992	2.1699	2.8291	4.999
1266676PIP	2011	20	44	4.1	4.0	1.5851	0.3161	0.8858	0.2523	1.1381	1.9012	3.0393
1266676PIP	2011	13	46	6.3	5.9	4.8823	0.9496	2.2257	1.2876	3.5133	5.8318	9.3452
1266676PIP	2011	13	47	2.5	2.9	0.4778	0.1195	0.6022	0.1876	0.7899	0.5972	1.3871
1266676PIP	2011	13	49	5.0	4.8	2.7303	0.5655	1.6051	0.7955	2.4006	3.2958	5.6964
1266726PIP	2011	3	1	7.2	8.3	9.2548	1.0959	1.1811	0.9301	2.1111	10.3507	12.4618
1266726PIP	2011	74	3	13.4	12.4	37.2683	8.4064	1.7959	5.5587	7.3545	45.6748	53.0293
1266726PIP	2011	3	4	2.8	4.9	0.9556	0.1551	0.2307	0.095	0.3257	1.1107	1.4364
1266726PIP	2011	3	7	6.7	8.0	7.7844	0.9441	1.0429	0.7816	1.8245	8.7285	10.553
1266726PIP	2011	3	10	9.1	9.3	16.2513	1.7796	1.7706	1.6375	3.4082	18.0309	21.4391
1266726PIP	2011	3	15	4.9	6.8	3.6691	0.494	0.6072	0.3671	0.9743	4.1631	5.1373
1266726PIP	2011	3	17	8.9	9.2	15.4058	1.6996	1.7039	1.552	3.2559	17.1054	20.3612
1266726PIP	2011	13	18	7.9	6.8	8.6254	1.5775	3.0653	2.0635	5.1288	10.203	15.3318
1266726PIP	2011	3	20	4.4	6.4	2.8326	0.3953	0.5041	0.2831	0.7871	3.2279	4.015
1266726PIP	2011	3	21	7.9	8.7	11.5675	1.3279	1.3866	1.1637	2.5503	12.8955	15.4458
1266726PIP	2011	3	23	6.2	7.7	6.4602	0.8041	0.912	0.6481	1.5601	7.2643	8.8244
1266726PIP	2011	3	24	7.9	8.7	11.5675	1.3279	1.3866	1.1637	2.5503	12.8955	15.4458
1266726PIP	2011	3	26	4.1	6.1	2.3903	0.3416	0.4461	0.2387	0.6848	2.7318	3.4166
1266726PIP	2011	13	27	3.0	3.2	0.7557	0.1798	0.7794	0.2744	1.0537	0.9355	1.9892
1266726PIP	2011	13	30	3.8	3.7	1.3693	0.3056	1.0888	0.449	1.5378	1.6749	3.2127
1266726PIP	2011	3	32	10.7	9.9	23.9882	2.4886	2.3429	2.4216	4.7645	26.4768	31.2413
1266726PIP	2011	74	33	7.0	9.2	7.4709	1.7751	0.623	1.0812	1.7042	9.246	10.9503
1266726PIP	2011	3	35	6.4	7.8	6.9726	0.8587	0.9635	0.6998	1.6632	7.8313	9.4945
1266726PIP	2011	3	37	5.7	7.4	5.2778	0.6756	0.7886	0.529	1.3176	5.9534	7.271
1266726PIP	2011	3	40	3.4	5.5	1.524	0.2318	0.3228	0.1518	0.4746	1.7558	2.2304
1266726PIP	2011	3	41	9.7	9.5	18.9476	2.0311	1.9773	1.9106	3.8879	20.9787	24.8666
1266726PIP	2011	3	43	12.7	10.6	36.2168	3.5483	3.1508	3.6632	6.8141	39.7652	46.5792
1266726PIP	2011	3	44	4.7	6.6	3.3193	0.4532	0.5649	0.332	0.8969	3.7725	4.6694
1266726PIP	2011	74	46	11.4	11.7	24.9801	5.7081	1.3798	3.698	5.0778	30.6882	35.7661
1266726PIP	2011	3	47	12.2	10.4	32.8832	3.2652	2.9394	3.3245	6.264	36.1484	42.4123
1266726PIP	2011	3	50	7.3	8.4	9.5669	1.1276	1.2096	0.9616	2.1712	10.6945	12.8656
1266726PIP	2011	74	52	4.0	6.5	1.8701	0.4647	0.2502	0.2637	0.5139	2.3348	2.8486
1266726PIP	2011	13	53	8.8	7.4	11.3138	2.0094	3.5706	2.5838	6.1543	13.3232	19.4776
1266726PIP	2011	13	55	10.5	8.6	17.6402	2.9862	4.5838	3.7334	8.3172	20.6264	28.9435
1266726PIP	2011	74	57	9.9	11.0	17.6178	4.0715	1.0963	2.5911	3.6874	21.6893	25.3767
1266726PIP	2011	3	58	6.7	8.0	7.7844	0.9441	1.0429	0.7816	1.8245	8.7285	10.553
1266726PIP	2011	13	60	7.1	6.2	6.5944	1.2416	2.6357	1.6519	4.2876	7.836	12.1236
1266726PIP	2011	3	61	8.6	9.0	14.1868	1.5831	1.6058	1.4286	3.0344	15.7699	18.8043
1266726PIP	2011	3	63	13.6	10.8	42.697	4.0887	3.5468	4.3221	7.8689	46.7856	54.6545
1266726PIP	2011	13	64	12.8	10.0	29.0281	4.6564	6.0657	5.641	11.7068	33.6846	45.3914
1266726PIP	2011	74	66	4.7	7.2	2.7874	0.6838	0.3254	0.396	0.7214	3.4712	4.1926
1266726PIP	2011	38	67	8.7	9.3	13.3136	2.4556	1.8767	3.3815	5.2583	15.7692	21.0275
1266726PIP	2011	13	70	5.6	5.1	3.6307	0.7291	1.8842	1.0074	2.8915	4.3598	7.2513
1266726PIP	2011	3	73	9.6	9.5	18.4814	1.988	1.9422	1.8634	3.8056	20.4694	24.275
1266726PIP	2011	3	75	3.6	5.7	1.7485	0.2609	0.3563	0.1743	0.5306	2.0094	2.54
1266726PIP	2011	3	78	8.1	8.8	12.2841	1.3985	1.4478	1.2362	2.684	13.6826	16.3666
1266726PIP	2011	3	80	6.8	8.1	8.0666	0.9736	1.0699	0.8101	1.8801	9.0402	10.9202
1266726PIP	2011	13	81	11.9	9.5	24.1655	3.954	5.4715	4.8459	10.3174	28.1195	38.4369
1266726PIP	2011	13	83	3.8	3.7	1.3693	0.3056	1.0888	0.449	1.5378	1.6749	3.2127
1266726PIP	2011	13	84	4.9	4.6	2.5951	0.5404	1.5599	0.7627	2.3226	3.1355	5.4581
1266726PIP	2011	3	86	6.5	7.9	7.2374	0.8867	0.9896	0.7265	1.7161	8.1241	9.8402
1266726PIP	2011	3	87	9.4	9.4	17.5692	1.9032	1.8728	1.771	3.6438	19.4724	23.1162
1266726PIP	2011	3	90	8.9	9.2	15.4058	1.6996	1.7039	1.552	3.2559	17.1054	20.3612
1266726PIP	2011	13	93	8.3	7.1	9.7662	1.7623	3.2871	2.2872	5.5743	11.5285	17.1028
1266726PIP	2011	13	95	11.9	9.5	24.1655	3.954	5.4715	4.8459	10.3174	28.1195	38.4369
1266726PIP	2011	3	98	12.9	10.6	37.6032	3.665	3.2371	3.8041	7.0413	41.2682	48.3094
1266726PIP	2011	13	100	3.7	3.7	1.2805	0.2878	1.0485	0.4247	1.4732	1.5683	3.0415
1266726PIP	2011	3	101	15.7	11.3	60.3002	5.5041	4.5463	6.114	10.6603	65.8043	76.4646
1266726PIP	2011	13	103	8.0	6.8	8.9026	1.6227	3.1203	2.1183	5.2386	10.5253	15.764
1266726PIP	2011	13	104	4.2	4.0	1.7612	0.3825	1.2543	0.5531	1.8075	2.1436	3.9511
1266726PIP	2011	3	107	4.1	6.1	2.3903	0.3416	0.4461	0.2387	0.6848	2.7318	3.4166
1266726PIP	2011	13	109	4.5	4.3	2.0948	0.4465	1.3829	0.6387	2.0216	2.5413	4.5629
1266726PIP	2011	13	110	11.0	8.9	19.8294	3.3146	4.8955	4.1134	9.0089	23.144	32.1529
1266726PIP	2011	13	113	3.0	3.2	0.7557	0.1798	0.7794	0.2744	1.0537	0.9355	1.9892
1266726PIP	2011	3	115	10.4	9.8	22.403	2.3463	2.2305	2.2608	4.4913	24.7493	29.2406
1266726PIP	2011	3	116	8.2	8.8	12.6519	1.4345	1.4789	1.2733	2.7522	14.0864	16.8386
1266726PIP	2011	13	118	10.9	8.8	19.3792	3.2474	4.8327	4.0359	8.8686	22.6265	31.4951
1266726PIP	2011	3	120	10.0	9.7	20.3871	2.1633	2.0842	2.0565	4.1407	22.5504	26.6912
1266726PIP	2011	3	121	3.1	5.2	1.2205	0.1915	0.2751	0.1215	0.3966	1.412	1.8086
1266726PIP	2011	3	123	8.4	8.9	13.4065	1.5078	1.5418	1.3497	2.8915	14.9143	17.8058
1266726PIP	2011	3	124	8.4	8.9	13.4065	1.5078	1.5418	1.3497	2.8915	14.9143	17.8058
1266726PIP	2011	3	126	5.2	7.0	4.2325	0.5587	0.6729	0.4238	1.0966	4.7912	5.8878
1266726PIP	2011	3	127	11.3	10.1	27.3503	2.7862	2.5747	2.7627	5.3374	30.1365	35.4739
1266726PIP	2011	3	129	3.3	5.4	1.4185	0.2179	0.3065	0.1413	0.4478	1.6364	2.0842
1266726PIP	2011	3	130	3.5	5.6	1.634	0.2462	0.3393	0.1629	0.5022	1.8801	2.3824
1266726PIP	2011	3	133	4.6	6.5	3.152	0.4334	0.5443	0.3152	0.8595	3.5855	4.445
1266726PIP	2011	3	135	4.7	6.6	3.3193	0.4532	0.5649	0.332	0.8969	3.7725	4.6694
1266726PIP	2011	3	136	9.2	9.3	16.6839	1.8203	1.8044	1.6813	3.4858	18.5043	21.99
1266726PIP	2011	3	138	11.7	10.3	29.7359	2.9942	2.7343	3.0049	5.7392	32.7302	38.4693
1266736PIP	2011	38	2	4.0	6.6	1.9045	0.3789	0.5268	0.4651	0.9918	2.2833	3.2751
1266736PIP	2011	38	3	4.4	7.1	2.4175	0.4765	0.6156	0.5932	1.2088	2.8939	4.1027
1266736PIP	2011	38	5	4.8	7.5	3.0056	0.5874	0.7097	0.7408	1.4505	3.593	5.0435
1266736PIP	2011	38	6	4.2	6.9	2.1518	0.426	0.5705	0.5268	1.0973	2.5778	3.6751
1266736PIP	2011	13	8	6.0	5.8	4.3185	0.8512	2.0773	1.1631	3.2404	5.1697	8.4101
1266736PIP	2011	13	9	4.6	4.7	2.2139	0.469	1.4266	0.6686	2.0952	2.6829	4.7781
1266736PIP	2011	13	11	3.9	4.1	1.4617	0.3239	1.1295	0.474	1.6035	1.7856	3.3891
1266736PIP	2011	13	12	8.9	8.1	11.6399	2.061	3.6281	2.6453	6.2734	13.7009	19.9743
1266736PIP	2011	13	15	2.7	3.1	0.5798	0.142	0.6715	0.2203	0.8918	0.7218	1.6135
1266736PIP	2011	38	18	2.8	5.2	0.78	0.1607	0.294	0.1871	0.4811	0.9407	1.4218
1266736PIP	2011	13	20	4.2	4.3	1.7612	0.3825	1.2543	0.5531	1.8075	2.1436	3.9511
1266736PIP	2011	13	23	7.4	7.0	7.3177	1.3624	2.7945	1.8007	4.5952	8.6801	13.2753
1266736PIP	2011	13	25	12.7	10.9	28.4612	4.5752	5.9988	5.5496	11.5484	33.0365	44.5849
1266736PIP	2011	22	26	6.4	4.8	3.9713	0.6091	1.2332	1.22	2.4532	4.5804	7.0336
1266736PIP	2011	13	28	5.0	5.0	2.7303	0.5655	1.6051	0.7955	2.4006	3.2958	5.6964
1266736PIP	2011	13	31	8.9	8.1	11.6399	2.061	3.6281	2.6453	6.2734	13.7009	19.9743
1266736PIP	2011	13	32	12.7	10.9	28.4612	4.5752	5.9988	5.5496	11.5484	33.0365	44.5849
1266736PIP	2011	13	34	2.8	3.2	0.6353	0.154	0.7069	0.2376	0.9445	0.7893	1.7339
1266736PIP	2011	13	35	12.8	11.0	29.0281	4.6564	6.0657	5.641	11.7068	33.6846	45.3914
1266736PIP	2011	13	38	5.0	5.0	2.7303	0.5655	1.6051	0.7955	2.4006	3.2958	5.6964
1266736PIP	2011	13	40	6.4	6.2	5.0795	0.9837	2.2758	1.3306	3.6064	6.0632	9.6696
1266736PIP	2011	13	43	16.3	13.2	53.3097	8.0077	8.538	9.3352	17.8731	61.3174	79.1906
1266736PIP	2011	20	45	3.0	3.5	0.7483	0.1518	0.5258	0.1141	0.6399	0.9	1.54
1266736PIP	2011	13	46	4.2	4.3	1.7612	0.3825	1.2543	0.5531	1.8075	2.1436	3.9511
1266736PIP	2011	13	48	9.1	8.3	12.3089	2.1663	3.7439	2.7707	6.5147	14.4752	20.9899
1266736PIP	2011	22	49	5.3	4.2	2.6167	0.4066	0.8902	0.8467	1.737	3.0233	4.7602
1266736PIP	2011	20	51	5.9	6.4	3.801	0.743	1.6264	0.6361	2.2625	4.544	6.8064
1266736PIP	2011	22	52	2.5	2.8	0.4964	0.0812	0.243	0.1976	0.4406	0.5777	1.0183
1266736PIP	2011	38	54	9.8	11.1	17.9348	3.2699	2.2801	4.5828	6.8629	21.2047	28.0676
1266736PIP	2011	22	55	3.2	3.1	0.8571	0.1379	0.3723	0.3187	0.691	0.995	1.686
1266736PIP	2011	22	58	8.2	5.6	6.8711	1.0361	1.8923	1.9716	3.8639	7.9072	11.7711
1266736PIP	2011	13	60	8.2	7.6	9.473	1.7151	3.2312	2.2302	5.4614	11.188	16.6494
1266736PIP	2011	13	63	5.8	5.7	3.9656	0.7888	1.98	1.0838	3.0638	4.7544	7.8183
1266736PIP	2011	22	65	13.6	7.8	21.0416	3.0641	4.5355	5.2525	9.7881	24.1057	33.8938
1266736PIP	2011	13	66	14.1	11.8	37.022	5.7846	6.955	6.9008	13.8559	42.8066	56.6625
1266736PIP	2011	22	68	2.9	3.0	0.6894	0.1117	0.3141	0.2634	0.5774	0.801	1.3785
1266736PIP	2011	22	69	15.1	8.3	26.5212	3.8343	5.4342	6.4323	11.8666	30.3555	42.2221
1266736PIP	2011	22	71	9.0	5.9	8.4422	1.2648	2.2225	2.3612	4.5837	9.7071	14.2907
1266736PIP	2011	22	72	4.4	3.8	1.7336	0.2729	0.6454	0.5905	1.2359	2.0065	3.2425
1266736PIP	2011	22	74	7.3	5.2	5.3129	0.8076	1.5479	1.5741	3.1221	6.1205	9.2426
1266736PIP	2011	13	75	14.7	12.2	41.1123	6.3514	7.3772	7.5269	14.9042	47.4636	62.3678
1266736PIP	2011	13	80	3.4	3.7	1.0352	0.2381	0.9303	0.3561	1.2864	1.2733	2.5597
1266736PIP	2011	22	81	2.6	2.8	0.5414	0.0884	0.2601	0.2132	0.4732	0.6298	1.103
1266736PIP	2011	22	83	10.6	6.6	12.1243	1.7961	2.9487	3.2416	6.1902	13.9204	20.1107
1266736PIP	2011	22	85	3.2	3.1	0.8571	0.1379	0.3723	0.3187	0.691	0.995	1.686
1266736PIP	2011	22	86	26.8	11.6	94.3528	13.1124	14.6431	19.5395	34.1826	107.4652	141.6478
1266736PIP	2011	22	88	2.9	3.0	0.6894	0.1117	0.3141	0.2634	0.5774	0.801	1.3785
1266736PIP	2011	22	89	16.6	8.8	32.7023	4.6972	6.4003	7.7273	14.1277	37.3996	51.5272
1266736PIP	2011	22	91	10.4	6.5	11.624	1.7243	2.8532	3.1242	5.9774	13.3483	19.3257
1266736PIP	2011	22	92	6.2	4.7	3.7019	0.5691	1.1673	1.1473	2.3146	4.271	6.5856
1266736PIP	2011	22	95	17.9	9.3	38.6379	5.521	7.2909	8.9422	16.2331	44.159	60.3921
1266736PIP	2011	22	98	6.9	5.0	4.6902	0.7157	1.4043	1.4114	2.8157	5.4059	8.2216
1266736PIP	2011	22	101	3.0	3.0	0.743	0.1201	0.333	0.2812	0.6143	0.8631	1.4774
1266736PIP	2011	22	103	2.8	2.9	0.6379	0.1036	0.2956	0.2461	0.5417	0.7415	1.2831
1266736PIP	2011	22	106	2.9	3.0	0.6894	0.1117	0.3141	0.2634	0.5774	0.801	1.3785
1266736PIP	2011	20	108	5.4	5.9	3.0724	0.6035	1.4028	0.5079	1.9108	3.6759	5.5867
1266736PIP	2011	22	109	2.8	2.9	0.6379	0.1036	0.2956	0.2461	0.5417	0.7415	1.2831
1266736PIP	2011	22	111	11.5	7.0	14.5194	2.1389	3.3945	3.7958	7.1902	16.6583	23.8485
1266736PIP	2011	22	112	20.7	10.1	53.2888	7.5386	9.372	11.8491	21.2211	60.8274	82.0485
1266736PIP	2011	22	114	12.8	7.5	18.4008	2.6908	4.0845	4.6707	8.7552	21.0916	29.8467
1266736PIP	2011	13	115	20.2	15.2	91.4293	12.9558	11.5642	14.5971	26.1613	104.3851	130.5464
1266736PIP	2011	22	117	10.9	6.7	12.8964	1.9069	3.0943	3.4216	6.5159	14.8033	21.3192
1266736PIP	2011	22	118	3.3	3.2	0.9175	0.1473	0.3926	0.3383	0.7309	1.0647	1.7956
1266736PIP	2011	22	121	6.5	4.8	4.1098	0.6297	1.2666	1.2572	2.5239	4.7395	7.2634
1266736PIP	2011	22	123	14.9	8.3	25.7503	3.7263	5.3105	6.2684	11.5788	29.4766	41.0555
1266736PIP	2011	22	126	7.5	5.3	5.6403	0.8557	1.6219	1.6587	3.2807	6.496	9.7767
1266736PIP	2011	22	128	4.4	3.8	1.7336	0.2729	0.6454	0.5905	1.2359	2.0065	3.2425
1266736PIP	2011	22	129	19.5	9.7	46.6942	6.633	8.4532	10.5549	19.0081	53.3272	72.3353
1266736PIP	2011	22	131	4.1	3.6	1.4829	0.2345	0.5713	0.515	1.0863	1.7175	2.8038
1266736PIP	2011	22	132	4.0	3.6	1.4041	0.2225	0.5474	0.491	1.0384	1.6265	2.665
1266736PIP	2011	22	134	3.6	3.4	1.1122	0.1775	0.4563	0.4003	0.8567	1.2897	2.1463
1266736PIP	2011	13	135	2.7	3.1	0.5798	0.142	0.6715	0.2203	0.8918	0.7218	1.6135
1266736PIP	2011	20	137	3.5	4.0	1.0838	0.218	0.6801	0.1688	0.8489	1.3017	2.1507
1266736PIP	2011	38	138	5.3	8.0	3.8515	0.7455	0.8346	0.954	1.7886	4.597	6.3855
1266736PIP	2011	22	141	12.1	7.2	16.2483	2.3852	3.7063	4.1887	7.8949	18.6335	26.5284
1266736PIP	2011	22	143	4.2	3.7	1.5641	0.247	0.5956	0.5396	1.1352	1.8111	2.9463
1266736PIP	2011	13	144	7.7	7.2	8.0868	1.4894	2.9561	1.9562	4.9123	9.5762	14.4884
1266736PIP	2011	13	146	9.2	8.4	12.6519	2.2201	3.8023	2.8345	6.6368	14.872	21.5088
1266736PIP	2011	13	148	2.8	3.2	0.6353	0.154	0.7069	0.2376	0.9445	0.7893	1.7339
1266736PIP	2011	13	149	4.2	4.3	1.7612	0.3825	1.2543	0.5531	1.8075	2.1436	3.9511
1266736PIP	2011	13	151	6.5	6.2	5.2814	1.0185	2.3263	1.3743	3.7006	6.3	10.0005
1266736PIP	2011	13	152	3.3	3.6	0.9603	0.2227	0.8918	0.3346	1.2265	1.183	2.4095
1266736PIP	2011	22	154	9.1	6.0	8.6511	1.2952	2.2653	2.4122	4.6776	9.9463	14.6239
1266736PIP	2011	22	155	15.1	8.3	26.5212	3.8343	5.4342	6.4323	11.8666	30.3555	42.2221
1266736PIP	2011	13	157	4.9	4.9	2.5951	0.5404	1.5599	0.7627	2.3226	3.1355	5.4581
1266736PIP	2011	20	158	2.7	3.2	0.5809	0.1185	0.441	0.0873	0.5283	0.6994	1.2277
1266736PIP	2011	13	161	3.2	3.5	0.8888	0.2078	0.8539	0.3139	1.1677	1.0967	2.2644
1266736PIP	2011	22	163	2.8	2.9	0.6379	0.1036	0.2956	0.2461	0.5417	0.7415	1.2831
1266736PIP	2011	22	164	2.9	3.0	0.6894	0.1117	0.3141	0.2634	0.5774	0.801	1.3785
1266736PIP	2011	13	166	5.5	5.4	3.4698	0.7002	1.8368	0.9703	2.807	4.1701	6.9771
1266736PIP	2011	13	169	10.3	9.2	16.8074	2.8601	4.4608	3.5867	8.0475	19.6675	27.715
1266736PIP	2011	13	171	4.4	4.5	1.9797	0.4245	1.3397	0.6094	1.9491	2.4043	4.3534
1266736PIP	2011	22	174	15.0	8.3	26.1342	3.7801	5.3722	6.3501	11.7223	29.9143	41.6366
1266736PIP	2011	13	175	4.4	4.5	1.9797	0.4245	1.3397	0.6094	1.9491	2.4043	4.3534
1266736PIP	2011	38	177	3.5	6.1	1.3635	0.2748	0.4234	0.3307	0.7542	1.6382	2.3924
1266736PIP	2011	20	178	2.8	3.3	0.634	0.1291	0.4686	0.0958	0.5644	0.763	1.3274
1266736PIP	2011	13	181	4.9	4.9	2.5951	0.5404	1.5599	0.7627	2.3226	3.1355	5.4581
1266746PIP	2011	38	3	4.7	6.6	2.8513	0.5584	0.6857	0.702	1.3877	3.4097	4.7974
1266746PIP	2011	20	5	6.6	6.1	4.9763	0.9668	1.9611	0.8457	2.8069	5.943	8.7499
1266746PIP	2011	38	8	7.0	8.3	7.7268	1.4556	1.3153	1.9411	3.2563	9.1824	12.4387
1266746PIP	2011	38	10	4.0	6.0	1.9045	0.3789	0.5268	0.4651	0.9918	2.2833	3.2751
1266746PIP	2011	38	11	5.6	7.3	4.4205	0.851	0.9132	1.098	2.0112	5.2715	7.2827
1266746PIP	2011	38	13	12.0	10.4	29.7724	5.3222	3.1751	7.686	10.8611	35.0946	45.9557
1266746PIP	2011	20	14	12.2	9.7	21.7803	4.0917	5.4696	4.0281	9.4978	25.872	35.3698
1266746PIP	2011	20	16	14.4	10.8	32.4404	6.0394	7.2138	6.1381	13.3519	38.4798	51.8318
1266746PIP	2011	20	17	8.5	7.5	9.1398	1.7512	2.9919	1.6083	4.6002	10.891	15.4912
1266746PIP	2011	38	19	7.0	8.3	7.7268	1.4556	1.3153	1.9411	3.2563	9.1824	12.4387
1266746PIP	2011	38	20	7.9	8.8	10.4582	1.9471	1.6029	2.6434	4.2462	12.4053	16.6516
1266746PIP	2011	38	25	6.1	7.7	5.4755	1.0454	1.0502	1.366	2.4162	6.5209	8.9371
1266746PIP	2011	38	26	6.7	8.1	6.9245	1.3101	1.2244	1.7357	2.96	8.2346	11.1946
1266746PIP	2011	38	28	9.9	9.7	18.3963	3.3507	2.3182	4.7032	7.0214	21.747	28.7684
1266746PIP	2011	38	30	7.0	8.3	7.7268	1.4556	1.3153	1.9411	3.2563	9.1824	12.4387
1266746PIP	2011	38	31	3.8	5.8	1.675	0.3349	0.4844	0.408	0.8924	2.0099	2.9023
1266746PIP	2011	38	33	7.8	8.7	10.13	1.8884	1.5698	2.5588	4.1286	12.0184	16.147
1266746PIP	2011	20	36	17.9	12.1	54.7201	10.0669	10.3733	10.6683	21.0416	64.7871	85.8287
1266746PIP	2011	38	37	12.8	10.7	34.9912	6.2159	3.5285	9.0628	12.5913	41.2071	53.7984
1266746PIP	2011	38	39	7.4	8.5	8.8796	1.6638	1.4404	2.2369	3.6773	10.5434	14.2207
1266746PIP	2011	38	40	4.4	6.3	2.4175	0.4765	0.6156	0.5932	1.2088	2.8939	4.1027
1266746PIP	2011	38	43	6.0	7.6	5.2536	1.0047	1.0222	1.3095	2.3317	6.2583	8.59
1266746PIP	2011	38	45	7.7	8.7	9.8081	1.8307	1.5371	2.4758	4.0129	11.6388	15.6517
1266746PIP	2011	38	48	5.8	7.5	4.8262	0.926	0.9671	1.2009	2.168	5.7522	7.9203
1266746PIP	2011	20	50	11.9	9.6	20.5154	3.8593	5.2469	3.7812	9.0282	24.3748	33.4029
1266746PIP	2011	20	51	6.9	6.3	5.5373	1.0731	2.1122	0.9468	3.0591	6.6104	9.6695
1266746PIP	2011	38	53	9.5	9.6	16.5923	3.0343	2.167	4.2331	6.4001	19.6265	26.0267
1266746PIP	2011	20	54	6.1	5.7	4.118	0.8035	1.7194	0.6923	2.4118	4.9215	7.3332
1266746PIP	2011	20	60	4.7	4.6	2.2009	0.4356	1.1126	0.357	1.4696	2.6364	4.106
1266746PIP	2011	20	63	7.0	6.4	5.7321	1.11	2.1636	0.9821	3.1457	6.8421	9.9877
1266746PIP	2011	20	66	15.8	11.3	40.5428	7.5097	8.4224	7.7697	16.1922	48.0526	64.2447
1266746PIP	2011	20	68	8.2	7.3	8.3837	1.6095	2.8177	1.468	4.2857	9.9932	14.2789
1266746PIP	2011	20	71	6.0	5.6	3.9577	0.7729	1.6726	0.6638	2.3365	4.7305	7.067
1266746PIP	2011	20	73	5.0	4.8	2.5537	0.5037	1.2337	0.4177	1.6514	3.0574	4.7088
1266746PIP	2011	20	74	4.2	4.2	1.6796	0.3345	0.9221	0.2682	1.1904	2.0141	3.2044
1266746PIP	2011	20	76	5.1	4.9	2.6781	0.5277	1.2752	0.4393	1.7145	3.2058	4.9203
1266746PIP	2011	20	77	9.2	7.9	11.0541	2.1089	3.4145	1.9665	5.381	13.163	18.544
1266746PIP	2011	20	79	9.2	7.9	11.0541	2.1089	3.4145	1.9665	5.381	13.163	18.544
1266746PIP	2011	20	80	5.1	4.9	2.6781	0.5277	1.2752	0.4393	1.7145	3.2058	4.9203
1266746PIP	2011	20	82	10.4	8.7	14.8413	2.8125	4.19	2.6852	6.8752	17.6539	24.5291
1266746PIP	2011	20	83	8.0	7.1	7.9007	1.5188	2.7039	1.3788	4.0826	9.4196	13.5022
1266746PIP	2011	20	86	14.5	10.8	32.9844	6.1384	7.2977	6.247	13.5446	39.1228	52.6674
1266746PIP	2011	20	88	10.6	8.8	15.5364	2.9412	4.3254	2.8183	7.1437	18.4776	25.6214
1266746PIP	2011	20	91	6.7	6.2	5.1594	1.0015	2.011	0.8787	2.8897	6.1609	9.0506
1266746PIP	2011	13	93	4.2	3.7	1.7612	0.3825	1.2543	0.5531	1.8075	2.1436	3.9511
1266746PIP	2011	13	96	9.0	6.9	11.9716	2.1133	3.6859	2.7076	6.3935	14.0849	20.4784
1266746PIP	2011	20	97	2.7	2.9	0.5809	0.1185	0.441	0.0873	0.5283	0.6994	1.2277
1266746PIP	2011	20	99	7.2	6.5	6.1335	1.1859	2.2678	1.055	3.3227	7.3195	10.6422
1266746PIP	2011	20	100	5.3	5.1	2.9375	0.5775	1.3597	0.4844	1.8441	3.515	5.3592
1266746PIP	2011	20	102	9.9	8.4	13.1842	2.5052	3.8592	2.3692	6.2284	15.6894	21.9178
1266746PIP	2011	20	103	8.5	7.5	9.1398	1.7512	2.9919	1.6083	4.6002	10.891	15.4912
1266746PIP	2011	13	108	8.0	6.2	8.9026	1.6227	3.1203	2.1183	5.2386	10.5253	15.764
1266746PIP	2011	20	109	8.0	7.1	7.9007	1.5188	2.7039	1.3788	4.0826	9.4196	13.5022
1266746PIP	2011	20	111	6.0	5.6	3.9577	0.7729	1.6726	0.6638	2.3365	4.7305	7.067
1266746PIP	2011	38	113	6.8	8.2	7.1861	1.3576	1.2544	1.8026	3.057	8.5437	11.6006
1266746PIP	2011	38	114	13.1	10.7	37.0798	6.5721	3.6647	9.615	13.2798	43.652	56.9317
1266746PIP	2011	13	116	7.1	5.7	6.5944	1.2416	2.6357	1.6519	4.2876	7.836	12.1236
1266746PIP	2011	13	117	12.2	8.7	25.7269	4.1811	5.6676	5.104	10.7715	29.908	40.6795
1266746PIP	2011	20	119	5.2	5.0	2.8061	0.5523	1.3172	0.4615	1.7787	3.3583	5.137
1266746PIP	2011	13	120	8.4	6.5	10.0648	1.8103	3.3432	2.345	5.6883	11.8751	17.5634
1266746PIP	2011	13	122	10.1	7.5	15.9987	2.7371	4.3388	3.4431	7.7819	18.7358	26.5177
1266746PIP	2011	22	123	5.0	3.9	2.3002	0.3589	0.805	0.7564	1.5614	2.6591	4.2204
1266746PIP	2011	13	126	2.9	2.9	0.6939	0.1666	0.7429	0.2556	0.9985	0.8606	1.8591
1266746PIP	2011	13	128	3.0	3.0	0.7557	0.1798	0.7794	0.2744	1.0537	0.9355	1.9892
1266746PIP	2011	38	129	3.0	5.0	0.927	0.1897	0.3291	0.2231	0.5522	1.1167	1.6689
1266746PIP	2011	13	131	11.3	8.2	21.2175	3.5208	5.0854	4.3507	9.4361	24.7383	34.1744
1266746PIP	2011	13	134	5.9	4.9	4.1398	0.8197	2.0285	1.1231	3.1516	4.9595	8.1111
1266746PIP	2011	13	136	3.1	3.0	0.8206	0.1935	0.8164	0.2938	1.1101	1.0142	2.1243
1266746PIP	2011	13	137	3.0	3.0	0.7557	0.1798	0.7794	0.2744	1.0537	0.9355	1.9892
1266746PIP	2011	13	139	5.2	4.4	3.0134	0.6175	1.6967	0.8632	2.5599	3.6308	6.1907
1266746PIP	2011	13	140	5.1	4.3	2.8698	0.5912	1.6507	0.829	2.4797	3.4609	5.9406
1266746PIP	2011	20	142	5.7	5.4	3.4987	0.6852	1.5354	0.5827	2.1181	4.1839	6.302
1266746PIP	2011	20	143	4.2	4.2	1.6796	0.3345	0.9221	0.2682	1.1904	2.0141	3.2044
1266746PIP	2011	22	149	5.6	4.2	2.9556	0.4575	0.9791	0.942	1.9211	3.4131	5.3342
1266746PIP	2011	20	151	5.2	5.0	2.8061	0.5523	1.3172	0.4615	1.7787	3.3583	5.137
1266746PIP	2011	13	154	3.2	3.1	0.8888	0.2078	0.8539	0.3139	1.1677	1.0967	2.2644
1266746PIP	2011	13	156	5.2	4.4	3.0134	0.6175	1.6967	0.8632	2.5599	3.6308	6.1907
1266746PIP	2011	20	157	8.7	7.6	9.6651	1.8495	3.1103	1.7062	4.8166	11.5146	16.3312
1266746PIP	2011	20	159	3.6	3.7	1.1597	0.2329	0.7129	0.1813	0.8942	1.3925	2.2868
1266746PIP	2011	22	160	2.8	2.8	0.6379	0.1036	0.2956	0.2461	0.5417	0.7415	1.2831
1266746PIP	2011	38	162	3.8	5.8	1.675	0.3349	0.4844	0.408	0.8924	2.0099	2.9023
1266746PIP	2011	38	163	2.9	4.9	0.8516	0.1748	0.3114	0.2046	0.516	1.0264	1.5424
1266746PIP	2011	13	165	11.0	8.1	19.8294	3.3146	4.8955	4.1134	9.0089	23.144	32.1529
1266746PIP	2011	13	166	4.1	3.7	1.6576	0.3623	1.2123	0.526	1.7384	2.02	3.7583
1266746PIP	2011	13	169	4.5	3.9	2.0948	0.4465	1.3829	0.6387	2.0216	2.5413	4.5629
1266746PIP	2011	20	171	14.0	10.6	30.317	5.6528	6.8824	5.7141	12.5965	35.9699	48.5664
1266746PIP	2011	13	174	6.0	4.9	4.3185	0.8512	2.0773	1.1631	3.2404	5.1697	8.4101
1266746PIP	2011	13	176	3.1	3.0	0.8206	0.1935	0.8164	0.2938	1.1101	1.0142	2.1243
1266746PIP	2011	13	177	6.5	5.3	5.2814	1.0185	2.3263	1.3743	3.7006	6.3	10.0005
1266746PIP	2011	20	180	3.1	3.3	0.8096	0.1639	0.5554	0.124	0.6794	0.9735	1.6529
1266746PIP	2011	20	182	7.2	6.5	6.1335	1.1859	2.2678	1.055	3.3227	7.3195	10.6422
1266746PIP	2011	20	183	3.4	3.5	1.0108	0.2036	0.648	0.1568	0.8048	1.2145	2.0193
1266746PIP	2011	20	185	3.8	3.8	1.3206	0.2644	0.7802	0.208	0.9883	1.585	2.5732
1266746PIP	2011	20	186	4.3	4.2	1.7773	0.3535	0.9591	0.2848	1.2438	2.1308	3.3746
1266746PIP	2011	13	189	6.0	4.9	4.3185	0.8512	2.0773	1.1631	3.2404	5.1697	8.4101
1266746PIP	2011	13	191	13.5	9.5	33.1871	5.2471	6.5402	6.303	12.8432	38.4341	51.2773
1266746PIP	2011	13	192	5.0	4.3	2.7303	0.5655	1.6051	0.7955	2.4006	3.2958	5.6964
1266746PIP	2011	38	194	3.3	5.3	1.1768	0.2385	0.3846	0.2846	0.6692	1.4153	2.0845
1266746PIP	2011	20	196	8.4	7.4	8.8835	1.7032	2.9333	1.5607	4.4941	10.5867	15.0808
1266746PIP	2011	20	197	8.1	7.2	8.1401	1.5638	2.7605	1.423	4.1835	9.7039	13.8874
1266746PIP	2011	20	199	5.4	5.1	3.0724	0.6035	1.4028	0.5079	1.9108	3.6759	5.5867
1266746PIP	2011	38	200	2.9	4.9	0.8516	0.1748	0.3114	0.2046	0.516	1.0264	1.5424
1266746PIP	2011	20	202	4.8	4.7	2.3151	0.4576	1.1524	0.3766	1.529	2.7727	4.3017
